Votos;url_peli;Id_peli;Titulo;Popularidad;Rating;Fecha;Duracion;Pais;Idioma;Presupuesto;Ganancia;Generos;Director;Genero_dir;Casting;Guion;Montaje;DOP;Resumen
;/film/the-young-and-the-damned/;800.0;The Young and the Damned;3.5981;8.056;1950-12-09;82;MX;es;0.0;0.0;['Drama', 'Crime'];['Luis Buñuel'];[2];['Estela Inda', 'Miguel Inclán', 'Alfonso Mejía', 'Roberto Cobo', 'Alma Delia Fuentes', 'Francisco Jambrina', 'Jesús García Navarro', 'Efraín Arauz', 'Sergio Virel', 'Jorge Pérez', 'Javier Amézcua', 'Mario Ramírez', 'Ernesto Alonso'];['Luis Alcoriza', 'Luis Buñuel'];['Carlos Savage'];['Gabriel Figueroa'];"A group of juvenile delinquents live a violent life in the infamous slums of Mexico City; among them Pedro, whose morality is gradually corrupted and destroyed by the others."
;/film/el/;43344.0;Él;1.7042;7.683;1953-07-09;92;MX;es;0.0;0.0;['Drama', 'Thriller'];['Luis Buñuel'];[2];['Arturo de Córdova', 'Delia Garcés', 'Aurora Walker', 'Carlos Martínez Baena', 'Manuel Dondé', 'Rafael Banquells', 'Fernando Casanova', 'José Pidal', 'Roberto Meyer', 'Luis Beristáin', 'León Barroso', 'Antonio Bravo', 'Ignacio Peón', 'Enedina Díaz de León', 'María Gentil Arcos', 'Leonor Gómez', 'María Herrero', 'Chel López', 'Álvaro Matute', 'Inés Murillo', 'José Muñoz', 'Isabel Herrera', 'Georgina González', 'Jorge Chesterking', 'Polo Ramos', 'Manuel Casanueva', 'Ana María Villaseñor'];['Luis Buñuel', 'Luis Alcoriza'];['Carlos Savage'];['Gabriel Figueroa'];Gloria encounters Francisco, a man whose social veneer betrays a truer self burrowed underneath.
;/film/beyond-oblivion/;335486.0;Beyond Oblivion;0.7317;7.944;1956-01-02;92;AR;es;0.0;0.0;['Drama', 'Romance', 'Thriller'];['Hugo del Carril'];[2];['Laura Hidalgo', 'Hugo del Carril', 'Gloria Ferrandiz', 'Ricardo Galache', 'Pedro Laxalt', 'Francisco López Silva', 'Eduardo Rudy', 'Ricardo de Rosas', 'Víctor Martucci', 'Lilí Gacel', 'Ramona Lloveras', 'Alberto Barcel', 'Adolfo Meyer', 'Fedora Marini', 'Alfredo Almanza', 'Rafael Diserio', 'Pedro Garza', 'Roberto Machado', 'José Rivas'];['Eduardo Borrás'];['Higinio Vecchione'];['Alberto Etchebehere'];After a period of sorrow, Fernando de Arellano, a rich businessman who has recently lost his young wife Blanca from a serious ilness, meets Mónica, who looks identical to her.
;/film/la-cienaga/;58429.0;La Ciénaga;1.9655;6.838;2001-04-12;101;ES;es;0.0;103215.0;['Drama'];['Lucrecia Martel'];[1];['Mercedes Morán', 'Graciela Borges', 'Martín Adjemián', 'Leonora Balcarce', 'Silvia Baylé', 'Sofia Bertolotto', 'Juan Cruz Bordeu', 'Noelia Bravo Herrera', 'Maria Micol Ellero', 'Daniel Valenzuela', 'Andrea López', 'Sebastián Montagna', 'Franco Veneranda', 'Fabio Villafane', 'Diego Baenas', 'Lucila María Figueroa', 'Guido Nunez', 'Guilermina Ruiz Díaz', 'Rosa Mónica Suárez', 'Mary Gervino'];['Lucrecia Martel'];['Santiago Ricci'];['Hugo Colace'];Amid the sweltering summer heat in northern Argentina, two middle-class families retreat to a crumbling country estate and a modest townhouse, where strained relationships, simmering tensions, and the presence of children and servants quietly expose the fractures of family life. Between idle days, gossip, and unspoken desires, the boundaries of class, tradition, and faith are reflected in their everyday interactions.
;/film/invasion-1969/;163924.0;Invasion;1.1495;7.35;1969-10-16;123;AR;es;0.0;0.0;['Drama', 'Science Fiction'];['Hugo Santiago'];[2];"['Lautaro Murúa', 'Juan Carlos Paz', 'Olga Zubarry', 'Martín Adjemián', 'Daniel Fernández', 'Roberto Villanueva', 'Lito Cruz', 'Jorge Cano', 'Ricardo Ormellos', 'Leal Rey', 'Horacio Nicolai', 'Juan Carlos Galván', 'Aldo Mayo', 'Hedwig Schlichter', 'Claudia Sánchez', 'Aldo Barbero', 'Eithel Bianco', ""Óscar 'Cacho' Espíndola"", 'María de los Ángeles Medrano', 'Hedy Krilla']";['Jorge Luis Borges', 'Hugo Santiago'];['Óscar Montauti'];['Ricardo Aronovich'];Hearing the summons from an elderly man, a volunteer troop of middle-aged men gather to defend their country from dark foreign invaders.
;/film/juan-as-if-nothing-ever-happened/;427387.0;Juan: As If Nothing Ever Happened;0.5511;8.8;1987-10-15;165;AR;es;0.0;0.0;['Documentary'];['Carlos Echeverría'];[0];"['Esteban Buch', ""Miguel Angel D'Agostino"", 'Débora Herman', 'Horacio Herman', 'Juan Herman', 'Juan Marcos Herman', 'Matilde Herman', 'Miguel Isturiz', 'César Lanfranchi', 'Teófilo Moana', 'Roberto Moner Ruiz', 'Fernando Sárraga']";[];[];['Horacio Herman', 'Fritz Baumann'];Documentary about the detention-disappearance of Juan Marcos Herman in the city of Bariloche during the dictatorship in Argentina.
;/film/limite/;8353.0;Limite;1.2205;7.074;1931-05-17;114;BR;pt;0.0;0.0;['Drama', 'Adventure'];['Mário Peixoto'];[2];['Olga Breno', 'Tatiana Rey', 'Raul Schnoor', 'Brutus Pedreira', 'Carmen Santos', 'Mário Peixoto', 'Edgar Brasil', 'Iolanda Bernardes'];[];['Mário Peixoto', 'Edgar Brasil'];['Edgar Brasil'];Adrift in the vast expanse of the ocean, a solitary boat carries three castaways—a man and two women. Stranded and devoid of any glimmer of rescue, they find solace in recounting the tales of their lives to one another. As they delve into their personal narratives, reminiscing about the circumstances that led them to this desolate predicament, they navigate through the depths of three distinct destinies. Bound by the confines of their shared space, every aspect of their existence becomes a boundary, underscoring their plight.
;/film/the-romance-of-aniceto-and-francisca/;214487.0;The Romance of Aniceto and Francisca;0.6459;6.3;1967-06-01;63;AR;es;0.0;0.0;['Romance', 'Drama'];['Leonardo Favio'];[2];['Federico Luppi', 'Elsa Daniel', 'María Vaner', 'Edgardo Suárez', 'Cacho Mendoza', 'Ernesto Cutrera', 'Walter Sanchez', 'Joly Bergali', 'Rafael Chumbito', 'Mario Savino', 'Eduardo Vargas'];[];['Antonio Ripoll', 'Armando Blanco'];[];Aniceto is used to being lonely. When Francisca offers him her love, his personal limitations and little miseries arise.
;/film/autumn-days-1963/;342590.0;Autumn Days;0.9768;7.054;1963-10-31;93;MX;es;0.0;0.0;['Drama'];['Roberto Gavaldón'];[2];['Pina Pellicer', 'Ignacio López Tarso', 'Adriana Roel', 'Luis Lomelí', 'Graciela Döring', 'Hortensia Santoveña', 'Eva Calvo', 'Guillermo Orea', 'Enrique García Álvarez', 'Joaquín Roche hijo', 'Juan Antonio Edwards', 'Evangelina Elizondo', 'Lupe Carriles', 'Leonor Gómez', 'José Chávez', 'Lidia Franco', 'Concepción Martínez'];['Emilio Carballido'];['Gloria Schoemann'];['Gabriel Figueroa'];Luisa is a small-town girl who works in the bakery of the widower Don Albino. Luisa dreams of marrying and loves children. Just as Don Albino shows interest in her, Luisa announces that she will marry soon with Carlos, the driver of a rich house whom she met recently...
;/film/calle-santa-fe/;49765.0;Calle Santa Fe;0.9956;5.192;2007-10-14;163;CL;es;0.0;0.0;['Documentary'];['Carmen Castillo'];[1];['Carmen Castillo', 'Mónica Echeverría'];[];[];['Ned Burgess'];October 5, 1974: In the suburbs of Santiago, pregnant Carmen is badly injured and her partner Miguel, head of the resistance against Pinochet's dictatorship, is killed in combat. So begins a journey into the memories of the defeated...
;/film/chronicle-of-a-boy-alone/;47142.0;Chronicle of a Boy Alone;0.7404;6.691;1965-05-05;79;AR;es;0.0;0.0;['Drama'];['Leonardo Favio'];[2];"['Diego Puente', 'Victoriano Moreira', 'Leonardo Favio', 'Tino Pascali', ""Óscar 'Cacho' Espíndola"", 'Beto Gianola', 'María Vaner', 'Elcira Olivera Garcés', 'María Luisa Robledo', 'Hugo Arana', 'Carlos Lucero', 'Mario Pana', 'Juan Valunes', 'Amadeo Sáenz Valiente', 'Juan Castro', 'Juan Delicio', 'Carlos Medrano', 'Miguel Medrano', 'Jorge Puente', 'Óscar Saraceni', 'Néstor Tricarico', 'Jorge Cabello', 'Roberto Domínguez', 'Carlos González']";[];['Antonio Ripoll', 'Gerardo Rinaldi'];['Ignacio Souto'];The story of a delinquent eleven-year-old orphan in authoritarian Argentina.
;/film/pueblerina/;116588.0;Pueblerina;0.9701;7.2;1949-07-06;111;MX;es;0.0;0.0;['Drama', 'Romance'];['Emilio Fernández'];[2];"['Columba Domínguez', 'Roberto Cañedo', 'Arturo Soto Rangel', 'Manuel Dondé', ""Ismael Pérez 'Poncianito'"", 'Luis Aceves Castañeda', 'Guillermo Cramer', 'Enriqueta Reza', 'Rogelio Fernández', 'Agustín Fernández', 'Lupe Carriles', 'Leonor Gómez']";[];['Jorge Busto'];['Gabriel Figueroa'];Aurelio Rodríguez is released from jail, and tries to start a new life by marrying Paloma and working his land. But the local landowners, the brothers González, interfere with his plans.
;/film/one-hundred-children-waiting-for-a-train/;130269.0;One Hundred Children Waiting for a Train;0.6251;7.6;1990-06-01;57;GB;es;0.0;0.0;['Documentary'];['Ignacio Agüero'];[2];['Alicia Vega'];[];['Fernando Valenzuela'];['Jaime Reyes', 'Jorge Roth'];Tells the story of a group of Chilean children who discover a larger reality and a different world through the cinema. Each Saturday, Alicia Vega transforms the chapel of Lo Hermida into a film screening room as she conducts a workshop for children under the auspices of the Catholic church. The hundred or so children involved had never seen a movie, and in the workshop they see and learn about the cinema: photograms and moving images, projection, camera angles and movement, film genres, and much more. And they watch movies: Chaplin, Disney, Lamorisse's 'The Red Balloon,' the Lumieres' 'The Arrival of the Train to the Station.' Finally, each child designs his own film with drawings. And then, for the first time in most of their lives, the children got to the movies in downtown Santiago.
;/film/death-of-a-bureaucrat/;43778.0;Death of a Bureaucrat;0.8277;7.422;1966-07-24;84;CU;es;0.0;0.0;['Comedy'];['Tomás Gutiérrez Alea'];[2];['Salvador Wood', 'Silvia Planas', 'Manuel Estanillo', 'Omar Alfonso', 'Gaspar De Santelices', 'Elsa Montero', 'Luis Romay', 'Carlos Ruiz de la Tejera', 'Richard Suarez', 'Alicia Bustamante', 'Tania Alvarado', 'Pedro Pablo Astorga', 'Laura Zarrabeitia', 'Roberto Gacio', 'Rafael Sosa', 'Rolando Vidal', 'Rafael Díaz', 'Carlos Gargallo', 'Rolando de los Reyes', 'Fausto Rodríguez'];['Tomás Gutiérrez Alea', 'Alfredo L. Del Cueto', 'Ramón F. Suárez'];['Mario González'];['Ramón F. Suárez'];A model Cuban revolutionary tragically dies at work and, as a badge of honor, is buried with his labor card in his suit pocket. When his widow attempts to apply for his pension, the pension office demands the original labor card. Desperate, his nephew embarks on an increasingly chaotic and surreal quest through the Cuban bureaucratic system to secure permission to exhume the body, only to be met with endless forms, contradictory regulations, and apathetic officials.
;/film/entranced-earth/;67062.0;Entranced Earth;1.3616;7.21;1967-05-02;108;BR;pt;0.0;0.0;['Drama'];['Glauber Rocha'];[2];['Jardel Filho', 'Paulo Autran', 'José Lewgoy', 'Glauce Rocha', 'Paulo Gracindo', 'Hugo Carvana', 'Danuza Leão', 'Jofre Soares', 'Modesto de Souza', 'Francisco Milani', 'Echio Reis', 'Mário Lago', 'Flávio Migliaccio', 'Maurício do Valle', 'Paulo César Peréio', 'Thelma Reston', 'Emmanuel Cavalcanti', 'José Marinho', 'Zózimo Bulbul', 'Antônio Câmera', 'Rafael de Carvalho', 'Ivan de Souza', 'Darlene Glória', 'Elizabeth Gasper', 'Irma Álvarez', 'Sônia Clara', 'Guide Vasconcelos', 'Clóvis Bornay', 'Joel Barcellos', 'Lauro Escorel', 'Edison Machado', 'Ion Muniz', 'José Medeiros'];['Glauber Rocha'];['Eduardo Escorel'];['Luiz Carlos Barreto'];Eldorado, a fictitious country in America, is sparkling with the internal struggle for political power. In the eye of this social convulsion, the jaded journalist Paulo Martins opposes two equally corrupt political candidates: a pseudopopulist and a conservative. In this context, Paulo is torn between the madness of the elite and the blind submission of the masses. But, in this complex tropical reality, nothing really is what it seems to be.
;/film/mirage-1972/;267676.0;Mirage;2.6006;7.0;1972-11-01;82;PE;es;0.0;0.0;['Drama', 'Mystery'];['Armando Robles Godoy'];[2];['Miguel Angel Flores', 'Helena Rojo', 'Hernán Romero', 'Orlando Sacha', 'Hernán Béjar', 'César Elías', 'Gabriel Figueroa', 'Rómulo León', 'Raquel Meneses'];[];[];[];A young man inherits a broken down estate at the edge of the Peruvian desert, with no explanation about the former owners or what had become of the once thriving house.
;/film/extraordinary-stories/;111188.0;Extraordinary Stories;2.1302;7.72;2008-10-04;242;AR;es;0.0;0.0;['Drama'];['Mariano Llinás'];[2];['Walter Jakob', 'Agustín Mendilaharzu', 'Mariano Llinás', 'Klaus Dietze', 'Horacio Marassi', 'Eduardo Iacono', 'Lola Arias', 'Mariana Chaud', 'Julio Citarella', 'Edmundo Lavalle', 'Leandro Ibarra', 'Héctor Bordoni', 'Óscar Mauregui', 'Fernando Llosa', 'Esteban Lamothe', 'Alberto Suárez', 'Ana Livingston', 'Lila Monti', 'Germán de Silva', 'Emma Rivera', 'Gerardo Naumann', 'William Prociuk', 'Marcelo Mariño', 'Elisa Carricajo', 'Gerardo Sebastián García', 'Victoria Hladilo', 'Matías Feldman', 'Santiago Gobernori', 'Mara Guerra', 'Soledad Cagnoni', 'Rafael Spregelburd', 'Héctor Díaz', 'Federico Buso', 'Diego Jalfen', 'Alberto Ajaka', 'Andrés Toro', 'Diego Alarcón', 'Francisco San Sebastián', 'Santiago Mitre', 'Mariana Mitre', 'Federico Ricciardi', 'Juan Ignacio Duggan', 'Raúl Ramírez Corrales', 'Federico Esquerro', 'Martín Mauregui', 'Juan Schnitman', 'Diego Jabie', 'Pilo Nelli', 'Mariano Dal Verme', 'Fernando Brizuela', 'Julieta Ulanovsky', 'Gabriel Chwojnik', 'Daniel Hendler', 'Juan Minujín', 'Verónica Llinás', 'Enrique Boess', 'Fulvio Cozzani', 'Aldo Castro', 'Rodolfo Andreani', 'Vicente Fasano', 'Federico Hellemeyer', 'Pilar Fernández Árbol', 'Laura Citarella', 'Diana Criscaut', 'M. Josefina de Dobrzynski', 'Jacinta Grondona', 'Neldo José Hernández', 'Jorge Ricaldoni', 'Alberto Spezzi', 'Alberto Refusta', 'Gustavo Nuñez', 'Óscar Mauregui Sr.', 'Raúl Mujica', 'Ernesto van Peborgh', 'Hilda Jaureguiberri', 'Raúl Agüero', 'Rocío de Prado', 'Paulina de Prado', 'Matías Arce', 'Marina Rodríguez', 'Raquel C. Giménez', 'Judith Iroz', 'M. de los Ángeles Muñoz', 'Guillermo Ravizzoli', 'Matías Lobos', 'Carla Grillo', 'Ignacio Masllorens', 'Diego Steverlynk', 'Ignacio Labaqui', 'Santiago Timerman', 'Lulu Kirschenbaum', 'Alejo Moguillansky', 'Rodrigo Muñoz Gálvez', 'Ernesto Madanes', 'Cacho Nebbia', 'Luciano Moreno', 'Javier Álvarez', 'Aníbal Fernández'];['Mariano Llinás'];['Agustín Rolandelli', 'Alejo Moguillansky'];['Andrés Mendilaharzu', 'Ignacio Masllorens'];"X arrives in a small town and witnesses a violent act; Z takes the job of a dead manager and discovers that he had a notebook written in code and a map; H is hired to go down a river and investigate a series of mysterious monoliths built on the shore."
;/film/litoral-2008/;43472.0;Litoral;1.6418;6.0;2008-09-06;180;Chile;es;;;['Drama', 'Sci-Fi & Fantasy'];['Raúl Ruiz'];[2];['Santiago Meneghello', 'Daniel Kiblisky', 'Francisca Walker', 'Pedro Vicuña', 'Chamila Rodríguez', 'Hugo Medina', 'Sandro Larenas'];[];[];[];An ode to Chilean maritime myth and storytelling. Sailors onboard the Lucerna tell stories, but before long their stories intersect.
;/film/the-battle-of-chile-the-struggle-of-an-unarmed/;1445964.0;The Battle of Chile: The Struggle of an Unarmed People;0.576;0.0;1975-06-17;263;CL;en;0.0;0.0;['Documentary'];['Patricio Guzmán'];[2];['Salvador Allende', 'Augusto Pinochet', 'Abilio Fernández'];[];['Pedro Chaskel'];[];"A Chilean-Cuban documentary film, by Chilean filmmaker Patricio Guzmán, in three parts: The Insurrection of the Bourgeoisie (La insurrección de la burguesía 1975), The Coup d'état (El golpe de estado; 1976) and Popular Power (El poder popular; 1979)."
;/film/the-exterminating-angel/;29264.0;The Exterminating Angel;2.7742;7.909;1962-05-16;93;MX;es;0.0;0.0;['Comedy', 'Drama', 'Fantasy'];['Luis Buñuel'];[2];['Silvia Pinal', 'Jacqueline Andere', 'Claudio Brook', 'Enrique Rambal', 'José Baviera', 'Augusto Benedico', 'Luis Beristáin', 'Antonio Bravo', 'César del Campo', 'Bertha Moss', 'Enrique García Álvarez', 'Lucy Gallardo', 'Nadia Haro Oliva', 'Ofelia Guilmáin', 'Ofelia Montesco', 'Patricia de Morelos', 'Patricia Morán', 'Rosa Elena Durgel', 'Tito Junco', 'Xavier Loyá', 'Xavier Massé', 'Ángel Di Stefani', 'Ángel Merino', 'Daniel Arroyo', 'Fernando Yapur', 'Jesús Gómez', 'Juan Antonio Edwards', 'Roberto Meyer', 'Rubén Márquez', 'Victorio Blanco', 'Arturo Cobo', 'Chel López', 'Elodia Hernández', 'Enrique del Castillo', 'Eric del Castillo', 'Florencio Castelló', 'Guillermo Álvarez Bianchi', 'Janet Alcoriza', 'Luis Lomelí', 'Pancho Córdova'];['Luis Buñuel'];['Carlos Savage'];['Gabriel Figueroa'];After a lavish dinner party, the guests find themselves unable to depart... and, over the next few days, all of their elaborate societal pretenses and façades deteriorate as they are reduced to living like animals.
;/film/another-dawn-1943/;118011.0;Another Dawn;2.0112;6.7;1943-11-18;108;MX;es;0.0;0.0;['Drama', 'Romance', 'Thriller'];['Julio Bracho'];[2];['Andrea Palma', 'Pedro Armendáriz', 'Alberto Galán', 'Narciso Busquets', 'Beatriz Ramos', 'Paco Fuentes', 'Octavio Martínez', 'Felipe Montoya', 'Maruja Grifell', 'Manuel Arvide', 'Manuel Dondé', 'Ana María González', 'Kiko Mendive', 'Gaspar Henaine', 'David Valle González', 'Guillermo Zetina', 'Enrique Uthoff', 'Lucila Bowling', 'Yolanda de la Cruz', 'Manuel Roche'];[];['Gloria Schoemann'];['Gabriel Figueroa'];The disaffected wife of a failed civil servant, is thrilled to re-encounter Octavio, a former lover who is now a union activist on the run from a corrupt politician. Hoping to help him, she descends into the Mexican underworld, where she finds a purpose-and a thrill-missing from her married life.
;/film/the-green-wall/;106887.0;The Green Wall;1.1967;5.813;1970-04-04;110;PE;es;150000.0;0.0;['Drama', 'Romance'];['Armando Robles Godoy'];[2];['Julio Alemán', 'Sandra Riva', 'Raúl Martin', 'Lorena Duval', 'Enrique Victoria', 'Jorge Montoro', 'Juan Bautista Font', 'Escolástico Dávila', 'Hernán Romero', 'Esteban Rengifo'];[];['Atilio Rinaldi'];['Mario Robles'];A young couple forsakes their urban existence for life in the exciting but dangerous Peruvian jungle.
;/film/a-place-in-the-world/;32635.0;A Place in the World;1.0678;7.418;1992-04-09;121;AR;es;0.0;99707.0;['Drama'];['Adolfo Aristarain'];[2];['Federico Luppi', 'Gastón Batyi', 'José Sacristán', 'Cecilia Roth', 'Leonor Benedetto', 'Rodolfo Ranni', 'Hugo Arana', 'Lorena Del Rio', 'Mario Alarcón', 'Juan José Ghisalberti', 'Marcos Woinsky', 'Hugo Perroni', 'Eduardo Arias', 'Roberto Rizzotti', 'Santiago Chade'];['Adolfo Aristarain'];['Eduardo López'];['Ricardo DeAngelis'];"Mario and Ana, in voluntary exile from Buenos Aires, live in a remote Argentine valley with their 12-year-old son Ernesto. Mario runs a school and a wool cooperative; Ana, a doctor, heads a clinic with Nelda, a progressive nun. Into this idealistic family comes Hans, a jaded Spanish geological engineer -- surveying the land for the local patron, to see if it can be dammed for hydro-electric power, which would drive the peasants from the land into the cities."
;/film/amores-perros/;55.0;Amores Perros;10.9713;7.6;2000-06-16;154;MX;es;2000000.0;20908467.0;['Drama', 'Thriller'];['Alejandro G. Iñárritu'];[2];['Emilio Echevarría', 'Gael García Bernal', 'Goya Toledo', 'Álvaro Guerrero', 'Vanessa Bauche', 'Jorge Salinas', 'Marco Pérez', 'Rodrigo Murray', 'Humberto Busto', 'Gerardo Campbell', 'Rosa María Bianchi', 'Dunia Saldívar', 'Adriana Barraza', 'José Sefami', 'Lourdes Echevarría', 'Laura Almela', 'Gustavo Sánchez Parra', 'Dagoberto Gama', 'Rodrigo Ostap', 'Patricio Castillo', 'Roberto Medina', 'Carlos Samperio', 'Mauricio Martínez', 'Ricardo Dalmacci', 'Gustavo Muñoz', 'Heriberto del Castillo'];[];['Luis Carballar', 'Fernando Pérez Unda', 'Alejandro G. Iñárritu'];['Rodrigo Prieto'];A fatalistic car crash in Mexico city sets off a chain of events in the lives of three people: a supermodel, a young man wanting to run off with his sister-in-law, and a homeless man.
;/film/black-god-white-devil/;67612.0;Black God, White Devil;2.2895;7.1;1964-03-13;120;BR;pt;0.0;3200.0;['Adventure', 'Western', 'Drama'];['Glauber Rocha'];[2];['Geraldo del Rey', 'Yoná Magalhães', 'Othon Bastos', 'Sonia dos Humildes', 'Maurício do Valle', 'Lídio Silva', 'João Gama', 'Antônio Pinto'];[];['Rafael Justo Valverde'];['Waldemar Lima'];Wanted for killing his boss, Manuel flees with his wife Rosa to the sertão, the barren landscape of Northern Brazil. Thrust into a primordial violent region, Manuel and Rosa come under the influence and control of a series of frightening figures.
;/film/blood-of-the-condor/;157319.0;Blood of the Condor;2.1514;7.231;1969-11-20;70;BO;es;0.0;0.0;['Crime', 'Drama'];['Jorge Sanjinés'];[2];['Marcelino Yanahuaya', 'Benedicta Mendoza', 'Vicente Verneros Salinas', 'Danielle Caillet', 'Felipe Vargas'];[];['Jorge Sanjinés'];['Antonio Eguino'];A community reacts against a group of foreigners who under the guise of development assistance are forcibly sterilizing the peasant women.
;/film/japon/;36211.0;Japón;0.962;6.655;2003-01-15;134;MX;es;250050.0;0.0;['Drama'];['Carlos Reygadas'];[2];['Alejandro Ferretis', 'Magdalena Flores', 'Yolanda Villa', 'Martín Serrano', 'Rolando Hernández', 'Bernabe Pérez', 'Fernando Benítez', 'Carlo Reygadas Barquín'];[];['David Torres', 'Daniel Melguizo', 'Carlos Serrano Azcona'];['Thierry Tronchet', 'Diego Martínez Vignatti'];A painter from the big city goes to a remote canyon to commit suicide. To reach some calmness he stays at the farmstead of Ascen, an old religious woman. Although only a few words are spoken, love grows.
;/film/la-flor/;423778.0;La Flor;1.2271;7.234;2019-03-06;803;AR;es;0.0;0.0;['Drama', 'Fantasy', 'Thriller'];['Mariano Llinás'];[2];['Elisa Carricajo', 'Valeria Correa', 'Pilar Gamboa', 'Laura Paredes', 'Esteban Lamothe', 'Santiago Gobernori', 'Mariano Llinás', 'Romina Paula', 'Agustina Muñoz', 'María Villar', 'Alberto Suárez', 'Luciana Acuña', 'Paula Acuña', 'Juan Barberini', 'William Prociuk', 'Rafael Spregelburd', 'Pablo Seijo', 'Marcelo Pozzi', 'Walter Jakob', 'Horacio Marassi', 'Federico Buso', 'Paola Michaels', 'Héctor Díaz', 'Germán de Silva', 'Ezequiel Rodríguez', 'Agustín Gagliardi', 'Esteban Bigliardi', 'Ezequiel Pierri', 'Verónica Llinás', 'Azul Aizenberg', 'Eugenia Alonso', 'Fernanda Tablón Assillo', 'Nicolás Azalbert', 'Tommy Barban', 'Luis Biasotto', 'Augusto Bode Bisio', 'Joaquín Bonet', 'Héctor Bordoni', 'Julie Boute', 'Florencia Braier', 'Patricia Camponovo', 'Eugenia Campos Guevara', 'Sebastián Cardona', 'Edgardo Castro', 'Mariana Chaud', 'Gabriel Chwojnik', 'Álvaro Cifuentes', 'Julio Citarella', 'Pablo Citarella', 'Miranda Correa', 'Ingrid Pokropek', 'Nicolás Schujman'];['Mariano Llinás'];['Alejo Moguillansky', 'Agustín Rolandelli'];['Agustín Mendilaharzu'];An enormous effort of narrative complexity made up of six independent, successive stories, connected by the same four actresses living very different experiences in very different universes…
;/film/the-criminal-life-of-archibaldo-de-la-cruz/;37628.0;The Criminal Life of Archibaldo de la Cruz;1.5969;7.318;1955-05-19;89;MX;es;0.0;0.0;['Comedy', 'Drama', 'Crime'];['Luis Buñuel'];[2];"['Ernesto Alonso', 'Miroslava', 'Rita Macedo', 'Andrea Palma', 'Rodolfo Landa', 'Ariadna Welter', 'José María Linares Rivas', 'Leonor Llausás', 'Eva Calvo', ""Enrique Díaz 'Indiano'"", 'Carlos Riquelme', 'Carlos Martínez Baena', 'Manuel Dondé', 'Armando Velasco', 'Armando Acosta', 'Eduardo Alcaraz', 'Janet Alcoriza', 'Rafael Banquells hijo', 'Antonio Bravo', 'Emilio Brillas', 'Lupe Carriles', 'Jorge Casanova', 'Jorge Chesterking', 'Ángel Di Stefani', 'Enedina Díaz de León', 'Enrique García Álvarez', 'Jesús Gómez', 'Leonor Gómez', 'Elodia Hernández', 'Francisco Ledesma', 'Salvador Lozano', 'Ángel Merino', 'Roberto Meyer', 'José Peña', 'Ignacio Peón', 'Chabela Durán']";[];['Jorge Busto'];['Agustín Jiménez'];A bizarre black comedy about a man whose overwhelming ambition in life is to be a renowned serial killer of women, and will stop at nothing to achieve it - but not everything goes according to plan...
;/film/the-holy-girl/;44413.0;The Holy Girl;1.9352;6.621;2004-05-06;106;ES;es;1400000.0;0.0;['Drama'];['Lucrecia Martel'];[1];['María Alché', 'Mercedes Morán', 'Julieta Zylberberg', 'Carlos Belloso', 'Alejandro Urdapilleta', 'Mía Maestro', 'Marta Lubos', 'Arturo Goetz', 'Alejo Mango', 'Mónica Villa', 'Leandro Stivelman', 'Manuel Schaller', 'Miriam Diaz', 'Rodolfo Cejas', 'Maria Victoria Mosca Coll', 'Ornella Velazco', 'Guadalupe Pardo Hernandez', 'Ana Carolina Beltrán', 'Rodolfo Cabrera', 'Maria Susana Falcon', 'Guillermo Enrique Castro', 'Victor Anuch', 'Sebastian Diaz Sabala', 'Maria Micol Ellero', 'Sebastián Montagna', 'Maria Emilia Martinez', 'Guido Nunez', 'Nilda Silvia Suarez', 'Ana Maria Fernandez', 'Carlos Silvio Poma', 'Eduardo Jesus Chaig', 'Juan Solis', 'Roberto Bernacki', 'Oscar Victoriano Sarmiento', 'David Daniel Torino', 'Eliana Santillan', 'Alejandro Leonidas Diaz', 'Florinda Rosa Guamante', 'David Mansilla', 'Pablo Arias', 'Marcos Reynoso'];['Lucrecia Martel'];['Santiago Ricci'];"['Félix ""Chango"" Monti']";Amalia is an adolescent girl who is caught in the throes of her emerging sexuality and her deeply held passion for her Catholic faith. These two drives mingle when the visiting Dr. Jano takes advantage of a crowd to get inappropriately close to the girl. Repulsed by him but inspired by an inner burning, Amalia decides it is her God-given mission to save the doctor from his behavior, and she begins to stalk Dr. Jano, becoming a most unusual voyeur.
;/film/the-hour-of-the-furnaces/;89681.0;The Hour of the Furnaces;1.5616;6.9;1968-09-30;260;AR;es;0.0;0.0;['Documentary'];['Octavio Getino', 'Fernando E. Solanas'];[2, 2];['María de la Paz', 'Fernando E. Solanas', 'Edgardo Suárez', 'Juan Domingo Perón', 'Che Guevara', 'Fidel Castro'];[];['Juan Carlos Macías', 'Antonio Ripoll', 'Norma Torrado'];['Juan Carlos Desanzo', 'Fernando E. Solanas'];An impassioned three-part documentary of the liberation struggle waged throughout Latin America, using Argentina as a historical example of the imperialist exploitation of the continent. Part I: Neo-Colonialism and Violence is a historical, geographic, and economic analysis of Argentina. Part II: An Act For Liberation examines the ten-year reign of Juan Perón (1945-55) and the activities of the Peronist movement after his fall from power. Part III: Violence and Liberation studies the role of violence in the national liberation process and constitutes a call for action.
;/film/womens-things/;677454.0;Women's Things;1.24;5.7;1979-02-02;45;MX;es;0.0;0.0;['Documentary', 'Drama'];['Rosa Martha Fernández'];[0];['Patricia Luke', 'Ángeles Necoechea', 'Martin LaSalle'];[];[];[];A young sociology student has an unintended pregnancy and is subjected to the terrible humiliation of an incompetent doctor. The girl falls ill from the poorly performed abortion and is taken by a friend to the General Hospital. Film that reports clandestine abortion in Mexico, with interviews with women who have had abortions in that hospital and shocking maternal death statistics from procedures carried out under unsafe conditions.
;/film/buccaneer-soul/;183023.0;Buccaneer Soul;0.7706;6.393;1993-07-07;112;BR;pt;0.0;0.0;['Comedy', 'Drama'];['Carlos Reichenbach'];[2];['Bertrand Duarte', 'Jandir Ferrari', 'Andrea Richa', 'Flor', 'Mariana de Moraes', 'Jorge Fernando', 'Maurice Legeard', 'Abrahão Farc', 'Jairo Ferreira', 'Carolina Ferraz', 'Malu Bierrenbach', 'Jackeline Olivier', 'Amazyles de Almeida', 'Inácio Araújo'];[];['Cristina Amaral'];['Carlos Reichenbach'];50 years of Brazilian history seen from the point of view of a friendship among two intellectuals.
;/film/homework-1991/;205763.0;Homework;1.204;6.716;1991-08-23;85;MX;es;0.0;0.0;['Comedy', 'Drama'];['Jaime Humberto Hermosillo'];[2];['María Rojo', 'José Alonso'];[];[];['Toni Kuhn'];Virginia is taking a class at film school, and has decided on her solo project for the class. She will secretly film herself and her ex-husband Marcelo with a candid camera while they make love.
;/film/johnny-chicano/;674115.0;Johnny Chicano;0.7445;5.125;1981-03-26;85;MX;es;0.0;0.0;['Action', 'Drama', 'Romance'];['Enrique Gómez Vadillo'];[2];['Fernando Allende', 'Verónica Castro', 'Sylvia Pasquel', 'Jaime Garza', 'Rosalía Valdés', 'Ricardo Marti', 'Fernando Osés', 'Jorge Valentino', 'Arnulfo Jiménez', 'José Arrieta', 'José Ortiz Ramos', 'Rosa María Bris', 'Sara Mateos', 'Bruno Rey', 'Víctor Alcocer', 'Carmen Molina', 'María Martín'];['Enrique Gómez Vadillo', 'Eduardo Luján'];['Alfredo Rosas Priego'];['José Ortiz Ramos'];A young peasant falls in love with his American boss, creating nothing but trouble for his Mexican girlfriend and his family.
;/film/memories-of-underdevelopment/;47576.0;Memories of Underdevelopment;1.1076;7.194;1968-08-19;99;CU;es;0.0;33103.0;['Drama'];['Tomás Gutiérrez Alea'];[2];['Sergio Corrieri', 'Daisy Granados', 'Eslinda Núñez', 'Omar Valdés', 'René de la Cruz', 'Yolanda Farr', 'Ofelia González', 'Jose Gil Abad', 'Daniel Jordan', 'Luis López', 'Rafael Sosa', 'Eduardo Casado Revuelta', 'René Depestre', 'Edmundo Desnoes', 'Pello el Afrokán'];[];['Nelson Rodríguez'];['Ramón F. Suárez'];In the aftermath of the Bay of Pigs incident, Sergio chooses to stay behind in Cuba while his wife and family escape to neighboring Miami. Alone in a brave new world, Sergio observes the constant threat of foreign invasion while chasing young women all over Havana. He finally meets Elena, a young girl he seeks to mould into the image of his ex-wife, but at what cost to himself?
;/film/silent-light/;2012.0;Silent Light;2.9534;6.841;2007-05-22;136;MX;es;0.0;0.0;['Drama', 'Romance'];['Carlos Reygadas'];[2];['Cornelio Wall', 'Miriam Toews', 'Maria Pankratz', 'Peter Wall', 'Jacobo Klassen', 'Elizabeth Fehr', 'Irmo Thiessen', 'Alfredo Thiessen', 'Daniel Thiessen', 'Autghe Loewen', 'Jackob Loewen', 'Elizabeth Fehr', 'Gerardo Thiessen', 'Alex Thiessen'];['Carlos Reygadas'];['Natalia López'];['Alexis Zabé'];Johan and his family are Mennonites from the north of Mexico. Against the law of God and Man, Johan falls in love with another woman.
;/film/stolen-heaven-1951/;529286.0;Stolen Heaven;1.4908;6.5;1951-10-04;101;MX;es;0.0;0.0;['Thriller', 'Mystery'];['Julio Bracho'];[2];"['Arturo de Córdova', 'Irasema Dilián', 'María Douglas', 'Charles Rooner', 'Ramón Gay', 'Juan Orraca', ""Enrique Díaz 'Indiano'"", 'Jesús Valero', 'Mariano Requena', 'Luisa Rooner']";[];['Jorge Busto'];['Alex Phillips'];A young woman loses her mind when she finds out that her uncle and his boyfriend met in a train accident.
;/film/the-age-of-the-earth/;76816.0;The Age of the Earth;0.8415;6.0;1980-11-17;148;BR;pt;0.0;0.0;['Drama', 'Fantasy', 'History'];['Glauber Rocha'];[2];['Maurício do Valle', 'Jece Valadão', 'Antônio Pitanga', 'Tarcísio Meira', 'Geraldo del Rey', 'Ana Maria Magalhães', 'Norma Bengell', 'Danuza Leão', 'Carlos Petrovich', 'Mário Gusmão', 'Paloma Rocha', 'Carlos Castello Branco', 'Dimer Camargo Monteiro', 'Ari Pararraios', 'João Ubaldo Ribeiro', 'Alexandre Ribondi', 'Glauber Rocha'];[];['Ricardo Miranda'];['Roberto Pires', 'Pedro de Moraes'];"Drawing inspiration from a poem penned by Castro Alves, this film vividly captures the political, cultural, and intellectual climate of Brazil during the late 1970s. At its core, the story revolves around four distinctive embodiments of Christ's image: a black man, a soldier, an Indian, and a guerrilla fighter. These courageous individuals, hailed as the harbingers of doom in the tupiniquim lands, valiantly combat the insatiable avarice and oppressive ""civilizing"" brutality propagated by the formidable John Brahms—a foreign exploiter devoid of morals."
;/film/the-house-of-the-angel/;199194.0;The House of the Angel;0.748;7.2;1957-06-25;76;AR;es;0.0;0.0;['Drama'];['Leopoldo Torre Nilsson'];[2];['Elsa Daniel', 'Lautaro Murúa', 'Berta Ortegosa', 'Guillermo Battaglia', 'Bárbara Mújica', 'Alejandro Rey', 'Yordana Fain', 'Lilí Gacel', 'Nora Massi', 'Paquita Vehil', 'Beto Gianola', 'Alicia Bellán', 'Miguel Bebán', 'Amalia Britos', 'Eva Pisardo', 'O. López Sansac', 'Alberto Rudoy', 'Alberto Barcel', 'Roberto Bordoni', 'Miguel Caiazzo', 'Miguel Cossa', 'Onofre Lovero', 'Domingo Mania', 'Elvira Moreno', 'Eduardo Naveda', 'Félix Tortorelli'];['Leopoldo Torre Nilsson', 'Martín Rodríguez Mentasti', 'Beatriz Guido'];['Jorge Gárate'];['Aníbal González Paz'];A young teen has been raised by a despotic mother overcome with religious zeal and a father who rules over the household with a heavy, iron hand. Forcibly kept innocent of the sexual nuances of some adult relationships, she is not too clear on her rights, his intentions, or the consequences when her father's best friend starts to lust after her.
;/film/the-man-from-maisinicu/;284366.0;The Man from Maisinicu;3.0025;5.667;1973-01-02;124;CU;es;0.0;0.0;['Thriller', 'Drama'];['Manuel Pérez'];[2];['Mario Balmaseda', 'Miguel Benavides', 'Rogelio Blain', 'Sergio Corrieri', 'Reynaldo Miravalles', 'Rigoberto Águila', 'Iván Colas', 'Enrique Domínguez', 'Raúl Eguren', 'Josefina Enríquez', 'Adolfo Llauradó', 'Alberto Graverán', 'José Hermida', 'Enrique Molina', 'Alfredo Perojo'];['Manuel Pérez'];[];[];1964, in the Escambray mountains: the area is infested with counter- revolutionary bands which are trying to spread terror among the population and re-establish contact with the US, CIA. The murder of a man led to a reprisal to wipe out the bandits.
;/film/the-margin/;183678.0;The Margin;0.6879;7.3;1967-01-07;96;BR;pt;0.0;0.0;['Romance', 'Drama'];['Ozualdo Ribeiro Candeias'];[2];['Valeria Vidal', 'Bentinho', 'Lucy Rangel', 'Mário Benvenutti', 'Paulo Ramos'];[];['Ozualdo Ribeiro Candeias'];['Belarmindo Manccini'];On the banks of São Paulo's Rio Tietê, a poignant tale unfolds, featuring a tapestry of characters existing on the fringes of society. Prostitutes, a pimp, a mentally disabled man, and others marginalized by fate lead lives mired in hopelessness, devoid of any prospect. Trapped in the relentless cycle of their ordinary yet despairing existence, they yearn for release, anticipating the embrace of death as their only salvation—a collective passage onto the harrowing vessel of damnation.
;/film/the-moon-in-the-mirror/;110933.0;The Moon in the Mirror;0.5945;6.429;1990-09-14;75;CL;es;0.0;0.0;['Drama'];['Silvio Caiozzi'];[2];['Gloria Münchmeyer', 'Rafael Benavente', 'Ernesto Beadle', 'Mónica Echeverría', 'María Castiglione', 'Roberto Poblete', 'Loreto Valenzuela', 'Miguel Davagnino'];['Silvio Caiozzi', 'José Donoso'];['Silvio Caiozzi', 'Alvaro Ramírez'];['Nelson Fuentes'];An aged former sailor, ill and confined in his bed, maintains his firm grip on his house and his son, who is having an affair with the widowed next door, through many mirrors displayed in his room and all around the house.
;/film/the-skeleton-of-mrs-morales/;118007.0;The Skeleton of Mrs. Morales;1.1999;7.966;1960-05-26;84;MX;es;0.0;0.0;['Comedy', 'Crime', 'Horror'];['Rogelio A. González'];[2];['Arturo de Córdova', 'Amparo Rivelles', 'Elda Peralta', 'Guillermo Orea', 'Rosenda Monteros', 'Luis Aragón', 'Mercedes Pascual', 'Antonio Bravo', 'Angelines Fernández', 'Armando Arriola', 'Paz Villegas', 'Roberto Meyer', 'Pepita González', 'León Barroso', 'Manuel Alvarado', 'Humberto Dupeyrón', 'Armando Gutiérrez', 'Roger López', 'Jorge Mondragón', 'Mario Sevilla'];[];['Jorge Busto'];['Víctor Herrera'];A taxidermist decides to murder his wife after having to put up with her after twenty years of hellish marriage.
;/film/three-sad-tigers/;122097.0;Three Sad Tigers;0.6617;6.222;1968-11-19;100;CL;es;0.0;0.0;['Comedy', 'Drama'];['Raúl Ruiz'];[2];['Shenda Román', 'Nelson Villagra', 'Luis Alarcón', 'Jaime Vadell', 'Delfina Guzmán', 'Fernando Colina', 'Belén Allasio', 'Alonso Venegas', 'Luis Melo', 'Jaime Celedón', 'Gaby Liz', 'Nino Malerva', 'Luis Torres', 'Santiago Zuñiga', 'Humberto Miranda'];[];['Carlos Piaggio'];['Diego Bonacina'];A glimpse at the few days and nights in the lives of a brother and sister, Amanda and Tito, in Santiago’s semi-criminal underworld. A rambling portrait of Chilean society.
;/film/time-to-die-1966/;246749.0;Time to Die;0.9747;6.9;1966-08-11;90;MX;es;0.0;0.0;['Drama', 'Western'];['Arturo Ripstein'];[2];['Marga López', 'Jorge Martínez de Hoyos', 'Enrique Rocha', 'Blanca Sánchez', 'Tito Junco', 'Quintín Bulnes', 'Miguel Macía', 'Carlos Jordán', 'Arturo Martínez', 'Hortensia Santoveña', 'Carolina Barret', 'Manuel Dondé', 'Claudio Isaac', 'Leonardo Castro', 'Cecilia Leger', 'Luz María Velázquez', 'Alfredo Chavira', 'Alfredo Leal', 'Adolfo Lara'];[];['Carlos Savage'];['Alex Phillips'];A man comes home after serving 18 years in jail for murder in this routine western. Although the man killed in self defense, rumors in town circulated that he murdered the victim in cold blood. The ex-con wants to get his life together, but the two sons of the slain man are gunning for the man who killed their father.
;/film/trenque-lauquen/;715742.0;Trenque Lauquen;1.541;7.2;2023-05-02;260;AR;es;0.0;0.0;['Mystery', 'Drama', 'Thriller'];['Laura Citarella'];[1];['Laura Paredes', 'Ezequiel Pierri', 'Rafael Spregelburd', 'Elisa Carricajo', 'Juliana Muras', 'Verónica Llinás', 'Cecilia Rainero', 'Walter Jakob', 'Mariano Llinás', 'Rolando Citarella', 'Rodrigo Paredes', 'Eugenia Campos Guevara', 'Lila Toto Blake', 'Matías Feldman', 'Agustín Gagliardi', 'Andrea Garrote', 'Daniela Pal', 'Diego Tiseira', 'Tomás Guiñazú', 'Darío Toranzo', 'Pedro Carninchich', 'Robertito Palezza', 'Adrian Szklar', 'Telma Lunardini', 'Yolanda Reymon', 'Negra Cervera', 'Juan Pablo Godoy'];[];['Alejo Moguillansky', 'Miguel de Zuviría'];['Agustín Mendilaharzu', 'Inés Duacastella', 'Soledad Rodríguez'];With the strange disappearance of Laura, two colleagues, her older boyfriend, Rafael, and Ezequiel, learn of their recent discoveries, which may help them locate her. However, the story is bigger and stranger than they could imagine.
;/film/black-wind/;240628.0;Black Wind;1.1136;7.9;1965-12-23;127;MX;es;0.0;0.0;['Adventure', 'Drama'];['Servando González'];[2];['David Reynoso', 'José Elías Moreno', 'Eleazar García', 'Fernando Luján', 'Jorge Martínez de Hoyos', 'Enrique Aguilar', 'Rodolfo Landa', 'Roberto Cobo', 'José Torvay', 'José Carlos Ruiz', 'Manuel Dondé', 'Gerardo Zepeda', 'Guillermo Álvarez Bianchi', 'Aarón Hernán', 'Enrique Lizalde', 'Salvador Lozano', 'Miguel Suárez', 'Marianela Peña', 'Darío Vivián', 'Magdaleno Barba'];[];['Jorge Busto'];['Agustín Jiménez', 'Alex Phillips'];The building of a railroad under tough conditions from searing heat to freezing cold in the Sonora desert provokes clashes of passion and struggles between the engineers and the workers at the campsite. The workers also contend with sudden dust storms that are called the 'black wind'. Based on true events.
;/film/the-beginning-and-the-end/;133757.0;The Beginning and the End;0.8877;7.412;1994-06-24;187;MX;es;0.0;0.0;['Drama'];['Arturo Ripstein'];[2];['Julieta Egurrola', 'Ernesto Laguardia', 'Bruno Bichir', 'Lucía Muñoz', 'Alberto Estrella', 'Verónica Merchant', 'Luis Felipe Tovar', 'Blanca Guerra', 'Luisa Huertas', 'Julián Pastor', 'Ernesto Yáñez', 'Alonso Echánove', 'Alejandro Parodi', 'Darío T. Pie', 'Luis Rábago', 'Graciela Bernardos', 'Jorge Fegán', 'Alejandra Montoya', 'Osami Kawano', 'Roberto Antunez', 'Dolores Beristáin', 'Alexandra Vicencio', 'Abel Woolrich', 'Gastón Melo', 'Loló Navarro'];[];['Rafael Castanedo'];['Claudio Rocha'];The film tells the story of the Boteros, a middle-class Mexican family struggling against poverty after their father's death. Ignacia (Egurrola) is the Boteros mother, a desperate woman who chooses to sacrifice the destiny of her three older children, in order to protect Gabriel (Laguardia) the youngest one. She believes Gabriel will climb the social structure and bring back the lost fortune to the family. But destiny has other plans for the Boteros and tragedy will overcome eventually. Based on the novel of Nobel Prize winner Naguib Mahfouz.
;/film/79-springs/;146346.0;79 Springs;1.847;6.077;1969-12-31;25;CU;es;0.0;0.0;['Documentary'];['Santiago Álvarez'];[2];['Hồ Chí Minh'];[];['Norma Torrado'];['Iván Nápoles'];This film memorializes the leader of Vietnam, Ho Chi Minh, on the occasion of his death. It narrates the story of a life which is also the story of a nation-recounting his important accomplishments in the struggle against colonialism and imperialism.
;/film/araya/;89688.0;Araya;1.6526;7.2;1959-08-31;90;VE;es;0.0;0.0;['Documentary'];['Margot Benacerraf '];[1];['José Ignacio Cabrujas', 'Laurent Terzieff'];[];['Pierre Jallaud'];['Giuseppe Nisoli'];"""Araya"" is an old natural salt mine located in a peninsula in northeastern Venezuela which was still, by 1959, being exploited manually five hundred years after its discovery by the Spanish. In images, the life of the ""salineros"" and their archaic methods of work before their definite disappearance with the arrival of the industrial exploitation."
;/film/barren-lives/;836.0;Barren Lives;1.0044;7.4;1963-08-22;100;BR;pt;0.0;0.0;['Drama'];['Nelson Pereira dos Santos'];[2];['Átila Iório', 'Maria Ribeiro', 'Baleia', 'Gilvan Lima', 'Genivaldo Lima', 'Orlando Macedo', 'Jofre Soares', 'Arnaldo Chagas', 'Oscar de Souza', 'José Leite', 'Domário', 'Gilvan Leite', 'Gileno Sampaio', 'Inácio Costa', 'Pedro dos Santos', 'Nabor Costa', 'Clovis Ramos', 'Manuel Ordômio', 'Vanutério Maia', 'Antonio Soares', 'Walter Monteiro', 'Maria Rosa', 'Maria de Vanje'];['Nelson Pereira dos Santos'];['Rafael Justo Valverde'];['José Rosa'];A destitute family tries to escape the drought in the backlands of northeastern Brazil. Fabiano (Átila Iório), Sinhá Vitória (Maria Ribeiro), their two children and their dog Baleia wander aimlessly and almost hopelessly through the remote interior, surviving the forces of nature and the cruelty of men. An adaptation of the work by Graciliano Ramos.
;/film/dar-la-cara/;501916.0;Dar la cara;0.8332;6.667;1962-11-29;108;AR;es;0.0;0.0;['Drama'];['José A. Martínez Suárez'];[2];"['Leonardo Favio', 'Raúl Parini', 'Luis Medina Castro', 'Pablo Moret', 'Nuria Torray', 'Ubaldo Martínez', 'Daniel de Alvarado', 'Lautaro Murúa', 'Guillermo Bredeston', 'Mariela Reyes', 'Corrado Corradi', ""Óscar 'Cacho' Espíndola"", 'Orlando Marconi', 'Susana Mayo', 'Dora Baret', 'Héctor Pellegrini', 'José María Fra', 'Walter Santa Ana', 'Manuel Rosón', 'Nelly Tesolín', 'Eduardo Vener', 'Mario Benigno', 'María Vaner', 'Rosángela Balbó', 'Fernando E. Solanas', 'Adolfo Aristarain', 'Fernando Birri', 'Adelqui Camusso']";['David Viñas'];['Gerardo Rinaldi', 'Antonio Ripoll'];['Ricardo Younis'];Three boys from very different backgrounds who have just finished their military service must face the complex social reality of Argentina.
;/film/enamorada/;115301.0;Enamorada;1.0053;7.852;1946-12-25;99;MX;es;0.0;0.0;['Drama', 'Romance', 'War'];['Emilio Fernández'];[2];['María Félix', 'Pedro Armendáriz', 'Fernando Fernández', 'José Morcillo', 'Eduardo Arozamena', 'Miguel Inclán', 'Manuel Dondé', 'Eugenio Rossi', 'Norma Hill', 'Juan García', 'José Torvay', 'Pascual García Peña', 'Daniel Arroyo', 'Cecilia Leger', 'Guillermo Calles', 'Rogelio Fernández', 'Manuel Pozos', 'Enriqueta Reza', 'Arturo Soto Rangel', 'Beatriz Germán Fuentes'];['Emilio Fernández', 'Íñigo de Martino'];['Gloria Schoemann'];['Gabriel Figueroa'];In Mexican Revolution times, a guerrilla general and his troops take the conservative town of Cholula, near by Mexico City. As the revolutionaries mistreat the town's riches, General Reyes falls for beautiful and wild Beatriz Peñafiel, the daughter of one of the town's richest men.
;/film/in-the-intense-now/;441498.0;In the Intense Now;1.5994;7.8;2017-11-09;127;BR;pt;0.0;0.0;['Documentary'];['João Moreira Salles'];[2];['João Moreira Salles'];[];['Eduardo Escorel', 'Laís Lifschitz'];[];A personal essay which analyses and compares images of the political upheavals of the 1960s. From the military coup in Brazil to China's Cultural Revolution, from the student uprisings in Paris to the end of the Prague Spring.
;/film/intimidad-de-los-parques/;506679.0;Intimidad de los parques;1.6246;5.5;1965-03-03;65;AR;es;0.0;0.0;['Drama'];['Manuel Antín'];[2];['Francisco Rabal', 'Dora Baret', 'Ricardo Blume'];[];['José J. Serra'];['Jorge Pratz'];Two men and a beautiful woman are involved in a three-way relationship during a trip to Machu Picchu.
;/film/julio-begins-in-july/;107426.0;Julio Begins in July;1.1147;6.389;1979-04-30;120;CL;es;0.0;0.0;['Drama'];['Silvio Caiozzi'];[2];['Elsa Alarcón', 'Juan Cristóbal Meza', 'Luis Alarcón', 'Shlomit Baytelman', 'Tennyson Ferrada', 'Jaime Vadell', 'Delfina Guzmán', 'Marcial Edwards', 'Magdalena Aguirre', 'Rafael Benavente', 'Jorge Álvarez', 'José Cabello', 'Fritz Stein', 'Jorge Yáñez', 'Felipe Rabat', 'Alfonso Luco', 'Violeta Contreras', 'Sergio Urrutia', 'Vicente Santamaría', 'José Manuel Salcedo', 'Ana María Palma', 'María Elena Montero', 'Ana González', 'Victor Sepúlveda', 'María Castiglione', 'Pedro Gaete', 'Aquiles Sepúlveda', 'Lucy Salgado', 'Nissim Sharim', 'Marión Soto', 'Gloria Münchmeyer', 'José Soza', 'María Cánepa'];[];[];['Nelson Fuentes'];This is the story of a teenager at the turn of the century in the conservative higher classes of Chile and the initiation rites in his society.
;/film/macario/;122019.0;Macario;2.2628;8.671;1960-06-09;91;MX;es;0.0;0.0;['Drama', 'Fantasy'];['Roberto Gavaldón'];[2];['Ignacio López Tarso', 'Pina Pellicer', 'Enrique Lucero', 'Mario Alberto Rodríguez', 'José Gálvez', 'Eduardo Fajardo', 'Consuelo Frank', 'José Dupeyrón', 'Celia Tejeda', 'Luis Aceves Castañeda', 'Miguel Arenas', 'Alfredo Wally Barrón', 'Queta Carrasco', 'Felipe de Flores', 'Alicia del Lago', 'Manuel Dondé', 'Elizabeth Dupeyrón', 'Enedina Díaz de León', 'Enrique García Álvarez', 'Leonor Gómez', 'Sonia Infante', 'Inés Murillo', 'Manuel Noriega', 'Francisco Pando', 'Lidia Franco', 'José Luis Jiménez'];[];['Gloria Schoemann'];['Gabriel Figueroa'];Poor, hungry peasant Macario longs for just one good meal on the Day of the Dead. After his wife cooks a turkey for him, he meets three apparitions, the Devil, God, and Death. Each asks him to share his turkey, but he refuses all except Death. In return, Death gives him a bottle of water which will heal any illness. Soon, Macario is more wealthy than the village doctor, which draws the attention of the feared Inquisition.
;/film/metal-and-melancholy/;216095.0;Metal and Melancholy;1.2337;7.556;1994-03-31;80;PE;nl;0.0;0.0;['Documentary'];['Heddy Honigmann'];[1];['Jorge Rodríguez Paz'];[];[];[];"This documentary is an offbeat ""road movie"" in which acclaimed documentarian Heddy Honigmann travels with, and thereby discovers the stories of, taxi drivers in Lima. In the early 1990s, in response to Peru's inflationary economy and a government destabilized by corruption and Shining Path terrorism, many middle-class professionals used their own cars to moonlight as taxi drivers in order to weather the financial crisis."
;/film/nazareno-cruz-and-the-wolf/;127424.0;Nazareno Cruz and the Wolf;1.2321;7.113;1975-06-05;85;AR;es;0.0;0.0;['Drama', 'Fantasy', 'Horror'];['Leonardo Favio'];[2];['Juan José Camero', 'Marina Magali', 'Alfredo Alcón', 'Lautaro Murúa', 'Nora Cullen', 'Elcira Olivera Garcés', 'Josefina Faustín', 'Saúl Jarlip', 'Juanita Lara', 'Yolanda Mayorani', 'Marcelo Marcote', 'Ñaró'];['Jorge Zuhair Jury', 'Leonardo Favio'];['Cristián Kaulen', 'Antonio Ripoll'];['Juan José Stagnaro'];"The Mighty One offers Nazareno Cruz all the wealth in the world if he agrees to abandon his beloved; otherwise, the curse that supposedly weighs on him will be fulfilled."
;/film/seen-not-seen/;233941.0;Seen, Not Seen;3.2065;6.5;2014-10-19;54;BR;pt;0.0;0.0;['Documentary', 'Drama'];['Andrea Tonacci'];[2];['Daniel Tonacci', 'Andrea Tonacci', 'Joel Yamaji'];[];['Cristina Amaral'];[];A dialogue between the auteur's memories and the images he shot and kept during his long film career - sketches of live that were never shown, never seen, never edited.
;/film/silvia-prieto/;49984.0;Silvia Prieto;1.0101;7.132;1999-02-24;93;AR;es;0.0;0.0;['Drama', 'Comedy'];['Martín Rejtman'];[2];['Rosario Bléfari', 'Valeria Bertuccelli', 'Vicentico', 'Marcelo Zanelli', 'Susana Pampín', 'Mucio Manchini', 'Mirta Busnelli', 'Mario Rubinacci', 'Gabo Correa', 'Abián Vainstein', 'Santiago Parra', 'Vanessa Weinberg', 'Ana Mignone', 'María Fernanda Aldana', 'Daniel Barone', 'Cecilia Biagini', 'Guillermina Casey', 'Daniela Cugliandolo', 'Pablo Córdoba', 'Marta Espezel', 'Bernardino R. Fernández', 'Alejandro Hartmann', 'Samuel Oliva', 'Valeria Paván', 'Marta Parga', 'Marta Albertinazzi', 'Daniel Valdez'];[];['Gustavo Codella'];['Paula Grandio'];After her 27th birthday, Silvia Prieto decides to take charge of her life and make some changes. At the same time, she suddenly finds herself intertwined in the life of another woman who is also named Silvia Prieto.
;/film/the-blonds/;193302.0;The Blonds;1.7297;6.0;2003-10-23;89;AR;es;0.0;0.0;['Documentary'];['Albertina Carri'];[1];['Analía Couceyro', 'Albertina Carri', 'Santiago Giralt', 'Jesica Suárez', 'Marcelo Zanelli'];[];['Alejandra Almirón', 'Catalina Fernández', 'Carmen Torres'];[];In 1977, when she was four years old, Albertina Carri's parents vanished without a trace, victims of Argentina's brutal military junta. In this fresh and politically daring film, the young Argentinian filmmaker attempts to unravel the mystery, piecing together her memories and fantasies in a quest to understand her parents' untimely fate.
;/film/the-guns/;194853.0;The Guns;1.0863;7.5;1964-06-01;85;BR;pt;0.0;0.0;['Drama', 'Thriller'];['Ruy Guerra'];[2];['Átila Iório', 'Nelson Xavier', 'Maria Gladys', 'Leonidas Bayer', 'Ivan Cândido', 'Paulo César Peréio', 'Hugo Carvana', 'Mauricio Loyola', 'Ruy Polanah', 'Joel Barcellos', 'Antônio Pitanga', 'Cecil Thiré', 'Maria Adélia', 'Paulo Campos', 'Hugo Kusnet', 'Maria Ligia', 'Billy Davis'];['Ruy Guerra', 'Miguel Torres'];['Raimundo Higino', 'Ruy Guerra'];['Ricardo Aronovich'];A group of armed soldiers is sent to the Northeast of Brazil in an attempt to stop a famine-struck population from invading and stealing a food deposit in the dry backlands. While the alienation and insanity of people driven to hallucination by their latent hunger is conducted by the predictions of a religious figure, a truck driver observes the situation and remains torn between his friendship with the soldiers and his revolt against the lack of government action in fighting the misery that lingers over the region.
;/film/the-white-rose-1961/;344763.0;The White Rose;0.808;7.3;1961-06-23;105;MX;es;0.0;0.0;['Drama'];['Roberto Gavaldón'];[2];['Ignacio López Tarso', 'Christiane Martel', 'Reinhold Olszewski', 'Rita Macedo', 'Begoña Palacios', 'Carlos Fernández', 'John Kelly', 'Luis Beristáin', 'Tony Carbajal', 'Alejandro Ciangherotti', 'Fernando Wagner', 'Katherine Welsh', 'Claudio Brook', 'George Neale', 'Pedro Galván', 'Eugenio Rossi', 'David Reynoso', 'Aurora Clavel', 'José Torvay', 'Enrique Lucero'];['Roberto Gavaldón', 'Emilio Carballido', 'Philip Stevenson'];['Gloria Schoemann'];['Gabriel Figueroa'];An international oil company comes into conflict with a Mexican ranch owner who refuses to sell his land, resorting to a devious scheme to try to take over the property.
;/film/twenty-years-later/;86320.0;Twenty Years Later;1.1852;8.428;1984-12-03;119;BR;pt;0.0;0.0;['Documentary', 'History'];['Eduardo Coutinho'];[2];['Eduardo Coutinho', 'Elizabeth Teixeira', 'Ferreira Gullar', 'Tite de Lemos', 'Eduardo Escorel'];[];['Eduardo Escorel'];['Fernando Duarte', 'Edgar Moura'];Eduardo Coutinho was filming a movie with the same name in the Northeast of Brazil, in 1964, when there came the military coup. He had to interrupt the project, and came back to it in 1981, looking for the same places and people, showing what had ocurred since then, and trying to gather a family whose patriarch, a political leader fighting for rights of country people, had been murdered.
;/film/two-monks/;170296.0;Two Monks;0.826;6.232;1934-11-28;85;MX;es;0.0;0.0;['Drama', 'Romance', 'Mystery'];['Juan Bustillo Oro'];[2];['Víctor Urruchúa', 'Carlos Villatoro', 'Magda Haller', 'Beltrán de Heredia', 'Emma Roldán', 'Alberto Miquel', 'Manuel Noriega', 'Manuel Bernaldez', 'José Cortés', 'Conchita Gentil Arcos', 'Hugo Taboada', 'Sofía Haller'];[];['Juan Bustillo Oro'];['Agustín Jiménez'];In a Gothic-styled monastery, a monk named Javier sees the face of another monk, Juan, and suddenly attempts to bludgeon him to death with a heavy crucifix. Both men then relate their own versions of a story of romantic rivalry between them.
;/film/victims-of-sin/;118009.0;Victims of Sin;1.0588;6.9;1951-02-02;85;MX;es;0.0;0.0;['Drama', 'Crime'];['Emilio Fernández'];[2];"['Ninón Sevilla', 'Tito Junco', 'Rodolfo Acosta', 'Rita Montaner', ""Ismael Pérez 'Poncianito'"", 'Arturo Soto Rangel', 'Francisco Reiguera', 'Lupe Carriles', 'Jorge Treviño', 'Pedro Vargas', 'Luis Aceves Castañeda', 'Gregorio Acosta', 'Ricardo Adalid', 'Salvador Godínez', 'Carlos León', 'Álvaro Matute', 'Enrique Carrillo', 'Aurora Cortés', 'Lupe del Castillo', 'Enedina Díaz de León', 'Magdalena Estrada', 'Gloria Mestre', 'Ángela Rodríguez', 'Acela Vidaurri', 'Agustín Fernández', 'Rogelio Fernández', 'Leonor Gómez', 'Margarito Luna', 'Inés Murillo', 'Aurora Ruiz', 'Yolanda Ortiz', 'Ignacio Peón', 'Carlos Riquelme', 'Hernán Vera', 'Estela Matute', 'Enriqueta Reza', 'Hilda Vera', 'Elena Luquín', 'Chimi Monterrey', 'Dámaso Pérez Prado']";['Emilio Fernández'];['Gloria Schoemann'];['Gabriel Figueroa'];A nightclub performer decides to raise the baby boy she found abandoned in a trash can, putting her job and social life in jeopardy.
;/film/a-la-sombra-del-sol/;422763.0;A la sombra del sol;0.5887;6.5;1974-11-28;70;CL;es;0.0;0.0;['Drama'];['Silvio Caiozzi', 'Pablo Perelman'];[2, 2];['Luis Alarcón', 'Alejandro Cohen', 'Marcelo Gaete', 'Felisa González', 'Teresa Ramos', 'Aquiles Vargas', 'Gregorio Aillavil', 'Carmen Bueno', 'Felix Ceiti', 'Guacolda Gómez'];['Pablo Perelman'];['Carlos Piaggio'];['Jorge Müller', 'Silvio Caiozzi'];Two thieves wander in the chilean desert and finally get to a small town near Bolivia. There, they try to include themselves with the townspeople  but their instincts betray them and tragedy ensues. Based on a true story, this film opened one year after the chilean Coup de etat. The day after the opening, script girl Carmen Bueno and director of photography Jorge Müller were taken by police and  now they are part of the list of the Desaparecidos.
;/film/brasil/;195919.0;Brasil;0.6104;7.5;1981-12-05;13;BR;pt;0.0;0.0;['Music', 'Documentary'];['Rogério Sganzerla'];[2];"['João Gilberto', 'Caetano Veloso', 'Gilberto Gil', 'Maria Bethânia', 'Getúlio Vargas', 'Manuel ""Jacaré"" Olimpio Meira', 'Dorival Caymmi', 'Eros Volusia', 'Vinicius de Moraes', 'Ary Barroso', 'Grande Otelo', 'Orson Welles', 'Richard Wilson']";[];['Rogério Sganzerla'];['Renato Laclette', 'Roland Henze'];João Gilberto receives Caetano Veloso, Gilberto Gil and Maria Bethânia during the recording of his album Brasil.
;/film/crane-world/;101338.0;Crane World;0.6895;6.13;1999-06-17;90;AR;es;0.0;0.0;['Drama'];['Pablo Trapero'];[2];['Luis Margani', 'Daniel Valenzuela', 'Adriana Aizemberg', 'Federico Esquerro', 'Graciana Chironi', 'Roly Serrano', 'Alfonso Rementería', 'Oscar Alegre', 'Mario Núñez', 'Adriana Ferro', 'Álvaro Miguel', 'Alejandro Zucco', 'Carlos Verón', 'Pilar Curuchaga', 'Alicia Chillida', 'Armando Svriz', 'Rogelio de Nicola', 'Graciela Moreno'];[];['Nicolás Goldbart'];['Cobi Migliora'];The portrait of a man and his attempts to make things up with life after losing his job.
;/film/eternity-2017/;511425.0;Eternity;1.3327;7.75;2018-04-19;90;PE;ay;0.0;0.0;['Drama'];['Óscar Catacora'];[2];['Vicente Catacora', 'Rosa Nina'];[];['Irene Cajías'];['Óscar Catacora'];A couple of elderlies try to survive in Los Andes of Peru while they wait for their son.
;/film/hermia-helena/;377279.0;Hermia & Helena;0.9246;5.5;2016-09-09;87;AR;es;0.0;0.0;['Drama'];['Matías Piñeiro'];[2];['Agustina Muñoz', 'Mati Diop', 'María Villar', 'Julián Larquier Tellarini', 'Keith Poulson', 'Dan Sallitt', 'Laura Paredes', 'Dustin Guy Defa', 'Gabriela Saidón', 'Romina Paula', 'Bingham Bryant', 'Ethan Spigland', 'Pablo Sigal', 'Kyle Molzan', 'Oscar Williams', 'Ryan Miyake', 'Micah Gottlieb', 'Ji Park'];['Matías Piñeiro'];['Sebastián Schjaer'];['Fernando Lockett'];"Camila, a young Argentine theater director, travels from Buenos Aires to New York to attend an artistic residency to develop a Spanish translation of Shakespeare's ""A Midsummer Night's Dream."" Upon her arrival, she begins to receive a series of mysterious postcards which set her down a winding path through her past and towards her future."
;/film/jauja/;266031.0;Jauja;2.4719;6.5;2014-11-27;110;AR;es;153179.0;0.0;['Western', 'Drama'];['Lisandro Alonso'];[2];['Viggo Mortensen', 'Ghita Nørby', 'Viilbjørk Malling Agger', 'Adrián Fondari', 'Esteban Bigliardi', 'Diego Román Harillo', 'Mariano Arce', 'Misael Saavedra', 'Gabriel Marquez', 'Brian Patterson'];[];['Natalia López', 'Gonzalo Del Val'];['Timo Salminen'];A father and daughter journey from Denmark to an unknown desert that exists in a realm beyond the confines of civilization.
;/film/kukuli/;257604.0;Kukuli;2.0011;5.5;1961-01-01;63;PE;qu;0.0;0.0;['Drama'];['Luis Figueroa Yábar', 'Eulogio Nishiyama', 'César Villanueva'];[2, 2, 2];['Judith Figueroa', 'Victor Chambi', 'Lizardo Pérez', 'Emilio Galli', 'Felix Valeriano', 'Martina Mamani', 'Simón Champi', 'Mercedes Yupa', 'Eduardo Navarro'];['Hernán Velarde', 'César Villanueva', 'Luis Figueroa Yábar'];['Ricardo Rodríguez Nistal'];[];Kukuli, a young llama herder, leaves her grandparents in the countryside of Cusco to attend the Feast of Mamacha Carmen in the town of Paucartambo.
;/film/one-way-or-another-1975/;162505.0;One Way or Another;0.7173;6.387;1977-06-01;75;CU;es;0.0;0.0;['Drama', 'Romance'];['Sara Gómez'];[1];"['Mario Balmaseda', 'Yolanda Cuéllar', 'Mario Limonta', 'Isaura Mendoza', 'Bobby Carcassés', 'Sarita Reyes', 'Othón Blanco', 'Bárbara Hernández', 'Guillermo Díaz', 'Berta Hernandez', 'Lazarito Gonzáles', 'Cándido López Rosales', 'Amparo Calderín', 'Regla Padron', 'Eloy Machado', 'Luis Sachez', 'Rubén Cederón', 'Rafael Cozany', 'Angelita Valdés', ""Orlando 'Puntilla' Ríos"", 'Gonzalo Asencio', 'Benicio Fernández']";[];['Iván Arocha'];['Luís García Mesa'];In Miraflores, Cuba, the growing romance between Mario, a factory worker, and Yolanda, a schoolteacher, throws into relief the differences in their perspectives and values in Revolutionary Cuba.
;/film/pachamama-our-land/;232525.0;Pachamama: Our Land;0.54;7.5;1997-03-29;90;EC;de;0.0;0.0;['Documentary'];['Peter Nestler'];[2];[];[];['Peter Nestler'];['Rainer Komers'];This film is about the indigenous cultures of Ecuador, of what is past and what is preserved, of destruction and resistance, of persisting in new ways, of music in the villages high up in the Andes, of music in the cities and in a tropical climate among descendants of African slaves. The film is about Earth, about working with Earth, sacred to the indigenous people. An account of beauty that silences, of friendliness, also grief.
;/film/pistol-duel/;193804.0;Pistol Duel;1.6932;6.103;1896-12-12;1;MX;fr;0.0;0.0;['Drama'];['Gabriel Veyre'];[2];[];[];[];['Claude Ferdinand Von Bernard'];Based on a real event that occurred between two deputies, in Chapultepec Park.
;/film/rio-northern-zone/;146904.0;Rio, Northern Zone;1.015;8.2;1957-08-26;83;BR;pt;0.0;0.0;['Drama', 'Music'];['Nelson Pereira dos Santos'];[2];['Grande Otelo', 'Jece Valadão', 'Paulo Goulart', 'Maria Petar', 'Malu Maia', 'Haroldo de Oliveira', 'Artur Vargas Jr.', 'Carlos Aquino', 'Ferreira Maia', 'Washington Fernandes', 'Walkiria Barbosa', 'Erley Freitas', 'Pedro Farah', 'Nicolino Cupello', 'Sérgio Malta', 'Carlos Miranda', 'Mozart Cintra', 'Carlos de Sousa', 'Edson Vitoriano', 'Odair Abrantes', 'Madalena de Jesus', 'Almir Lopes', 'Aloizio Costa', 'Tião Pimentel', 'Mário Luiz Prata', 'Zé Keti', 'Iracema Vitória', 'Turco Fernandinho', 'Ângela Maria'];['Nelson Pereira dos Santos'];['Mario del Río'];['Hélio Silva'];A talented songwriter of sambas is forced to face the social injustices of the city around him.
;/film/robinson-crusoe-island/;132153.0;Robinson Crusoe Island;1.8164;7.0;1999-01-01;43;FR;es;0.0;0.0;['Documentary'];['Patricio Guzmán'];[2];[];['Patricio Guzmán'];['Catherine Mabilat'];['Patricio Guzmán'];A passionate fan of Daniel Defoe’s Robinson Crusoe as a 13-year-old boy, Guzmán was delighted to find in his adult years that the story is based on actual events & a real place in the middle of the Pacific Ocean, 700 kilometres from the Chilean coast. This moves him to film & construct a kind of ironic travel journal as he sets out to rediscover the island, all the while in constant play with the fields of history, literature & imagination.
;/film/rough-gang/;188346.0;Rough Gang;3.0176;6.8;1933-05-29;78;BR;pt;0.0;0.0;['Drama'];['Humberto Mauro'];[2];['Durval Bellini', 'Déa Selva', 'Lu Marival', 'Décio Murilo', 'Andrea Duarte', 'Alfredo Nunes', 'Ivan Villar', 'Carlos Eugênio', 'João Baldi', 'Francisco Bevilácqua', 'Ayres Cardoso', 'João Cardoso', 'Edson Chagas', 'João Fernandes', 'Sérgio Barreto Filho', 'Adhemar Gonzaga', 'Humberto Mauro'];['Humberto Mauro', 'Octávio Gabus Mendes'];['Humberto Mauro'];['A.P. Castro'];A man kills his wife on their wedding night, after discovering she had been unfaithful. After being acquitted, he moves to the country, where he becomes part of a love triangle.
;/film/the-circus-cavalcade/;335279.0;The Circus Cavalcade;0.7646;7.2;1945-05-30;82;AR;es;0.0;0.0;['Drama', 'Music'];['Mario Soffici'];[2];['Libertad Lamarque', 'Hugo del Carril', 'José Olarra', 'Orestes Caviglia', 'Juan José Miguez', 'Ilde Pirovano', 'Armando Bó', 'Elvira Quiroga', 'Tino Tori', 'Eva Duarte de Perón', 'Ricardo Castro Ríos', 'Ana Nieves', 'Carlos Rivas'];[];['Emilio Murúa', 'Carlos Rinaldi'];['Francis Boeniger'];The lives, loves and vicissitudes of a group of circus performers in the Argentine Pampas around the turn of the century are played out in this drama with songs.
;/film/the-option/;142846.0;The Option;0.5887;6.5;1981-11-05;88;BR;pt;0.0;0.0;['Drama'];['Ozualdo Ribeiro Candeias'];[2];['Carmem Angélica', 'Nere di Passi', 'Carmem Ortega', 'Virgílio Roveda', 'Alan Fontaine', 'Jairo Ferreira', 'José Lopes', 'Affonso Brazza'];['Ozualdo Ribeiro Candeias'];['José Gozze', 'Ozualdo Ribeiro Candeias'];['Ozualdo Ribeiro Candeias'];The Option centers on a group of rural women who cut sugar cane and live in ramshackle highway neighborhoods. For many, their only escape to a potentially better life is through prostitution, often with truck drivers.
;/film/the-red-light-bandit/;186738.0;The Red Light Bandit;1.1106;7.7;1968-12-02;92;BR;pt;0.0;0.0;['Thriller', 'Crime'];['Rogério Sganzerla'];[2];"['Paulo Villaça', 'Luiz Linhares', 'Helena Ignez', 'Pagano Sobrinho', 'Roberto Luna', 'José Marinho', 'Ezequiel Neves', 'Sérgio Mamberti', 'Renato Consorte', 'Maria Carolina Withaker', 'Paula Ramos', 'Sérgio Hingst', 'Lenoir Bittencourt', 'Lola Brah', 'Luís Alberto', 'Antônio Lima', 'Miriam Mehler', 'Ozualdo Ribeiro Candeias', 'Júlio Calasso Jr.', 'Maurice Capovila', ""Neville D'Almeida"", 'Armando Barreto', 'Carlos Reichenbach', 'José Alberto Reis', 'Renata Souza Dantas', 'José Lopes', 'Ítala Nandi', 'Carlos Henrique', 'Gaúcho', 'Wladislaw Jedrow', 'Carlos Farah', 'Arnaldo Weiss', 'Lúcia Rocha', 'Dulce Maia', 'Sonia Braga', 'Júlio Grimberg', 'Tonicão', 'Dalva de Castro', 'Mara Lisi', 'Maurice Segall', 'Dolly Sollar', 'Perillo', 'Liliana Pacheco', 'Maria Esther Stockler', 'Oduvaldo Batista', 'Hélio Aguiar', 'Mara Duval', 'Rogério Sganzerla']";[];['Silvio Renoldi'];['Peter Overbeck', 'Carlos Ebert'];"Born and raised in the misery of Brazilian slums, Jorge becomes a luxury house burglar in São Paulo and gets nicknamed ""The Red Light Bandit"" by the sensationalist press. In addition to wearing a red flashlight, he talks to his hostages in an irreverent tone and makes bold breakthroughs to later spend the money extravagantly. His world is the decadent neighbourhood of Boca do Lixo."
;/film/time-for-revenge/;43428.0;Time for Revenge;1.0189;7.442;1981-07-30;112;AR;es;0.0;0.0;['Crime', 'Drama', 'Thriller'];['Adolfo Aristarain'];[2];['Federico Luppi', 'Julio De Grazia', 'Ulises Dumont', 'Jofre Soares', 'Aldo Barbero', 'Enrique Liporace', 'Arturo Maly', 'Rodolfo Ranni', 'Jorge Hacker', 'Alberto Benegas', 'Ingrid Pelicori', 'Jorge Chernov', 'Cayetano Biondo', 'Marcos Woinsky', 'Haydée Padilla', 'Lidia Catalano', 'Carlos Trigo', 'Aldo Pastur', 'Enrique Latorre', 'Jorge Velurtas', 'Felipe Méndez', 'Héctor Calori', 'Carlos Verón', 'Osvaldo De la Vega', 'Enrique Otranto', 'Cristina Aroca', 'Miguel Angel Llobet', 'Alejandro Arando'];['Adolfo Aristarain'];['Eduardo López'];['Horacio Maira'];Two coworkers decide to blackmail the corrupt demolition company they work for by setting up a fake accident.
;/film/a-farewell-to-memory/;763673.0;A Farewell to Memory;1.3852;7.9;2020-10-26;95;AR;es;1347.0;0.0;['Documentary'];['Nicolás Prividera'];[2];['Nicolás Prividera'];[];['Hernán Rosselli'];[];A father who has lost his memory. A son looking for home movies that his father filmed. And among them, the impossible memory of the missing mother
;/film/a-letter-of-love/;115011.0;A Letter of Love;0.7115;6.429;1943-11-20;117;MX;es;0.0;0.0;['Drama', 'Romance'];['Miguel Zacarías'];[2];['Jorge Negrete', 'Gloria Marín', 'Andrés Soler', 'Emma Roldán', 'Mimí Derba', 'Antonio R. Frausto', 'Rafael Icardo', 'Salvador Quiroz', 'Fernando Curiel', 'Ramón G. Larrea', 'Manuel Dondé', 'Roberto Cañedo', 'Armando Sáenz'];[];[];['Ross Fisher'];Moments before he will be executed by the French Intervention Army, the liberal leader reads a love letter by his girlfriend. His memories provide the poetic pictures of this romantic historical drama.
;/film/a-stranger-on-the-stairs/;199430.0;A Stranger on the Stairs;0.7215;6.2;1955-06-09;95;MX;es;0.0;0.0;['Thriller', 'Drama'];['Tulio Demicheli'];[2];['Arturo de Córdova', 'Silvia Pinal', 'José María Linares Rivas', 'Andrés Soler', 'Bertica Serrano', 'Sonja Marrero', 'Luciano de Pazos', 'Lazara Rivero', 'Manuel Pomar', 'Isabelita Elias', 'César Pomar'];[];['Rafael Ceballos'];['Jack Draper'];"Based on Ladislas Fodor's ""Stranger on the Stairs"". A loved triangle composed by a cynical entrepreneur, a loan manager, and a seductive secretary will lead to a criminal plot in Cuba."
;/film/arroz-con-leche/;403297.0;Arroz con leche;0.4531;7.8;1950-10-05;72;AR;es;0.0;0.0;['Comedy'];['Carlos Schlieper'];[2];['Ángel Magaña', 'Malisa Zini', 'Amelita Vargas', 'Héctor Calcaño', 'Nélida Romero', 'María Esther Podestá', 'Carlos Enríquez', 'Esteban Serrador', 'Perla Achával', 'Wanda Were', 'Ivor Hallez', 'Daniel Hallez', 'Hilda Rey', 'Adolfo Linvel', 'Lalo Hartich', 'Mario Perelli', 'Adolfo Calcaño', 'Arsenio Perdiguero', 'Eliseo Herrero', 'Mario Banadía', 'Rosalía Riliskis', 'Virginia de la Cruz', 'Lía Durán', 'Leticia Estrada Cabrera', 'Susana Campos', 'Francisco Barletta', 'Tesy Rainer', 'Fanny Gessler', 'Trudy Essler', 'Delfy Miranda', 'J. Antonelli', 'Mercedes Villa', 'Margarita Janny', 'Luis Mora', 'Francisco Lizzio', 'J. Scolpini', 'Lina Bardo', 'Eda Albéniz', 'Marta Descón', 'René Escobar', 'Perla Cristal'];['Julio Porter', 'Carlos Schlieper'];['Antonio Ripoll'];['Humberto Peruzzi'];A runaway bride poses as a married woman and mother of twins to woo a suitor who only falls in love with married women.
;/film/come-out/;399670.0;Come Out;0.7976;6.0;1971-01-01;10;AR;en;0.0;0.0;[];['Narcisa Hirsch'];[1];[];[];[];[];About the music of Steve Reich, a phrase be phased out as the image it makes the reverse movement.
;/film/never-open-that-door/;252695.0;Never Open That Door;0.6735;7.233;1952-05-23;80;AR;es;0.0;0.0;['Drama', 'Thriller'];['Carlos Hugo Christensen'];[2];"['Ángel Magaña', 'Renée Dumas', 'Diana de Córdoba', 'Pedro Fiorito', 'Orestes Soriani', 'Percival Murray', 'Rosa Martín', 'Arnoldo Chamot', 'Nicolás Fregues', 'Roberto Escalada', 'Norma Giménez', 'Luis Otero', 'Ilde Pirovano', ""Carlos D'Agostino"", 'Rafael Diserio', 'Luis Mora', 'Alberto Quiles']";['Alejandro Casona'];['José Gallego'];['Pablo Tabernero'];A man tries to avenge the death of his sister, a gambling addict. Another man, an ex-convict who whistles when he commits a crime, is reunited with his blind mother.
;/film/on-the-other-island/;422031.0;On the Other Island;0.8439;8.0;1968-01-01;41;CU;es;0.0;0.0;['Documentary'];['Sara Gómez'];[1];['Sara Gómez'];[];['Caíta Villalón'];['Luís García Mesa'];Loose collection of individual portraits of the inhabitants of the Isle of Pinos (now Isla de la Juventud), who tell their stories, share ideas and discuss topics such as racism and crime.
;/film/paulina/;336664.0;Paulina;2.633;6.388;2015-06-18;103;AR;es;0.0;0.0;['Drama', 'Thriller'];['Santiago Mitre'];[2];['Dolores Fonzi', 'Oscar Martínez', 'Esteban Lamothe', 'Cristian Salguero', 'Verónica Llinás', 'Laura López Moyano', 'Ezequiel Díaz', 'Andrea Quattrocchi', 'Silvina Sabater', 'Julián Tello', 'Mariana Mitre', 'Gabriela Pastor'];[];[];['Gustavo Biazzi'];Paulina is a young lawyer with a promising career in Buenos Aires, who chooses to go back to her home town. Her father, Fernando, is a well known judge. Against his will, Paulina decides to teach in a suburban high school as part of an inclusion program. One night, after the second week working there, she's brutally assaulted by a gang. With the disapproval of the people around her, she decides to go back to work, in the neighborhood where she was attacked, without realizing that her attackers may be even closer than she thought.
;/film/shark-hunters/;118010.0;Shark Hunters;0.6081;6.885;1963-05-23;100;MX;es;0.0;0.0;['Drama'];['Luis Alcoriza'];[2];['Julio Aldama', 'Dacia González', 'Tito Junco', 'Amanda del Llano', 'Noé Murayama', 'Alfredo Varela', 'Eric del Castillo', 'Enrique Lucero', 'Aurora Clavel', 'Conchita Gentil Arcos', 'Mario Zebadúa', 'Amado Zumaya', 'Irma Serrano', 'Sadi Dupeyrón', 'Yolanda Ortiz'];[];['Carlos Savage'];['Raúl Martínez Solares'];Aurelio is a shark fisherman who works very hard to send money to his family in the city and keep Manela, his young lover on the coast. One day, he decides to move to the big city.
;/film/the-bitter-stems/;185250.0;The Bitter Stems;1.1064;7.103;1956-11-04;92;AR;es;0.0;0.0;['Drama', 'Thriller'];['Fernando Ayala'];[2];['Carlos Cores', 'Julia Sandoval', 'Vassili Lambrinos', 'Gilda Lousek', 'Aída Luz', 'Bernardo Perrone', 'Virginia Romay', 'Pablo Moret', 'Carmen Giménez', 'Adolfo Linvel', 'Alfonso Pisano', 'Jorge Villoldo', 'George Hilton', 'Otto Weber', 'Analía Gadé'];['Sergio Leonardo'];['Gerardo Rinaldi', 'Antonio Ripoll'];['Ricardo Younis'];Buenos Aires, Argentina. A failed reporter teams up with a Hungarian immigrant to set up a fake correspondence journalism school.
;/film/the-circular-scene/;334850.0;The Circular Scene;0.6112;9.0;1982-04-07;8;AR;es;0.0;0.0;[];['Claudio Caldini'];[2];[];[];[];[];The silhouettes of a couple in the window were filmed with few directions for  the protagonists. They suggested the synthesis of cinematic space and the universality of their figures. The camera draws attention to moments, gestures, and actions, all inserted into the parentheses of a fade-in/fade-out. Cinema rediscovered as an effective memory machine.
;/film/the-delinquents-2023/;714889.0;The Delinquents;1.9823;6.4;2023-10-16;190;AR;es;0.0;51000.0;['Drama', 'Comedy', 'Crime'];['Rodrigo Moreno'];[2];['Daniel Elías', 'Esteban Bigliardi', 'Margarita Molfino', 'Germán de Silva', 'Laura Paredes', 'Mariana Chaud', 'Gabriela Saidón', 'Cecilia Rainero', 'Lalo Rotaveria', 'Javier Zoro', 'Iair Said', 'Agustín Toscano', 'Fabián Casas', 'Leôn Moreno', 'Aurora Moreno', 'Adriana Aizemberg', 'Pablo Plandolit', 'Jonathan Da Rosa', 'Franco de la Puente', 'Paulo Da Silva Nunes', 'Guillermo Ossana', 'Dario Quintero', 'Facundo Gigena', 'Natali Carranza', 'Yessica Daina Gonzalez Capello', 'Erasmo Colombo'];[];['Manuel Ferrari', 'Nicolás Goldbart', 'Rodrigo Moreno'];['Inés Duacastella', 'Alejo Maglio'];Morán works as a clerk in a bank in Buenos Aires. He is as good as invisible to his colleagues. Over dinner with his colleague Román, Morán tells him that he stole exactly $650,000, which is exactly double what he would have made until his retirement. He plans to turn himself in, but not before offering Román to split the money if agrees to hide it for the duration of his incarceration.
;/film/the-long-night-of-francisco-sanctis/;392809.0;The Long Night of Francisco Sanctis;0.8897;6.0;2017-08-10;76;AR;es;211000.0;0.0;['Drama', 'Thriller'];['Francisco Márquez', 'Andrea Testa'];[0, 0];['Diego Velázquez', 'Valeria Lois', 'Laura Paredes', 'Marcelo Subiotto', 'Rafael Federman', 'Romina Pinto', 'Santiago Ruiz', 'Fiorela Duranda', 'Jorge Lorenzo'];['Francisco Márquez', 'Andrea Testa'];[];['Federico Lastra'];During the military dictatorship of Argentina in 1977, office clerk Francisco Sanctis, his wife and children lead a quiet life in Bueno Aires. But one day an old friend calls him after 20 years, asking him to sign something. When they meet, she explains that she actually wants him to warn two of her friends that are about to be kidnapped by the army, and Francisco must decide if he wants to risk everything for two strangers.
;/film/the-passion-of-berenice/;120297.0;The Passion of Berenice;0.9352;5.9;1976-11-18;101;MX;es;0.0;0.0;['Drama', 'Thriller', 'Romance'];['Jaime Humberto Hermosillo'];[2];['Martha Navarro', 'Pedro Armendáriz Jr.', 'Emma Roldán', 'Blanca Torres', 'Magnolia Rivas', 'Manuel Ojeda', 'María Guadalupe Delgado', 'Evangelina Martínez', 'Alma Levy', 'Roxana Saucedo', 'Cecilia Leger', 'Alejandro Todd', 'Mario Oropeza'];['Jaime Humberto Hermosillo', 'José Emilio Pacheco'];['Rafael Ceballos'];['Rosalío Solano'];When a man appears in her life, a young woman of traditional manners who lives with her godmother suffers a deep and unusual transformation.
;/film/the-stolen-man/;127013.0;The Stolen Man;1.3486;5.3;2007-08-09;90;AR;es;0.0;0.0;['Drama'];['Matías Piñeiro'];[2];['María Villar', 'Romina Paula', 'Julia Martínez Rubio', 'Francisco García Faure', 'Daniel Gilman Calderón', 'Nicolas Malusardi', 'Alejandro Sirkin', 'Cynthia Edul', 'Luciana Rodríguez', 'Ernesto Romano', 'Guillermo Massé', 'Alberto Ajaka', 'Nicolás Miloc', 'Micaela Seconi', 'Rafael Filippelli', 'Ana Cambre', 'Sabrina Korn', 'Juan Ronco'];['Matías Piñeiro'];['Alejo Moguillansky'];['Fernando Lockett'];A young Argentinian woman who works as a museum guide uses her passion - reading - as a means of expression to channel the emotional and working lives of those around her.
;/film/the-sugar-curtain/;130458.0;The Sugar Curtain;0.5683;6.143;2005-09-21;90;CU;en;0.0;0.0;[];['Camila Guzmán Urzúa'];[0];[];[];[];[];A portrayal of the singular experience shared by people of her generation -- those living Cuba's utopian dream during the golden era of the revolution. It is also a lament for the end of that dream, which began to fizzle after the fall of the Berlin Wall.
;/film/the-vampires-of-poverty/;129075.0;The Vampires of Poverty;1.5295;7.447;1978-01-01;29;CO;es;0.0;0.0;['Comedy'];['Luis Ospina', 'Carlos Mayolo'];[2, 2];['Luis Alfonso Londoño', 'Carlos Mayolo', 'Ramiro Arbeláez', 'Eduardo Carvajal', 'Javier Villa', 'Fabián Ramírez', 'Astrid Orozco', 'Jaime Ceballos', 'Dudman Adolfo Murillo'];[];['Luis Ospina'];['Eduardo Carvajal', 'Enrique Forero', 'Fernando Vélez'];Two filmmakers travel around impoverished sectors of the cities of Bogotá and Cali in search of the images of abjection needed to complete a documentary commissioned by German TV. Meanwhile, another camera captures these “vampire” filmmakers feeding off the misery of their marginal subjects.
;/film/woman-1931/;376896.0;Woman;1.8467;9.0;1931-10-12;70;BR;pt;0.0;0.0;['Drama', 'Romance'];['Octávio Gabus Mendes'];[2];['Carmen Violeta', 'Celso Montenegro', 'Ruth Gentil', 'Alda Rios', 'Luis Soroa', 'Gina Cavalieri', 'Carlos Eugênio', 'Ernani Augusto', 'Augusta Guimarães', 'Humberto Mauro', 'Maximo Serrano', 'Manuel F. Araujo', 'Milton Marinho', 'Olga Maria da Silva', 'Antonieta Olga', 'Ivan Villar', 'Alfredo Rosário', 'Paulo Marra', 'Yolanda Rosa', 'Carlos Romano', 'Luiz Roberto Gonzaga Martins', 'Vera Nair', 'Nina Marina', 'Regina Silva', 'A. Bevilaqua', 'Flávio Lins', 'Cláudio Franco', 'Isaura Moore', 'Maria Costa', 'Demétrio de Oliveira', 'Nelson Lander', 'Sérgio Colle', 'Lourival Agra', 'Ignacio Corseuil Filho', 'Luis Romano', 'Marie Belmar'];['Adhemar Gonzaga', 'Octávio Gabus Mendes'];[];['Humberto Mauro'];Carmen, a poor and beautiful woman, lives in a shantytown in Rio de Janeiro. All men desire her, including her stepfather, but she only has eyes for her boyfriend, Milton. After being expelled from home, she finds out her lover is married. Unhappy with her life, she finds a place in a boarding house and tries to find a job, with no success. Tired and starving, she ends up passing out in the street, being helped by a passer-by, who leaves her at writer Flávio Martins's house, a man torn between the proposal of an arranged marriage, an old flame, and the new guest.
;/film/my-son-the-hero-1961/;116986.0;My Son, the Hero;0.9892;8.0;1961-10-05;97;MX;es;0.0;0.0;['Drama', 'Western'];['Ismael Rodríguez'];[2];['Antonio Aguilar', 'Julio Alemán', 'Columba Domínguez', 'Patricia Conde', 'David Reynoso', 'Luis Aragón', 'Dolores Camarillo', 'Pancho Córdova', 'Pascual García Peña', 'Eleazar García', 'Tito Novaro', 'Sadi Dupeyrón', 'Alfredo Morán', 'Emilio Fernández', 'Eduardo Noriega', 'Ignacio López Tarso', 'David Silva', 'Víctor Manuel Mendoza', 'José Elías Moreno', 'Amanda del Llano', 'Noé Murayama', 'Pedro Armendáriz', 'Arturo de Córdova'];['Ricardo Garibay'];['Rafael Ceballos'];['Rosalío Solano'];Northern Mexico, early 20th century. Reynaldo del Hierro is murdered while riding with his sons Reynaldo and Martín, whose mother instills in them the need for revenge.
;/film/pure-blood-1982/;134245.0;Pure Blood;2.804;6.917;1982-05-11;99;CO;es;0.0;0.0;['Crime', 'Horror'];['Luis Ospina'];[2];['Florina Lemaitre', 'Carlos Mayolo', 'Humberto Arango', 'Gilberto Forero', 'Luis Alberto García', 'Patricia Bonilla', 'Alvaro Gutiérrez', 'Rita Escobar', 'César Muñóz', 'Luis Eduardo Fernández', 'Victor Sands', 'Berta Cataño', 'Ramiro Arbeláez', 'Luis Alberto Alvarez', 'Franky Linero', 'Nelly Delgado', 'Mario Rojas'];['Luis Ospina', 'Alberto Quiroga'];['Rodrigo Lalinde', 'Luis Ospina'];['Ramón F. Suárez'];Roberto Hurtado suffers from a rare disease that requires massive transfusions of blood from children or adolescents. His son blackmails three employees to get blood for him and they resort to unscrupulous methods to obtain it.
;/film/viola/;128237.0;Viola;0.7975;6.059;2012-09-09;65;AR;es;0.0;0.0;['Drama'];['Matías Piñeiro'];[2];['María Villar', 'Agustina Muñoz', 'Elisa Carricajo', 'Romina Paula', 'Gabriela Saidón', 'Laura Paredes', 'Esteban Bigliardi', 'Julián Tello', 'Julia Martínez Rubio', 'Alberto Ajaka', 'Pablo Sigal', 'Alejo Moguillansky', 'Alessio Rigo de Righi'];['Matías Piñeiro'];['Alejo Moguillansky'];['Fernando Lockett'];"Several actresses get caught up in a web of romantic intrigue while performing in a production of Shakespeare's ""Twelfth Night."""
;/film/fake-blonde/;169497.0;Fake Blonde;1.4333;6.0;2007-11-24;105;BR;pt;0.0;0.0;['Comedy', 'Drama'];['Carlos Reichenbach'];[2];['Rosanne Mulholland', 'Cauã Reymond', 'Maurício Mattar', 'Djin Sganzerla', 'João Bourbonnais', 'Léo Áquilla', 'Suzana Alves', 'Vanessa Prieto', 'Maeve Jinkings', 'Jiddú Pinheiro', 'Luciana Brites', 'Priscila Dias', 'Naruna Costa', 'Emanuel Dória', 'Ingrid Oliveira', 'Renata Zhaneta', 'Pedro Noizyman', 'Ádria Sandrade', 'André Guerreiro Lopes', 'Daniela Christopher', 'Flavia Lorenzi', 'Maurycio Madruga', 'Júlio Machado', 'Deive Rose', 'Bertrand Duarte', 'Mamma Bruschetta', 'Bruno de André', 'Rogério de Moura', 'Raoni Carneiro', 'Fran Landin', 'Du Françani', 'Pedro Altério', 'Gabriel Altério', 'Fernanda Carvalho Leite', 'Carlos Reichenbach', 'Isaac Ferreira', 'Leonel Reichendach', 'Mariana Senne', 'Micheli Machado', 'Emanuel Dórea', 'Christin Ackerman', 'Fernando Russo'];[];['Cristina Amaral'];['Jacob Solitrenick'];Silmara, an industrial worker and a woman of exuberant beauty, supports her arsonist father and gets involved with two different pop stars, from whom she learns traumatic life lessons.
;/film/little-white-dove/;238268.0;Little White Dove;0.5719;6.8;1992-11-06;125;CL;es;0.0;0.0;['Drama', 'Romance', 'Comedy'];['Raúl Ruiz'];[2];['Beatriz Lapido', 'Rodrigo Ureta', 'Mónica Echeverría', 'Luis Alarcón', 'Marcial Edwards', 'Bélgica Castro', 'Felisa González', 'Rodrigo Maturana', 'Hugo Ramírez', 'Claudio Pérez', 'Nelson Fuentes', 'Luisa Olivarez', 'Fritz Stein', 'Lila Mayo', 'Gloria Palma', 'Manuel Aranguiz', 'Miriam Morales', 'Mónica Díaz', 'María Castiglione', 'Javier Maldonado', 'Waldo Rojas', 'Maruja Cifuentes', 'Enrique Madiña', 'Osvaldo Lagos'];['Raúl Ruiz'];['Carlos Piaggio'];['Silvio Caiozzi'];A young working class girl falls in love with an upper class boy who is part of the plot to assassinate General Schneider, head of the Chilean Army. The film was shot in 1973 over six weeks with a budget of $170,000. As a result of the 1973 Chilean coup d'état and military dictatorship (1973–1990), the film was presumed lost for many years and not released until 1992.
;/film/nazarin/;35124.0;Nazarín;1.9733;7.615;1959-06-04;95;MX;es;0.0;0.0;['Drama'];['Luis Buñuel'];[2];"['Francisco Rabal', 'Marga López', 'Rita Macedo', 'Ignacio López Tarso', 'Ofelia Guilmáin', 'Luis Aceves Castañeda', 'Noé Murayama', 'Rosenda Monteros', 'Jesús Fernández', 'Ada Carrasco', 'Antonio Bravo', 'Aurora Molina', 'David Reynoso', 'Efraín Arauz', 'Blanca Marroquín', 'Isabel Vázquez', 'Socorro Avelar', 'Diana Ochoa', 'Manuel Arvide', 'Edmundo Barbero', 'Victorio Blanco', 'Amado Zumaya', 'Leonor Gómez', 'Lupe Carriles', ""Arturo Castro 'Bigotón'"", 'José Chávez', 'Raúl Dantés', 'Felipe de Flores', 'Enedina Díaz de León', 'José Luis Fernández', 'Lidia Franco', 'Salvador Godínez', 'Cecilia Leger', 'Inés Murillo', 'Roberto Meyer', 'Pilar Pellicer', 'José Peña', 'Ignacio Peón', 'Salvador Terroba', 'Paz Villegas', 'Ramón Sánchez']";['Luis Buñuel', 'Julio Alejandro', 'Emilio Carballido'];['Carlos Savage'];['Gabriel Figueroa'];A Catholic priest in a poor community lives a charitable life in accordance with his religious principles, but others do not return the favor.
;/film/the-south/;46770.0;The South;1.0191;6.6;1988-03-05;127;AR;es;0.0;0.0;['Drama', 'Music'];['Fernando E. Solanas'];[2];['Miguel Ángel Solá', 'Philippe Léotard', 'Lito Cruz', 'Roberto Goyeneche', 'Ulises Dumont', 'Gabriela Toscano', 'Mario Lozano', 'Nathán Pinzón', 'Antonio Ameijeiras', 'Inés Molina', 'Fito Páez', 'Niní Gambier', 'Chany Mallo', 'Susana Mayo', 'Manuel Vicente', 'Fernando Siro', 'Susú Pecoraro', 'Mauricio Kartun', 'Néstor Marconi', 'Ricardo Alanis', 'Giancarlo Arena', 'Paulino Andrada', 'Carlos Olivieri', 'Virginia Innocenti'];[];['Pablo Mari', 'Juan Carlos Macías'];"['Félix ""Chango"" Monti']";After the end of the military dictatorship in Argentina in 1983, Floreal is released from prison. Instead of returning to his wife, he wanders through the night of Buenos Aires. He meets some people from his past–most of which are only imaginary–and remembers the events of his imprisonment.
;/film/our-land-2025-1/;661603.0;Our Land;1.8824;7.8;2026-03-05;119;AR;es;0.0;0.0;['Documentary'];['Lucrecia Martel'];[1];[];[];['Jerónimo Pérez Rioja', 'Miguel Schverdfinger'];[];In 2009, a man and two accomplices try to evict members of the Indigenous community of Chuschagasta in northern Argentina. Claiming ownership of the land and armed with guns, they kill the community’s leader, Javier Chocobar. The murder is caught on video. It takes nine years of protests before court proceedings are finally opened in 2018. During all this time, the killers remain free. The film combines the voices and photographs of the community with courtroom footage to explore the long history of colonialism and land dispossession that led to this crime.
;/film/rosaura-at-10-oclock/;128489.0;Rosaura at 10 O'Clock;0.8471;7.3;1958-03-06;98;AR;es;0.0;0.0;['Thriller', 'Drama', 'Mystery'];['Mario Soffici'];[2];['Juan Verdaguer', 'Susana Campos', 'María Luisa Robledo', 'Alberto Dalbés', 'María Concepción César', 'Héctor Calcaño', 'Amalia Bernabé', 'Miguel Ligero', 'Julián Bourges', 'Mario Soffici', 'Beto Gianola', 'Nina Brian', 'Sarita Rudoy', 'Maruja Lopetegui', 'Lilí Gacel', 'Nelly Beltrán', 'Rafael Salvatore', 'Rita Montesi', 'Roberto Longo', 'Ana M. Soto', 'Milo Quesada', 'Cora Tomasini', 'O. López Sansac', 'Carlos Escobares', 'Enrique Kossi', 'María A. Soto', 'Mario Savino', 'Rodolfo Crespi'];[];['Jorge Gárate'];['Aníbal González Paz'];Out of the blue, a meek, old painter begins receiving love letters from Rosaura. This intrigues his fellow boarding house tenants, so they involve themselves into his relationship until one day the mysterious Rosaura appears.
;/film/simon-of-the-desert/;36265.0;Simon of the Desert;2.1933;7.655;1965-08-27;45;MX;es;0.0;0.0;['Comedy', 'Drama', 'Fantasy'];['Luis Buñuel'];[2];['Claudio Brook', 'Silvia Pinal', 'Hortensia Santoveña', 'Enrique Álvarez Félix', 'Francisco Reiguera', 'Luis Aceves Castañeda', 'Antonio Bravo', 'Enrique del Castillo', 'Enrique García Álvarez', 'Eduardo MacGregor', 'Glauber Rocha', 'Ricardo Adalid', 'Victorio Blanco', 'Jesús Fernández', 'Nathanael León', 'Rubén Márquez', 'Ángel Merino'];['Julio Alejandro', 'Luis Buñuel'];['Carlos Savage'];['Gabriel Figueroa'];Simon, a deeply religious man living in the 4th century, wants to be nearer to God so he climbs a column. The Devil wants him come down to Earth and is trying to seduce him.
;/film/strawberry-and-chocolate/;12527.0;Strawberry and Chocolate;2.225;7.0;1993-12-01;108;ES;es;0.0;2087569.0;['Comedy', 'Drama'];['Tomás Gutiérrez Alea', 'Juan Carlos Tabío'];[2, 2];['Jorge Perugorría', 'Vladimir Cruz', 'Mirta Ibarra', 'Francisco Gattorno', 'Joel Angelino', 'Marilyn Solaya', 'Andrés Cortina', 'Antonio Carmona', 'Ricardo Ávila', 'María Elena del Toro', 'Zolanda Oña', 'Diana Iris del Puerto'];['Senel Paz'];['Rolando Martínez', 'Osvaldo Donatién', 'Miriam Talavera'];['Mario García Joya'];"In 1979 Cuba, flamboyant gay artist Diego attempts to seduce  straitlaced David, an idealistic young communist, and fails dismally. But David conspires to be ""friends"" with Diego so he can monitor the artist's subversive life for the state. As Diego and David discuss politics, individuality and personal expression in Castro's Cuba, a genuine friendship develops between the two."
;/film/the-idea-of-a-lake/;408198.0;The Idea of a Lake;0.5964;4.8;2016-08-09;79;AR;es;0.0;0.0;['Drama'];['Milagros Mumenthaler'];[1];['Carla Crespo', 'Rosario Bléfari', 'Malena Moiron', 'Juan Barberini', 'Juan Bautista Greppi'];['Milagros Mumenthaler'];['Gion-Reto Killias'];['Gabriel Sandru'];Inès, a professional photographer, decides to complete a book she is working on before she gives birth to her first child. This photography project, related to the memories of her childhood, always brings her back to the same place: the family home in southern Argentina that shaped her youth and forged her character. It also contains  the only photo Inès still has of her with her father, before he disappeared as a victim of the military dictatorship. This photo is the starting point of a jigsaw puzzle of fragmentary memories about the relationships Inès had with her mother and her brother.
;/film/the-reasons-of-the-heart/;85459.0;The Reasons of the Heart;0.7017;6.0;2011-10-07;119;MX;es;0.0;0.0;['Drama', 'Romance'];['Arturo Ripstein'];[2];['Arcelia Ramírez', 'Vladimir Cruz', 'Plutarco Haza', 'Patricia Reyes Spíndola', 'Alejandro Suárez', 'Pilar Padilla', 'Paola Arroyo', 'Carlos Chávez', 'Eligio Meléndez', 'Marta Aura', 'Horacio García Rojas', 'Harold Torres', 'Piedad Montero', 'Norma Pablo'];['Paz Alicia Garciadiego'];['Alejandro Ripstein'];[];In a reinterpretation of Madame Bovary set on contemporary Mexico City, Emilia, a middle class housewife, tries to deal with the monotony of her life. One day, she loses the two things which makes everything beareable: her lover and her credit card.
;/film/back-to-stay/;85544.0;Back to Stay;1.1073;5.792;2011-09-12;99;AR;es;0.0;0.0;['Drama'];['Milagros Mumenthaler'];[1];['María Canale', 'Martina Juncadella', 'Ailín Salas', 'Julián Tello', 'Andrés Granier', 'Sofia Bertolotto', 'Fernando Sáyago', 'Ana María Monti', 'Mariel Noguera', 'Julián Salas', 'Antonela Giménez', 'Ariel Giménez', 'Alexis Rocha', 'Federico Lucini', 'Rubén Estévez'];[];['Gion-Reto Killias'];['Martín Frías'];Marina, Sofía and Violeta are three teenage sisters who have just suffered the loss of the grandmother who raised them. Each one will live the mourning in her own way, in a house inhabited by a myriad of memories, responsibilities and tensions.
;/film/if-i-should-die-before-i-wake-1952/;30909.0;If I Should Die Before I Wake;0.9406;6.6;1952-03-11;67;AR;es;0.0;0.0;['Drama', 'Thriller'];['Carlos Hugo Christensen'];[2];['Néstor Zavarce', 'Blanca del Prado', 'Floren Delbene', 'Homero Cárpena', 'Enrique de Pedro', 'Virginia Romay', 'Marisa Núñez', 'María A. Troncoso', 'Marta Quintela'];['Alejandro Casona'];['José Gallego'];['Pablo Tabernero'];While playing a prank, a young boy accidentally discovers the identity of a criminal lurking in the neighborhood.
;/film/in-the-palm-of-your-hand/;240585.0;In the Palm of Your Hand;0.7623;6.042;1951-06-21;112;MX;es;0.0;0.0;['Drama', 'Thriller', 'Crime'];['Roberto Gavaldón'];[2];['Arturo de Córdova', 'Leticia Palma', 'Ramón Gay', 'Consuelo Guerrero de Luna', 'Carmen Montejo', 'Enriqueta Reza', 'Manuel Arvide', 'Bertha Lehar', 'Lonka Becker', 'José Arratia', 'Guillermo Ramírez', 'Ignacio García', 'Víctor Alcocer', 'Alfonso Carti', 'Jesús Gómez', 'Stephen Berne', 'Lidia Franco', 'Pascual García Peña', 'Bertha Lomelí', 'Tana Lynn', 'María Valdealde', 'José Luis Moreno', 'Juan Bruno Tarraza', 'Enrique Zambrano', 'Nicolás Rodríguez'];[];['Charles L. Kimball'];['Alex Phillips'];A con artist seduces the widow of a millionaire, only to learn she'd plotted with her lover to murder the late husband. A tense game of cat-and-mouse ensues—but who's the cat?
;/film/now/;145762.0;Now!;2.2305;6.25;1965-01-01;5;CU;es;0.0;0.0;['Documentary', 'Music'];['Santiago Álvarez'];[2];['Lena Horne'];[];['Norma Torrado', 'Idalberto Gálvez'];['Alberto Hernández', 'Pepin Rodriguez'];Using morgue photos, newsreel footage, and a recording by Lena Horne, Cuban filmmaker Santiago Alvarez fired off 'Now!', one of the most powerful bursts of propaganda rendered in the 1960s.
;/film/on-the-empty-balcony/;291505.0;On the Empty Balcony;0.7922;6.556;1961-09-08;70;MX;es;0.0;0.0;['Drama'];['Jomí García Ascot'];[0];['Alicia Bergua', 'Martín Bergua', 'María Luisa Elío', 'Belina García', 'Concha Genovés', 'Nuri Pereña'];['María Luisa Elío'];['Jorge Espejel'];['José Torre'];About a woman who was a child refugee from the Spanish Civil War, and is now living as an adult in Mexico City. She tries to remember the traumatic events of her childhood.
;/film/the-currents/;1031084.0;The Currents;3.2307;4.929;2025-11-13;104;AR;es;0.0;0.0;['Drama'];['Milagros Mumenthaler'];[1];['Isabel Aimé González Sola', 'Esteban Bigliardi', 'Claudia Sánchez', 'Ernestina Gatti', 'Jazmín Carballo', 'Sara Bessio', 'Emma Fayo Duarte', 'Patricia Mouzo', 'Susana Saulquin', 'Martin Lucini Monti', 'Olivia Volnovich', 'Maria Fernanda Alarcon', 'Julian Giacobbe', 'Natali Mara Rensin', 'Amanda Wallingre', 'Cecilia Marani', 'Ben Guilad Pesoa', 'Clarisa Hernández', 'Carlos Lopez', 'Mauricio Bertorello', 'Matias Maestrulli', 'Martín Piñol', 'Evelyn Vergara'];[];['Gion-Reto Killias'];[];At the height of her career, Lina, a 34-year-old Argentine stylist, is driven by a sudden impulse after an award ceremony in Switzerland. Back in Buenos Aires, she says nothing, but something in her has shifted – quiet and invisible, it subtly unravels a past she thought she had left behind.
;/film/the-princess-of-france/;284870.0;The Princess of France;0.8559;6.1;2014-08-07;65;AR;es;0.0;0.0;['Comedy'];['Matías Piñeiro'];[2];['Julián Larquier Tellarini', 'Agustina Muñoz', 'Romina Paula', 'María Villar', 'Gabriela Saidón', 'Pablo Sigal', 'Elisa Carricajo', 'Laura Paredes'];[];['Sebastián Schjaer'];['Fernando Lockett'];A year after his father’s death, Victor returns to Buenos Aires in order to reconquer the life he was forced to abandon. He brings a new project with him for his former theater company: a radio-play of Shakespeare’s “Love’s Labour’s Lost”.
;/film/assault-on-the-pay-train/;86379.0;Assault on the Pay Train;0.7736;7.968;1962-09-02;102;BR;pt;0.0;0.0;['Crime', 'Drama'];['Roberto Farias'];[2];['Eliezer Gomes', 'Reginaldo Faria', 'Jorge Dória', 'Átila Iório', 'Grande Otelo', 'Ruth de Souza', 'Luiza Maranhão', 'Helena Ignez', 'Dirce Migliaccio', 'Miguel Rosenberg', 'Clementino Kelé', 'Oswaldo Louzada', 'Miguel Angelo', 'Chica Xavier', 'Antônio Pereira', 'Mozael Silveira', 'Wilson Grey', 'Álvaro Aguiar', 'Paulo Rodrigues'];[];['Rafael Justo Valverde'];['Amleto Daissé'];Based on true events in Rio de Janeiro, in 1960, when a gang having the infamous outlaw Tião Medonho as a leader performed a sensational railroad hold-up on a train carrying a small fortune.
;/film/rebellion-in-patagonia/;64978.0;Rebellion in Patagonia;1.0308;7.563;1974-06-13;103;AR;es;0.0;0.0;['Drama', 'History', 'Thriller'];['Héctor Olivera'];[2];['Héctor Alterio', 'Luis Brandoni', 'Federico Luppi', 'Pepe Soriano', 'Héctor Pellegrini', 'Carlos Muñoz Arosa', 'Maurice Jouvet', 'Jorge Rivera López', 'Franklin Caicedo', 'Pedro Aleandro', 'Jorge Villalba', 'Fernando «Tacholas» Iglesias', 'Walter Santa Ana', 'Eduardo Muñoz', 'Alfredo Iglesias', 'Osvaldo Terranova', 'Claudio Lucero', 'Horacio Dener', 'Coco Fossati', 'Carlos Lasarte', 'Walter Soubrié', 'José María Gutiérrez', 'Néstor Kirchner'];['Osvaldo Bayer', 'Fernando Ayala', 'Héctor Olivera'];['Óscar Montauti'];['Víctor Hugo Caula'];In 1920, workers from Patagonia, in Southern Argentina, gather around an anarcho-syndicalist society and go on strike, demanding better working conditions. When the situation turns unsustainable, President Yrigoyen sends Lieutenant Colonel Zavala to impose order.
;/film/the-official-story/;29263.0;The Official Story;2.3549;7.5;1985-04-03;112;AR;es;0.0;0.0;['Drama', 'History'];['Luis Puenzo'];[2];['Norma Aleandro', 'Héctor Alterio', 'Hugo Arana', 'Guillermo Battaglia', 'Chela Ruiz', 'Patricio Contreras', 'Aníbal Morixe', 'María Luisa Robledo', 'Jorge Petraglia', 'Analía Castro', 'Chunchuna Villafañe', 'Daniel Lago', 'Augusto Larreta', 'Laura Palmucci', 'Leal Rey', 'Floria Bloise', 'Lidia Catalano', 'Carlos Weber', 'Susana Behocaray', 'Cecilia Blanche', 'Angelica Bogué', 'Zulema Caldas', 'Eduardo Camacho', 'Paula Canals', 'Diego Cosín', 'Jorge Chernov', 'Alicia Dolinsky', 'Horacio Erman', 'Mónica Escudero', 'Oscar Ferrigno Jr.', 'Luis Gianneo', 'Eduardo Gondell', 'Gabriel González', 'Ricardo Hamlin', 'Fernando Hoffman', 'Amparo Ibarlucía', 'Deborah Kors', 'José María López', 'Tony Middleton', 'Luisa Onetto', 'Fabián Pandolfi', 'Gastón Presas', 'Pablo Rago', 'Fabián Rendo', 'Maximiliano Reussi', 'Elvira Romei', 'Adrián Schiavelli', 'Jorge Sorvik', 'Silvia Suárez', 'Andrea Tenuta', 'Beatriz Thibaudin', 'Marcos Woinsky', 'Horacio Yervé'];['Aída Bortnik', 'Luis Puenzo'];['Juan Carlos Macías'];"['Félix ""Chango"" Monti']";Buenos Aires, Argentina, 1983. In the last and turbulent days of the military dictatorship, Alicia, a high school history teacher, begins to ask uncomfortable questions about the dark origins of Gaby, her adopted daughter.
;/film/the-secret-in-their-eyes/;25376.0;The Secret in Their Eyes;6.9331;7.969;2009-08-13;130;ES;es;2000000.0;33965843.0;['Mystery', 'Thriller', 'Drama'];['Juan José Campanella'];[2];['Ricardo Darín', 'Soledad Villamil', 'Pablo Rago', 'Javier Godino', 'Guillermo Francella', 'Carla Quevedo', 'Bárbara Palladino', 'Alejandro Abelenda', 'Mario Alarcón', 'Rudy Romano', 'Mariano Argento', 'Sebastián Blanco', 'Gabriela Daniell', 'José Luis Gioia', 'Juan José Ortíz', 'Kiko Cerone', 'Fernando Pardo', 'Maximiliano Trento', 'Sergio López Santana', 'Elvio Duvini', 'David Di Nápoli', 'Darío Valenzuela', 'Alicia Haydée Pennachi', 'Carlos Mele', 'Iván Sosa', 'Judith Buchalter', 'Héctor La Porta', 'Liliana Cuomo', 'Alejandro Pérez', 'Pedro Kochdilian', 'Oscar Sánchez'];[];['Juan José Campanella'];"['Félix ""Chango"" Monti']";Hoping to put to rest years of unease concerning a past case, retired criminal investigator Benjamín begins writing a novel based on the unsolved mystery of a newlywed’s rape and murder. With the help of a former colleague, judge Irene, he attempts to make sense of the past.
;/film/the-terrace-1963/;202541.0;The Terrace;0.8928;6.917;1963-06-01;86;AR;es;0.0;0.0;['Drama'];['Leopoldo Torre Nilsson'];[2];['Graciela Borges', 'Leonardo Favio', 'Marcela López Rey', 'Héctor Pellegrini', 'Dora Baret', 'Norberto Suárez', 'Enrique Liporace', 'Luis Weksler (Walmo)', 'Mirtha Dubner', 'Óscar Caballero', 'Sergio Corona', 'Bernardo Kullock', 'Fernando Vegal', 'Susana Brunetti', 'Lola March', 'Alfredo Tobares', 'Mauricio de Ferrari', 'Pedro Laxalt', 'María Esther Duckse', 'Félix Robles', 'Belita', 'Adolfo García Grau'];[];['Jacinto Cascales', 'Juan Sires'];[];A group of young aristocrats lock themselves up, for fun, on a terrace in a wealthy building in Buenos Aires. Their parents try to get them out, but they threaten to jump down if any adults enter the terrace.
;/film/bonsai/;85543.0;Bonsai;0.7013;5.941;2011-09-02;95;CL;es;0.0;20040.0;['Drama', 'Romance'];['Cristián Jiménez'];[2];['Diego Noguera', 'Nathalia Galgani', 'Gabriela Arancibia', 'Cristóbal Briceño', 'Julio Carrasco', 'Paola Lattus', 'Ingrid Isensee', 'Alicia Rodríguez', 'Andrés Waas', 'Hugo Medina', 'Trinidad González', 'Cristóbal Briceño', 'Samuel González', 'Carlos Isensee', 'Inti Briones', 'Hugo Marín'];[];['Soledad Salfate'];['Inti Briones'];A young writer recounts an earlier romance in hopes of attracting his new love interest.
;/film/boy-the-world/;223706.0;Boy & the World;2.1409;7.332;2014-01-17;80;BR;pt;0.0;121000.0;['Animation', 'Fantasy', 'Adventure', 'Family'];['Alê Abreu'];[2];['Vinicius Garcia', 'Lu Horta', 'Marco Aurélio Campos', 'Felipe Zilse', 'Alê Abreu', 'Cassius Romero', 'Nestor Chiesse', 'Alfredo Rollo', 'Patrícia Pichamone', 'Melissa Garcia'];[];['Alê Abreu'];[];Suffering because of his father's departure to the big city, a boy leaves his village and discovers a fantastic world dominated by bug-engines and strange beings. An unusual animation with various artistic techniques that portrays the issues of the modern world through the eyes of a child.
;/film/crosses-over-the-wasteland/;169381.0;Crosses Over the Wasteland;0.9354;6.2;1967-02-02;99;MX;es;0.0;0.0;['Western', 'Drama'];['Alberto Mariscal'];[2];['Julio Aldama', 'Sonia Infante', 'Eric del Castillo', 'Narciso Busquets', 'Isabela Corona', 'Sergio Barrios', 'Roberto Ramírez Garza', 'Hortensia Santoveña', 'Eva Calvo', 'Tito Novaro', 'Aurora Zermeño', 'Victor Eberg', 'José Pardavé', 'Jesús Gómez', 'Jorge Rachini', 'Consuelo Molina', 'Alfredo Gutiérrez', 'Victorio Blanco', 'Leonor Gómez', 'Armando Gutiérrez'];[];['José Juan Munguía'];[];After a long journey in search of the murderer of his father, a man abuses a beautiful girl next to marry.
;/film/isabelita/;485068.0;Isabelita;1.5457;7.4;1940-07-31;71;AR;es;0.0;0.0;['Comedy', 'Romance'];['Manuel Romero'];[2];['Paulina Singerman', 'Tito Lusiardo', 'Sofía Bozán', 'Juan Carlos Thorry', 'Enrique Roldán', 'Carmen del Moral', 'Alberto Bello', 'Roberto Blanco', 'Mary Dormal', 'Rosa Martín', 'Alicia Aymont', 'Adolfo Linvel'];[];['Juan Soffici'];['José María Beltrán'];In order to seduce a humble man, a rich girl pretends to be a maid.
;/film/life-is-to-whistle/;112942.0;Life Is to Whistle;0.8935;5.8;1998-12-05;106;CU;es;0.0;0.0;['Drama'];['Fernando Pérez'];[2];['Luis Alberto García', 'Coralia Veloz', 'Isabel Santos', 'Claudia Rojas', 'Ana Victoria Pérez', 'Rolando Brito', 'Juan Manuel Reyes', 'Monica Guffanti', 'Veronica Milagros', 'Manuel Porto', 'Raúl Pomares', 'Luis Ubaldo Penitez', 'Michaelis Cue', 'Jorge Molina', 'Aramís Delgado', 'Tito Junco', 'Miguel A. Daranas'];[];[];[];"Three characters in present-day Havana must choose between clinging to their self-restricting beliefs, or getting rid of them to live more freely. Ballerina Mariana has promised God celibacy if she gets the role of ""Giselle""; Social-worker Julia always faints after hearing a certain word; and pot-smoking percussionist Elpidio was abandoned by his mother, coincidentally named Cuba, some time ago and has not yet gotten over the loss."
;/film/liverpool/;101006.0;Liverpool;0.8872;6.814;2008-10-30;84;ES;es;0.0;0.0;['Drama'];['Lisandro Alonso'];[2];['Juan Fernández', 'Nieves Cabrera', 'Giselle Irrazabal'];['Salvador Roselli'];['Lisandro Alonso', 'Sergi Dies', 'Fernando Epstein', 'Martín Mainoli', 'Ana Remón'];['Lucio Bonelli'];A sailor takes a short leave to visit his hometown and see if his mother is still alive.
;/film/the-battle-of-chile-part-i/;132144.0;The Battle of Chile: Part I;1.1684;7.5;1975-03-18;97;CL;es;0.0;0.0;['Documentary', 'History'];['Patricio Guzmán'];[2];['Salvador Allende', 'Abilio Fernández'];['Pedro Chaskel', 'Patricio Guzmán', 'Federico Elton', 'Julio García Espinosa', 'José Juan Bartolomé'];['Pedro Chaskel'];['Jorge Müller Silva', 'Adrian Cooper'];The chronicle of the political tension in Chile in 1973 and of the violent counter revolution against the democratically elected government of Salvador Allende.
;/film/city-of-god/;598.0;City of God;19.0;8.427;2002-08-30;129;BR;pt;3300000.0;30641770.0;['Drama', 'Crime'];['Fernando Meirelles'];[2];"['Alexandre Rodrigues', 'Leandro Firmino', 'Phellipe Haagensen', 'Douglas Silva', 'Jonathan Haagensen', 'Matheus Nachtergaele', 'Seu Jorge', 'Jefechander Suplino', 'Alice Braga', 'Emerson Gomes', 'Edson Oliveira', 'Michel Gomes', 'Roberta Rodrigues', 'Luis Otávio', 'Kiko Marques', 'Gustavo Engracia', 'Darlan Cunha', 'Robson Rocha', 'Thiago Martins', 'Leandra Miranda', 'Graziella Moretto', 'Renato de Souza', 'Karina Falcão', 'Sabrina Rosa', 'Rubens Sabino', 'Kikito Junqueira', 'Edson Montenegro', 'Gero Camilo', 'Felipe Paulino', 'Daniel Zettel', 'Charles Paraventi', 'Luiz Carlos Ribeiro Seixas', ""Paulo 'Jacaré' César"", 'Dani Ornellas', 'Bernardo Santos', 'Diego Batista', 'Diego Ferreira', 'Marcio Vinicios', 'Micael Borges', 'Rafael de Castro', 'Ramon Francisco', 'Thiago Wallace', 'Alexander Cerqueira', ""Alexandre 'China' Tavares"", 'André Pires Martins', 'António Rodrigues', 'Bartolomeu Braga', 'Carlos Henrique Avernas', 'Cláudio César', 'Cleiton Ventura', 'Damião Firmino', 'Euclides Garcia', 'Fábio Castor Conceição', 'Felipe Nogueira', 'Ivan Martins', 'John Lima', 'Jonas Michel', 'Leandro Lucas', 'Leandro Dias Batista', 'Lúcio Andrey', 'Luis Carlos Rodrigues Oliveira', 'Luís Nascimento', 'Marcelo Mello Jr.', 'Márcio Costa', 'Mário Luiz Costa Oliveira', 'Nelson Amaral', ""Omar 'Mazinho' Barcelos"", 'Otto Amorim', 'Peter Soares', 'Rafael de Souza', 'Roberto Miguez', ""Rómulo 'Guinomo' Sech"", 'Ruy Vitório', 'Sérgio Bispo', 'Alex dos Santos', 'Anderson Bruno Marques', 'Anderson Lugão', 'André Luiz Mendes', 'Antoni Guedes', 'Bruno Ricardo', 'Charles Samuel', 'Éder Júlio Martins', ""Eduardo 'BR' Piranha"", 'Erick Maximiano Oliveira', ""Fábio 'Dog' da Cunha"", 'Felipe Villela Mendonça', 'Frederico Lins', 'Guilherme Estevam', 'Guilherme William', 'Harlem Teixeira', 'Leandro Gonçalves', 'Leandro Lima', 'Leiz Moreira', 'Leonardo Melo', 'Luis Carlos Oliveira', 'Marcello Melo', ""Marcello 'Máscara' Alves"", 'Wallace Araújo', 'Wallace Nascimento', ""Wanderson 'Petão' Lopes"", 'Wellington Costa Ricardo', 'Wemerson Gonçalves', 'Wendel Barros', 'Yuri Krushewsky', 'Anderson Faria', 'Arlindo Lopes', 'Carol Meirelles', ""Carlos 'Lencinho' Smith"", 'Christiano', 'Diego Mendes', 'Jéssica Santos', 'Lorena Da Silva', 'Luciana Roque', 'Marina Mandonça Pinheiro', 'Michele Gonçalves', 'Pierre dos Santos', 'Renan Monteiro', 'Vinicius Faria', 'Delano Valentim', 'Ed Money', 'Fabiano Gonçalves', 'Felipe Porto', 'Francisco Marcos', 'Leo Generoso', 'Marcelo António Santos', 'Marcelo Araújo', 'Marcos Viana', 'Maurício Figueiras', 'Ricardo Lira', 'Ricardo Rocha da Silva', 'Wagner Mello', 'Waldeck Roque', 'Júlio César Siqueira', 'Denise Fonseca', 'Adão Xalebaradã', 'Edward Boggis', 'Guti Fraga', 'Babu Santana', 'Marcello Costa', 'Marcos Coutinho', 'João Soares', 'Rafael Fontenele', 'Rosangela Rodrigues', 'Jota Farias', 'Mary Sheila', 'Gil Torres', 'Paulo Lins', 'Christian Duurvoort', 'Olivia Araújo', 'Tulé Peak']";['Bráulio Mantovani'];['Daniel Rezende'];['César Charlone'];In the poverty-stricken favelas of Rio de Janeiro in the 1970s, two young men choose different paths. Rocket is a budding photographer who documents the increasing drug-related violence of his neighborhood, while José “Zé” Pequeno is an ambitious drug dealer diving into a dangerous life of crime.
;/film/mexican-bus-ride/;44804.0;Mexican Bus Ride;1.0991;6.611;1952-06-25;80;MX;es;0.0;0.0;['Comedy', 'Drama'];['Luis Buñuel'];[2];['Esteban Márquez', 'Lilia Prado', 'Luis Aceves Castañeda', 'Manuel Dondé', 'Roberto Cobo', 'Beatriz Ramos', 'Manuel Noriega', 'Roberto Meyer', 'Pedro Elviro', 'Leonor Gómez', 'Chel López', 'Paz Villegas', 'Carmelita González', 'Gilberto González', 'Enedina Díaz de León', 'Amparo Garrido', 'Isabel Herrera', 'Cecilia Leger', 'Jorge Martínez de Hoyos', 'José Muñoz', 'Diana Ochoa', 'Salvador Quiroz', 'Francisco Reiguera', 'Joaquín Roche', 'Isabel Vázquez', 'Polo Ramos', 'Salvador Terroba'];[];['Rafael Portillo'];['Alex Phillips'];"Newlywed Oliverio receives disturbing news that his mother is on her deathbed. He travels to a remote part of Mexico to fetch a lawyer who can sort out her will. Leaving his wife behind, he embarks on a bus ride that’s interrupted by an increasingly absurd series of episodes, including an impromptu birthday celebration; a one-legged man writhing in the mud; come-ons from an insatiable small-town belle, Raquel; and Oliverio’s frequent, Freudian nightmares."
;/film/nine-queens/;18079.0;Nine Queens;3.8342;7.783;2000-08-31;114;AR;es;1300000.0;12413888.0;['Crime', 'Thriller', 'Drama'];['Fabián Bielinsky'];[2];['Ricardo Darín', 'Gastón Pauls', 'Leticia Brédice', 'Gabo Correa', 'Pochi Ducasse', 'Jorge Noya', 'María Mercedes Villagra', 'Ignasi Abadal', 'Carlos Lanari', 'Tomás Fonzi', 'Alejandro Awada', 'Antonio Ugo', 'Elsa Berenguer', 'Ricardo Díaz Mourelle', 'Gabriel Molinelli', 'Roly Serrano', 'Claudio Rissi', 'Oscar Núñez', 'Luis Armesto', 'Amancay Espíndola', 'Isaac Fajm', 'Graciela Tenenbaum', 'Ernesto Arias', 'Roberto Rey', 'Celia Juárez', 'Leo Dyzen', 'Carlos Falcone', 'Ulises Celestino', 'Norberto Arcusín', 'Emanuel Mercado'];['Fabián Bielinsky'];['Sergio Zóttola'];['Marcelo Camorino'];"Two con artists try to swindle a stamp collector by selling him a sheet of counterfeit rare stamps, the ""nine queens""."
;/film/que-viva-mexico/;63107.0;¡Qué Viva México!;0.9344;6.8;1979-10-01;85;MX;ru;0.0;0.0;['Documentary', 'Drama', 'Western'];['Sergei Eisenstein'];[2];['Sergei Bondarchuk', 'Grigori Aleksandrov', 'Félix Balderas', 'Baronito', 'Sara García', 'Martín Hernández', 'David Liceága', 'Julio Saldívar', 'Isabel Villaseñor'];['Sergei Eisenstein', 'Grigori Aleksandrov'];['Esfir Tobak', 'Grigori Aleksandrov'];['Eduard Tisse'];"Having revolutionized film editing through such masterworks of montage as Potemkin and Strike, Soviet director Sergei Eisenstein emigrated West in hopes of testing the capabilities of the American film industry. Quickly ostracized from Hollywood, Eisenstein, Grigory Alexandrov, and photographer Eduard Tisse (at the urging of author Upton Sinclair) wandered south of the border, where they began filming a highly stylized documentary about the people and volatile social climate of Mexico. Unfortunately, a lack of funds prohibited the film's completion, and the famed director was unable to edit the film. In 1979, by referring to Eisenstein's extensive notes and sketches, Alexandrov assembled the most definitive version of the film; as close to Eisenstein's vision as one is ever likely to see."
;/film/soledads-shawl/;284114.0;Soledad's Shawl;1.1271;6.5;1952-11-13;111;MX;es;0.0;0.0;['Drama'];['Roberto Gavaldón'];[2];['Arturo de Córdova', 'Pedro Armendáriz', 'Estela Inda', 'Domingo Soler', 'Carlos López Moctezuma', 'Jaime Fernández', 'Gilberto González', 'Francisco Jambrina', 'Hernán Vera', 'Rogelio Fernández', 'José Baviera', 'José María Linares Rivas', 'Manuel Arvide', 'Juan Orraca', 'Lupe Carriles', 'Joaquín Roche', 'Felipe de Flores', 'Rosaura Revueltas', 'Mario Humberto Jiménez Pons', 'Guillermo Calles', 'Enrique Carrillo', 'Magdalena Estrada', 'Emilio Garibay', 'Velia Lupercio', 'José Muñoz', 'Lucrecia Muñoz', 'Ignacio Peón'];['Roberto Gavaldón', 'Estela Inda'];['Charles L. Kimball'];['Gabriel Figueroa'];Alberto Robles, a young doctor, is faced with the decision to surrender to a life full of comforts and luxuries or to continue dedicating himself body and soul to serving those who need it most.
;/film/no-way-spider/;186735.0;No Way, Spider;0.772;6.2;1970-04-09;92;BR;pt;0.0;0.0;['Comedy'];['Rogério Sganzerla'];[2];"['Jorge Loredo', 'Helena Ignez', 'Maria Gladys', 'Luiz Gonzaga', ""Neville D'Almeida"", 'Guará Rodrigues', 'Moreira da Silva']";[];['Júlio Bressane', 'Rogério Sganzerla'];['Edson Santos'];Spider, a banker, lives with three women. A tycoon that is a caricature of Brazil's bourgeoisie, his trajectory is the starting point for an essay on the mental underdevelopment of Brazilian elites, in which black humor sets the tone for sharp criticism.
;/film/the-net-1953-1/;199481.0;The Net;0.7493;6.571;1953-06-08;80;MX;es;0.0;0.0;['Drama', 'Romance'];['Emilio Fernández'];[2];"['Rossana Podestà', 'Crox Alvarado', 'Armando Silvestre', 'Guillermo Cramer', 'Carlos Riquelme', 'Margarito Luna', 'Antonio Bribiesca', 'Emilio Garibay', ""Manuel Vergara 'Manver'"", 'Armando Velasco', 'Lilia Fresno']";['Emilio Fernández', 'Neftalí Beltrán'];['Jorge Busto'];['Alex Phillips'];Antonio dives for sponges which are sold by his sweetheart Rossana. One day, the escaped prisoner José-Luis appears and is hid by his friend Antonio. Although José-Luis does not want to betray his friend, a love affair with tragic consequences between him and Rossana develops. The Net was one of Mexico's entries at the 1953 Cannes Film Festival.
;/film/the-shadow-of-the-tyrant/;120298.0;The Shadow of the Tyrant;0.9767;7.0;1960-08-22;129;MX;es;0.0;0.0;['History', 'Drama', 'Thriller'];['Julio Bracho'];[2];['Tito Junco', 'Roberto Cañedo', 'Tito Novaro', 'Tomás Perrín', 'Bárbara Gil', 'Miguel Ángel Ferriz Sr.', 'Ignacio López Tarso', 'Carlos López Moctezuma', 'Víctor Manuel Mendoza', 'Fernando Mendoza', 'Agustín Isunza', 'Prudencia Grifell', 'Kitty de Hoyos', 'José Elías Moreno', 'Víctor Junco', 'Narciso Busquets', 'José Luis Jiménez', 'Manuel Arvide', 'Noé Murayama', 'Luis Aragón', 'Xavier Loyá', 'Antonio Aguilar', 'Carlos León', 'Ernesto Finance', 'Manuel Alvarado', 'Norma Navarro', 'Lupe Carriles', 'Ignacio Villalbazo', 'Arturo Soto Rangel', 'Jorge Arriaga', 'Ángel Merino', 'Elodia Hernández', 'Joaquín Roche', 'Myron Levine', 'Julio Bracho', 'Martín Luis Guzmán', 'José Castillo', 'Jorge Chesterking', 'Rodolfo Villalba', 'Jesús Gómez'];[];['Jorge Busto'];['Agustín Jiménez'];In 1920s Mexico, the candidates being chosen to succeed the current president, El Caudillo, find themselves at his mercy as he will resort to anything to accomplish his will, including kidnapping, betrayal, and murder.
;/film/a-family-like-many-others/;115107.0;A Family Like Many Others;0.807;6.8;1949-03-11;130;MX;es;0.0;0.0;['Drama'];['Alejandro Galindo'];[2];['Fernando Soler', 'David Silva', 'Martha Roth', 'Eugenia Galindo', 'Felipe de Alba', 'Isabel del Puerto', 'Alma Delia Fuentes', 'Carlos Riquelme', 'Enriqueta Reza', 'Nora Veryán', 'Manuel de la Vega', 'Daniel Arroyo', 'Conchita Gentil Arcos', 'María Gentil Arcos', 'Velia Lupercio', 'Concepción Martínez', 'Ignacio Peón', 'Joaquín Roche', 'Maruja Grifell', 'Jorge Martínez de Hoyos', 'Álvaro Matute'];[];['Carlos Savage'];['José Ortiz Ramos'];The dynamics of a typical middle-class family are shaken up after the introduction of an enthusiastic door-to-door vacuum salesman.
;/film/duelo-en-las-montanas/;326678.0;Duelo en las montañas;0.402;6.0;1950-02-18;84;MX;es;0.0;0.0;['Drama', 'Romance', 'War'];['Emilio Fernández'];[2];['Fernando Fernández', 'Rita Macedo', 'Eduardo Arozamena', 'Jorge Treviño', 'Fanny Schiller', 'Guillermo Cramer', 'Salvador Quiroz', 'Arturo Soto Rangel', 'Antonio Haro Oliva', 'Víctor M. Acosta', 'Antonio Bribiesca'];[];['Jorge Busto'];['Gabriel Figueroa'];1910: Revolutionary leader escapes military, hides in small town, falls in love.
;/film/wild-tales/;265195.0;Wild Tales;8.8107;7.865;2014-08-21;122;AR;es;4000000.0;31478893.0;['Drama', 'Thriller', 'Comedy'];['Damián Szifron'];[2];['Ricardo Darín', 'Leonardo Sbaraglia', 'Érica Rivas', 'Oscar Martínez', 'Rita Cortese', 'Julieta Zylberberg', 'Darío Grandinetti', 'María Marull', 'Mónica Villa', 'César Bordón', 'Walter Donado', 'Nancy Dupláa', 'Luis Mazzeo', 'María Onetto', 'Osmar Núñez', 'Germán de Silva', 'Diego Velázquez', 'Alan Daicz', 'Diego Gentile', 'Diego Starosta', 'Marcelo Frasca', 'Lucila Mangone', 'Carlos Alberto Vavassori', 'Juan Santiago Linari', 'Andrea Garrote', 'Pablo Moseinco', 'Federico Liss', 'Pablo Chao', 'Noemí Ron', 'Camila Sofía Casas', 'Ramiro Vayo', 'Abián Vainstein', 'Liliana Weimer', 'Claudio Delan', 'Graciela Fodrini', 'Margarita Molfino', 'Marcelo Pozzi', 'Paula Grinszpan', 'Miguel Di Lemme', 'María Laura Caccamo', 'Pablo Machado', 'Horacio Vay', 'Javier Pedersoli', 'Héctor Drachtman', 'María Rosa López Ottonello', 'Carlos Moyá', 'Juan Pablo Colombo', 'Miguel Ángel Platinado Grando', 'Victoria Rolando González', 'Martín Gervasoni', 'Lucrecia Gelardi', 'Ricardo Truppel', 'Fiorella Pedrazzini', 'Alejandro Angelini', 'Cristina Blanco', 'Daniel Merwicer', 'Mariano Sigman', 'Camila Franco', 'Gustavo Bonfigli', 'Ángel Frega', 'Horacio Nin Uria', 'Alfonso Grispino'];[];['Pablo Barbieri Carrera', 'Damián Szifron'];['Javier Julia'];Injustice and the demands of the world can cause stress for many people. Some of them, however, explode. This includes a waitress serving a grouchy loan shark, an altercation between two motorists, an ill-fated wedding reception, and a wealthy businessman who tries to buy his family out of trouble.
;/film/machuca/;12086.0;Machuca;1.5767;7.744;2004-02-24;116;ES;es;1500000.0;3187700.0;['Drama'];['Andrés Wood'];[2];['Matías Quer', 'Ariel Mateluna', 'Aline Küppenheim', 'Ernesto Malbrán', 'Federico Luppi', 'Manuela Martelli', 'Tamara Acosta', 'Francisco Reyes', 'Alejandro Trejo', 'María Olga Matte', 'Gabriela Medina', 'Luis Dubó', 'Andrea García-Huidobro', 'Tiago Correa', 'Alejandro Goic', 'Pablo Krögh', 'Jack Arama', 'Francisca Imboden', 'Catherine Mazoyer', 'Juan Pablo Miranda', 'Aldo Parodi', 'Eduardo Burlé', 'Jorge Zepeda', 'María Izquierdo', 'Hugo Vásquez', 'Alfredo Ahumada', 'Mauricio Bustos', 'Francisca Concha', 'Lucas Edwards', 'Samuel Guajardo', 'Julio Briceño', 'Pablo Striano', 'Daniel Alcaíno', 'Verónica Moraga'];['Andrés Wood', 'Eliseo Altunaga', 'Mamoun Hassan', 'Roberto Brodsky'];['Soledad Salfate', 'Fernando Pardo'];['M.I. Littin-Menz'];"Santiago, capital of Chile during the Marxist government of elected, highly controversial president Salvador Allende. Father McEnroe supports his leftist views by introducing a program at the prestigious ""collegio"" (Catholic prep school) St. Patrick to allow free admission of some proletarian kids. One of them is Pedro Machuca, slum-raised son of the cleaning lady in Gonzalo Infante's liberal-bourgeois home. Yet the new classmates become buddies, paradoxically protesting together as Gonzalo gets adopted by Pedro's slum family and gang. But the adults spoil that too, not in the least when general Pinochet's coup ousts Allende, and supporters such as McEnroe."
;/film/martin-hache/;43429.0;Martin (Hache);0.6156;7.491;1997-03-31;134;AR;es;0.0;0.0;['Drama'];['Adolfo Aristarain'];[2];['Federico Luppi', 'Juan Diego Botto', 'Eusebio Poncela', 'Cecilia Roth', 'Ana María Picchio', 'Sancho Gracia', 'José María Sacristán', 'Joaquin A. Colmenares', 'Ángel Amorós', 'Kojun Notsu', 'Esther Herrera', 'Marisa Cabezón', 'Enrique Liporace', 'Claudia Gallegos', 'Leonora Balcarce', 'Nahuel Mutti', 'Nicolás Pauls', 'Gustavo Chantada', 'Rodrigo Fresán', 'Dominique Clément', 'Tomas Flores', 'Martina Gowland', 'Bruno Aristarain', 'Francisco Martinea', 'Leonel Monjo', 'Darío Gabrielli', 'Adolfo Aristarain', 'Will More'];[];['Fernando Pardo'];[];After having a nearly fatal drug overdose, 19-year-old Argentine Martin is sent to Madrid, where his film director father lives with his new, younger lover, Alicia, and his bisexual actor friend, Dante.
;/film/the-abandoned-1945/;123703.0;The Abandoned;0.7874;5.538;1945-05-18;103;MX;es;0.0;0.0;['Drama', 'Romance'];['Emilio Fernández'];[2];['Dolores del Río', 'Pedro Armendáriz', 'Víctor Junco', 'Paco Fuentes', 'Arturo Soto Rangel', 'Charles Rooner', 'Lupe Inclán', 'Fanny Schiller', 'Alfonso Bedoya', 'Maruja Grifell'];[];['Gloria Schoemann'];['Gabriel Figueroa'];A young woman, abandoned by her womanizing fiancé, is forced to provide for the upbringing of her son and combat the difficulties of being an unmarried mother during the strife of early 20-century Mexico.
;/film/the-unloved-woman/;3437.0;The Unloved Woman;0.9564;6.958;1949-09-16;86;MX;es;0.0;0.0;['Drama'];['Emilio Fernández'];[2];['Dolores del Río', 'Pedro Armendáriz', 'Columba Domínguez', 'Roberto Cañedo', 'Gilberto González', 'Mimí Derba', 'Julio Villarreal', 'Enriqueta Reza', 'Carlos Riquelme', 'Eduardo Arozamena', 'Manuel Dondé', 'Luis Aceves Castañeda', 'Rogelio Fernández', 'Agustín Fernández', 'Jaime Fernández', 'Rodolfo Acosta', 'Fernando Casanova'];['Emilio Fernández', 'Mauricio Magdaleno'];['Gloria Schoemann'];['Gabriel Figueroa'];Emilio Fernandez directs Dolores Del Rio and Pedro Armendariz in a classic tale of family and obsession. Raimunda's daughter Acacia hates her stepfather Esteban, and in order to escape her suffocating home life she's accepted a marriage proposal from a man she doesn't even love. But Esteban has become obsessed with Acacia, and in order to ensure that she doesn't leave he's plotting to murder the girl's unsuspecting fiancée. As Esteban's true nature emerges, mother and daughter must band together to support one another and make sure that their family bond remains strong even in the darkest of times.
;/film/the-wick-2003/;251888.0;The Wick;1.9553;6.5;2003-11-28;73;AR;es;0.0;0.0;['Drama'];['Raúl Perrone'];[2];['Gonzalo Freijó', 'Nicéforo Galván', 'Ofelia Galván', 'Mauricio Guzman', 'Juan Manuel Hernández', 'Daniel Pellinacci'];[];['Benjamín Ávila'];['Ángel Arozamena'];An old man drivesdriven around town trying to find a wick for his old heater during the long months of the Argentinean winter.
;/film/women-who-work/;427803.0;Women Who Work;0.6098;8.2;1938-07-05;87;AR;es;0.0;0.0;['Comedy', 'Drama'];['Manuel Romero'];[2];['Mecha Ortiz', 'Tito Lusiardo', 'Niní Marshall', 'Pepita Serrador', 'Alicia Barrié', 'Sabina Olmos', 'Fernando Borel', 'Alita Román', 'Mary Parets', 'Enrique Roldán', 'Hilda Sour', 'Alimedes Nelson', 'María Vitaliani', 'Berta Aliana', 'Alicia Aymont', 'Adolfo Meyer'];[];['Juan Soffici'];['Manuel Romero'];A rich lady is suddenly in the street after her father's suicide and moves to a pension with many working women from different origins whom she had previously humiliated.
;/film/embrace-of-the-serpent/;336808.0;Embrace of the Serpent;2.2388;7.678;2015-05-25;125;CO;es;1400000.0;1320005.0;['Drama', 'Adventure'];['Ciro Guerra'];[2];['Nilbio Torres', 'Antonio Bolívar', 'Jan Bijvoet', 'Brionne Davis', 'Yauenkü Miguee', 'Luigi Sciamanna', 'Nicolás Cancino', 'Pediwake Daniel Martínez', 'José Sabogal'];[];['Etienne Boussac'];['David Gallego'];The epic story of the first contact, encounter, approach, betrayal and, eventually, life-transcending friendship, between Karamakate, an Amazonian shaman, last survivor of his people, and two scientists that, over the course of 40 years, travel through the Amazon in search of a sacred plant that can heal them. Inspired by the journals of the first explorers of the Colombian Amazon, Theodor Koch-Grunberg and Richard Evans Schultes.
;/film/chuquiago/;317328.0;Chuquiago;1.796;8.139;1977-07-28;86;BO;es;0.0;0.0;['Drama'];['Antonio Eguino'];[0];['Néstor Yujiri', 'Edmundo Villarroel', 'David Sàntalla', 'Tatiana Aponte', 'Alejandra Quispe', 'Jesusa Mangudo', 'Lupe Andrade', 'Rafo Mory', 'Hugo Pozo', 'Raúl Ruiz'];[];['Paolo Agazzi', 'Antonio Eguino', 'Deborah Shaffer', 'Suzanne Fenn'];['Julio Lencina', 'Danielle Caillet', 'Antonio Eguino'];Racial, social and cultural aspects of La Paz (called Chuquiago by the Aymaras) seen through four stories.
;/film/god-bless-you/;188353.0;God Bless You;0.4976;6.8;1948-03-11;120;AR;es;0.0;0.0;['Drama'];['Luis César Amadori'];[2];['Zully Moreno', 'Arturo de Córdova', 'Florindo Ferrario', 'Enrique Chaico', 'Zoe Ducós', 'Federico Mansilla', 'José Comellas', 'Roberto Bordoni', 'Tito Grassi', 'Adolfo Linvel', 'Enrique de Pedro', 'Aída Villadeamigo', 'Nicolás Taricano', 'José Antonio Paonessa', 'Ramón J. Garay'];['Tulio Demicheli'];['Jorge Gárate'];['Alberto Etchebehere'];Nancy, a gambler's wife, holds elegance to disguise their poverty. While she waits, dreaming of a wealthy man to appear and save her from that situation, she talks to an old beggar at the door of a casino. Soon after, a mysterious man offers her a life of luxury.
;/film/im-still-here-2024/;1000837.0;I'm Still Here;12.4227;7.903;2024-09-19;138;BR;pt;8000000.0;36361572.0;['Drama', 'History'];['Walter Salles'];[2];['Fernanda Torres', 'Fernanda Montenegro', 'Selton Mello', 'Valentina Herszage', 'Maria Manoella', 'Bárbara Luz', 'Gabriela Carneiro da Cunha', 'Luiza Kosovski', 'Marjorie Estiano', 'Pri Helena', 'Guilherme Silveira', 'Antonio Saboia', 'Cora Ramalho', 'Olívia Torres', 'Humberto Carrão', 'Charles Fricks', 'Luana Nastas', 'Maeve Jinkings', 'Isadora Ruppert', 'Dan Stulbach', 'Camila Márdila', 'Daniel Dantas', 'Helena Albergaria', 'Thelmo Fernandes', 'Carla Ribas', 'Caio Horowicz', 'Maitê Padilha', 'Felipe Barreto', 'Antonio Furtado', 'Fagundes Emanuel', 'Bernardo Bibancos', 'Matheus Canto', 'Pedro Passarelli', 'Mônica Braga', 'Giulia Passarelli', 'Angela Chieregati Passarelli', 'Lucas Santos', 'Felipe Nehab', 'Félix Salles', 'Manoel Taborda', 'Theo Hoffmeister', 'João Gabriel Frapolli', 'Lucas Zampa', 'Luiz Bertazzo', 'Lourinelson Vladmir', 'Alexandre Mello', 'Augusto Trainotti', 'Daniel Ericsson', 'Renan Lima', 'Thadeu Matos', 'Hugo Camizão', 'Otavio Linhares', 'Leo Mac-Dowell', 'Rafaela Mell', 'João Júnior', 'Denis Sauer', 'Marcelo Várzea', 'Aguida Aguiar', 'Daniel de Almeida', 'Alan Rocha', 'Philipp Lavra', 'Angela Ribeiro', 'Camilla Flores', 'Luisa Taborda', 'Mayra Coelho', 'Ingrid Oliveira', 'Kauã Rodríguez', 'Laura Araujo', 'Cid Moreira', 'Carolina Borelli'];['Murilo Hauser', 'Heitor Lorega'];['Affonso Gonçalves'];['Adrian Teijido'];A woman married to a former politician during the 1971 military dictatorship in Brazil is forced to reinvent herself and chart a new course for her family after a violent and arbitrary act.
;/film/los-muertos-2004/;36241.0;Los Muertos;1.905;6.4;2004-04-16;78;FR;es;0.0;0.0;['Drama'];['Lisandro Alonso'];[2];['Argentino Vargas', 'Francisco Dornez', 'Yolanda Galarza', 'Víctor Varela', 'Francisco Salazar', 'Hilda Chamorro', 'Ángel Vera', 'Javier Lenciza', 'Raúl Fagúndez', 'Saúl Gómez', 'Miguel Altamirano', 'Raúl Ramírez', 'José Urdangariu', 'Mario Omar', 'Ricardo Arriola', 'Feliciano Isla', 'Jorge Araujo'];[];['Lisandro Alonso', 'Ezequiel Borovinsky', 'Delfina Castagnino'];['Cobi Migliora'];Vargas, a 54 year old man, gets out of jail in the province of Corrientes, Argentina. Once released, he wants to find his now adult daughter, who lives in a swampy and remote area. A deep mystery surrounds him.
;/film/prisoners-of-the-land/;335367.0;Prisoners of the Land;0.7982;6.4;1939-08-17;87;AR;es;0.0;0.0;['Drama'];['Mario Soffici'];[2];['Francisco Petrone', 'Ángel Magaña', 'Roberto Fugazot', 'Homero Cárpena', 'Raúl de Lange', 'Elisa Galvé', 'Pepito Petray', 'Félix Tortorelli', 'Jorge Villoldo', 'Ulderico Camorino', 'Agustín Barbosa'];['Darío Quiroga', 'Ulyses Petit de Murat'];['José de Nico', 'Gerardo Rinaldi'];['Pablo Tabernero'];Argentina, 1915. Accompanied by a doctor and his beautiful daughter, Köhner, a ruthless foreman who rules a yerba mate plantation with an iron fist, arrives in the city of Posadas with the purpose of hiring workers.
;/film/the-enemy-blood/;372095.0;The Enemy Blood;0.818;6.393;1971-09-09;120;MX;es;0.0;0.0;['Romance', 'Drama', 'Crime'];['Rogelio A. González'];[2];"['Mercedes Carreño', 'David Reynoso', 'Juan Miranda', 'Magda Guzmán', 'Carlos Ancira', 'Emilio Fernández', 'Eric del Castillo', 'David Povall', 'Letícia Robles', ""Aurora Alonso 'La Pantera'"", 'Bertha Llergo', 'Adolfo Magalot', 'Inés Murillo', 'Heberto Longoria', 'Guadalupe Aguilar', 'Marystell Molina', 'Armando Gutiérrez', 'José Zakary Carreño']";['Rogelio A. González'];['Carlos Savage'];['Raúl Martínez Solares'];A group of people suffering from mental retardation, blindness and physical malformations work in a traveling circus.
;/film/the-last-supper-1976/;47113.0;The Last Supper;0.816;7.875;1976-03-13;120;CU;es;0.0;0.0;['Drama'];['Tomás Gutiérrez Alea'];[2];['Nelson Villagra', 'Silvano Rey', 'Luis Alberto García', 'José Antonio Rodríguez', 'Samuel Claxton', 'Mario Balmaseda', 'Idelfonso Tamayo', 'Julio Hernandez', 'Tito Junco', 'Andrés Cortina', 'Mirta Ibarra', 'Manuel Puig', 'Elio Mesa', 'Francisco Borroto', 'Luis Salvador Romero', 'Leandro M. Espinosa'];['Tomás Gutiérrez Alea'];['Nelson Rodríguez'];['Mario García Joya'];A pious plantation owner attempts to teach Christianity to 12 of his slaves by inviting them to participate in a reenactment of the Last Supper.
;/film/the-other-1946/;119806.0;The Other;0.9781;6.869;1946-11-20;98;MX;es;0.0;0.0;['Drama', 'Thriller'];['Roberto Gavaldón'];[2];['Dolores del Río', 'Agustín Irusta', 'Víctor Junco', 'José Baviera', 'Carlos Villarías', 'Rafael Icardo', 'Manuel Dondé', 'Maruja Grifell', 'Conchita Carracedo', 'Daniel Arroyo', 'Alfredo Varela', 'Carmen Cabrera', 'Lidia Franco', 'Bertha Lehar', 'Paco Martínez', 'Elisa Christy', 'Felipe de Flores', 'Julio Daneri', 'Enedina Díaz de León', 'José Escanero', 'Raúl Lechuga', 'Elodia Hernández', 'Ramón G. Larrea', 'Leonor de Martorel', 'Humberto Rodríguez', 'Daniel Pastor', 'Salvador Pérez G.', 'Amelia Robert', 'Elizabeth San Román', 'Juan Villegas', 'Jorge Narváez', 'Cecilia Leger', 'Beatriz Jimeno', 'Elvira Gosti', 'Genaro de Alba', 'Carmen Cipriani', 'Luis Badillo', 'Ricardo Avendaño', 'José Arratia'];['Rian James', 'José Revueltas', 'Roberto Gavaldón'];['Charles L. Kimball'];['Alex Phillips'];A mousy, poor manicurist seeks to switch places with her more glamorous, wealthy twin sister.
;/film/to-each-his-own-life/;362015.0;To Each His Own Life;0.6299;5.25;1960-09-29;95;MX;es;0.0;0.0;['Drama', 'Romance'];['Julio Bracho'];[2];"['Ana Luisa Peluffo', 'Emma Fink', 'Carlos Navarro', 'Bárbara Gil', 'Noé Murayama', 'Luz María Núñez', 'Alicia Gutiérrez', 'Fernando Mendoza', 'Héctor López Portillo', ""Enrique Díaz 'Indiano'"", 'Bruno Márquez', 'Héctor Gómez', 'Elodia Hernández', 'José Raúl Mena', 'Joaquín Roche hijo', 'Kitty de Hoyos']";[];['Jorge Busto'];[];The days go by dizzyingly for the girls who work at the cabaret ´El Paraíso´. However, on New Year's Eve, in the heat of the glasses and cigarette smoke, they narrate their hapless destinies
;/film/yanco/;255576.0;Yanco;1.5935;6.333;1961-11-01;91;MX;es;0.0;0.0;['Drama'];['Servando González'];[2];['Ricardo Ancona', 'Jesús Medina', 'María Bustamante'];['Jesús Marín'];['Fernando Martínez'];['Álex Phillips Jr.'];The engaging and sentimental tale begins when the little boy (Ricardo Ancona) starts manifesting a greater and greater talent at music and at the same time, a supersensitivity to sounds. His overly astute hearing drives him into the woods and away from the cacophony of the town's hustle and bustle. Once in the woods, he meets a kindly old hermit who teaches him how to play the violin he made. After the old man dies, the violin ends up at a pawn shop, and each night the boy sneaks in to play it in secret. It is this haunting, nightly music that sets the town on edge -- people think an evil spirit is on the loose.
;/film/autopsy-of-a-ghost/;27497.0;Autopsy of a Ghost;0.7743;5.167;1968-11-07;106;MX;es;0.0;0.0;['Science Fiction', 'Comedy', 'Horror'];['Ismael Rodríguez'];[2];['Basil Rathbone', 'John Carradine', 'Amadee Chabot', 'Cameron Mitchell', 'Pompín Iglesias', 'Nacho Contla', 'Manuel Palacios', 'Estanislao Schillinsky', 'Carlos Piñar', 'Susana Cabrera', 'Famie Kaufman', 'Xavier López'];[];[];[];Satan offers a weary ghost a chance for redemption through true love.
;/film/bang-bang-1971/;173732.0;Bang Bang;1.1852;7.2;1971-02-11;80;BR;pt;0.0;0.0;['Comedy', 'Fantasy', 'Crime'];['Andrea Tonacci'];[2];['Paulo César Peréio', 'Abrahão Farc', 'Ezequias Marques', 'Thales Penna', 'Milton Gontijo', 'Jura Otero', 'Luís Otávio Madureira Horta', 'Antonio Naddeo', 'José Aurélio Vieira'];[];['Roman Stulbach'];['Thiago Veloso'];An anonymous urban protagonist experiences a series of absurd situations--including a crazy cab ride, an encounter with a wacky criminal gang, and lots of gunplay--infused with a unique anarchic energy, eventually suggesting our true animal nature.
;/film/chewing-gum-1968/;328986.0;Chewing Gum;0.7569;9.0;1968-01-01;28;MX;es;0.0;0.0;['Mystery', 'Horror'];['Ismael Rodríguez', 'Julio Bracho'];[2, 2];['John Carradine', 'Ahui Camacho', 'Patricia Colin', 'Isabel Vázquez', 'Armando Arriola', 'Horacio Velasco', 'Federico González', 'Paco Ignacio Taibo', 'Pedro de Urdimalas', 'F. Ignacio Lavilla'];[];['Jorge Busto'];['Raúl Martínez Solares', 'Álex Phillips Jr.'];Two little poor kids, who work selling chewing gum in the streets, must face the true nature of the horror surrounding them.
;/film/edad-dificil/;486027.0;Edad difícil;1.9141;8.333;1956-07-27;73;AR;es;0.0;0.0;['Comedy', 'Drama', 'Romance'];['Leopoldo Torres Ríos'];[2];['Óscar Rovito', 'Bárbara Mújica', 'Duilio Marzio', 'María Elina Ruas', 'Julia Dalmas', 'Enrique Colombo', 'Miguel Dante', 'Margarita Corona', 'Carlos Benso', 'Domingo Gariboto', 'Antonio Capuano', 'Carlos Cotto', 'Ricardo Gallino', 'Enrique Colombo', 'María Marta Schang', 'Héctor Allegro', 'Jorge Salcedo', 'Julia Sandoval'];[];['José Cardella'];['Gumer Barreiros'];The love between two teenagers awakens.
;/film/el-topo/;13041.0;El Topo;3.5783;7.062;1970-12-18;125;MX;es;400000.0;0.0;['Adventure', 'Drama', 'Western'];['Alejandro Jodorowsky'];[2];['Alejandro Jodorowsky', 'Brontis Jodorowsky', 'Mara Lorenzio', 'David Silva', 'Paula Romo', 'Jacqueline Luis', 'Robert John', 'Héctor Martínez', 'Juan José Gurrola', 'Víctor Fosado', 'Agustín Isunza', 'José Legarreta', 'Ignacio Martínez España', 'Eliseo Gardea Saucedo', 'Alfonso Arau', 'José Luis Fernández', 'Ali Junco', 'Gerardo Zepeda', 'René Barrera', 'René Alís', 'Federico Gonzáles', 'Vicente Lara', 'Pablo Leder', 'Giuliano Girini Sasseroli', 'Cristian Merkel', 'Aldo Grumelli', 'Bertha Lomelí', 'Carlos Lavenant', 'Eliseo Pereda', 'Pablo Marichal', 'Beatriz Beltrán Lobo', 'Carmen Lamadrid', 'Pepita González', 'Cecilia Leger', 'Elvira Agosti', 'Antonio Álvarez', 'Rubén C. González', 'Víctor Manuel Osorio', 'José Pérez Bustos', 'Eduardo Danel', 'Álvaro García', 'José Antonio Alcaraz', 'Felipe Díaz Garza', 'Patricio Pereda', 'Marcos E. Contreras', 'Arturo Silva', 'Julián de Meriche', 'Valerie Jodorowsky', 'José Luis González de León', 'Francisco González Salazar', 'Pedro García'];[];['Federico Landeros'];['Rafael Corkidi'];El Topo decides to confront warrior Masters on a trans-formative desert journey he begins with his 6 year old son, who must bury his childhood totems to become a man.
;/film/la-choca/;370974.0;La Choca;0.6871;7.5;1974-09-05;94;MX;es;0.0;0.0;['Drama', 'Western'];['Emilio Fernández'];[2];['Mercedes Carreño', 'Pilar Pellicer', 'Gregorio Casal', 'Armando Silvestre', 'Chano Urueta', 'Salvador Sánchez', 'Juanito Guerra Arellano'];[];['Jorge Busto'];[];A smuggler lives far from civilization, in a hut in the jungle with his wife, La Choca, his son and his sister-in-law Flor. One day some men arrive, who accuse him of having betrayed them.
;/film/lets-go-with-pancho-villa/;106266.0;Let's Go with Pancho Villa!;0.8247;6.9;1936-12-31;92;MX;es;0.0;0.0;['War', 'Adventure', 'Drama'];['Fernando de Fuentes'];[2];['Antonio R. Frausto', 'Domingo Soler', 'Manuel Tamés', 'Ramón Vallarino', 'Carlos López', 'Raúl de Anda', 'Rafael F. Muñoz', 'Alfonso Sánchez Tello', 'Paco Martínez', 'Dolores Camarillo', 'Consuelo Segarra', 'David Valle González', 'Max Langler', 'Miguel M. Delgado', 'Silvestre Revueltas', 'Jesús Melgarejo', 'Pedro Valenzuela', 'Pepe del Río', 'Gloria Barón'];['Fernando de Fuentes'];['Joseph Noriega'];['Jack Draper'];"The 1910 Mexican Revolution is on its way when six brave peasants, known as ""Los Leones de San Pablo"", decide to join Pancho Villa's army and help end the suffering in their community by assisting in the struggle. Together, they will endure the tragedies and hardships of a civil war."
;/film/lucia/;88591.0;Lucía;1.9753;6.4;1968-10-01;161;CU;es;0.0;0.0;['Drama'];['Humberto Solás'];[2];['Raquel Revuelta', 'Eslinda Núñez', 'Adela Legrá', 'Eduardo Moure', 'Ramón Brito', 'Adolfo Llauradó', 'Idalia Anreus', 'Silvia Planas', 'Flora Lauten', 'Rogelio Blain', 'Maria Elena Molinet', 'Aramís Delgado', 'Teté Vergara', 'Flavio Calderín', 'Nelson Rodríguez'];[];['Nelson Rodríguez'];['Jorge Herrero'];Traces episodes in the lives of three Cuban women, each named Lucía, from three different historical periods: the 1890s, the 1930s, and the 1960s.
;/film/night-falls/;194176.0;Night Falls;0.8455;6.6;1952-04-24;88;MX;es;0.0;0.0;['Drama', 'Crime', 'Thriller'];['Roberto Gavaldón'];[2];"['Pedro Armendáriz', 'Anita Blanch', 'Rebeca Iturbide', 'José María Linares Rivas', 'Julio Villarreal', ""Armando Soto La Marina 'El Chicote'"", 'Juan García', 'Carlos Múzquiz', 'Wolf Ruvinskis', 'Francisco Jambrina', 'Carlos Riquelme', 'José Torvay', 'Eva Martino', 'Roberto Y. Palacios', 'Margarito Luna', 'Luis Mussot', 'Ignacio Peón', 'Augustin Fernandez']";[];['Charles L. Kimball'];['Jack Draper'];Marcos is an arrogant jai-alai player who seduces and discards women until he himself becomes the object of a cunning revenge.
;/film/playing/;86321.0;Playing;1.0925;8.4;2007-11-09;105;BR;pt;0.0;0.0;['Documentary'];['Eduardo Coutinho'];[2];"['Eduardo Coutinho', 'Fernanda Torres', 'Marília Pêra', 'Andréa Beltrão', 'Aleta Gomes Vieira', 'Mary Sheila', 'Débora Almeida', 'Gisele Alves Moura', 'Jeckie Brown', 'Lana Guelero', 'Maria de Fátima Barbosa', ""Marina D'Elia"", 'Sarita Houli Brumer', 'Claudiléa Cerqueira de Lemos']";['Eduardo Coutinho'];['Jordana Berg'];['Jacques Cheuiche'];Following a newspaper ad, ordinary women tell part of their life stories to director Eduardo Coutinho, which are then re-enacted by actresses, blurring the barriers between truth, fiction and interpretation.
;/film/santa-sangre/;19236.0;Santa Sangre;2.7807;7.174;1989-11-24;122;MX;en;787000.0;0.0;['Horror', 'Drama', 'Thriller'];['Alejandro Jodorowsky'];[2];"['Axel Jodorowsky', 'Blanca Guerra', 'Guy Stockwell', 'Thelma Tixou', 'Sabrina Dennison', 'Adan Jodorowsky', 'Faviola Elenka Tapia', 'Teo Jodorowsky', 'Jesús Juárez', 'Gloria Contreras', 'Mary Aranza', 'Sergio Bustamante', 'S. Rodriguez', 'Zonia Rangel Mora', 'Joaquín García Vargas', 'Teo Tapia', 'Edgar E. Jiménez Nava', 'Jacobo Lieberman', 'Héctor Ortega', 'Brontis Jodorowsky', 'Valérie Crouzet', 'Óscar Serafín Álvarez', 'Billy Motton', ""Hilario 'Popitekus' Vargas"", ""Guadalupe 'TNT' Aguilar"", ""Arturo 'Rinoceronte' Contreras"", 'Gustavo Aguilar Tejada', 'Roger Fayard Arroyo']";['Alejandro Jodorowsky', 'Roberto Leoni', 'Claudio Argento'];['Mauro Bonanni'];['Daniele Nannuzzi'];A former circus artist escapes from a mental hospital to rejoin his armless, cult leader mother, and is forced to enact brutal murders in her name.
;/film/son-of-the-bride/;19460.0;Son of the Bride;1.1719;7.485;2001-08-16;123;AR;es;0.0;0.0;['Comedy', 'Drama', 'Romance'];['Juan José Campanella'];[2];['Ricardo Darín', 'Héctor Alterio', 'Norma Aleandro', 'Eduardo Blanco', 'Natalia Verbeke', 'David Masajnik', 'Claudia Fontán', 'Atilio Pozzobón', 'Salo Pasik', 'Humberto Serrano', 'Fabián Arenillas', 'Rubén Green', 'Adrián Suar', 'Alfredo Alcón', 'Antonio Caride', 'Diego Mackenzie', 'Pablo Ingercher Casas', 'León Dogodny', 'Juan José Campanella', 'Carlos Álvarez-Nóvoa', 'Alicia Rodriguez', 'Mónica Cabrera', 'Rogelio Romano', 'Fernando Alcalde', 'Gimena Nóbile'];['Fernando Castets', 'Juan José Campanella'];['Camilo Antolini'];['Daniel Shulman'];At age 42, Rafael Belvedere is having a crisis. He lives in the shadow of his father, he feels guilty about rarely visiting his aging mother, his ex-wife says he doesn't spend enough time with their daughter and he has yet to make a commitment to his girlfriend. At his lowest point, a minor heart attack reunites him with Juan Carlos, a childhood friend, who helps Rafael to reconstruct his past.
;/film/the-dark-side-of-the-heart/;74938.0;The Dark Side of the Heart;1.6453;7.29;1992-05-21;127;AR;es;0.0;0.0;['Comedy', 'Drama', 'Romance'];['Eliseo Subiela'];[2];['Darío Grandinetti', 'Sandra Ballesteros', 'Nacha Guevara', 'André Melançon', 'Jean Pierre Reguerraz', 'Mónica Galán', 'Inés Vernengo', 'Tito Haas', 'Walter Soubrié', 'Mario Benedetti', 'Pablo Brichta', 'Miguel Ángel Solá', 'Juan Leyrado', 'Hugo Arana', 'Chela Ruiz', 'Andrea Tenuta', 'Miriam Odorico', 'Marisa Aguilera'];['Eliseo Subiela'];['Marcela Sáenz'];['Hugo Colace'];Oliveiro is a young poet living in Buenos Aires where sometimes he has to sell his ideas to an advertising agency to make a living or exchange his poems for a steak. In Montevideo, he meets a prostitute, Ana, with whom he falls in love. Back in Buenos Aires, he accepts a contract with a publicity agency to get the money for three days of love with her. Will he get what he's searching for when his ideal of love's pleasure is literally going in levitation while making love?
;/film/twilight-1945/;298275.0;Twilight;0.5707;6.0;1945-04-13;108;MX;es;0.0;0.0;['Romance', 'Drama', 'Mystery'];['Julio Bracho'];[2];['Arturo de Córdova', 'Gloria Marín', 'Julio Villarreal', 'Manuel Arvide', 'Octavio Martínez', 'Felipe Montoya', 'Manuel Noriega', 'Jesús Valero', 'Lilia Michel'];['Julio Bracho'];['Jorge Busto'];['Alex Phillips'];Doctor Alejandro Mangino falls in love with Lucía just before he goes on a round-the-world trip. Pining for her all the while, he returns to find that she’s married his best friend.
;/film/wuthering-heights-1954/;43328.0;Wuthering Heights;1.4174;6.2;1954-06-30;91;MX;es;0.0;0.0;['Drama', 'Romance'];['Luis Buñuel'];[2];['Irasema Dilián', 'Jorge Mistral', 'Lilia Prado', 'Ernesto Alonso', 'Francisco Reiguera', 'Hortensia Santoveña', 'Jaime González Quiñones', 'Luis Aceves Castañeda'];[];['Carlos Savage'];['Agustín Jiménez'];In 19th-century Mexico, young orphan Alejandro is adopted by the wealthy, landowning Earnshaw family and moves into their estate, Wuthering Heights. Soon, the new resident falls for his compassionate foster sister, Catalina. The two share a remarkable bond that seems unbreakable until Catalina, feeling the pressure of social convention, suppresses her feelings and marries Eduardo, a man of means who befits her stature. Alejandro vows to win her back.
;/film/aventurera/;114896.0;Aventurera;0.9295;7.583;1950-10-18;101;MX;es;0.0;0.0;['Drama', 'Music', 'Crime'];['Alberto Gout'];[2];['Ninón Sevilla', 'Tito Junco', 'Andrea Palma', 'Rubén Rojo', 'Miguel Inclán', 'Jorge Mondragón', 'Maruja Grifell', 'Luis López Somoza', 'María Gentil Arcos', 'Miguel Manzano', 'Pedro Vargas', 'Ana María González', 'Armando Osório', 'Arturo Soto Ureña'];[];['Alfredo Rosas Priego'];['Alex Phillips'];"Left alone after her mother runs off with another man and her father kills himself, Elena attempts to make a new life for herself in a new city. Believing he's a friend, Elena goes to dinner with ""Pretty Boy"" Lucio, but he drugs her champagne and sells her to Rosaura, who runs a brothel out of her nightclub. Elena becomes a sensation as a dancer, but all the while she nurtures plans of revenge against those who have conspired against her."
;/film/black-pit-of-dr-m/;101745.0;Black Pit of Dr. M;0.9232;6.3;1959-05-13;82;MX;es;0.0;0.0;['Horror'];['Fernando Méndez'];[2];['Gastón Santos', 'Rafael Bertrand', 'Mapita Cortés', 'Carlos Ancira', 'Carolina Barret', 'Beatriz Aguirre', 'Antonio Raxel', 'Luis Aragón', 'Abel Salazar', 'José Loza', 'Antonio Sandoval', 'Guillermo Álvarez Bianchi'];[];['Charles L. Kimball'];['Víctor Herrera'];Two doctors make a pact in which they swear that the first to die will return - if possible - to tell the other how to get a glimpse of the afterlife while still alive.
;/film/dona-barbara/;154629.0;Doña Bárbara;0.8898;7.141;1943-09-16;138;MX;es;0.0;0.0;['Drama', 'Western'];['Fernando de Fuentes'];[2];['María Félix', 'Julián Soler', 'María Elena Marqués', 'Andrés Soler', 'Charles Rooner', 'Agustín Isunza', 'Miguel Inclán', 'Eduardo Arozamena', 'Antonio R. Frausto', 'Pedro Galindo', 'Paco Astol', 'Arturo Soto Rangel', 'Manuel Dondé', 'Felipe Montoya', 'Luis Jiménez Morán', 'Alfonso Bedoya', 'Roberto Cañedo'];['Rómulo Gallegos', 'Fernando de Fuentes'];['Charles L. Kimball'];['Alex Phillips'];A woman hardened by her past now runs a ranch she acquired through manipulation and bribery.
;/film/elite-squad/;7347.0;Elite Squad;6.7625;8.059;2007-10-05;115;BR;pt;4000000.0;14759148.0;['Drama', 'Action', 'Crime'];['José Padilha'];[2];"['Wagner Moura', 'André Ramiro', 'Caio Junqueira', 'Milhem Cortaz', 'Fernanda Machado', 'Maria Ribeiro', 'Paulo Vilela', 'Fernanda de Freitas', 'André Di Mauro', 'Fábio Lago', 'Erick Oliveira', 'Patrick Santos', ""Rafael d'Avila"", 'Roberta Santiago', 'Emerson Gomes', 'Bernardo Jablonski', 'Allan Guilherme', 'Marcello Escorel', 'Marcelo Valle', 'Paulo Hamilton', 'Thogun Teixeira', 'Saulo Rodrigues', 'Thelmo Fernandes', 'Sandro Rocha', 'Pierre Santos', 'Ronaldo Reis', 'Leandro Castilho', 'Márcio Fonseca', 'Sandro Rocha', 'Alexandre Neves', 'Marcello Gonçalves', 'Murilo Elbas', ""Bruno D'Elia"", 'Alexandre Mofatti', 'André Santinho', 'Rod Carvalho', 'Ricardo Sodré', 'Marcelo Cavalcanti', 'Juliano Cazarré', 'Pablo Sobral', 'Gabriel Teixeira', 'Cássio Nascimento', 'Diego Santiago', 'Augusto Madeira', 'Suzana Pires', 'Ana Paula Secco', 'Brian Amorim', 'Rosana Barros', 'Wendel Barros', 'Álamo Facó', 'Nathalia Dill', 'Daniel Lentini', 'Michel Blois', 'Bento Ribeiro', 'Flávia Rubim', 'Cintia Rosa', 'Kauã Messias', 'Márcio Costa', 'Cesar Calixto', 'Marcelo Mello Jr.', 'Hugo Grativol', 'Anderson Mello', 'Xando Graça', 'Guilherme Guaral', 'Álvaro Viégas', 'Ivens Godinho', 'Erick Burdon', 'Rafael Gnone', 'Otto Jr.', 'Joana Medeiros', 'Thiago Mendonça', 'Uarzancler Zuckerman', 'Jack Berraquero']";['José Padilha', 'Bráulio Mantovani', 'Rodrigo Pimentel'];['Daniel Rezende'];['Lula Carvalho'];In 1997, before the visit of the pope to Rio de Janeiro, Captain Nascimento from BOPE (Special Police Operations Battalion) is assigned to eliminate the risks of the drug dealers in a dangerous slum nearby where the pope intends to be lodged.
;/film/the-angel-was-born/;86238.0;The Angel Was Born;1.0051;6.816;1969-02-12;64;BR;pt;0.0;0.0;['Crime', 'Drama'];['Júlio Bressane'];[2];"['Hugo Carvana', 'Milton Gonçalves', 'Norma Bengell', 'Maria Gladys', ""Neville D'Almeida"", 'Carlos Guimas', 'Guará Rodrigues', 'Richard Nixon']";[];['Geraldo Veloso', 'Mair Tavares'];['Thiago Veloso'];Santamaria and Urtigo are two bandits on the run, one is white, the other black. Santamaria is a mystical visionary and believes in the imminent coming of a purifying angel. Urtiga, his inseparable companion, is a simple-minded and ingenious man who follows Santamaria around and participates in the crimes he commits. The two bandits take over a house after kidnapping its owner and his girlfriend.
;/film/the-club-2015/;319995.0;The Club;1.6498;6.886;2015-05-28;97;CL;es;0.0;52761.0;['Drama', 'Mystery', 'Thriller'];['Pablo Larraín'];[2];['Alfredo Castro', 'Roberto Farías', 'Antonia Zegers', 'Marcelo Alonso', 'Jaime Vadell', 'Alejandro Goic', 'Alejandro Sieveking', 'José Soza', 'Francisco Reyes', 'Diego Muñoz', 'Gonzalo Valenzuela', 'Catalina Pulido', 'Paola Lattus', 'Erto Pantoja', 'Felipe Ríos', 'Williams Farías', 'Claudio Marín', 'Horacio Donoso', 'Arturo Donoso', 'Luis Ignacio Meléndez'];['Daniel Villalobos', 'Pablo Larraín', 'Guillermo Calderón'];['Sebastián Sepúlveda'];['Sergio Armstrong'];In a secluded house in a small seaside town live four unrelated men and the woman who tends to the house and their needs. All former priests, they have been sent to this quiet exile to purge the sins of their pasts, the separation from their communities the worst form of punishment by the Church. They keep to a strict daily schedule devoid of all temptation and spontaneity, each moment a deliberate effort to atone for their wrongdoings.
;/film/the-dependent/;36785.0;The Dependent;2.5455;7.036;1969-03-01;87;AR;es;0.0;0.0;['Drama'];['Leonardo Favio'];[2];['Walter Vidarte', 'Graciela Borges', 'Nora Cullen', 'Fernando «Tacholas» Iglesias', 'Martín Andrade', 'José E. Felicetti', 'Linda Peretz', 'Leonardo Favio', 'Edgardo Suárez'];[];['Antonio Ripoll'];['Aníbal Di Salvo'];Fernandez is a lonely man leading a lonely life. All he does is work for an old man in a hardware store. But all that changes, when he meets the girl of his dreams... and her family.
;/film/the-mole-agent/;653756.0;The Mole Agent;1.5761;7.759;2020-12-11;90;CL;es;0.0;401983.0;['Documentary'];['Maite Alberdi'];[1];['Sergio Chamy', 'Rómulo Aitken', 'Marta Olivares', 'Berta Ureta', 'Zoila González', 'Petronila Abarca', 'Rubira Olivares'];['Maite Alberdi'];['Carolina Siraqyan'];['Pablo Valdés'];When a daughter becomes concerned about her mother's well-being in a retirement home, private investigator Romulo hires Sergio, an 83-year-old man who becomes a new resident—and a mole inside the home, who struggles to balance his assignment with becoming increasingly involved in the lives of several residents.
;/film/the-strategy-of-the-snail/;10000.0;The Strategy of the Snail;1.1122;7.613;1993-12-25;116;CO;es;1000000.0;0.0;['Comedy', 'Drama'];['Sergio Cabrera'];[2];['Frank Ramírez', 'Fausto Cabrera', 'Florina Lemaitre', 'Humberto Dorado', 'Delfina Guido', 'Vicky Hernández', 'Gustavo Angarita', 'Luis Fernando Múnera', 'Marcela Gallego', 'Saín Castro', 'Ernesto Malbrán', 'Edgardo Román', 'Jairo Camargo', 'Yolanda García', 'Luis Fernando Montoya', 'Jorge Zuluaga', 'Salvatore Basile', 'Ulises Colmenares', 'Antonio Aparicio', 'Rodrigo Obregón', 'Carlos Vives', 'Víctor Mallarino', 'Miguel Ignacio Vanegas', 'Alberto Palacio', 'Rosa Virginia Bonilla', 'Luis Chiape', 'Ángelo Javier Lozano', 'Yesid Ferrara', 'Diego Vélez', 'Jorge Herrera', 'Clemencia Gregory', 'Alberto Sánchez Figueroa', 'Jaime Azcárate', 'Larry Guillermo Mejía', 'Edilberto Gómez', 'Eduardo Arias', 'Rafael Uribe', 'Alejandro Junca', 'Mauricio Castaño', 'Armando Floyd', 'José Garzón'];[];['Manuel Navia', 'Nicholas Wentworth'];['Carlos Congote'];A group of tenants facing eviction due to a city renovation unite to fight back, but as they clash with the landlord and his ruthless attorney, they each transform into the opposite of who they once were.
;/film/valparaiso-my-love/;73858.0;Valparaiso My Love;1.2185;6.8;1969-06-20;90;CL;es;0.0;0.0;['Drama'];['Aldo Francia'];[2];['Hugo Cárcamo', 'Sara Astica', 'Rigoberto Rojo', 'Liliana Cabrera', 'Pedro Álvarez', 'Marcelo', 'Arnaldo Berríos', 'Jesús Ortega', 'Elena Moreno', 'Francisco Morales', 'Claudia Paz', 'Nora Alvarez', 'Carmen Mora', 'Rolando Rivillo', 'María Caneo', 'Orlando Walter Muñoz', 'Juan Rodríguez', 'Auristela Olguín', 'Oscar Stuardo', 'Miryam González', 'José Pellerano', 'Raquel Toledo'];['Aldo Francia', 'José Román'];['Carlos Piaggio'];['Diego Bonacina'];A story inspired by real events that took place in the port of Valparaiso. Four poor children have been abandoned because their father, who is out of work, steals cattle to feed them and the police have arrested him. The story takes up the children's point of view and is structured in four episodes that describe their inevitable descent into the world of marginality and crime. Faced with life in a brutal way, from their problematic social situation, they head towards a marginality that is difficult to avoid.
;/film/voto-fusil/;360678.0;Voto + Fusil;0.5919;6.4;1971-08-09;70;CL;es;0.0;0.0;['Drama', 'History'];['Helvio Soto'];[2];['Patricia Guzmán', 'Leonardo Perucci', 'María Elena Gertner', 'Marcelo Romo', 'Roberto Parada', 'María Teresa Fricke', 'Jorge Lillo', 'Jorge Guerra', 'Rafael Benavente', 'Mario Montilles', 'Héctor Duvauchelle', 'Marcelo Gaete', 'Julio Jung', 'Gloria Münchmeyer'];['Helvio Soto'];['Rudolfo Wedeles'];['Silvio Caiozzi'];The political evolution in Chile seeing from three different times: 1937, 1947 and 1970. A film that shows how a revolution cannot be accomplished by electoral means, and how the wealthy class will always attempt to destroy that revolution, with the help of the armed forces, as soon as their privileges are threatened.
;/film/whisky/;36971.0;Whisky;1.1916;6.919;2004-08-06;99;UY;es;0.0;0.0;['Comedy', 'Drama'];['Juan Pablo Rebella', 'Pablo Stoll'];[2, 2];['Andrés Pazos', 'Mirella Pascual', 'Jorge Bolani', 'Daniel Hendler', 'Ana Katz', 'Adrián Biniez', 'José Pedro Bujaruz', 'Verónica Perrotta', 'Mariana Velazques', 'Fernando Pereyra', 'Ignacio Mendy', 'Jorge Temponi', 'Antonio Baldomir', 'Dumas Lerena', 'Carlos Colacce', 'Daoiz Vila', 'Cecilia Fernandez', 'Adelaida Rodríguez', 'Marta Gadpen', 'Gapo Delgado', 'Leonor Svarcas', 'Mariana Olazabal', 'Jorge Todeschini', 'Gonzalo Eyherabide', 'Marcos Morón', 'Alejandro Castiglioni', 'Ronald Melzer', 'Maria Eugenia Mieres', 'Mariana Epstein', 'Cecilia Plottier', 'Javier Santiago', 'Damián Barrera', 'Alfonso Tort', 'Fabricio Pereyra', 'Maria Belen De León', 'Romina Peluffo', 'Francisca Barreiro', 'Graciela Kabzanes', 'Hugo Bardallo', 'Fernando Fernandez'];[];['Fernando Epstein'];['Bárbara Álvarez'];When his long-lost brother resurfaces, Jacobo, desperate to prove his life has added up to something, looks to scrounge up a wife. He turns to Marta, an employee at his sock factory, with whom he has a prickly relationship.
;/film/7-boxes/;127847.0;7 Boxes;2.1597;6.701;2012-08-10;106;PY;es;0.0;0.0;['Action', 'Thriller'];['Tana Schémbori', 'Juan Carlos Maneglia'];[0, 0];['Celso Franco', 'Lali González', 'Víctor Sosa', 'Nico García', 'Paletita', 'Manu Portillo', 'Mario Toñánez', 'Nelly Davalos', 'Roberto Cardozo', 'Luis Gutiérrez', 'Liliana Alvarez', 'Katia García', 'Atil Closs', 'Junior Rodriguez', 'Jin Hyuk Johnny Kim', 'Stephen Jang', 'Ever Enciso', 'Arturo Arellanos', 'Fernando Fleitas', 'Pedro Armoa', 'Liz Mendez', 'Lorena Vera', 'Alicia Guerra', 'Tito Jara Roman', 'Beto Ayala', 'Mirian Sienra', 'Roger Bernalve', 'Rayam Mussi', 'Manuel Wilder', 'Daniel Gonzalez', 'Maria Noelia Diaz', 'Denis Amarilla', 'Jose Alegre', 'Emilio Herrera', 'Ruben Flecha', 'Martín Oviedo', 'Denise Zoeller', 'Luz Chaparro'];['Juan Carlos Maneglia'];['Juan Carlos Maneglia', 'Juan Sebastián Zelada'];['Richard Careaga'];It’s Friday night in Asunción and the temperature is 40ºC. Víctor, a 17-year-old wheelbarrow-boy, dreams of becoming famous and covets a cell phone in Mercado 4. He is offered the chance to deliver seven boxes with unknown contents in exchange for $100. This sounds like an easy job but it soon gets complicated. Something in the boxes is highly coveted. Víctor and his persecutors find themselves caught up in a crime they know nothing about.
;/film/carnaval-atlantida/;194728.0;Carnaval Atlântida;0.7093;7.125;1952-02-05;95;BR;pt;0.0;0.0;['Comedy', 'Music', 'Romance'];['José Carlos Burle'];[2];['Oscarito', 'Eliana', 'Cyll Farney', 'José Lewgoy', 'Maria Antonieta Pons', 'Wilson Grey', 'Grande Otelo', 'Colé Santana', 'Renato Restier', 'Roberto Faissal', 'Dick Farney', 'Nora Ney', 'Aurélio Teixeira', 'Blecaute', 'Carlos Alberto'];['Victor Lima'];['José Carlos Burle', 'Waldemar Noya'];['Amleto Daissé'];Movie producer Cecílio B. de Milho is intent on filming an epic about Helen of Troy, while some of the crew would rather turn it into a musical comedy.
;/film/confessing-to-laura/;156460.0;Confessing to Laura;0.984;6.857;1991-09-09;90;CO;es;0.0;0.0;['Drama'];['Jaime Osorio Gómez'];[2];['María Cristina Gálvez', 'Vicky Hernández', 'Gustavo Londoño', 'Walter Rojas'];['Alexandra Cardona Restrepo'];['Nelson Rodríguez'];['Adriano Moreno'];"The action is situated in Colombia on April 9, 1948, date in which took place the famous ""Bogotazo"". It is a story of love frustrated by political circumstances. Laura, a spinster schoolteacher, lives to Josefina and Santiago, public employee. The three characters will be besieged by 24 hours, targeted by snipers, will be forced to show such which are or they would have liked to be."
;/film/deep-crimson/;47007.0;Deep Crimson;1.4224;6.8;1996-10-04;111;ES;es;0.0;0.0;['Crime', 'Drama'];['Arturo Ripstein'];[2];['Regina Orozco', 'Daniel Giménez Cacho', 'Marisa Paredes', 'Julieta Egurrola', 'Sherlyn', 'Giovani Florido', 'Fernando Palavicini', 'Alexandra Vicencio', 'Patricia Reyes Spíndola', 'Esteban Soberanes', 'Gastón Melo', 'Juan de la Loza', 'Rosa Furman', 'Álvaro Carcaño', 'Paco Mauri', 'Verónica Merchant', 'Blanca Florido', 'René Pereyra', 'Óscar Castañeda', 'Alejandra Montoya'];[];['Rafael Castanedo'];['Guillermo Granillo'];Driven by desire and desperate for self-love, Coral and Nicolás will abandon their past lives in a journey surrounded by murder.
;/film/iracema/;116146.0;Iracema;0.7375;7.355;1976-06-02;96;BR;pt;0.0;0.0;['Drama'];['Jorge Bodanzky', 'Orlando Senna'];[2, 2];['Edna de Cássia', 'Paulo César Peréio', 'Conceição Senna', 'Rose Rodrigues', 'Fernando Neves', 'Sidnei Piñon', 'Natal', 'Elma Martins', 'Wilmar Nunes', 'Lúcio dos Santos', 'Orlando Senna', 'Margarida Alves Gouveia'];['Orlando Senna'];['Eva Grundman', 'Jorge Bodanzky'];['Jorge Bodanzky'];A girl from the countryside goes to the city of Belém to take part in the Círio de Nazaré celebrations. Led to prostitution, she wishes to move to the wealthiest Southeast region of Brazil. In a dance club, she meets a truck driver that transports wood. Dreaming with the big city, she asks for a ride, and the two begin a journey through the Trans-Amazon road. In tension with the Brazilian military authorities of the time, the film registers several aspects of the Amazon social tragedy – forest fires, slave work and child prostitution. Awarded in several international festivals, the film was forbidden by Brazilian censors. It was only released years later, winning the Brasília Film Festival in 1981.
;/film/manuela-1966/;467889.0;Manuela;0.8451;8.0;1966-06-30;41;CU;es;0.0;0.0;['War', 'Drama'];['Humberto Solás'];[2];['Adela Legrá', 'Adolfo Llauradó'];[];[];['Jorge Herrero'];During the last days of the struggle against dictator Fulgencio Batista, a young peasant woman joins the guerrilla in the Sierra Maestra.
;/film/national-mechanics/;186066.0;National Mechanics;1.1807;7.4;1972-12-28;105;MX;es;0.0;0.0;['Comedy', 'Drama'];['Luis Alcoriza'];[2];['Manolo Fábregas', 'Lucha Villa', 'Héctor Suárez', 'Sara García', 'Alma Muriel', 'Pancho Córdova', 'Aurora Clavel', 'Fabiola Falcón', 'Gloria Marín', 'Alejandro Ciangherotti Jr.', 'Fernando Casanova', 'Pilar Bayona', 'Carlos Piñar', 'Luis Manuel Pelayo', 'Federico Curiel', 'Betty Meléndez', 'Víctor Alcocer', 'Ramiro Orci', 'Maritza Olivares', 'Rosalba Brambila', 'Sergio Calderón', 'Fernando Allende', 'José Luis Caro', 'Yolanda Ponce', 'César Bono', 'Maribel Fernández', 'Abel Woolrich'];[];['Juan José Marino', 'Carlos Savage'];['Álex Phillips Jr.'];A mechanic takes his family to a car race and a series of events occur which brings problems, betrayals, violence and the unexpected death of an elderly person.
;/film/night-of-the-pencils/;55269.0;Night of the Pencils;0.83;7.021;1986-09-04;105;AR;es;0.0;0.0;['Drama'];['Héctor Olivera'];[2];['Alejo Garcia Pintos', 'Vita Escardó', 'Pablo Novak', 'Leonardo Sbaraglia', 'José María Monje', 'Pablo Machado', 'Adriana Salonia', 'David Gerber', 'Marcelo Serre', 'Walter Peña', 'Daniel San Joaquín', 'Demián Celentano', 'Mariana Cedon', 'Diego Korol', 'Gustavo Tieffenberg', 'María Celina Bedini', 'Carlos Lazzarini', 'Cecilia Liébana', 'Ana Celentano', 'Gabriel Meyer', 'Jorge Mastropietro', 'Matías Ruiz', 'Matías Coleff', 'Tina Serrano', 'Héctor Bidonde', 'Esteban Student', 'Angela Ragno', 'Maruja Pibernat', 'Mario Rolla', 'Pochi Ducasse', 'Guillermina Selay', 'Alejandro Galluccio', 'Juan Manuel Tenuta', 'María Visconti', 'Felisa Rocha', 'Héctor Ezcurra', 'Hebe Vardino', 'Enrique Riestra', 'Antonio Lorenzo', 'Juan Palomino', 'Fredy Magliaro', 'Luis Minces', 'Guillermo Bravo Sosa', 'Ricardo Alanis', 'Alejandra Sirlin', 'Octavio Gaspar', 'Carlos Weber', 'Miguel Habud', 'Alberto Busaid', 'Alfonso De Grazia', 'Néstor Jorge', 'Ricardo Ibarlin', 'María Nydia Ursi', 'Andrea Bonelli', 'Manuel Callau', 'Martín Coria', 'Miguel Ángel Porro', 'Lorenzo Quinteros', 'José Andrada', 'Felipe Méndez', 'Miguel Dedovich', 'Ricardo Fasan', 'Humberto Serrano', 'Francisco Cocuzza', 'Juan Carlos Gianuzzi', 'María José López', 'Daniel Kargieman', 'Isabel Quinteros', 'Rúbens Correa', 'Pablo Moretti', 'Marcelo Demarchi', 'Roxana Bignasco', 'Lucio Rubinacci', 'Adolfo Vázquez Gamboa'];['Héctor Olivera', 'Daniel Kon'];['Miguel López'];['Leonardo Rodríguez Solís'];The Night of the Pencils was a series of kidnappings and forced disappearances, followed by the torture, rape, and murder of a number of young students during the last Argentine dictatorship (known as the National Reorganization Process). The kidnappings took place over the course of several days beginning on September 16, 1976.
;/film/susana-1951/;44655.0;Susana;1.8099;6.806;1951-04-11;86;MX;es;0.0;0.0;['Drama'];['Luis Buñuel'];[2];['Fernando Soler', 'Rosita Quintana', 'Víctor Manuel Mendoza', 'Matilde Palou', 'María Gentil Arcos', 'Luis López Somoza', 'Rafael Icardo', 'Enrique del Castillo', 'Jesús García Navarro', 'Leonor Gómez'];[];['Jorge Busto', 'Luis Buñuel'];['José Ortiz Ramos'];The story of a girl of questionable mental stability who escapes from incarceration and ends up at a plantation where she disrupts a working family's daily routines and chemistry.
;/film/the-golden-cockerel/;194157.0;The Golden Cockerel;0.8956;7.0;1964-12-18;105;MX;es;0.0;0.0;['Drama'];['Roberto Gavaldón'];[2];['Ignacio López Tarso', 'Lucha Villa', 'Narciso Busquets', 'Carlos Jordán', 'Diana Ochoa', 'Enrique Lucero', 'Agustín Isunza', 'José Torvay', 'José Chávez', 'Pedro Galván', 'Jorge Lavat', 'Salvador Lozano'];['Carlos Fuentes', 'Gabriel García Márquez', 'Roberto Gavaldón'];['Gloria Schoemann'];['Gabriel Figueroa'];A poor, but very lucky man in the cock fighting business, is hired by a rich man, but both are in love with the same woman.
;/film/the-ona-people-life-and-death-in-tierra-del-fuego/;614748.0;The Ona People: Life and Death in Tierra del Fuego;0.9328;0.0;1977-01-01;49;AR;es;0.0;0.0;['Documentary'];['Anne Chapman', 'Jorge Prelorán', 'Ana Montes de González'];[0, 2, 0];[];[];['Jorge Prelorán'];['Jorge Prelorán'];Documents the life of the last generation of Selk'nam's. Their way of life, economy, rituals, chants, traditions, and their slow extinction after the colonization...
;/film/the-poulterer-hawk/;324146.0;The Poulterer Hawk;0.6461;7.977;1951-01-26;103;MX;es;0.0;0.0;['Drama', 'Comedy'];['Rogelio A. González'];[2];['Pedro Infante', 'Antonio Badú', 'Lilia Prado', 'Ana María Villaseñor', 'Armando Arriola', 'Facundo Rivero'];[];[];[];Two bumpkins in the big city fight over the same girl, until they realize that she's playing them against each other.
;/film/movie-dementia/;167468.0;Movie Dementia;1.6357;6.3;1986-10-15;90;BR;pt;0.0;0.0;['Fantasy', 'Drama'];['Carlos Reichenbach'];[2];['Ênio Gonçalves', 'Emílio Di Biasi', 'Valeska Canoletti', 'Benjamin Cattan', 'Imara Reis', 'Rosa Maria Pestana', 'Alvamar Taddei', 'Vanessa Alves', 'Renato Master', 'Roberto Miranda', 'Orlando Parolini', 'Fernando Benini', 'Benê Silva', 'Júlio Calasso Jr.', 'John Doo', 'Wilson Sampson', 'Jairo Ferreira', 'Carina Cooper', 'Liana Duval', 'Cláudio Willer', 'Carlos Reichenbach', 'Nobujuki Thochy'];[];['Eder Mazzini'];['José Roberto Eliezer'];Transposition of the myth of Faust to modern Brazil. The heir to a bankrupt cigarette factory, amidst a personal crisis, leaves everything behind and heads for a supposed paradise he has seen in a tourist agency, where he believes he could find self-knowledge. In his search, he is inspired by a Mephisto-like character.
;/film/neighboring-sounds/;97989.0;Neighboring Sounds;1.1737;7.054;2012-11-19;131;BR;pt;0.0;47974.0;['Thriller', 'Drama', 'Crime'];['Kleber Mendonça Filho'];[2];['Irandhir Santos', 'Gustavo Jahn', 'Maeve Jinkings', 'W.J. Solha', 'Irma Brown', 'Yuri Holanda', 'Lula Terra', 'Albert Tenorio', 'Nivaldo Nascimento', 'Clébia Sousa', 'Sebastião Formiga', 'Ana Rita Gurgel', 'Caio Almeida', 'Dida Maia', 'Felipe Bandeira', 'Mauriceia Conceição', 'Graziela Santos da Rocha', 'Gabriela Santos da Rocha', 'Júlio Rodrigues', 'Allyson Arruda', 'Rubens Santos', 'Bruno Negaum', 'Rejane Rêgo', 'Filipe Branco', 'Clara Pinheiro de Oliveira', 'Jorge Queiroz', 'Juvino Agner', 'Mariângela Valença', 'Daniela Câmara', 'Grece Marques', 'Leo Gonzaga', 'Alex Brito', 'Chico Lacerda', 'João Vigo', 'Rodrigo Riszla', 'Martin Palácios', 'Lucas Cavalcanti', 'Sandra Possani', 'Tereza Cavalcanti', 'Isabel Novaes', 'Renata Roberta', 'Rosana Alves', 'Winston Araújo', 'Mucio Jucá', 'Luiz Joaquim', 'Yannick Ollivier', 'Normando Roberto', 'Jefferson Lima', 'Isadora Gibson', 'Andrés Schaffer', 'Alisson Castro', 'Ricardo Julio', 'Freedom Cavalcanti', 'Chen Pi Yun', 'Grafite', 'Mariquinha Santos', 'Sérgio Godoy', 'Maria Augusta Carvalho Medeiros Santos'];['Kleber Mendonça Filho'];['João Maria', 'Kleber Mendonça Filho'];['Pedro Sotero', 'Fabricio Tadeu'];An independent private security firm arrives at a middle-class neighborhood in Recife, Brazil.
;/film/arabian-coffee/;262024.0;Arabian Coffee;7.7586;5.25;1968-01-01;18;CU;es;0.0;0.0;['Documentary'];['Nicolás Guillén Landrián'];[2];[];[];['Iván Arocha'];['Lupercio López'];'Coffea arábiga' was sponsored as a propaganda documentary to show how to sow coffee around Havana. In fact, Guillén Landrián made a film critical of Castro, exhibited but banned as soon as the coffee plan collapsed.
;/film/the-barracks-1945/;194154.0;The Barracks;0.6273;6.941;1945-05-27;110;MX;es;0.0;0.0;['Drama'];['Roberto Gavaldón'];[2];['Domingo Soler', 'Anita Blanch', 'Manolo Fábregas', 'José Baviera', 'Luana Alcañiz', 'Amparo Morillo', 'Narciso Busquets', 'Manuel Noriega', 'Rafael Icardo', 'José Morcillo', 'Conchita Carracedo', 'Joaquín Roche hijo', 'Daniel Pastor', 'David Behar', 'Carlos Villarías', 'Marichu Labra', 'Luis Mussot'];[];['Carlos Savage'];['Víctor Herrera'];The film chronicles the adventures of a peasant family of the late nineteenth century to push through his work with the opposition and hatred of the rest of the villagers.
;/film/dreams-of-ice/;438793.0;Dreams of Ice;2.9183;8.0;1994-11-15;56;CL;es;0.0;0.0;['Documentary'];['Ignacio Agüero'];[2];[];[];['Fernando Valenzuela'];['Gastón Roca', 'Germán Liñero', 'José Luis Arredondo'];In 1992 the Universal Exhibition in Seville was held in Spain. Chile participated in this exhibition by displaying in its pavilion an ice floe captured and brought especially by sea from Antarctica. In these true facts is based the fantasy narrated in Dreams of Ice. Filmed between November 1991 and May 1992 on board the ships Galvarino, Aconcagua and Maullín, in a voyage that goes from Antarctica to Spain, in this documentary film in which dreams, myths and facts converge towards a poetic tale turned into a seafaring saga, in the manner of the legends of the seafarers that populate the mythology of the American continent and universal literature.
;/film/runan-caycu/;518660.0;Runan Caycu;3.0886;10.0;1973-01-15;32;PE;qu;0.0;0.0;['Documentary', 'History'];['Nora de Izcue'];[1];['Saturnino Huilca'];['Nora de Izcue'];[];[];Illustrates the life of Saturnino Huillca, a peasant union leader, and the motivations that lead the Quechua peasantry to undertake the struggle for their social activists. The events that came to constitute a force of pressure that moved the country and made it see the importance of carrying out the agrarian reform.
;/film/spelling-love/;528337.0;Spelling Love;0.6345;8.0;1984-01-01;75;PE;fr;0.0;0.0;['Documentary'];['Mary Jiménez Freeman-Morris'];[2];[];[];['France Duez', 'Suzanne Reneau'];['Raymond Fromont'];The filmmaker goes back to her childhood, to the roots of the tragedy, to her desperate efforts to be accepted by her mother, to her permanent feeling of failure. Du verbe aimer A remarkable autobiographical account, constructed like a very inventively written essay. (Belgian Cinematek)
;/film/the-boy-and-the-wind/;258109.0;The Boy and the Wind;0.8773;7.972;1967-08-21;104;BR;pt;0.0;0.0;['Fantasy', 'Drama'];['Carlos Hugo Christensen'];[2];['Ênio Gonçalves', 'Luiz Fernando Ianelli', 'Wilma Henriques', 'Odilon Azevedo', 'Palmira Barbosa', 'Oscar Felipe', 'Antonia Marzullo', 'Amíris Veronese', 'Antonio Naddeo', 'Armando Rosas', 'Jotta Barroso', 'Thales Penna'];[];[];[];A young engineer on holiday gets involved with a boy who has a strange relationship with the wind. Their close friendship arouses suspicion in the small town. When the boy disappears, the engineer is accused of murdering him.
;/film/the-courage-of-the-people/;255797.0;The Courage of the People;1.6607;7.375;1971-06-26;94;BO;es;0.0;0.0;['Drama', 'History'];['Jorge Sanjinés'];[2];['Domitila de Chungara', 'Eusebio Gironda', 'Federico Vallejo', 'Felicidad Coca García'];[];[];[];A documentary reenactment of the government-ordered massacre of striking tin miners and their families at the Siglo XX Mines in 1967 in Bolivia.
;/film/the-battle-of-chile-part-ii/;1752899.0;La batalla de Chile (Parte 2). El Golpe de Estado;0.3127;0.0;;91;CL;es;0.0;0.0;[];['Patricio Guzmán'];[2];[];[];[];[];Filmmaker Patricio Guzmán tracks the deterioration of Salvador Allende's position following the attempted coup d'état of 29 June 1973, and analyzes the 10 weeks before Augusto Pinochet's CIA-backed seizure of power.
;/film/gueros/;256057.0;Güeros;1.246;7.549;2014-04-17;111;MX;es;0.0;0.0;['Drama', 'Comedy'];['Alonso Ruizpalacios'];[2];['Sebastián Aguirre', 'Tenoch Huerta Mejía', 'Leonardo Ortizgris', 'Ilse Salas', 'Raúl Briones', 'Sophie Alexander-Katz', 'Laura Almela', 'Camila Lora', 'Marcelo Tobar', 'Alfonso Charpener', 'Adrián Ladrón', 'Bernardo Velasco', 'Alonso Ruizpalacios', 'Yojath Okamoto'];['Alonso Ruizpalacios'];['Ana García', 'Yibrán Asuad'];['Damián García'];Set amidst the 1999 student strikes in Mexico City, this coming-of-age tale finds two brothers venturing through the city in a sentimental search for an aging legendary musician. Shot in black-and-white, Güeros brims with youthful exuberance.
;/film/memoria-2021/;511819.0;Memoria;2.7336;6.0;2021-09-30;136;CO;es;0.0;0.0;['Drama', 'Science Fiction', 'Mystery'];['Apichatpong Weerasethakul'];[2];['Tilda Swinton', 'Agnes Brekke', 'Daniel Giménez Cacho', 'Jerónimo Barón', 'Juan Pablo Urrego', 'Jeanne Balibar', 'Aída Morales', 'Constanza Guitérrez', 'Elkin Díaz', 'Daniel Toro'];[];['Lee Chatametikool'];['Sayombhu Mukdeeprom'];After hearing a loud ‘bang’ at daybreak, a Scottish woman begins experiencing a mysterious sensory syndrome while traversing the jungles of Colombia.
;/film/habeas-corpus-1986/;364940.0;Habeas Corpus;1.4471;4.846;1986-10-23;60;AR;es;0.0;0.0;['Drama'];['Jorge Acha'];[2];['Jorge Díez', 'Oscar Vernales', 'Luis Nieto'];[];['Lito Bolivar'];['José Luis Celeiro Rodríguez'];Shows four days in the life of a man clandestinely kept in captivity. The images of his naked body alternate with those of a happy moment on a beach and with those of his captor, who spends his time looking at bodybuilding magazines.
;/film/the-motorcycle-diaries/;1653.0;The Motorcycle Diaries;7.0652;7.409;2004-02-06;126;AR;es;0.0;57663224.0;['Drama'];['Walter Salles'];[2];['Gael García Bernal', 'Rodrigo de la Serna', 'Mercedes Morán', 'Mía Maestro', 'Jean Pierre Noher', 'Lucas Oro', 'Marina Glezer', 'Sofia Bertolotto', 'Franco Solazzi', 'Ricardo Díaz Mourelle', 'Gustavo Bueno', 'Antonella Costa', 'Natalia Lobo', 'Erto Pantoja', 'Cristián Chaparro', 'Cristian Arancibia', 'Gabriela Aguilera', 'Constanza B. Majluf', 'Víctor Hugo Ogaz', 'Fernando Farías', 'Pablo Macaya', 'Vilma Verdejo', 'Jaime Azócar', 'Jorge Rodríguez Paz'];['Jose Rivera'];['Daniel Rezende'];['Éric Gautier'];Based on the journals of Che Guevara, leader of the Cuban Revolution. In his memoirs, Guevara recounts adventures he and best friend Alberto Granado had while crossing South America by motorcycle in the early 1950s.
;/film/zama/;326382.0;Zama;2.2165;6.6;2017-09-28;115;AR;es;0.0;0.0;['Drama', 'History'];['Lucrecia Martel'];[1];['Daniel Giménez Cacho', 'Lola Dueñas', 'Matheus Nachtergaele', 'Juan Minujín', 'Nahuel Cano', 'Mariana Nunes', 'Carlos Defeo', 'Rafael Spregelburd', 'Daniel Veronese', 'Germán de Silva', 'Willy Lemos', 'Vando Villamil', 'Marcelo Sein', 'Gustavo Böhm', 'Massamba Seye', 'Edgar Acosta', 'Ricardo Merkin', 'Paula Grinszpan', 'Jorge Román', 'Elvira Onetto'];[];['Miguel Schverdfinger', 'Karen Harley'];['Rui Poças'];In a remote South American colony in the late 18th century, officer Zama of the Spanish crown waits in vain for a transfer to a more prestigious location. He suffers small humiliations and petty politicking as he increasingly succumbs to lust and paranoia.
;/film/antonio-one-two-three/;434468.0;Antonio One Two Three;2.9223;5.7;2019-03-28;95;BR;pt;0.0;0.0;['Drama', 'Comedy'];['Leonardo Mouramateus'];[2];['Mauro Soares', 'Daniel Pizamiglio', 'João Fiadeiro', 'Sandra Hung', 'Mariana Dias', 'Carolina Thadeu', 'Hugo Pereira', 'Sofia Dinger', 'Miguel Nunes', 'Deborah Viegas', 'Joana Cotrim', 'Filipe Pereira', 'Mistah Isaac', 'Rui Pacheco'];[];['Raul Domingues', 'Leonardo Mouramateus'];['Aline Belfort'];Antonio runs away from home and tries to spend the night at his ex-girlfriend's apartment. There he finds a brazilian girl, an unexpected guest. Johnny is struggling to stage his first theater play in Lisbon. His friendship with the young light technician will make him face his real problems. Débora is passing by, finally returning home. When she goes to the theater, she falls asleep, and is awaken by the protagonist. Three dimensions of the same story.
;/film/mata-atlantica/;420213.0;Mata Atlântica;2.3165;5.5;2016-10-20;33;BR;pt;0.0;0.0;[];['Nicolas Klotz', 'Elisabeth Perceval'];[0, 0];[];[];['Elisabeth Perceval', 'Nicolas Klotz'];['Nicolas Klotz', 'Andrés Brandao'];A young girl disappears in a forest in the heart of São Paulo, Brazil.
;/film/sentimental-education-2013/;225836.0;Sentimental Education;1.3239;5.5;2013-10-03;84;BR;pt;0.0;0.0;['Drama', 'Romance'];['Júlio Bressane'];[2];['Josie Antello', 'Bernardo Marinho', 'Debora Olivieri', 'Gustavo Novaes', 'Júlio Bressane'];[];['Rodrigo Lima'];['Walter Carvalho', 'Pablo Baião', 'Rosa Dias'];Sentimental Education centers on the unique relationship between Áurea, a lonely 40 year old teacher, and a young man she has just met by chance – one of these encounters which mythology and literature are full of. A delicate soul who finds itself attracted to a beauty that seems to demand, disturb and move her. That shakes her up entirely. During the days following their first conversation, she will expose all her feelings through classes in which he will let himself be carried away. Until an unusual episode from the past is revealed and changes everything.
;/film/the-holy-mountain/;8327.0;The Holy Mountain;4.7199;7.5;1973-11-29;115;MX;es;750000.0;96262.0;['Drama'];['Alejandro Jodorowsky'];[2];['Alejandro Jodorowsky', 'Horacio Salinas', 'Zamira Saunders', 'Juan Ferrara', 'Adriana Page', 'Burt Kleiner', 'Valerie Jodorowsky', 'Nicky Nichols', 'Richard Rutowski', 'Luis Lomelí', 'Ana De Sade', 'Jacqueline Voltaire', 'Chucho-Chucho', 'Letícia Robles', 'Connie De La Mora', 'David Kapralik', 'Pablo Leder', 'Bobby Cameron', 'Re Debris', 'Lupita Peruyero', 'José Antonio Alcaraz', 'Héctor Ortega', 'Robert Taicher', 'Arielle Dombasle', 'Manuel Dondé', 'Marcela López Rey', 'David Silva', 'Jane Mitchell', 'Bobby Cameron'];['Alejandro Jodorowsky'];['Federico Landeros'];['Rafael Corkidi'];The Alchemist assembles together a group of people from all walks of life to represent the planets in the solar system. The occult adept's intention is to put his recruits through strange mystical rites and divest them of their worldly baggage before embarking on a trip to Lotus Island. There they ascend the Holy Mountain to displace the immortal gods who secretly rule the universe.
;/film/aquarius/;377273.0;Aquarius;1.9613;7.443;2016-09-01;147;BR;pt;762241.0;285930.0;['Drama'];['Kleber Mendonça Filho'];[2];['Sonia Braga', 'Maeve Jinkings', 'Irandhir Santos', 'Humberto Carrão', 'Zoraide Coleto', 'Carla Ribas', 'Fernando Teixeira', 'Buda Lira', 'Paula De Renor', 'Bárbara Colen', 'Daniel Porpino', 'Pedro Queiroz', 'Germano Melo', 'Julia Bernat', 'Thaia Perez', 'Joana Gatis', 'Tavinho Teixeira', 'Arly Arnaud', 'Andrea Rosa', 'Lula Terra', 'Allan Souza Lima', 'Valdeci Junior', 'Rubens Santos', 'Amanda Gabriel', 'Bruno Goya', 'Clarissa Pinheiro', 'Leo Wainer', 'Bernardo Sampaio', 'Chico Ludermir', 'Clarice Latache', 'Cristina Klein', 'Dora Costa', 'Edilson Silva', 'Erick Silva', 'Fábio Leal', 'João Vigo', 'Lilian Perman', 'Maria Alves', 'Marília Souto', 'Mariquinha Santos', 'Nivaldo Nascimento', 'Normando Roberto', 'Nuno Pessoa', 'Pedro Costa', 'Pri Buhr', 'Rejane Moraes', 'Rodrigo Riszla', 'Telma Cunha', 'Vânia Mota', 'William Wallace', 'Yuri Holanda'];['Kleber Mendonça Filho'];['Eduardo Serrano'];['Pedro Sotero', 'Fabricio Tadeu'];Clara, a vibrant former music critic and widow with flowing tresses is the only remaining apartment owner in a beautiful older building targeted for demolition by ruthless luxury high-rise developers. Clara proves to be a force to be reckoned with as she thwarts the builders plans to kick her out of the apartment.
;/film/man-facing-southeast/;48797.0;Man Facing Southeast;1.6786;7.506;1987-04-02;109;AR;es;600000.0;1532797.0;['Mystery', 'Science Fiction', 'Drama'];['Eliseo Subiela'];[2];['Lorenzo Quinteros', 'Hugo Soto', 'Inés Vernengo', 'Cristina Scaramuzza', 'Tomas Voth', 'David Edery', 'Rúbens Correa', 'Rodolfo Rodas', 'Horacio Marassi', 'Jean Pierre Reguerraz', 'Rodolfo Elsegood', 'Violeta Scarponi', 'Gustavo Rangugni', 'Antonio Avila', 'Hector Scarpino', 'Tito Haas', 'Andrés Tiengo', 'Carolina Cartelli', 'Hernan Biset', 'Alfonso Devita', 'Alberto Balzanelli', 'Carlos Storani'];[];"['Elida Inés Cederma', ""Luis César D'Angiolillo""]";['Ricardo DeAngelis'];A new patient mysteriously appears in a psychiatric ward. He claims to come from another planet to study humans and their behavior. The alien is gentle but criticizes humans for their harsh treatment of each other. The assigned psychiatrist is himself unhappy, and affected by the patient's insight. But he is ordered to treat the patient according to institutional procedure.
;/film/neruda-2016/;351454.0;Neruda;2.8614;6.297;2016-08-11;108;CL;es;0.0;939101.0;['Drama'];['Pablo Larraín'];[2];['Gael García Bernal', 'Luis Gnecco', 'Mercedes Morán', 'Emilio Gutiérrez Caba', 'Diego Muñoz', 'Alejandro Goic', 'Pablo Derqui', 'Marcelo Alonso', 'Michael Silva', 'Francisco Reyes', 'Jaime Vadell', 'Néstor Cantillana', 'Alfredo Castro', 'Marcial Tagle', 'Amparo Noguera', 'Cristián Campos', 'Víctor Montero', 'Héctor Noguera', 'Luis Vitalino Grandón', 'Roberto Farías', 'Julio Jung', 'Julio Milostich', 'Paola Lattus', 'José Soza', 'Ariel Mateluna', 'Cristián Chaparro', 'Pablo Schwarz', 'Luis Dubó', 'Ximena Rivas', 'Felipe Ríos', 'Claudia Vicuña', 'Francisca Imboden', 'Trinidad González', 'Juan Ossa', 'Álvaro Espinoza', 'Mario Soto', 'Daniel Antivilo', 'Roberto Cayuqueo', 'Jorge Yáñez', 'Claudio Arredondo', 'Nicolás Torres', 'Heidrun Breier', 'Nicolás Botinelli', 'Elsa Poblete', 'Víctor Hugo Ogaz', 'Hernán Lacalle', 'Claudia Cabezas', 'Josefina Dagorret', 'Daniel de la Vega', 'Senén Selim'];['Guillermo Calderón'];['Hervé Schneid'];['Sergio Armstrong'];It’s 1948 and the Cold War has arrived in Chile. In the Congress, prominent Communist Senator and popular poet Pablo Neruda accuses the government of betraying the Party and is stripped of his parliamentary immunity by President González Videla. The Chief of Investigative Police instructs inspector Óscar Peluchonneau to arrest the poet. Neruda tries to escape from the country with his wife, the painter Delia del Carril, but they are forced to go underground.
;/film/the-aura/;13653.0;The Aura;1.7912;7.008;2005-09-15;134;ES;es;0.0;0.0;['Drama', 'Thriller'];['Fabián Bielinsky'];[2];"['Ricardo Darín', 'Dolores Fonzi', 'Pablo Cedrón', 'Nahuel Pérez Biscayart', ""Jorge D'Elía"", 'Alejandro Awada', 'Rafa Castejón', 'Manuel Rodal', 'Walter Reyno', 'Alejandro Gancé', 'Daniel Alejandro Ovando', ""Guido D'Albo"", 'Daniel Delevin', 'Eva', 'Tatiana Saphir', 'Victoria Vescio', 'Claudio Rissi', 'Carlos Falcone', 'Mariana Malamud', 'Claudio Chiaffone', 'José Manuel Espeche', 'Fernando Migueles', 'Rubén De La Torre', 'Raquel Albéniz', 'César Bordón']";['Fabián Bielinsky'];['Fernando Pardo', 'Alejandro Carrillo Penovi'];['Checco Varese'];A quiet, epileptic taxidermist plans the perfect crime. All he needs is the right opportunity. An accident, perhaps…
;/film/argentina-1985/;714888.0;Argentina 1985;2.6962;7.82;2022-09-29;141;AR;es;20000000.0;58424000.0;['Drama', 'History', 'Crime'];['Santiago Mitre'];[2];"['Ricardo Darín', 'Peter Lanzani', 'Alejandra Flechner', 'Paula Ransenberg', 'Carlos Portaluppi', 'Antonia Bengoechea', 'Laura Paredes', 'Brian Sichel', 'Norman Briski', 'Héctor Díaz', 'Alejo Garcia Pintos', 'Claudio Da Passano', 'Gina Mastronicola', 'Francisco Bertín', 'Santiago Armas Estevarena', 'Gabriel Fernández', 'Ricardo Tuppel', 'Ignacio Francavilla', 'Pablo Moseinco', 'Pablo Caramelo', 'Mariano Speratti', 'Guillermo Jacubowicz ', 'Martin Gallo', 'Fernando Ritucci', 'Pablo Burzstyn', 'Ricardo Cepeda', 'Héctor González', 'Carlos Del Río', 'Ruben Casela', 'Ricardo Carranza', 'Jorge Gerschman', 'Pietro Gian', 'Félix Santamaría', 'Toto Rovito', 'Walter Jakob', 'Manuel Caponi', 'Leyla Bechara', 'Susana Pampín', 'Marcelo Pozzi', 'Joselo Bella', 'Jorge Gregorio', 'Sergio Sánchez', 'Marcelo López', 'Jorge Luis Couto', 'Carlos Ihler', 'Héctor Balcone', 'Rosana Vezzoni', 'Anahí Martella', 'Agustín Gagliardi', 'José Luis Arias', 'Agustín Rittano', 'Ana Carolina García', 'Facundo Aquinos', 'Ricardo Truppel', 'Alejo Goyberg', 'Luis Lezcano', 'Jorge Varas', 'Almudena González', 'Gastón Chamorro', 'Marcela Acosta', 'Débora Nacarate', 'Augusto Ghirardelli', 'David Alegre', 'Carlos Ledrag', 'Rodrigo Rocco', 'Sofía Lanaro', 'Roberto Mauri', 'Andrés Zurita', 'Adolfo Norberto Losada', 'Javier Kussrow', 'Matías Broglia', 'Nacho Miguens', 'Gustavo Vieyra', 'Enrique Bogado', 'Aldo Onofri', 'Edward Green', 'Fiona Mastronicola', ""Guido D'Albo"", 'Julian Levi', 'Stephanie Petresky', 'Patricio Gonzalo', 'Judith König', 'Sergio Ciancaglini', 'Fabián Abecasis', 'Felipe Villanueva', 'Martín Portela', 'Fernando Gonet', 'Bárbara Massó', 'Juan Cruz Márquez de la Serna', 'Natalia Olabe', 'Silvina Scarpolini', 'Emilia Mayo', 'Lalo Rotaveria', 'Fito Yanelli', 'Adrián Mampel', 'Sol Braier', 'Carlota Rodríguez Echebarne', 'Andrea Varchavsky', 'Natalia Santiago', 'María Laura Cali', 'María Colloca', 'César Córdoba', 'Francisco Guglielmino', 'Justina Ovejero', 'Fernando Contigiani García']";[];['Andrés Pepe Estrada'];['Javier Julia'];In the 1980s, a team of lawyers takes on the heads of Argentina's bloody military dictatorship in a battle against odds and a race against time.
;/film/la-cocina-2024/;966238.0;La Cocina;3.2335;6.863;2024-10-25;139;MX;es;770000.0;0.0;['Drama', 'Comedy'];['Alonso Ruizpalacios'];[2];['Raúl Briones', 'Rooney Mara', 'Anna Díaz', 'Motell Gyn Foster', 'Laura Gómez', 'Oded Fehr', 'James Waterston', 'Lee Sellars', 'Eduardo Olmos', 'Spenser Granese', 'Bernardo Velasco', 'Soundos Mosbah', 'Esteban Caicedo', 'Nebli Basani', 'José Luis Pérez', 'Gustavo Melgarejo Falconi', 'Pía Laborde-Noguez', 'Shavanna Calder', 'María Fernanda Bosque', 'Julia Haltigan', 'John Pyper-Ferguson', 'Roberto Oropeza', 'Finnerty Steeves', 'Leo James Davis', 'Kerry Ardra', 'Bernardo Velasco'];['Alonso Ruizpalacios'];['Yibrán Asuad'];['Juan Pablo Ramírez'];In the sweltering back kitchen of a Times Square restaurant, undocumented cook Pedro is caught between mounting pressures at work and a complicated romance with waitress Julia. When money goes missing, suspicion spreads, igniting tensions that threaten to upend the fragile hopes of the staff.
;/film/central-station/;666.0;Central Station;4.3299;8.119;1998-04-03;111;FR;pt;2900000.0;5596708.0;['Drama'];['Walter Salles'];[2];['Fernanda Montenegro', 'Vinícius de Oliveira', 'Marília Pêra', 'Othon Bastos', 'Otávio Augusto', 'Matheus Nachtergaele', 'Caio Junqueira', 'Stela Freitas', 'Maria Menezes', 'Sergio Kato', 'Soia Lira', 'Rita Assemany', 'Harildo Déda', 'Gildásio Leite', 'Nanego Lira', 'José Pereira da Silva', 'Everaldo Pontes', 'Inaldo Santana', 'Gideon Rosa', 'Antonieta Noronha', 'Socorro Nobre', 'Iami Rebouças'];['Marcos Bernstein', 'João Emanuel Carneiro', 'Walter Salles'];['Felipe Lacerda', 'Isabelle Rathery'];['Walter Carvalho'];An emotional journey of a former school teacher, who writes letters for illiterate people, and a young boy, whose mother has just died, as they search for the father he never knew.
;/film/museo/;477654.0;Museo;1.3873;6.5;2018-08-23;126;MX;es;0.0;0.0;['Crime', 'Drama'];['Alonso Ruizpalacios'];[2];['Gael García Bernal', 'Leonardo Ortizgris', 'Alfredo Castro', 'Bernardo Velasco', 'Leticia Brédice', 'Ilse Salas', 'Lisa Owen', 'Simon Russell Beale', 'Gabriel Nuncio', 'Maite Suárez Diez', 'Jacobo Zabludovsky', 'Lynn Gilmartin'];[];['Yibrán Asuad'];['Damián García'];Mexico, 1985. Juan and Wilson, two perennial Veterinary students, perpetrate an audacious heist in the National Museum of Anthropology, running away with a loot of more than hundred invaluable pieces of Mayan art, unaware of the consequences of their outrageous act.
;/film/nostalgia-for-the-light/;72721.0;Nostalgia for the Light;1.7104;7.4;2010-10-27;93;CL;es;0.0;0.0;['Documentary'];['Patricio Guzmán'];[2];['Gaspar Galaz', 'Lautaro Núñez', 'Luís Henríquez', 'Miguel', 'Victor Gonzalez', 'Vicky Saaveda', 'Violeta Berrios', 'George Preston', 'Valentina Rodríguez'];[];['Emmanuelle Joly', 'Patricio Guzmán'];['Katell Djian'];In Chile's Atacama Desert, astronomers peer deep into the cosmos in search for answers concerning the origins of life. Nearby, a group of women sift through the sand searching for body parts of loved ones, dumped unceremoniously by Pinochet's regime.
;/film/roma-2018/;426426.0;Roma;5.2531;7.616;2018-11-21;135;MX;es;15000000.0;1140769.0;['Drama'];['Alfonso Cuarón'];[2];['Yalitza Aparicio', 'Marina de Tavira', 'Diego Cortina Autrey', 'Carlos Peralta', 'Marco Graf', 'Daniela Demesa', 'Nancy García García', 'Verónica García', 'Fernando Grediaga', 'Jorge Antonio Guerrero', 'José Manuel Guerrero Mendoza', 'Andy Cortés', 'Victor Manuel Resendiz Ruiz', 'Zarela Lizbeth Chinolla Arellano', 'José Luis López Gómez', 'Edwin Mendoza Ramírez', 'Clementina Guadarrama', 'Enoc Leaño', 'Nicolás Peréz Taylor Félix', 'Kjartan Halvorsen', 'Alejandra Herrera', 'Luca De Massis'];[];['Alfonso Cuarón', 'Adam Gough'];['Alfonso Cuarón'];In 1970s Mexico City, two domestic workers help a mother of four while her husband is away for an extended period of time.
;/film/surcos-de-sangre/;446026.0;Surcos de sangre;0.5968;8.0;1950-06-23;90;CL;es;0.0;0.0;['Drama'];['Hugo del Carril'];[2];['Hugo del Carril', 'Esther Fernández', 'Carlos Perelli', 'Ana Arneodo', 'César Fiaschi', 'Lautaro Murúa', 'Chola Oses', 'Ana Gryn', 'Julio Esbrez', 'Lily del Carril', 'Lilia Castilla', 'María Castilla', 'Arturo Gonzalvez', 'Domingo Sapelli', 'Justo Ugarte'];[];['Carlos Rinaldi'];['Oren W. Roberts', 'Bob Roberts'];Melodrama that tells the tragedy of a peasant family.
;/film/the-tiger-leaps-and-kills-but-it-will-die-it-will-die/;255937.0;The Tiger Leaps and Kills, But It Will Die... It Will Die...;1.4091;6.75;1973-01-01;16;CU;es;0.0;0.0;['Documentary'];['Santiago Álvarez'];[2];[];[];['Gloria Argüelles'];[];An obituary for Victor Jara, the Chilean folksinger who was murdered in a football stadium by the military junta during the days of the September 1973 coup.
;/film/the-turning-wind/;66184.0;The Turning Wind;0.8278;6.872;1962-05-28;78;BR;pt;0.0;0.0;['Drama'];['Glauber Rocha'];[2];['Antônio Pitanga', 'Luiza Maranhão', 'Lucy de Carvalho', 'Aldo Teixeira', 'Lídio Silva', 'Edmundo Albuquerque', 'Francisco dos Santos Brito', 'Hélio de Oliveira', 'Antônio Carlos dos Santos', 'João Gama', 'Milton Gaúcho', 'Fred Júnior', 'Alair Liguori', 'Elio Moreno Lima', 'Jota Luna', 'Braga Neto', 'Rosalvo Plínio', 'Flora Vasconcelos', 'Dona Zezé', 'José Teles de Magalhães'];['Luiz Paulino dos Santos', 'Glauber Rocha', 'José Teles de Magalhães'];['Nelson Pereira dos Santos'];['Tony Rabatoni'];In Bahia, an educated black man returns to his home fishing village to try and free people from mysticism, in particular the Candomblé religion, which he considers a factor of political and social oppression, with tragic outcome.
;/film/y-tu-mama-tambien/;1391.0;Y Tu Mamá También;10.0271;7.431;2001-06-08;106;MX;es;5000000.0;33600000.0;['Drama', 'Romance'];['Alfonso Cuarón'];[2];['Maribel Verdú', 'Gael García Bernal', 'Diego Luna', 'Daniel Giménez Cacho', 'Diana Bracho', 'Verónica Langer', 'María Aura', 'Emilio Echevarría', 'Marta Aura', 'Silverio Palacios', 'Ana López Mercado', 'Andrés Almeida', 'Nathan Grinberg', 'Giselle Audirac', 'Arturo Ríos', 'Juan Carlos Remolina', 'Liboria Rodríguez', 'Mayra Sérbulo', 'Andrea López', 'Amaury Sérbulo', 'Jorge Vergara'];[];['Alfonso Cuarón', 'Alex Rodríguez'];['Emmanuel Lubezki'];In Mexico, two teenage boys and an attractive older woman embark on a road trip and learn a thing or two about life, friendship, sex, and each other.
;/film/anhell69/;1004598.0;Anhell69;1.1708;5.7;2023-05-26;74;CO;es;0.0;0.0;['Documentary', 'Drama'];['Theo Montoya'];[2];['Theo Montoya', 'Camilo Najar', 'Alejandro Hincapié', 'Camilo Machado', 'Alejandro Mendigana', 'Julian David Moncada', 'Víctor Gaviria', 'Juan Esteban Pérez', 'Sharllot Zodoma', 'Jhonatan Solei Hernández'];[];['Theo Montoya', 'Delia Oniga', 'Matthieu Taponier'];['Theo Montoya'];A hearse cruises the streets of Medellín, while a young director tells his story in this city marked by conflicts, violence and paradoxes. He remembers his childhood and the discovery of his sexuality.
;/film/bacurau/;446159.0;Bacurau;3.0172;7.63;2019-08-29;131;BR;pt;1430000.0;3554178.0;['Mystery', 'Western', 'Thriller'];['Kleber Mendonça Filho', 'Juliano Dornelles'];[2, 2];['Bárbara Colen', 'Thomás Aquino', 'Silvero Pereira', 'Sonia Braga', 'Udo Kier', 'Thardelly Lima', 'Rubens Santos', 'Wilson Rabelo', 'Carlos Francisco', 'Luciana Souza', 'Karine Teles', 'Antonio Saboia', 'Lia de Itamaracá', 'Buda Lira', 'Clébia Sousa', 'Danny Barbosa', 'Edilson Silva', 'Eduarda Samara', 'Fabíola Líper', 'Ingrid Trigueiro', 'Jamila Facury', 'Jr. Black', 'Márcio Fecher', 'Rodger Rogério', 'Suzy Lopes', 'Uirá dos Reis', 'Val Junior', 'Valmir do Côco', 'Zoraide Coleto', 'Jonny Mars', 'Alli Willow', 'James Turpin', 'Julia Marie Peterson', 'Brian Townes', 'Charles Hodges', 'Chris Doubek', 'Tânia Maria'];[];['Eduardo Serrano'];['Pedro Sotero'];Bacurau, a small town in the Brazilian sertão, mourns the loss of its matriarch, Carmelita, who lived to be 94. Days later, its inhabitants notice that their community has vanished from most maps.
;/film/la-calesita/;455971.0;La calesita;0.7448;8.333;1963-10-30;100;AR;es;0.0;0.0;['Drama', 'Music'];['Hugo del Carril'];[2];['Hugo del Carril', 'Fanny Navarro', 'María Aurelia Bisutti', 'Floren Delbene', 'Mario Lozano', 'Beba Bidart', 'Totón Podestá', 'Jorge de la Riestra', 'Mónica Grey', 'Carmen del Moral', 'Víctor Ayos', 'Francisco Mangussi', 'Domingo Garibotto', 'Corrado Corradi', 'Max Berliner', 'Gilberto Peyret', 'Francisco Audenino', 'Humberto Martínez', 'Roberto Galán', 'Juan Buryúa Rey', 'Yamandú Romero', 'Rafael Chumbito', 'Justo Martínez', 'Carlos Benso', 'Félix Rivero'];['Rodolfo M. Taboada'];['Vicente Castagno'];['Américo Hoss'];When listening to a melody, an old man recalls moments of his childhood.
;/film/rio-100-degrees-f/;146075.0;Rio, 100 Degrees F°;1.1005;7.061;1955-08-24;91;BR;pt;0.0;0.0;['Drama'];['Nelson Pereira dos Santos'];[2];['Jece Valadão', 'Glauce Rocha', 'Roberto Batalin', 'Zé Keti', 'Modesto de Souza', 'Sadi Cabral', 'Mauro Mendonça', 'Ana Beatriz', 'Jackson de Souza', 'Renato Consorte', 'Miguel Rosenberg', 'Castro Gonzaga', 'Martim Francisco', 'Paulo Matozinho', 'Riva Blanche', 'Paulo Montel', 'Arnaldo Montel', 'Al Ghiu'];['Nelson Pereira dos Santos'];['Rafael Justo Valverde'];[];On a scorching summer day in Rio de Janeiro, five impoverished black boys venture out of their favela to peddle peanuts throughout the bustling city. As they navigate the various districts of Rio, they bear witness to a series of unfortunate events and encounters, unfolding a vivid tapestry of urban life in Rio de Janeiro during that period. These true misadventures shed light on the gritty reality of the city, unveiling its vibrant urban tapestry.
;/film/the-secret-agent-2025/;1220564.0;The Secret Agent;10.9204;7.2;2025-07-23;161;BR;pt;5000000.0;18988224.0;['Thriller', 'Drama', 'Crime'];['Kleber Mendonça Filho'];[2];['Wagner Moura', 'Alice Carvalho', 'Gabriel Leone', 'Isabél Zuaa', 'Maria Fernanda Cândido', 'Udo Kier', 'Robson Andrade', 'Rubens Santos', 'Licínio Januário', 'Joálisson Cunha', 'Marcelo Valle', 'Fabiana Pirro', 'Hermila Guedes', 'Márcio De Paula', 'Gregorio Graziosi', 'Buda Lira', 'Suzy Lopes', 'Erivaldo Oliveira', 'Fafá Dantas', 'Geane Albuquerque', 'Isadora Ruppert', 'Wilson Rabelo', 'Aline Marta Maia', 'João Vitor Silva', 'Luciano Chirolli', 'Thomás Aquino', 'Roney Villela', 'Kaiony Venâncio', 'Carlos Francisco', 'Ítalo Martins', 'Igor de Araújo', 'Robério Diógenes', 'Enzo Nunes', 'Tânia Maria', 'Laura Lufési', 'Albert Tenorio', 'Alexis Geller', 'Ane Oliva', 'Anjoum Noorani', 'Ariel Sobral', 'Beto Quirino', 'Cely Farias', 'Edilson Silva', 'Eron Villar', 'Fábio Calamy', 'Fabíola Líper', 'Flávio Melo', 'Gal Moreira Borges', 'Ítalo Barbosa', 'Isabelle Albuquerque', 'Jimmy Astley', 'Jorge Bispo', 'Josinaldo Augusto Lins', 'Lady Patricia', 'Leoncio Rodrigues de Freitas Jr.', 'Lula Terra', 'Marília Linhares', 'Mariza Moreira', 'Mauriceia Conceição', 'Nivaldo Nascimento', 'Paulina Kelly', 'Priscila Ferraz', 'Rafael Lins', 'Rafaela Pavin', 'Renata Caldas', 'Rogério Barbosa', 'Silvestre Luís', 'Stella Mulatinho', 'Toinho Mendes', 'Martin', 'Tomás', 'Nuno', 'Otto', 'Vicente', 'Kcal Gomes Ferraz'];[];['Eduardo Serrano', 'Matheus Farias'];['Evgenia Alexandrova'];Brazil, 1977. Marcelo, a technology expert in his early 40s, is on the run. Hoping to reunite with his son, he travels to Recife during Carnival but soon realizes that the city is not the safe haven he was expecting.
;/film/el-compadre-mendoza/;114626.0;El compadre Mendoza;1.2572;6.7;1934-04-05;85;MX;es;0.0;0.0;['Drama', 'War'];['Fernando de Fuentes'];[2];['Pepe del Río', 'Alfredo del Diestro', 'Carmen Guerrero', 'Antonio R. Frausto', 'Luis G. Barreiro', 'Emma Roldán', 'José Ignacio Rocha', 'Abraham Galán', 'Ricardo Carti', 'Alfonso Sánchez Tello', 'César Rendón', 'José Eduardo Pérez', 'Miguel M. Delgado', 'Max Langler'];['Juan Bustillo Oro', 'Fernando de Fuentes'];['Fernando de Fuentes'];['Ross Fisher'];In the midst of the Mexican Revolution, the landowner Mendoza manages to get along with both the government and the revolutionary group. For the former, he is a supporter of Huerta. For the latter, he is a Zapata supporter. Depending on the political preference of whoever visits him at his hacienda, he has portraits of Huerta or Zapata put up, and organizes a party in honor of his visitors. However, time goes by and the situation becomes untenable. For whom will he take sides?
;/film/safo-historia-de-una-pasion/;501905.0;Safo, historia de una pasión;0.6301;7.0;1943-09-16;98;AR;es;0.0;0.0;['Drama', 'Romance'];['Carlos Hugo Christensen'];[2];['Mecha Ortiz', 'Roberto Escalada', 'Miguel Gómez Bao', 'Guillermo Battaglia', 'Mirtha Legrand', 'Ilde Pirovano', 'Nicolás Fregues', 'Elisardo Santalla', 'Ricardo Canales', 'Elisa Labardén', 'Herminia Mancini', 'Eduardo Cuitiño', 'Olga Zubarry'];[];['Antonio Rampoldi'];[];The relationship between an experienced woman and a youngster which develops in a passion and a further social rejection.
;/film/the-headless-woman/;8898.0;The Headless Woman;1.3224;6.257;2008-08-21;87;AR;es;2700000.0;100177.0;['Drama', 'Mystery'];['Lucrecia Martel'];[1];['María Onetto', 'Claudia Cantero', 'César Bordón', 'Guillermo Arengo', 'Inés Efrón', 'María Vaner', 'Daniel Genoud', 'Alicia Muxo', 'Pía Uribelarrea', 'Andrea Verdun', 'Maira Juárez', 'Liliana De La Fuente', 'Elisabeth Lopez', 'Andrés Siarez', 'Carlos Sánchez', 'Maximiliano Garros', 'Catalino Campos', 'Camilo Sueldo', 'Nilda Silvia Suarez', 'Ana Carolina Beltrán', 'Julia Camisay', 'María Aparicio', 'Soledad Tovi', 'Norberto Raúl Chunco', 'Sebastián Montagna'];['Lucrecia Martel'];['Miguel Schverdfinger'];['Bárbara Álvarez'];After running into something with her car, Vero experiences a particular psychological state. She realizes she might have killed someone.
;/film/brief-heaven/;335489.0;Brief Heaven;1.7716;6.333;1969-06-05;84;AR;es;0.0;0.0;['Drama'];['David José Kohon'];[2];['Alberto Fernández de Rosa', 'Ana María Picchio', 'Gloria Raines', 'Zelmar Gueñol', 'Beto Gianola', 'Alexis Gueñol', 'Mirta Moreno', 'Carlos Antón', 'Felipe Méndez', 'David Llewellyn', 'Remedios Climent', 'Cristina Banegas', 'Roberto Vilas', 'Luis C. Ayala', 'Olga Lyn', 'Lily Vicet', 'Walter Iglesia', 'Lili Verner', 'Viviana Vicet'];[];['Armando Blanco', 'Gerardo Rinaldi'];['Adelqui Camusso'];A young middle-class man and a young girl who has left the slums to work as a prostitute meet by chance on the Plaza de los Ingleses, opposite the emblematic Retiro station in Buenos Aires.
;/film/di-cavalcanti-di-glauber/;74364.0;Di Cavalcanti Di Glauber;0.6148;6.22;1977-03-11;18;BR;pt;0.0;0.0;['Documentary'];['Glauber Rocha'];[2];['Glauber Rocha', 'Emiliano Di Cavalcanti', 'Antônio Pitanga', 'Joel Barcellos', 'Marina Montini'];[];['Roberto Pires'];['Mário Carneiro', 'Nonato Estrela'];This controversial film from director Glauber Rocha records the funeral of his friend, major Brazilian painter Emiliano Di Cavalcanti.
;/film/jackal-of-nahueltoro/;72855.0;Jackal of Nahueltoro;0.8094;6.8;1970-05-04;95;CL;es;0.0;0.0;['Drama', 'Thriller'];['Miguel Littín'];[2];['Nelson Villagra', 'Shenda Román', 'Marcelo Romo', 'Héctor Noguera', 'Luis Alarcón', 'Pedro Villagra', 'Rafael Benavente', 'Rubén Sotoconil', 'Roberto Navarrete', 'Luis Melo', 'Jorge Yáñez', 'Fernando Bellet'];[];['Pedro Chaskel'];['Héctor Ríos'];Based on an actual murder case that ignited a furious debate over the death penalty in Chile in 1960, this experimental social drama portrays the life and death of an illiterate peasant who, while drunk, murdered the woman with whom he had a relationship and her five children.
;/film/la-cucaracha-1959/;102634.0;La Cucaracha;1.1089;6.4;1959-11-12;97;MX;es;0.0;0.0;['Drama', 'Romance', 'War'];['Ismael Rodríguez'];[2];"['María Félix', 'Emilio Fernández', 'Dolores del Río', 'Antonio Aguilar', 'Flor Silvestre', 'Ignacio López Tarso', 'Cuco Sánchez', 'Irma Torres', 'Miguel Manzano', 'Lupe Carriles', 'Humberto Almazán', 'Alicia del Lago', 'Emma Roldán', 'Tito Novaro', 'Manuel Trejo Morales', 'Antonio Haro Oliva', 'David Reynoso', 'Amado Zumaya', ""Manuel Vergara 'Manver'"", 'Armando Gutiérrez', 'Pedro Armendáriz', 'Regino Herrera', 'José Muñoz', 'Rubén Márquez', 'Salvador Terroba', 'Abel Cureño', 'Leonor Gómez', 'Inés Murillo', 'Celia Tejeda', 'Mario Humberto Jiménez Pons']";['Ricardo Garibay', 'José Luis de Celis'];[];['Gabriel Figueroa'];The Mexican Revolution serves as a backdrop to a torrid love triangle composed of three freedom fighters: a colonel, a widow, and a fiery female soldier.
;/film/la-ausencia-1968/;1049413.0;La ausencia;0.6269;7.0;1968-01-01;0;CU;es;0.0;0.0;[];['Alberto Roldán'];[0];['Eduardo Moure', 'Sergio Corrieri', 'Irma Alfonso', 'Carlos Gili', 'Isabel Moreno'];[];[];[];
;/film/madagascar-1995/;389430.0;Madagascar;0.5888;6.5;1995-03-01;54;CU;es;0.0;0.0;['Drama'];['Fernando Pérez'];[2];['Zaida Castellanos', 'Laura de la Uz', 'Isabel Santos', 'Jorge Molina', 'Ramón Brito', 'Susana Alonso', 'Yolanda Ruiz', 'Carmen Rivera', 'Nancy Rodriguez', 'Roberto Delgado', 'Jose Ramon Vigo', 'Basilio Garcia', 'Laura Baluja', 'Armando Zambrano', 'Reynaldo Rojas', 'Jose A. Rojas'];[];[];[];"The 50-minute ""Madagascar"" has the resonance and eloquence of the best poetry, as it deftly turns an adolescent's search for identity into a metaphor for socialist Cuba. Laura is a professor at a shabby, stultifying college. Her daughter, Laurita, stops going to school, wishes to move to Madagascar and quickly races through several phases. One day, she looks like a heavy-metal fan, another like a bohemian who weeps at poetry and art. Slowly, she crosses the line from ordinary adolescent confusion to intense neurosis and beyond, finally becoming so obsessed with religion and good works that she brings 10 homeless children into the cramped house she shares with her mother and grandmother."
;/film/sea-of-roses/;236310.0;Sea of Roses;0.9388;7.333;1977-07-29;99;BR;pt;0.0;0.0;['Comedy', 'Drama'];['Ana Carolina'];[1];['Norma Bengell', 'Otávio Augusto', 'Myrian Muniz', 'Ary Fontoura', 'Cristina Pereira', 'Hugo Carvana', 'Maria Silvia'];[];['Vera Freire'];['Lauro Escorel'];A woman runs away in the company of her daughter, the ultimate brat, in a journey full of bizarre events.
;/film/copacabana-mon-amour/;192568.0;Copacabana Mon Amour;1.3714;7.275;1970-02-13;85;BR;pt;0.0;0.0;['Drama', 'Comedy'];['Rogério Sganzerla'];[2];['Helena Ignez', 'Paulo Villaça', 'Laura Galano', 'Guará Rodrigues', 'Otoniel Serra', 'Joãozinho da Goméia', 'Lilian Lemmertz'];['Rogério Sganzerla'];['Mair Tavares'];['Renato Laclette'];Sônia and her homosexual brother are both believed by their mother to be possessed by the devil. She works as a prostitute in the streets of Copacabana and he’s a servant who falls madly in love with his employer.
;/film/poison-for-the-fairies/;28968.0;Poison for the Fairies;1.6929;7.795;1986-10-02;90;MX;es;0.0;0.0;['Fantasy', 'Horror'];['Carlos Enrique Taboada'];[2];['Ana Patricia Rojo', 'Elsa Maria Gutierrez', 'Leonor Llausás', 'Carmela Stein', 'Maria Santander', 'Ernesto Schwartz', 'Lilia Aragón', 'Hilda Perez Carbajal', 'Marcela Paez', 'Araceli de Leon', 'Patricia Acevedo', 'Laura Almela', 'Arturo Beristáin', 'Rosa Furman', 'Rita Macedo', 'Luis Mario Quiroz', 'Anna Silvetti', 'Hortensia Santoveña', 'Sergio Bustamante'];['Carlos Enrique Taboada'];['Carlos Savage'];['Lupe García'];In 1965 Mexico City, Flavia, a wealthy yet lonely schoolgirl, befriends Veronica, a young orphan girl who has a fascination with witchcraft. Veronica convinces Flavia that she is a real witch and forces her to be her assistant. The children's games gradually become more serious and Veronica demands more from Flavia.
;/film/passacaglia-and-fugue/;400331.0;Passacaglia and Fugue;0.9335;7.3;1975-05-30;19;AR;xx;0.0;0.0;[];['Laura Abel', 'Jorge Honik'];[0, 2];[];[];[];[];A movie filmed almost entirely in the interior of a house on the outskirts of S.C. de Bariloche, on the shores of Nahuel Huapi Lake, over the course of one full winter and the beginning of a spring. The camera, through frame-by-frame tracking and panning shots, goes along revealing furniture, corners, objects and books, using rails in the first instance and a calibrated disk mounted on a tripod in the second. The house vibrates with its own life, revealing almost ghostlike traces and vestiges while the human presence is barely suggested. These shots alternate with others of the landscape: a lake, snow, bushes rattled by the wind, the passing of the seasons, external signs that accentuate the solitude of the interior spaces.
;/film/valparaiso-1963/;79423.0;Valparaiso;1.6095;7.008;1964-08-31;27;CL;fr;0.0;0.0;['Documentary'];['Joris Ivens'];[2];['Roger Pigaut'];['Chris Marker'];['Jean Ravel'];['Georges Strouvé'];In 1962 Joris Ivens was invited to Chile for teaching and filmmaking. Together with students he made …A Valparaíso, one of his most poetic films. Contrasting the prestigious history of the seaport with the present the film sketches a portrait of the city, built on 42 hills, with its wealth and poverty, its daily life on the streets, the stairs, the rack railways and in the bars. Although the port has lost its importance, the rich past is still present in the impoverished city. The film echoes this ambiguous situation in its dialectical poetic style, interweaving the daily life reality (of 1963) with the history of the city and changing from black and white to colour, finally leaving us with hopeful perspective for the children who are playing on the stairs and hills of this beautiful town.
;/film/altiplano-2018/;521074.0;Altiplano;0.6538;5.2;2018-04-27;16;AR;es;0.0;0.0;['Documentary'];['Malena Szlam'];[1];[];[];['Malena Szlam'];['Malena Szlam'];Filmed in the Andean Mountains in the traditional lands of the Atacameño, Aymara, and Calchaquí-Diaguita in Northern Chile and Northwest Argentina, ALTIPLANO takes place within a geological universe of ancestral salt flats, volcanic deserts, and coloured lakes. Fusing earth with sky, day with night, heartbeat with mountain, and mineral with iridescent cloud, ALTIPLANO reveals a vibrating landscape in which a bright blue sun threatens to eclipse a blood-red moon.
;/film/alucarda/;40074.0;Alucarda;1.9507;6.442;1977-12-26;77;MX;es;0.0;0.0;['Horror'];['Juan López Moctezuma'];[2];['Tina Romero', 'Susana Kamini', 'Claudio Brook', 'David Silva', 'Lily Garza', 'Tina French', 'Birgitta Segerskog', 'Adriana Roel', 'Martin LaSalle', 'Manuel Dondé', 'Agustín Isunza', 'Beatriz Martínez', 'Antonia Guerrero', 'Adriana Riveroll', 'Susan Inman', 'Alejandra Moya', 'Paloma Woolrich', 'Marina Isolda', 'Sonia Rangel', 'Colombia Moya', 'Damián Dueñas'];[];['Maximino Sánchez Molina'];['Xavier Cruz'];A young girl's arrival at a convent after the death of her parents marks the beginning of a series of events that unleash an evil presence on the girl and her mysterious new friend, an enigmatic figure known as Alucarda. Demonic possession, Satan worship, and vampirism follows.
;/film/the-wolf-house/;499537.0;The Wolf House;2.2091;7.523;2018-11-01;74;CL;es;245000.0;0.0;['Animation', 'Horror', 'Drama'];['Joaquín Cociña', 'Cristóbal León'];[2, 2];['Amalia Kassai', 'Rainer Krause', 'Karina Hyland', 'Carlos Cociña', 'Natalia Geisse', 'Javiera Ramirez'];[];[];[];After escaping from a religious colony in Chile, Maria seeks shelter in a mansion where she’s taken in by two pigs, its only inhabitants. Like in a stop-motion dream, the universe of the house reacts to her feelings. The animals slowly morph into humans and the house into a dark, menacing world.
;/film/las-piranas/;252548.0;Las pirañas;0.8683;6.4;1967-10-18;98;AR;es;0.0;0.0;['Comedy'];['Luis García Berlanga'];[2];['Sonia Bruno', 'Rodolfo Bebán', 'Osvaldo Miranda', 'Lautaro Murúa', 'Ana María Campoy', 'Marilina Ross', 'Juan Carlos Altavista', 'Darío Vittori', 'Dorys del Valle', 'Linda Peretz', 'Juan Carlos Calabró', 'Perla Caron', 'Paula Marciel', 'Javier Portales', 'Alfonso Estela', 'Mario Savino', 'Luis García Berlanga'];['Rafael Azcona', 'Luis García Berlanga'];['José Luis Matesanz', 'Jorge Gárate'];['Américo Hoss'];Ricardo is an executive who has great success with women and behaves almost like a play-boy. His wife Carmen, an attractive housewife without children, feels ignored by him and seeks solace from her mother, who proposes Carmen a change in the way she acts in order to not permanently lose her husband or fall into madness.
;/film/satanic-pandemonium/;57084.0;Satanic Pandemonium;2.7425;6.448;1975-06-26;89;MX;es;0.0;0.0;['Horror', 'Mystery', 'Thriller'];['Gilberto Martínez Solares'];[2];['Cecilia Pezet', 'Enrique Rocha', 'Delia Magaña', 'Clemencia Colin', 'Veronika Con K.', 'Daniel Albertos', 'Laura Montalvo', 'Yayoi Tokawa', 'Amparo Fustenberg', 'Adarene San Martin', 'Verónica Rivas', 'Sandra Torres'];[];['José W. Bustos'];['Jorge Stahl Jr.'];Sister Maria is known in the convent for her good works and charity, but, in the secret depths of her sexual fantasies, she is tormented by visions of another world - a world where her forbidden passions are allowed to run free. In this world Satan is her master. As her acts of violence and blasphemy mount, Maria realizes that she has been chosen by the Devil to destroy the convent and lead her sister nuns into hell!
;/film/the-naked-angel/;290968.0;The Naked Angel;1.1695;6.429;1946-11-14;78;AR;es;0.0;0.0;['Drama'];['Carlos Hugo Christensen'];[2];['Olga Zubarry', 'Guillermo Battaglia', 'Carlos Cores', 'Eduardo Cuitiño', 'José de Angelis', 'Cirilo Etulain', 'Linda Rodrigues', 'Antonio Rolando', 'Carmem Silva', 'Orestes Soriani', 'Agustín Orrequia', 'Fedel Despres', 'Cecilio de Vega', 'Rafael Almeida'];[];['Francisco Oyarzábal'];['Alfredo Traverso', 'George Fanto'];"A sculptor lends money to a bankrupt man, who agrees to allow his daughter pose for the sculptor's next work. The film caused a scandal in Argentina for the depiction of then 17-year-old Olga Zubarry's naked back. Adaptated from the novel ""Fräulein Else"" by Arthur Schnitzler."
;/film/the-witchs-mirror/;42993.0;The Witch's Mirror;0.9698;6.857;1962-07-12;75;MX;es;0.0;0.0;['Horror'];['Chano Urueta'];[2];['Rosita Arenas', 'Armando Calvo', 'Isabela Corona', 'Dina de Marco', 'Carlos Nieto', 'Alfredo Wally Barrón'];['Alfredo Ruanova', 'Carlos Enrique Taboada'];['Alfredo Rosas Priego'];['Jorge Stahl Jr.'];A husband murders his wife, and years later her ghost emerges from a witch's mirror to take her revenge.
;/film/common-ground-2002/;32546.0;Common Ground;0.9962;7.848;2002-10-04;110;ES;es;0.0;0.0;['Drama'];['Adolfo Aristarain'];[2];['Federico Luppi', 'Mercedes Sampietro', 'Arturo Puig', 'Carlos Santamaría', 'Valentina Bassi', 'Claudio Rissi', 'Osvaldo Santoro', 'José Luis Alfonzo', 'Yael Barnatán', 'Graciela Tenenbaum', 'María Fiorentino', 'Pepe Soriano', 'Florencia Merlo', 'Patricia Pan', 'Micaela González', 'Lucas Ligorría', 'Javier Ortiz', 'Guillermo Ayuso'];[];['Fernando Pardo'];['Porfirio Enríquez'];In Buenos Aires, a few days before traveling to Spain with his beloved wife Liliana Rovira to visit their son Pedro, the leftist Literature professor Fernando Robles is compulsory retired in the University, and he concludes that it is impossible to live with his pension. The crisis in Argentina does not allow Fernando to get a new job, and his wife decides to sell her family's apartment and move to a small farm near Villa Dolores to reduce their expenses. Fernando comes up with the idea to grow lavender and sell the oil to the perfume industry.
;/film/crystal-eyes/;488604.0;Crystal Eyes;0.7291;6.0;2017-11-19;82;AR;es;0.0;0.0;['Horror', 'Mystery', 'Thriller'];['Ezequiel Endelman', 'Leandro Montejano'];[0, 0];['Silvia Montanari', 'Anahí Politi', 'Erika Boveri', 'Ernesto Claudio', 'Valeria Giorcelli', 'Camila Pizzo', 'Diego Benedetto', 'Agustina Del Rosal', 'Victoria Del Rosal', 'Adriana Salgueiro', 'Nerina Balza', 'Lux Valladolid', 'Claudia Lapacó', 'Diana María', 'Fanny Mandelbaum', 'Silvia Fernández Barrio', 'Adriana Pregliasco', 'Andrés Borghi', 'Pola Harlow', 'Rocio Sueiro', 'Franco La Pietra', 'Towa Ginger', 'Bárbara Tilli', 'Florencia Fernández Mora', 'Issis Trash', 'Natalia Bagnarelli', 'Nacho Joshas'];[];['Ezequiel Endelman'];[];Buenos Aires, 1985. It's the first anniversary of the death of Alexis Carpenter, the unstable supermodel who died tragically when she was set on fire while closing a runaway show. Lucia L'uccello - Editor-in-Chief of the most important magazine in Buenos Aires - chooses supermodels Eva Lantier and Irene del Lago to honor Alexis on the cover of the anniversary issues dedicated to the famous model. The night before the photo shoot, Alexis's original dresses that were going to be used by the models are stolen. From that moment, members of the important fashion magazine and the agency begin to disappear, one by one, at the hands of a stealthy, sinister female silhouette in a long black leather raincoat. Is someone seeking revenge? Or has Alexis returned from the grave?
;/film/death-in-buenos-aires/;296778.0;Death in Buenos Aires;1.6806;5.918;2014-05-05;93;AR;es;26000000.0;0.0;['Crime', 'Drama', 'Mystery'];['Natalia Meta'];[0];['Demián Bichir', 'Chino Darín', 'Carlos Casella', 'Mónica Antonópulos', 'Emilio Disi', 'Jorgelina Aruzzi', 'Hugo Arana', 'Luisa Kuliok', 'Fabián Arenillas', 'Humberto Tortonese', 'Gino Renni', 'Javier Ulises Maestro', 'Ariel Chavarría', 'Maxi Diorio', 'Nehuen Penzotti', 'Martín Wullich', 'Arturo Goetz'];[];['Eliane Katz'];['Rolo Pulpeiro'];Detective Chávez, a family man and a tough cop, is put in charge of the investigation into a homicide that took place in the most exclusive circles of high society 1980s Buenos Aires. At the crime scene, Chávez meets officer Gómez, nicknamed The Goose, a good-looking rookie who becomes his right-hand man and goes undercover as bait to catch the murderer.
;/film/dieciseis-anos/;334055.0;Dieciséis años;0.8383;6.8;1943-05-12;62;AR;es;0.0;0.0;['Drama'];['Carlos Hugo Christensen'];[2];['María Duval', 'Alicia Barrié', 'George Rigaud', 'Mariana Martí', 'Amalia Sánchez Ariño', 'Aurelia Ferrer', 'Carlos Ginés', 'Francisco López Silva', 'Amelia Peña', 'Pepita Gómez', 'Betty Blain', 'Susana Canales', 'Olga Zubarry'];[];['Antonio Rampoldi'];['Alfredo Traverso'];A naive teenager faces a distressing reality that will force her to mature and face her emotions.
;/film/elena-2013/;160859.0;Elena;1.406;7.268;2013-04-11;82;BR;pt;0.0;0.0;['Documentary', 'Drama'];['Petra Costa'];[1];['Li An', 'Elena Andrade', 'Petra Costa'];[];['Marilia Moraes', 'Tina Baz', 'Idê Lacreta'];"['Miguel Vassy', 'Will Etchebehere', ""Janice D'Avila""]";Petra heads to New York in search of her older sister after a long time of being separated. They are both movie actresses and heirs of the wounds of the Brazilian dictatorship. But Petra has only a few clues: home movies, newspaper clippings, a diary...
;/film/memoirs-of-a-strangler-of-blondes/;249556.0;Memoirs of a Strangler of Blondes;1.0045;7.5;1971-01-01;71;BR;pt;0.0;0.0;['Drama', 'Horror'];['Júlio Bressane'];[2];['Guará Rodrigues', 'Helena Ignez'];[];['Júlio Bressane', 'Gilberto Macedo'];['Laurie Gane'];"First film by Julio Bressane shot in exile, ""Memoirs"" is a film about a man who repeatedly kills the same type of woman in same places, the same way. Filmed on the streets of London."
;/film/sao-paulo-incorporated/;74360.0;São Paulo, Incorporated;1.6207;8.11;1965-01-01;109;BR;pt;0.0;0.0;['Drama'];['Luiz Sérgio Person'];[2];['Walmor Chagas', 'Eva Wilma', 'Ana Esmeralda', 'Otelo Zeloni', 'Darlene Glória', 'Nadir Fernandes', 'Osmano Cardoso', 'Sílvio Rocha', 'Armando Paschoal', 'Altamiro Martins', 'Armando Sganzerla', 'Etty Fraser', 'Kléber Macedo', 'Carmen Maria', 'Cecília Rabelo', 'Lenoir Bittencourt', 'Maria Lysia', 'Mário Audrá', 'Victorio Bondiolli', 'João Chalherani', 'Jean Lafront', 'Marcos Newman', 'Marta Gonda', 'Renato Gonda', 'Ricardo Gonda'];['Luiz Sérgio Person'];['Glauco Mirko Laurelli'];['Ricardo Aronovich'];Carlos is a young man from the São Paulo middle class who works for a big company during a time when foreign automobile industries were settling in Brazil. Shortly after, he accepts a job at a factory that makes automobile parts, where he becomes manager. To a certain extent, he is a family man who works hard, earns well and lives unsatisfied. Without any prospects in his life to change the condition he rejects, his last resort is escaping.
;/film/the-house-at-the-end-of-time/;207686.0;The House at the End of Time;1.8594;6.822;2013-06-21;101;VE;es;300000.0;4588899.0;['Horror', 'Drama', 'Fantasy'];['Alejandro Hidalgo'];[0];['Ruddy Rodriguez', 'Gonzalo Cubero', 'Guillermo García', 'Adriana Calzadilla', 'Rosmel Bustamante', 'Hector Mercado', 'Miguel Flores', 'Simona Chirinos'];[];['Judilam Goncalves Montilla', 'Alejandro Hidalgo', 'Miguel Ángel García'];[];The story of Dulce, a mother who has encounters with apparitions inside her old house. She must decipher a mystery that could trigger a prophecy: the death of her family.
;/film/the-untamed/;387801.0;The Untamed;3.2437;5.933;2016-05-15;98;MX;es;0.0;0.0;['Science Fiction', 'Drama', 'Thriller', 'Horror'];['Amat Escalante'];[2];['Ruth Ramos', 'Simone Bucio', 'Jesús Meza', 'Eden Villavicencio', 'Kenny Johnston', 'Pablo López Pérez', 'Zair Alberto Gutiérrez', 'Oscar Escalante', 'Bernarda Trucha', 'Andrea Peláez'];['Gibrán Portela', 'Amat Escalante'];['Jacob Secher Schulsinger', 'Fernanda de la Peza'];['Manuel Alberto Claro'];A meteorite deposits an alien monster with strange powers near the home of an unhappy couple.
;/film/through-the-ruins/;330988.0;Through the Ruins;0.6404;5.7;1982-03-16;9;AR;es;0.0;0.0;['Documentary'];['Claudio Caldini'];[2];[];[];[];[];"To film without looking trough the viewfinder; to emulate a tactile, subconscious vision. This was the intention of ""A traves de las ruinas"", made during the Falklands War (April-May 1982). The camera is a vacillating gaze that moves about in the darkness or is blinded by flickering. At the beginning, it delves into the sea, later it represents aerial bombardments through urban lights. Silhouettes of human figures appear that never manage to connect with each other. Scarcely lit places, photographed on the ""threshold or exposure""; wintry, generalized interaction of spaces, distances and dynamics. A continual present made up of intuitions and imprecise memories."
;/film/pinochets-women/;485050.0;Pinochet's Women;3.0809;0.0;2005-03-16;12;CL;es;0.0;0.0;[];['Eduardo Menz'];[2];[];[];[];[];The filmmaker juxtaposes testimonies by Carmen Gloria Quintana, an activist set afire by soldiers of Pinochet's regime, with images of Cecilia Bolocco, first Chilean to win the Miss Universe beauty pageant, being congratulated by the dictator.
;/film/the-given-word/;59990.0;The Given Word;2.2;8.1;1962-04-17;98;BR;pt;0.0;0.0;['Drama'];['Anselmo Duarte'];[2];['Leonardo Villar', 'Glória Menezes', 'Dionísio Azevedo', 'Geraldo del Rey', 'Roberto Ferreira', 'Othon Bastos', 'Antônio Pitanga', 'Gilberto Marques', 'Norma Bengell', 'Jurema Penna', 'Milton Gaúcho', 'Enoch Torres', 'Carlos Torres', 'João Di Sordi', 'Veveldo Diniz', 'Maria Conceição', 'Irênio Simões', 'Walter da Silveira', 'Napoleão Lopes Filho', 'Cecília Rabelo', 'Alair Liguori', 'Canjiquinha', 'Ignácio de Loyola Brandão', 'Garibaldo Matos'];['Anselmo Duarte', 'Dias Gomes'];['Carlos Coimbra'];['H.E. Fowle'];Zé is a very poor man whose most prized possession is his donkey. When his donkey falls terminally ill, Zé makes a promise to Saint Bárbara: If his donkey recovers, he will carry a cross - like Jesus - all the way from his city to Saint Bárbara's church, in the state capital. Upon the recovery of his donkey, Zé leaves on his journey. He makes it to the church, but the priest refuses to accept the cross once he discovers the context of Zé's promise.
;/film/dialogues-of-the-exiles/;258563.0;Dialogues of the Exiles;0.6016;6.429;1975-04-23;104;CL;es;0.0;0.0;['Drama'];['Raúl Ruiz'];[2];['Daniel Gélin', 'Françoise Arnoul', 'Huguette Faget', 'Sergio Hernández', 'Luis Poirot', 'Okacha Touita', 'Edgardo Cozarinsky', 'Valeria Sarmiento', 'Carla Cristi', 'Carlos Solanos', 'Jorge Barra', 'Alfonso Varela', 'Irene Domínguez', 'Chacho Urteaga', 'Pablo de la Barra', 'Percy Matas', 'Etienne Bolo', 'Humberto Miranda', 'Waldo Rojas', 'Aquiles Varas'];['Raúl Ruiz'];['Valeria Sarmiento'];['Gilberto Azevedo'];Chilean exiles in Paris discuss the problems facing them. They kidnap and attempt to re-educate a touring singer from their fatherland.
;/film/longitud-de-guerra/;341323.0;Longitud de Guerra;0.973;5.857;1976-12-21;142;MX;es;0.0;0.0;['Thriller', 'Action', 'Drama', 'Western'];['Gonzalo Martínez Ortega'];[2];"['Narciso Busquets', 'Pedro Armendáriz Jr.', 'Aarón Hernán', 'Lina Montes', 'Jorge Humberto Robles', 'Martha Navarro', 'Ramón Menéndez', 'Víctor Alcocer', ""Eugenia D'Silva"", 'Lucía Guilmáin', 'Oscar Morelli', 'Rodrigo Puebla', 'Fernando Balzaretti', 'Juan Ángel Martínez', 'Bruno Rey', 'Evangelina Martínez', 'Dora Elsa Olea', 'Sebastián Ligarde', 'Rogelio Flores', 'Roberto Sosa Sr.', 'Armando Coria', 'Enrique Grey', 'César Sobrevals', 'Ángel de la Peña', 'José Antonio Mena', 'Jesús Gómez', 'Rosalinda España', 'Salvador Godínez', 'Guillermo Estrada', 'Gregorio Acosta', 'Julio Martínez', 'José Martí', 'Arthur Nations', 'José Luis Almada', 'Héctor Sáez', 'Alma Delfina', 'Lolita Palacio', 'Jaime Fernández', 'Mario Almada', 'Pancho Córdova', 'Hugo Stiglitz', 'Héctor Suárez', 'José Gálvez', 'Roberto Cañedo', 'Jorge Russek', 'Leticia Perdigón']";[];['Carlos Savage'];[];"Based on the novel Tomochic by Heriberto Frías; tells the story of the rebellion of the inhabitants of the village of Tomochi, Chihuahua, against the government of Porfirio Diaz in 1891. Mexico's submission for the Academy Award for Best Foreign Language Film in 1976."
;/film/orpheus-and-eurydice-1976/;1183426.0;Orpheus and Eurydice;0.5745;0.0;1976-06-11;12;AR;es;0.0;0.0;[];['Narcisa Hirsch'];[1];[];[];[];[];"Orpheus' song tames scales and dolphins, dictates laws to the wind and sets the rhythm of the oars that move the sea. Those who listen to it remain motionless in contemplation.  Between bodies, the Patagonian landscape and the crossing of boundaries with the private record of a vacation, Narcisa Hirsch and Rafael Maino unfold among the melodies of a passage from Orphee et Eurydice. This film also bears the name ""Rafael, 1976"" and can be considered part of the series of the diaries with ""Rafael, agosto 1984""."
;/film/the-secret-nation/;145504.0;The Secret Nation;1.7924;8.367;1989-09-15;122;BO;es;0.0;0.0;['Drama'];['Jorge Sanjinés'];[2];['Reynaldo Yujra', 'Delfina Mamani', 'Orlando Huanca', 'Roque Salgado', 'Willy Pérez', 'Luis Severich', 'Percy Brum', 'Macario Zurco', 'Juan Carlos Calcina', 'Zulema Bustamante', 'Víctor Condori', 'Tatiana Mancilla', 'Julia Baltazar', 'Felix Quisbert G.', 'Jaime Gonzales', 'José Flores', 'Grover Loredo', 'Isabel Melazini', 'Elenita Apaza', 'Eduardo Martinez', 'Ruben Portugal', 'Arminda Merida', 'Marcos Lavayen', 'Romulo Soliz', 'Boris Nieto', 'Carlitos Limachi', 'Maxima Gonzales', 'Nora Lopez'];[];['Jorge Sanjinés'];['César Pérez'];Sebastian Mamani returns to his Aymara community from which he was expelled long ago. He is carrying the great mask of death, he must dance 'til death.
;/film/hardly-a-criminal/;252696.0;Hardly a Criminal;0.8074;6.875;1949-03-22;88;AR;es;0.0;0.0;['Crime', 'Drama'];['Hugo Fregonese'];[2];['Jorge Salcedo', 'Sebastián Chiola', 'Tito Alonso', 'Linda Lorena', 'Tito Grassi', 'Guillermo Casali', 'Mario Cozza', 'Rodolfo Crespi', 'Homero Cárpena', 'José de Angelis', 'Mauricio Espósito', 'Alfonso Ferrari Amores', 'Josefa Goldar', 'Jacinto Herrera', 'Gaby Jerrico', 'Raúl Luar', 'Fausto Padín', 'Alberto Peyrou', 'Nathán Pinzón', 'Anibal Romero', 'Orestes Soriani', 'José A. Vázquez'];[];['Jorge Gárate', 'Tulio Demicheli'];['Roque Giaccovino'];A bank employee uses a loophole in Argentine law to concoct the perfect crime, planning to reap the rewards of his embezzlement after serving six years in prison…
;/film/o-canto-da-saudade/;194698.0;O Canto da Saudade;1.3365;7.0;1952-08-18;100;BR;pt;0.0;0.0;['Music', 'Romance', 'Drama', 'Adventure'];['Humberto Mauro'];[2];['Mário Mascarenhas', 'Claudia Montenegro', 'Humberto Mauro', 'Alfredo de Almeida', 'Zizinha Macedo', 'Alcir Damata', 'Bruno Mauro', 'Bandeira Duarte', 'Landa Gory', 'Silveira Sampaio', 'Luís Delfino', 'Nicette Bruno', 'Flávio Cordeiro'];['Humberto Mauro'];['Luiz Mauro'];['José A. Mauro'];Coronel Januário's goddaughter, Maria Fausta, is having a secret affair with João do Carmo. While her godfather is engaged in his political campaign for mayor of the city, the couple disappears. Galdino, an accordionist who is secretly in love with her, goes looking for them.
;/film/our-voice-of-earth-memory-and-future/;272685.0;Our Voice of Earth, Memory and Future;0.6161;6.938;1982-02-01;110;CU;es;0.0;0.0;['Documentary'];['Marta Rodríguez', 'Jorge Silva'];[1, 2];['Diego Vélez', 'Eulogio Gurrute', 'Julián Avirama'];[];['Caíta Villalón', 'Marta Rodríguez', 'Jorge Silva'];['Jorge Silva'];The struggles of the community of the Coconuco indigenous reservation in Cauca, which by the eighteenth-century royal card is entitled to 10,000 hectares, and in 1971 it barely has 1,500.
;/film/rodrigo-d-no-future/;177579.0;Rodrigo D. No Future;0.716;7.0;1990-07-23;92;CO;es;0.0;0.0;['Crime', 'Drama', 'Music'];['Víctor Gaviria'];[2];['Ramiro Meneses', 'Carlos Mario Restrepo', 'Jackson Idrian Gallego', 'Vilma Díaz', 'Óscar Hernández', 'Irene de Galvis', 'Wilson Blandón', 'Leonardo Favio Sánchez', 'Johana Hernández', 'John Jairo Gómez', 'Albeiro Cardona', 'Dora Cano', 'Gustavo Luna', 'Albeiro Sánchez', 'Nelson Suarez', 'Mary Restrepo', 'Nohemí Arango', 'Amparo de Giraldo', 'Fredy Osorno', 'Vicky Castro', 'Federico Restrepo', 'Piedad Castro', 'César Suárez', 'Omar Arroyave', 'Doris Ortega', 'Leonidas Zapata', 'Martín Villegas', 'Wilmar Galeano', 'Hernando Torres', 'Iván Amaya', 'Juan Escobar', 'Alvaro Garcés', 'Eduardo Leal', 'Winston James Milán', 'Guillermo Muñoz', 'Francisco Márin', 'Oswaldo Ordoñez', 'Wolfgang Restrepo'];[];['Víctor Gaviria', 'Luis Alberto Restrepo'];[];Rodrigo and his friends, restless teenagers from the marginalized neighborhoods on the hillsides of Medellín, spend their time causing trouble. But Rodrigo dreams of playing rock music and brings his friends together to form a punk band that becomes a lifeline amid a web of disorientation, violence, drugs, and fear.
;/film/terminal-young/;1110738.0;Terminal Young;2.4765;6.85;2023-04-22;128;AR;es;0.0;0.0;['Drama', 'Comedy'];['Lucía Seles'];[1];['Ignacio Sánchez Mestre', 'Susana Pampín', 'Laura Nevole', 'Pablo Ragoni', 'Gabriela Ditisheim', 'Martín Aletta', 'Fernando Borrás', 'Amelia Pena', 'Andrés Rasdolsky', 'Magdalena Schavelzon', 'Juan José Vidal', 'Santiago Badillo', 'María Magdalena González', 'Oscar Mariños', 'Daniel Ortega'];[];['Lucía Seles'];['Sebastián Toro', 'Daniel Ortega', 'Christian Colace'];A woman who suffered a serious incident with a violent tennis player -in other video of herself- now dates a shy, insecure jazz musician from Ramos Mejía, but she feels stronger and more glad with everything.
;/film/the-beast-must-die-1952/;421101.0;The Beast Must Die;0.9118;7.1;1952-05-28;104;AR;es;0.0;0.0;['Drama', 'Thriller'];['Román Viñoly Barreto'];[2];['Narciso Ibáñez Menta', 'Guillermo Battaglia', 'Milagros de la Vega', 'Laura Hidalgo', 'Nathán Pinzón', 'Beba Bidart', 'Ernesto Bianco', 'Gloria Ferrandiz', 'Humberto Balado', 'Josefa Goldar', 'Jesús Pampín', 'Amalia Bernabé', 'Ricardo Argemí', 'Warly Ceriani', 'Carlos Cotto', 'Eduardo Moyano', 'Osvaldo Bruzzi', 'Ángel Eleta', 'Marcelo Lavalle', 'Rafael Salvatore'];['Narciso Ibáñez Menta', 'Román Viñoly Barreto'];['José J. Serra'];['Alberto Etchebehere'];A crime writer searching for the truth about a personal tragedy becomes involved in a murder investigation.
;/film/a-dios/;399676.0;A-Dios;0.6728;5.0;1989-01-01;22;AR;en;0.0;0.0;[];['Narcisa Hirsch'];[1];[];[];[];[];"The role of men returning from the war; it is the end of the battles and ideologies."
;/film/camila/;42085.0;Camila;2.4729;7.167;1984-05-17;109;AR;es;0.0;0.0;['Drama', 'Romance'];['María Luisa Bemberg'];[1];['Susú Pecoraro', 'Imanol Arias', 'Héctor Alterio', 'Elena Tasisto', 'Carlos Muñoz Arosa', 'Héctor Pellegrini', 'Juan Leyrado', 'Cecilio Madanes', 'Claudio Gallardou', 'Boris Rubaja', 'Alberto Busaid', 'Lidia Catalano', 'Zelmar Gueñol', 'Jorge Hacker', 'Carlos Marchi', 'Roxana Berco', 'Alejandra Colunga', 'Alejandro Marcial', 'Oscar Núñez', 'Jorge Ochoa', 'Fernando «Tacholas» Iglesias', 'Mona Maris', 'Armando Capo', 'Martín Coria', 'Olga Veyra', 'Cido Vianna', 'Carlos Rivkin', 'Yanina Amato', 'Mariana Cuello', 'Alejandro Valls', 'Luciano Castellano', 'Manuel Vicente', 'Juan Carlos Galbarsanini', 'Lelio Incrocci', 'Jean Pierre Reguerraz', 'Juan Manuel Tenuta'];[];"[""Luis César D'Angiolillo""]";[];In 1847 Buenos Aires, a young noblewoman and a young Jesuit fall in love, much to the disapproval of her family and the Church.
;/film/dark-angel-1942/;295230.0;Dark Angel;0.779;6.5;1942-08-12;126;MX;es;0.0;0.0;['Drama', 'Mystery', 'Thriller'];['Juan Bustillo Oro'];[2];['Emilio Tuero', 'Marina Tamayo', 'Isabela Corona', 'Joaquín Pardavé', 'Dolores Camarillo', 'Manolo Fábregas', 'Roberto Meyer', 'Paz Villegas', 'Conchita Gentil Arcos', 'Rafael Icardo', 'Tony Díaz', 'Max Langler', 'Carlos L. Cabello', 'Salvador Quiroz', 'Humberto Rodríguez', 'Roberto Cañedo', 'Amanda del Llano', 'Rita Macedo'];[];['Mario González'];[];Despite the strange death of Jorge's previous wives, Elisa decides to marry him.
;/film/desde-la-habana-1969-recordar/;485045.0;Desde la Habana ¡1969! Recordar;2.4311;5.0;1969-07-11;17;CU;es;0.0;0.0;['Documentary'];['Nicolás Guillén Landrián'];[2];[];[];[];[];In this short Guillén Landrían weaves together the national revolutionary project with the lunar landing by Apollo 11, Tomás Gutierrez Aléa's iconic Memories of Underdevelopment (1968), advertisements, and the Beatles.
;/film/inca-de-oro/;707921.0;Inca de Oro;0.7606;10.0;1996-04-15;85;CL;es;0.0;0.0;['Drama', 'Documentary'];['Carmen Castillo', 'Sylvie Blum'];[1, 0];[];[];['Yves Deschamps'];['Jacques Gaudin'];Alba lives in Paris. She is the daughter of a Chilean who was murdered under Pinochet. On TV, she discovers the face and name of the executioner of her mother. She decides to go to Chile for revenge.
;/film/serpents-of-the-pirate-moon/;422475.0;Serpents of the Pirate Moon;0.5645;5.333;1973-12-20;93;DO;en;0.0;0.0;['Drama'];['Jean-Louis Jorge'];[2];['Sylvia Morales', 'Sahdji', 'Jonna Ruiz', 'Dagoberto Lopez', 'Eddie Rosado', 'Paul Young', 'Jean-Philippe Carson', 'Juliet Graham'];[];[];[];A woman who works in a night club starts having obsessive thoughts, beginning to lose her hold on reality.
;/film/the-prince-of-nanawa/;808224.0;The Prince of Nanawa;0.9803;0.0;2026-06-19;212;AR;es;0.0;0.0;['Documentary'];['Clarisa Navas'];[1];['Ángel Stegmayer Caballero', 'Clarisa Navas', 'Lucas Gabriel Olivares'];[];['Florencia Gómez García', 'Federico Atehortúa Arteaga'];['Lucas Gabriel Olivares', 'Clarisa Navas'];On a bustling footbridge separating Argentina and Paraguay, where people traffic all kinds of things in a mix of Guarani and Spanish, we meet Angel. Over the course of the next ten years, Angel will have to make decisive choices for his future.
;/film/ana-and-the-others/;48596.0;Ana and the Others;0.8069;6.4;2004-07-28;80;AR;es;0.0;0.0;['Drama'];['Celina Murga'];[1];['Camila Toker', 'Ignacio Uslenghi', 'Juan Cruz Díaz la Barba', 'Natacha Massera', 'Natalia Gómez Alarcón'];[];['Martín Mainoli'];"[""José María 'Pigu' Gómez"", 'Marcelo Lavintman']";Twenty-something Ana, now living in Buenos Aires, returns to her native city of Paraná. She meets old school mates, old friends, makes new ones, and starts to rethink her life, and perhaps change her future.
;/film/enough-praying/;392459.0;Enough Praying;1.4009;7.5;1972-08-28;80;CL;es;0.0;0.0;['Drama'];['Aldo Francia'];[2];['Marcelo Romo', 'Tennyson Ferrada', 'Leonardo Perucci', 'Roberto Navarrete', 'Claudia Paz', 'Rubén Sotoconil', 'Gonzalo Palta', 'Arnaldo Berríos', 'Mónica Carrasco', 'Mario Montilles', 'Osvaldo Rodríguez Musso'];['Aldo Francia', 'José Román', 'Jorge Durán', 'Dario Marcotti'];['Rudolfo Wedeles', 'Carlos Piaggio'];['Silvio Caiozzi'];"Many socially-concerned priests in Catholic Latin America have at some time left their parish churches to go and work in the fields and factories of the poor. Such priests, usually adherents of ""liberation theology,"" are called ""worker-priests."" This Chilean film tells the story of how one man became a ""worker-priest"" and won the trust of the poor."
;/film/la-fe-del-volcan/;481173.0;La fe del volcán;1.1442;5.833;2002-10-31;90;AR;es;10000.0;0.0;['Drama'];['Ana Poliak'];[1];['Mónica Donay', 'Jorge Prado', 'Alejandra Álvarez', 'Luis Morazzoni', 'Ana Poliak', 'Matel Golombek'];[];['Ana Poliak'];[];Ani, an apprentice hairdresser who loses her job meets Danilo, a forty-something street scissors sharpener.
;/film/light-in-the-tropics/;665406.0;Light in the Tropics;0.9397;4.75;2020-02-25;259;BR;pt;0.0;0.0;['Drama'];['Paula Gaitán'];[1];['Carloto Cotta', 'Clara Choveaux', 'Kanu Kuikuro', 'Maíra Senise', 'Begê Muniz', 'Arrigo Barnabé', 'Vincenzo Amato', 'Daniel Passi', 'Erik Martíncues', 'Nilton Amazonas', 'John Scott-Richardson', 'Jack Manley', 'Vitor Peruare', 'Carolina Virguez', 'Paulo Nazareth'];[];['Paula Gaitán'];['Pedro Urano'];A film like a monument: Luz nos Trópicos is a tribute to the rich greens of the Amazon and the forests of New England in winter, celebrating the indigenous peoples of continental America and flowing as a film as freely as a winding river.
;/film/return-to-the-nest/;335366.0;Return to the Nest;0.617;5.9;1938-01-02;87;AR;es;0.0;0.0;['Drama'];['Leopoldo Torres Ríos'];[2];['José Gola', 'Amelia Bence', 'Cielito', 'Araceli Fernández', 'Julio Renato', 'Anita Jordán', 'Vicente Forastieri', 'Ernesto Villegas', 'Roberto Torres', 'Pascual Pellicciotta', 'Mario Mario', 'Juan Siches de Alarcón', 'Enrique del Cerro'];['Leopoldo Torres Ríos'];['José Cardella'];['Carlos Torres Ríos'];Enrique, a gray office worker who lives a marriage already without passion begins to rethink his life when he receives an anonymous who says that his wife deceives him.
;/film/the-heights-of-cumanday/;222223.0;The Heights of Cumanday;1.7802;5.0;1965-01-01;18;CO;es;0.0;0.0;['Documentary'];['Gabriela Samper', 'Ray Witlin'];[0, 0];[];[];[];[];Calentoso, is a young boy that must transport mules across the mountains. He will be challenged to discover the deep secrets that the summit entails. This film is based on the legend of the ghost of the Ruiz Snow Mountain in the Region of Cumanday in Colombia.
;/film/anacrusa-1979/;584998.0;Anacrusa;0.712;6.167;1979-05-17;102;MX;es;0.0;0.0;['Drama'];['Ariel Zúñiga'];[2];['Adriana Roel', 'Carlos Castañon', 'Juan Ángel Martínez', 'Sergio Calderón', 'Alma Levy', 'Eduardo López Rojas', 'Pedro Damián'];[];['Ariel Zúñiga'];['Antonio Ruiz', 'Santiago Navarrete', 'Toni Kuhn'];The divorced university professor, Victoria, signs a letter of protest for the political disappeared that her students request, although she is not interested in politics. That afternoon his daughter, a twenty-year-old medical student, disappears. This event will change the vision of Victoria and her participation together with relatives of other political disappeared to obtain justice.
;/film/luzs-motives/;240592.0;Luz's Motives;0.653;5.444;1986-02-06;96;MX;es;0.0;0.0;['Drama', 'History', 'Crime'];['Felipe Cazals'];[2];['Patricia Reyes Spíndola', 'Delia Casanova', 'Marta Aura', 'Ana Ofelia Murguía', 'Alonso Echánove', 'Carlota Villagrán', 'Dunia Saldívar', 'Georgina Chavira', 'Adriana Rojo', 'María Prado', 'Luz María Peña', 'Socorro Camacho', 'Juan de la Loza', 'José Ángel García', 'Carlos Cardán', 'Maribel Zúñiga', 'Moisés Ramírez', 'Daniel Mujica', 'Víctor Martínez', 'Octavio Cruz'];[];['Sigfrido García Jr.'];['Ángel Goded'];Luz is in jail, accused of murdering her own children. Her husband and her mother-in-law say she killed them in cold blood. Dr. Rebollar tries to help the woman, but she refuses to remember anything. Luz thinks of jail as the purgatory: it's only one step to reach the Heaven.
;/film/casa-particular/;747050.0;Casa Particular;0.48;0.0;1990-09-22;10;CL;es;0.0;0.0;['Documentary'];['Gloria Camiruaga'];[1];[];[];[];[];"Documentary record of the performance made by ""Las yeguas del apocalipsis"", ""La Última Cena"" is staged, it also includes testimonies of the transvestites in the brothel, in bars in locations of downtown Santiago."
;/film/fernando-has-returned/;347356.0;Fernando has Returned;0.45;8.0;1998-03-21;31;CL;es;0.0;0.0;['Documentary'];['Silvio Caiozzi'];[2];[];['Silvio Caiozzi'];['Silvio Caiozzi'];['Silvio Caiozzi'];The film narrates the process in which two female forensic doctors, responsible for the Office of Identification of Legal Medical Institute of Santiago, fail to determine the identity of bodies that presumed are prisoners, detained and disappeared during the military dictatorship of Augusto Pinochet (1973- 1990).
;/film/greatest-hits/;142158.0;Greatest Hits;0.5453;6.1;2012-08-02;103;MX;en;320000.0;2333.0;['Comedy', 'Drama'];['Nicolás Pereda'];[2];['Gabino Rodríguez', 'Teresa Sánchez', 'José Rodríguez López', 'Luisa Pardo'];[];['Nicolás Pereda'];['Alejandro Coronado', 'Pedro Gómez Millán'];"When Gabino's father returns home after a long absence, the two men awkwardly attempt to re-establish a relationship; but Gabino and his mother quickly tire of this man who has become a stranger to them and decide to kick him out, before realizing that he has already left. Gabino eventually tracks his father down and spends time with him in his rundown apartment, trying to figure out if there is any possibility for the two of them to ever truly communicate. Though Greatest Hits continues Pereda's exploration of his perennial themes of absence, masculinity and the difficulty of maintaining a family, it opens up a whole new set of aesthetic questions through a bold formal gambit: halfway through, the entire narrative reboots and starts from scratch with another actor playing one of the key characters, leading to different iterations of events already witnessed."
;/film/silent-witnesses-2023/;1064488.0;Silent Witnesses;1.9594;10.0;2023-03-02;78;CO;es;0.0;0.0;['Documentary', 'Drama', 'Romance'];['Luis Ospina', 'Jerónimo Atehortúa Arteaga'];[2, 2];['Roberto Estrada Vergara', 'Mara Meba', 'Rafael Burgos'];[];[];[];Mudos testigos is a cinematographic collage made from all the surviving material of Colombian silent films, re-editing the images in such a way as to create a single imaginary film: the impossible love story of Efraín and Alicia that traces the convulsive first half of the twentieth century in Colombia.  Compiled by the late Luis Ospina and finished posthumously by Jeronimo Atehortúa.
;/film/this-night-ill-possess-your-corpse/;30914.0;This Night I'll Possess Your Corpse;0.924;7.0;1967-03-13;108;BR;pt;0.0;0.0;['Horror', 'Thriller', 'Fantasy'];['José Mojica Marins'];[2];['José Mojica Marins', 'Roque Rodrigues', 'Nadia Freitas', 'William Morgan', 'Tina Wohlers', 'Nivaldo Lima', 'Tania Mendonça', 'Oswaldo De Souza', 'Arlete Brazolin', 'Graveto', 'Mina Monte', 'José Carvalho', 'Esmeralda Ruchel', 'Antonio Fracari', 'Lya Lagutte', 'Ilídio Martins Simões', 'Paula Ramos', 'Sebastião Grandim', 'Denise Maria', 'Paulo Gaeta', 'Marina Brito', 'Enio Lobo', 'Carmen Marins', 'Nelson Stasionis', 'Sebastiana Dantas', 'Roque Romeu', 'Maria Del Carmen', 'Renato Azevedo', 'Dina Cristina', 'Teresinha de Oliveira', 'Salvador Amaral', 'Antônio Marins', 'Ivair Gomes', 'Vânia Rangel', 'Palito', 'Amélia Quintela', 'João Zorzan', 'Angelo Mataram Alcarás', 'Rosalinda Rodrigues', 'Nelson de Paula Teixeira', 'Antônio Martins Gomes', 'Nestor Alves de Lima', 'Saloé Ferreira', 'Julia Vaslavik', 'René Dantas', 'Antônio Lopes de Jesus', 'Cidélia Cachoeira', 'Lafayete Youssif Dau', 'Roberto Leme', 'Dario Souza Santos', 'Aparecida Calixto', 'Verginia Lúcia Malatesta', 'Antônio de Campos', 'Miguel Rodrigues Campos', 'Maria Luiza Góes', 'Emidio Tinoco Gomes', 'Aristides Gremonesi', 'Wilson Pedroso Santos', 'Joaquim Corrêa Damageno', 'Izaura Pereira', 'Jose Lobo', 'Geraldo Bueno', 'Laércio Laurelli', 'Nádia Tell', 'José Vedovato', 'Mario Lima'];['José Mojica Marins', 'Aldenora De Sa Porto'];['Luiz Elias'];[];Coffin Joe, the unholy undertaker, is back in town to continue his quest for the perfect woman, embarking on an even more brutal campaign of terror, aided and abetted by his hunchbacked assistant.
;/film/untouched-1954/;176923.0;Untouched;0.9624;6.921;1954-12-23;85;MX;es;0.0;0.0;['Drama', 'Adventure', 'Romance'];['Roberto Gavaldón'];[2];['Ricardo Montalban', 'Ariadna Welter', 'Víctor Parra', 'Jorge Martínez de Hoyos', 'Miguel Inclán', 'Jaime Fernández', 'Roberto G. Rivera', 'Enriqueta Reza', 'Ana María Villaseñor'];[];['Gloria Schoemann'];['Alex Phillips'];With the purpose of using barbasco roots in the production of cortisone, a pharmaceutical company sends a scientist to investigate the possibilities of exploitation in Veracruz, but the man gets lost in the jungle and lives a strange romantic adventure in a remote location called Paradise.
;/film/bitter-cane/;970138.0;Bitter Cane;0.5152;9.0;1983-01-01;76;HT;ht;0.0;0.0;['Documentary'];['Ben Dupuy', 'Kim Ives'];[0, 0];[];[];[];[];Filmed in secret under the dictatorship of Jean-Claude Duvalier, this incisive documentary explores the effects of foreign exploitation and oppression on Haitian society. From peasant coffee farms in the rugged tropical mountains to steamy U.S.-leased or -owned sweatshops in the teeming capital, the film takes the viewer on a journey through Haitian history to a deeper grasp of the country’s political economy. After the fall of Duvalier’s regime in 1986, students and popular organizations projected the film on movie screens, walls, and bedsheets in Haiti’s countryside and cities to raise political consciousness and understanding of the difficult anti-imperialist struggle that lay ahead.
;/film/killed-the-family-and-went-to-the-movies-1969/;175125.0;Killed the Family and Went to the Movies;0.8179;6.535;1969-03-01;64;BR;pt;0.0;0.0;['Drama', 'Comedy'];['Júlio Bressane'];[2];['Márcia Rodrigues', 'Renata Sorrah', 'Antero de Oliveira', 'Vanda Lacerda', 'Paulo Padilha', 'Rodolfo Arena', 'Maria Rodrigues', 'Carlos Eduardo Dolabella', 'Guará Rodrigues'];[];['Geraldo Veloso'];['Thiago Veloso'];A man living with his parents in a low middle-class apartment in Rio de Janeiro coldly stabs them with a razor and then goes to the movies. Marcia, a rich and dissatisfied young woman, takes advantage of a trip from her husband to go to her home in Petrópolis, where she receives a visit from an old friend, Regina.
;/film/miss-mary/;241603.0;Miss Mary;1.0368;6.7;1986-07-31;100;AR;en;10094.0;267000.0;['Drama'];['María Luisa Bemberg'];[1];['Julie Christie', 'Nacha Guevara', 'Eduardo Pavlovsky', 'Gerardo Romano', 'Iris Marga', 'Guillermo Battaglia', 'Barbara Bunge', 'Donald McIntyre', 'Sofía Viruboff', 'Luisina Brando', 'Alberto Busaid', 'Ricardo Hanglin', 'Laura Moss', 'Carlos Pamplona', 'Georgina Parpagnoli', 'Nora Zinsky', 'Regina Lamm', 'Anne Henry', 'Sandra Ballesteros', 'Anita Larronde', 'Alfredo Quesada', 'Osvaldo Flores', 'Iessie Gilligan', 'Carlos Alberto Usay', 'Óscar López', 'Susana Verón', 'Alberto Marty', 'Beatriz Thibaudin', 'Laura Feal', 'Lidia Cortinez', 'Juan Palomino', 'Facundo Zuviria', 'Lila Di Palma', 'Mercedes Van Gelderen', 'Paula María Muschietti', 'Julio César Srur'];[];"[""Luis César D'Angiolillo""]";['Miguel Rodriguez'];A young British woman is hired as a governess by a wealthy Argentine family. Through her position, she slowly sees how the upper class of society is slowly crumbling, and how a fascist movement is preparing to install itself in power.
;/film/teat-monteok-the-tale-of-the-god-of-lightning/;833029.0;Teat Monteok: The Tale of the God of Lightning;0.6391;0.0;1985-12-01;19;MX;es;0.0;0.0;['History', 'Documentary'];['Elvira Palafox Herranz'];[0];['Alma Ruth Echeverría Palafox', 'Timotea Michelin Aldana', 'Antonina Herranz Fonseca', 'Manuel Peña Villalobos', 'Claudio Palafox Herrán', 'Rosaneli Peña Aldana', 'Francisca Palafox Herranz'];[];['Elvira Palafox Herranz', 'Guadalupe Escandón Espinoza', 'Juana Canseco Silva'];['Elvira Palafox Herranz'];A grandmother tells her granddaughter the origin story of the Ikoots people, while the everyday life of San Mateo del Mar unfolds on screen.
;/film/the-heiresses/;499152.0;The Heiresses;2.7521;6.4;2018-03-15;95;PY;es;0.0;0.0;['Drama'];['Marcelo Martinessi'];[0];['Ana Brun', 'Margarita Irún', 'Ana Ivanova', 'Nilda Gonzalez', 'María Martins', 'Alicia Guerra', 'Raúl Chamorro', 'Ana Banks', 'Inés González Guerrico', 'Javier Villamayor', 'Yvera', 'Chili Yegros', 'Lucy Yegros', 'Beto Barsotti'];['Marcelo Martinessi'];['Fernando Epstein'];['Luis Armando Arteaga'];After her girlfriend is imprisoned on fraud charges, Chela is forced to face a new reality. Driving for the first time in years, she begins to provide a local taxi service to a group of elderly wealthy ladies. As Chela settles into her new life, she encounters the much younger Angy, forging a fresh and invigorating new connection.
;/film/the-mouth-of-the-wolf-1988/;53123.0;The Mouth of the Wolf;0.7115;7.29;1988-12-01;123;PE;es;0.0;0.0;['Drama', 'Action', 'War'];['Francisco J. Lombardi'];[2];['Gustavo Bueno', 'Toño Vega', 'Jose Tejada', 'Gilberto Torres', 'Antero Sanchez', 'Aristóteles Picho', 'Fernando Vásquez', 'Luis Saavedra', 'Bertha Pagaza', 'Lucio Yabar', 'Jorge Quiñes', 'Walter Florian', 'Dionisio Tovar', 'Luis Otoya', 'Luiz Trielli', 'Germán Guevara'];[];[];[];"The military anti-terrorist army takes control of ""Chuspi"", an unknown and faraway small village, isolated by the terrorist group ""Sendero Luminoso"" (Shining Path). A soldier called Vitin Luna, and other young soldiers face an invisible, perhaps superior force. Their unit is commanded by a brutal lieutenant who declares the entire village guilty of treason. In the face of this crisis, Vitin must choose between blind obedience and his own conscience."
;/film/thresholds/;364167.0;Thresholds;0.9127;5.0;1980-01-01;19;AR;es;0.0;0.0;[];['Marie Louise Alemann'];[1];[];[];[];[];Marie Louise Alemann, who died in February 2015, was an experimental filmmaker based in Buenos Aires. She worked on Super8 and developed a bold yet enigmatic style, frequently performing in her own films, and emphasising physical sensations and the primacy of the body. In the words of curator Federico Windhausen, her Umbrales ‘deserves to be seen as a major work of Latin American queer cinema’.
;/film/tlayucan/;194163.0;Tlayucan;0.7254;6.6;1962-12-27;105;MX;es;0.0;0.0;['Comedy', 'Drama'];['Luis Alcoriza'];[2];"['Julio Aldama', 'Norma Angélica', 'Andrés Soler', 'Anita Blanch', 'Noé Murayama', 'Jorge Martínez de Hoyos', 'Pancho Córdova', 'Eric del Castillo', 'Dolores Camarillo', 'Antonio Bravo', 'Amado Zumaya', 'Joaquín Martínez', 'Salvador Terroba', 'Yolanda Ortiz', 'Manuel Dondé', ""Manuel Vergara 'Manver'"", 'Ángel Merino', 'Regino Herrera', 'Armando Acosta', 'Leonor Gómez', 'Inés Murillo', 'Janet Alcoriza', 'José Chávez', 'Jesús Gómez', 'Rubén Márquez', 'Isabel Vázquez']";[];['Carlos Savage'];['Rosalío Solano'];Desperate because of his son's illness, the peasant Eufemio steals a pearl from the image of Santa Lucía in the village church.
;/film/valentin-de-las-sierras/;128285.0;Valentin de las Sierras;0.5593;5.036;1968-03-09;10;MX;es;0.0;0.0;['Music', 'Documentary'];['Bruce Baillie'];[2];[];[];[];[];Skin, eyes, knees, horses, hair, sun, earth. Old song of Mexican hero, Valentin, sung by blind Jose Santollo Nadiso en Santa Cruz de la Soledad.
;/film/brazil-is-thee-haiti-is-there/;739076.0;brazil is thee haiti is (t)here;0.5619;0.0;2020-09-08;16;BR;pt;0.0;0.0;['Documentary'];['Carlos Adriano'];[0];[];[];['Carlos Adriano'];['Carlos Adriano'];On March 16, 2020, in Brasília, an anonymous and unknown Haitian challenged the head of the nation: “Bolsonaro, it’s over. You are not president anymore.” This film poem counterpoints this situation with two military operations of Minustah (United Nations Stabilization Mission in Haiti), commanded by Brazil, on july 6, 2005, and december 22, 2006, in Cité Soleil.
;/film/color-1955/;455878.0;Color;0.4329;0.0;1955-01-01;4;UY;xx;0.0;0.0;[];['Lydia García Millán'];[1];[];[];[];[];Perhaps the first experimental color film made in Uruguay, Color was the work of a pioneering woman filmmaker, still a teenager at the time of the film's completion. Millán had a number of vérité shorts under her belt by this point, but none in such gorgeous color.
;/film/dry-ground-burning/;928001.0;Dry Ground Burning;1.5289;6.2;2023-02-23;153;BR;pt;0.0;0.0;['Drama', 'Crime', 'Documentary'];['Adirley Queirós', 'Joana Pimenta'];[2, 1];['Léa Alves da Silva', 'Joana Darc Furtado', 'Andreia Vieira', 'Gleide Firmino', 'Mara Alves', 'Débora Alencar'];[];['Cristina Amaral'];['Joana Pimenta'];Just released from prison, Léa returns home to the Brasilia favela of Sol Nascente and joins up with her half-sister Chitara, the fearless leader of an all-female gang that steals and refines oil from underground pipes and sells gasoline to a clandestine network of motorcyclists. Living in constant opposition to Jair Bolsonaro’s fiercely authoritarian and militarized government, Chitara’s women claim the streets for themselves as a declaration of radical political resistance on behalf of ex-cons and the oppressed.
;/film/el-aleph/;399678.0;El Aleph;1.5806;6.6;2005-01-01;1;AR;es;0.0;0.0;['Fantasy'];['Narcisa Hirsch'];[1];['Narcisa Hirsch'];[];['Daniela Muttis'];[];The Aleph is the point where diachronic and synchronic times meet, and each second represents a moment in life, from birth to death.
;/film/i-the-worst-of-all/;123763.0;I, the Worst of All;0.9961;6.05;1990-08-09;105;AR;es;0.0;0.0;['Drama', 'Romance', 'History'];['María Luisa Bemberg'];[1];['Assumpta Serna', 'Dominique Sanda', 'Héctor Alterio', 'Lautaro Murúa', 'Alberto Segado', 'Franklin Caicedo', 'Graciela Araujo', 'Hugo Soto', 'Márgara Alonso', 'Lidia Catalano', 'Margarita Padín', 'Gerardo Romano', 'Cecilia Roth', 'Alejandra Colunga', 'Rosario Bléfari', 'Felisa Rocha', 'Ema Rivera', 'Fernando Noy', 'José Martin', 'Walter Soubrié', 'Jesús Berenguer', 'Guillermo Marín', 'Nicolás Alvarado', 'Susana Cortínez', 'Alice Elias', 'Mónica Lacoste', 'Pedro Caña', 'Marcos Woinsky', 'Isaac Haimovici', 'Néstor Zacco', 'Arnaldo Colombarolli', 'Alejandro Maci', 'Oscar Carmelo Milazzo', 'Nicolas Cardasco', 'Jean Pierre Reguerraz', 'Lorena López', 'Eliana Ronsisvalli', 'Fernanda Ronsisvalli', 'Andrea Rodriguez', 'Karina Allegue', 'Luciana Mastromaura', 'Victoria Solarz', 'Cristina Scaramuzza', 'Norma Suzat'];[];['Juan Carlos Macías'];"['Félix ""Chango"" Monti']";A 17th-century Mexican nun defies expectations by becoming a renowned intellectual and writer during the Spanish Inquisition.
;/film/life-sentence-1979/;116988.0;Life Sentence;1.7326;6.8;1979-08-09;95;MX;es;0.0;0.0;['Crime', 'Drama'];['Arturo Ripstein'];[2];['Pedro Armendáriz Jr.', 'Narciso Busquets', 'Ernesto Gómez Cruz', 'Ana Ofelia Murguía', 'Roberto Cobo', 'Angélica Chain', 'Pilar Pellicer', 'Rodrigo Puebla', 'Yolanda Rigel', 'Jorge Patiño', 'Ana Martín', 'Ramón Menéndez', 'Yaco Alva', 'Julián Pastor', 'Roberto Dumont', 'León Singer', 'Jorge Fegán', 'Eduardo Cassab', 'Martha Meneses', 'Laura Alfaro', 'Agustín Silva', 'Marta Resnikoff', 'Humberto Vilchis', 'Eduardo Borja', 'Roberto Monterrubio', 'María Barber', 'Pepe Arévalo'];['Arturo Ripstein', 'Vicente Leñero'];['Rafael Ceballos'];['Jorge Stahl Jr.'];"After being released from jail, ""Tarzan"" Lira seeks to rebuild his life as a bank employee. Unfortunately, it might not be as easy as he thinks."
;/film/p3nd3jo5/;242143.0;P3nd3jo5;1.7374;4.625;2013-04-01;157;AR;es;0.0;0.0;['Music', 'Thriller', 'Drama', 'Romance', 'Crime'];['Raúl Perrone'];[2];"['Mariano Blanco', 'Ricardo Demonte', 'Anabella Giordano', ""'Cabito' Massa Alcántara"", 'Gimena Elia', 'Federico Vicchio', 'Lucas Granata', 'Yenien Teves', 'Eugenia Juárez', 'Fernando Daniel', 'Favio Franco', 'Mariano Fernández', 'Roberto Nobua', 'Lucas Ovando', 'Luis Grossi', 'Giuliano Cossimoto', 'Federico Rey', 'Christian Fernández', 'Franco Bravo', 'Germán Núñez', 'Emma Villagra', 'Román Ruiz Díaz', 'Fiorella Yemina Aita', 'Javier Goncalvez', 'Guillermo Andino', 'Gastón Ovando', 'Nehuen Teves', 'Ángela Correa', 'Facundo Britos', 'Sofía Achabal', 'Mauro Dk', 'Adrián Quiroga Fernández', 'Julieta María Borgna', 'Gonzalo Orquin', 'Nestor Gianotti', 'Oscar Purita', 'Evelyn Cazal', 'Alberto Estoup', 'Lucía Rodríguez', 'Lia Comaleras', 'Silvina Retamoso', 'Micaela Domanico', 'Rocío Zuviría', 'Vale Rojo', 'Hugo Anderica', 'Mariano Soria']";[];['Raúl Perrone'];['Raúl Perrone', 'Hernán Soma', 'Bernardo Demonte', 'Fabián Bianco'];"An hypnotic musical with ghosts, young skaters, a ""cumbiópera"" in three acts and an epilogue. A ballet of visages, gazes, desire, love, drama, tragedy and shooting."
;/film/the-mansion-of-madness/;95551.0;The Mansion of Madness;0.9409;4.8;1973-08-10;99;MX;es;0.0;0.0;['Horror'];['Juan López Moctezuma'];[2];['Claudio Brook', 'Arthur Hansel', 'Ellen Sherman', 'Martin LaSalle', 'David Silva', 'Mónica Serna', 'Max Kerlow', 'Susana Kamini', 'Pancho Córdova', 'Roberto Dumont', 'Jorge Bekris', 'René Alís', 'Mario Castillón Bracho', 'Óscar Saro', 'Diane Shay', 'Virgilio Leos', 'Abraham Stavans', 'Victorio Blanco', 'Paloma Zozaya', 'Sofía Solorio', 'Julia Marichal', 'Ramón Barragán', 'Lya Engel', 'José Antonio Alcaraz', 'Nadine Markova', 'Javier Batiz', 'Macaria', 'Peter Jones', 'Kevin McCormick', 'Guillermo S. Maldonado', 'María Antonieta Domínguez', 'Emmanuel Oléa', 'Joan Mary', 'Antonio Zubiaga', 'Tita Arroyo', 'Fernando Rosales', 'René Barrera', 'Gerardo Zepeda', 'Vicente Lara', 'Juan Garza', 'Beatriz Velo', 'León Singer', 'Simon Alkon', 'Sammy Viskin', 'Germán Castro', 'Miguel Ángel Santamaría', 'Roberto Hernández', 'Alexis Arroyo', 'Nurit Viskin'];[];['Federico Landeros'];['Rafael Corkidi'];The inmates of an insane asylum take over the institution, imprison the doctors and staff, and then put into play their own ideas of how the place should be run.
;/film/the-strong-ones/;637860.0;The Strong Ones;2.15;7.548;2020-03-12;98;CL;es;0.0;0.0;['Drama', 'Romance'];['Omar Zúñiga Hidalgo'];[2];['Antonio Altamirano', 'Samuel González', 'Marcela Salinas', 'Rafael Contreras', 'Nicolás Corales', 'Luis Montoya', 'Vanessa Ramos'];['Omar Zúñiga Hidalgo'];['Omar Zúñiga Hidalgo', 'Catalina Marín Duarte'];['Nicolás Ibieta'];Lucas travels to visit his sister to a remote town in southern Chile. In front of the ocean and the fog, he meets Antonio, a boatswain in a local fishing boat. When an intense romance grows between them, their strength, their independence and their adulthood become immovable in front of the tide.
;/film/the-unscrupulous-ones/;28525.0;The Unscrupulous Ones;0.8342;6.26;1962-03-24;100;BR;pt;0.0;0.0;['Drama', 'Crime'];['Ruy Guerra'];[2];['Norma Bengell', 'Jece Valadão', 'Daniel Filho', 'Hugo Carvana', 'Lucy de Carvalho', 'Glauce Rocha', 'Germana de Lamare'];[];['Zélia Feijó Costa', 'Nello Melli'];[];Upon learning that his rich dad is on the brink of bankruptcy, spoiled Vavá summons his friend Jandir with a plan to get some quick cash: they will blackmail an uncle of Vavá by taking compromising photos of his lover, Leda.
;/film/the-way-he-looks/;237791.0;The Way He Looks;3.1422;7.915;2014-04-10;96;BR;pt;0.0;1207841.0;['Drama', 'Romance'];['Daniel Ribeiro'];[2];['Ghilherme Lobo', 'Fábio Audi', 'Tess Amorim', 'Lúcia Romano', 'Eucir de Souza', 'Selma Egrei', 'Isabela Guasco', 'Victor Filgueiras', 'Pedro Carvalho', 'Guga Auricchio', 'Bárbara Pereira', 'Matheus Abreu', 'Naruna Costa', 'Júlio Machado', 'Renata Novaes'];['Daniel Ribeiro'];['Cristian Chinen'];['Pierre de Kerchove'];Leonardo is a blind teenager dealing with an overprotective mother while trying to live a more independent life. To the disappointment of his best friend, Giovana, he plans to go on an exchange program abroad. When Gabriel, a new student in town, arrives at their classroom, new feelings blossom in Leonardo making him question his plans.
;/film/a-useful-life/;81523.0;A Useful Life;0.834;6.14;2010-08-13;67;UY;es;350000.0;0.0;['Drama', 'Comedy'];['Federico Veiroj'];[2];['Jorge Jellinek', 'Manuel Martinez Carril', 'Paola Venditto', 'Gonzalo Delgado', 'Felipe Arocena', 'Victoria Novic', 'Pablo Stoll'];[];['Arauco Hernández Holz', 'Federico Veiroj'];['Arauco Hernández Holz'];A movie-theater employee adjusts to a new life as the cinema he's worked at for over 25 years faces closure.
;/film/escala-en-la-ciudad/;403705.0;Escala en la ciudad;0.9475;6.5;1935-01-01;66;AR;es;0.0;0.0;['Drama', 'Romance'];['Alberto de Zavalía'];[2];['Héctor Cataruzza', 'Cecilia Lezard', 'Matilde Bhor', 'Eduardo Berri', 'Esther Vani', 'Matilde Mur'];[];[];['John Alton'];The story follows Jaime Lara, a passenger whose ship makes a stop in Buenos Aires for one day. Lara elopes, leaving his wife on board, and walks around the city at night, coming to meet a beautiful yet frivolous hooker, Isa.
;/film/improper-conduct/;211835.0;Improper Conduct;1.6843;5.143;1984-03-21;113;CU;fr;0.0;0.0;['Documentary', 'History'];['Néstor Almendros', 'Orlando Jiménez Leal'];[2, 0];['Michel Dumoulin', 'Guillermo Cabrera Infante', 'Juan Goytisolo', 'Susan Sontag', 'Fidel Castro', 'Reinaldo Arenas'];[];['Alain Tortevoix', 'Michel Pion'];['Dominique Merlin'];The story of the persecution of homosexuals and intellectuals in Cuba under Fidel Castro's dictatorship, from the beginning of the Cuban Revolution (1953-59) until the early 1980s. Interviews with relevant personalities of Cuban culture who suffered persecution demonstrate that concentration camps for gays existed in Cuba.
;/film/la-libertad/;94649.0;La libertad;0.8851;6.353;2001-06-28;73;AR;es;0.0;0.0;['Drama'];['Lisandro Alonso'];[2];['Misael Saavedra', 'Humberto Estrada', 'Omar Didino', 'Javier Didino', 'Rafael Estrada'];[];['Lisandro Alonso', 'Martín Mainoli'];['Cobi Migliora'];A man chops down trees, organizes the trunks, cleans them, stops to defecate, has lunch, takes a nap and continues to sell his timber.
;/film/lightning-dance/;697838.0;Lightning Dance;0.5769;0.0;2018-03-02;6;AR;en;0.0;0.0;['Documentary'];['Cecilia Bengolea'];[0];[];[];[];[];Filmed in October 2017 during the floods in Spanish Town, Jamaica, Lightning Dance investigates the influence of the indeterminate electric weather on bodily imagination. The black-and-white video features several young Jamaicans who, in company of the artist, perform solo and group dance routines next to a roadside shack, while heavy rain falls and a billowing and turbulent thunderstorm roars, soaking their clothes.
;/film/maria-of-my-heart/;194170.0;Maria of My Heart;0.7606;6.538;1979-05-17;120;MX;es;0.0;0.0;['Drama', 'Thriller'];['Jaime Humberto Hermosillo'];[2];['María Rojo', 'Héctor Bonilla', 'Ana Ofelia Murguía', 'Xóchitl', 'Salvador Sánchez', 'Evangelina Martínez', 'Martha Navarro', 'Margarita Isabel', 'Armando Martín Martínez', 'Tomás Mojarro', 'Dolores Beristáin', 'Roberto Sosa Sr.', 'Eduardo López Rojas', 'Arturo Beristáin', 'Óscar Chávez', 'Blanca Torres', 'Silvia Mariscal', 'José Alonso', 'Julieta Egurrola', 'Alma Levy', 'Farnesio de Bernal', 'Nora Velázquez', 'Miguel Gómez Checa', 'Blanca Sánchez', 'Enrique Lizalde', 'Max Kerlow', 'Ernesto Bañuelos', 'María Guadalupe Delgado'];[];['Gerardo Pardo'];['Ángel Goded'];Héctor and María meet again after eight years of not seeing each other. She works as a magician in cabarets and he robs houses. María convinces Héctor to become a magician and work together. Life seems to smile on them until one day, when Maria travels to another city, the couple's situation will be overshadowed by an unfortunate event.
;/film/popsicles/;490439.0;Popsicles;0.4427;5.0;1984-01-01;5;CL;es;0.0;0.0;[];['Gloria Camiruaga'];[1];[];[];[];[];"“This work is an interaction of the space, the symbols and the historical context in which I live as a woman on this side of the continent. It is a rosary of alarm, eternal and circular; the alarm of a woman who desires life, light, truth, and solidarity, but who instead sees and receives death and fear. It is a rejection of all that is destruction, and death, yet is depicted almost attractively as innocence.”"
;/film/the-human-surge/;405446.0;The Human Surge;0.778;5.5;2017-03-03;96;AR;es;0.0;0.0;['Drama'];['Eduardo Williams'];[2];['Sergio Morosini', 'Shine Marx', 'Domingos Marengula', 'Chai Fonacier', 'Irene Doliente Paña', 'Manuel Asucan', 'Rixel Manimtim'];['Eduardo Williams'];['Eduardo Williams', 'Alice Furtado'];['Eduardo Williams', 'Joaquín Neira', 'Julien Guillery'];Buenos Aires. Exe, 25 years old, has just lost his job and is not looking for another one. His neighbors and friends seem as odd to him as they always do. Online, he meets Alf, a boy from Mozambique who is also bored with his job and who is about to follow Archie, another boy who has run away into the jungle. Through the dense vegetation of the forest, Archie tracks ants back to their nest. One of them wanders off course and comes across Canh, a Filipino, sitting on top of a giant heap of earth and who is about to go back to his strange, beautiful home town, where he too has a miserable job.
;/film/undertow-2009/;52799.0;Undertow;1.2948;7.31;2009-09-23;100;CO;es;0.0;0.0;['Drama', 'Romance'];['Javier Fuentes-León'];[2];['Cristian Mercado', 'Manolo Cardona', 'Tatiana Astengo', 'José Chacaltana', 'Attilia Boschetti', 'María Edelmira Palomino', 'Julio Humberto Cavero', 'Haydeé Cáceres', 'Emilram Cossío', 'Cindy Díaz', 'Juan Pablo Olivos', 'Mónica Rossi', 'Germán González', 'Liliana Alegr´a', 'Christian Fernández'];['Javier Fuentes-León'];[];['Mauricio Vidal'];A married fisherman struggles to reconcile his devotion to his male lover within his town's rigid traditions.
;/film/ventana/;346991.0;Ventana;0.8795;7.2;1975-06-30;4;AR;en;0.0;0.0;[];['Claudio Caldini'];[2];[];[];[];[];The filming of Ventana began as a test of the rewind and superimposition functions of the Single 8 camera: a crescendo of added layers. The space is a camera obscura in which the cameraman's movements convert a line of light into multidirectional rays. Toward the end there are up to eight unique superimpositions and single frames. The music was added in 1989, with an anaogue synthesizer and digital delay.
;/film/about-thirty/;1074751.0;About Thirty;0.8096;6.625;2023-02-16;92;AR;es;0.0;0.0;['Comedy'];['Martín Shanly'];[2];['Martín Shanly', 'Camila Dougall', 'Paul Dougall', 'Esmeralda Escalante', 'Miel Bargman', 'María Soldi', 'Ezequiel Díaz', 'Franco Bacchiani', 'Paula Grinszpan', 'Ivo Colonna Olsen', 'Martita Alchourrón', 'Julieta Caputo', 'Camila Videtta', 'Inés Soldi', 'Julia Ezcurra', 'Graciela Muñiz', 'Nicolás Leo', 'Sergio Morosini', 'Gustavo Jaunsaras', 'Laila Maltz', 'Pilar Gamboa', 'Cecilia Rainero', 'Renzo Cozza', 'Pedro Merlo', 'Mariana Sanguinetti', 'Rosario Shanly', 'Francisco Bertín', 'Lucía Villanueva', 'María Passo', 'Luz Palazón', 'Mariano Saborido', 'Juan Segundo Álamos', 'Manque La Banca', 'Rogelio Navarro', 'Elvira Onetto', 'Ana Piñero', 'Ignacio Ceroi', 'Marina Claypole'];[];['Ana Godoy'];['Federico Lastra'];This comedy of errors revolves around a hapless 30-year-old named Arturo. His penchant for indiscretions is as impossible to overlook as the finesse with which the film glides from March 2020 to the preceding decade and back again.
;/film/reina-y-rey/;671760.0;Reina y Rey;0.9334;6.667;1994-11-01;100;CU;es;0.0;0.0;['Drama'];['Julio García Espinosa'];[2];['Consuelo Vidal', 'Coralia Veloz', 'Rogelio Blain', 'Celia García', 'Miriam Socarrás', 'Orlando Fundichely', 'Amarilys Pumeda', 'Tony Salup'];[];[];[];Reina is an old and lonely widow whose only companion is a little black dog called Rey. When the dog disappears, Reina begins to question her own existence. Suddenly, her old patrons (who had left Cuba twenty years ago) return to Miami to stay for a week and convince her to go with them. After spending some time together, Reina discovers that her usual, lonelier, life is better than anything else and decides to stay in Cuba.
;/film/retablo/;499394.0;Retablo;1.0731;7.367;2018-12-19;95;PE;qu;0.0;0.0;['Drama'];['Alvaro Delgado Aparicio'];[2];['Amiel Cayo', 'Júnior Béjar', 'Magaly Solier', 'Mauro Chuchon', 'Ubaldo Huamán', 'Hermelinda Luján', 'Ricardo Bromley López', 'Claudia Solís'];['Héctor Gálvez', 'Alvaro Delgado Aparicio'];['Eric Williams'];['Mario Bassino'];Segundo sees silence as his only option for dealing with his father Noé’s secret. The 14-year-old lives with his parents in a village high up in the mountains. Noé is a respected artisan and Segundo’s role model. With loving eye for detail, he artfully crafts altarpieces for church and homes, and is preparing his son to follow in his footsteps. But cracks form in their tight bond.
;/film/seven-years-in-may/;594342.0;Seven Years in May;3.9501;7.208;2019-04-09;42;BR;pt;0.0;0.0;['Documentary', 'Drama'];['Affonso Uchôa'];[2];['Rafael dos Santos Rocha', 'Maicon Felipe', 'Leonardo Ferreira', 'Max Henrique', 'Wederson Neguinho', 'Magno Pires', 'Robson Vieira'];['Affonso Uchôa', 'João Dumans', 'Rafael dos Santos Rocha'];['João Dumans'];['Lucas Barbi'];One night seven years ago, Rafael came home after work and discovered that people he did not know had come looking for him. He immediately fled, without looking back. From that moment on, his life changed, as if that night had never ended. One evening, around an improvised fire near a factory, he decides to confide his journey to a stranger. Rafael’s intimate account meets the collective testimony of an entire nation oppressed by poverty, police repression and institutional corruption.
;/film/the-daughters-of-fire/;518997.0;The Daughters of Fire;3.4183;4.206;2018-10-28;115;AR;es;0.0;0.0;['Drama'];['Albertina Carri'];[1];['Rocío Zuviría', 'Mijal Katzowicz', 'Violeta Valiente', 'Rana Rzonscinsky', 'Canela M.', 'Ivo Colonna Olsen', 'Mar Morales', 'Carla Morales Ríos', 'Andrés Ciavaglia', 'Érica Rivas', 'Cristina Banegas', 'Sofía Gala Castiglione', 'Javier Lorenzo', 'Carolina Alamino'];['Albertina Carri', 'Analía Couceyro'];['Florencia Tissera'];['Inés Duacastella'];Three women meet by chance at the end of the world, in Argentinian Patagonia, and set out on a polyamorous journey, caught up in the search for new kinds of relationships, far from possession and pain. They become the Daughters of Fire, a band dedicated to helping those women who look for their own path to erotica.
;/film/the-night-2016/;413667.0;The Night;1.6336;4.364;2016-10-06;142;AR;es;0.0;0.0;['Drama'];['Edgardo Castro'];[2];['Edgardo Castro', 'Paula Ituriza', 'Dolores Guadalupe Olivares', 'William Prociuk', 'Federico Figari', 'Luis Leiva'];[];['Miguel de Zuviría'];['Soledad Rodríguez'];Martin moves around Buenos Aires at night, picking up guys, going to clubs, scoring drugs and having sex. Sometimes he’s paying and sometimes his trans sex-worker friend or another woman takes him along for a threesome.
;/film/the-sun-quartet/;554128.0;The Sun Quartet;0.6338;6.0;2017-02-11;62;MX;en;0.0;0.0;[];['Los Ingrávidos'];[0];[];[];[];[];Radical in both form and subject, this is a visually striking and impassioned testament to victims of crime and political corruption in contemporary Mexico.
;/film/post-tenebras-lux/;103689.0;Post Tenebras Lux;2.2004;6.147;2012-11-22;115;MX;es;0.0;276580.0;['Drama'];['Carlos Reygadas'];[2];['Adolfo Jimenez Castro', 'Nathalia Acevedo', 'Willebaldo Torres', 'Rut Reygadas', 'Eleazar Reygadas', 'Suemi Valderrama'];['Carlos Reygadas'];['Natalia López'];['Alexis Zabé'];Juan and his urban family live in the Mexican countryside, where they enjoy and suffer a world apart. And nobody knows if these two worlds are complimentary or if they strive to eliminate one another.
;/film/the-secret-formula/;151545.0;The Secret Formula;2.4512;6.9;1965-11-11;42;MX;es;0.0;0.0;['Drama'];['Rubén Gámez'];[2];['José Castillo', 'Manuel Gaitán', 'Pilar Islas', 'Nico-Nito', 'Paloma', 'Jaime Sabines', 'José Tirado'];[];[];['Rubén Gámez'];A cinematographic essay, full of surreal moments and provocative scenarios related to intellectual debates about the Mexican national character.
;/film/suite-habana/;85645.0;Suite Habana;1.2854;6.6;2003-10-03;84;CU;es;0.0;0.0;['Documentary'];['Fernando Pérez'];[2];['Heriberto Boroto', 'Iván Carbonell', 'Francisco Cardet', 'Francisquito Cardet', 'Julio Castro', 'Ernesto Díaz', 'Amanda Gautier', 'Waldo Morales', 'Raquel Nodal', 'Norma Pérez', 'Jorge Luis Roque', 'Juan Carlos Roque'];[];['Julia Yip'];[];Dawn breaks in La Habana, and as the day advances we follow the simple lives of ten ordinary Cubans, with only sounds and images accompanied by music.
;/film/the-night-is-fading-away/;1554544.0;The Night Is Fading Away;1.3975;0.0;2025-10-17;104;AR;es;0.0;0.0;['Drama'];['Ramiro Sonzini', 'Ezequiel Salinas'];[2, 2];['Octavio Bertone', 'Juana Oviedo', 'Rodrigo Fierro', 'Fabián Costa', 'Lionel Castelli', 'Atilio Sánchez', 'Alejandro Álvarez', 'Martín Emilio Campos', 'Pablo Limarzi', 'Eva Bianco', 'Rubén Gattino', 'Martín Álvarez', 'Simón Juan', 'Juan Redondo'];[];['Ezequiel Salinas', 'Ramiro Sonzini'];['Ezequiel Salinas'];Pelu is a thirty-something who barely survives on his salary as a projectionist at a municipal film club. After losing his job, he agrees to stay on as a night watchman and ends up living secretly inside the cinema, accompanied by the films he reviews every night.
;/film/anselmo/;396623.0;Anselmo;0.4672;0.0;1967-01-01;4;MX;en;0.0;0.0;['Documentary'];['Chick Strand'];[1];['Anselmo Aguascalientes'];[];[];[];Strand spent over twenty years documenting her friend Anselmo Aguascalientes’ life, eventually creating a stunning trilogy of films—Anselmo, Cosas de mi vida, and Anselmo and the Women—tender portraits that are also glimpses into poverty, resourcefulness, perseverance and patriarchy.  Preserved by the Academy Film Archive in 2016.
;/film/cosas-de-mi-vida/;396624.0;Cosas de mi vida;0.42;6.0;1976-01-29;25;MX;es;0.0;0.0;['Documentary'];['Chick Strand'];[1];['Anselmo Aguascalientes'];[];[];[];Strand spent over twenty years documenting her friend Anselmo Aguascalientes’ life, eventually creating a stunning trilogy of films—Anselmo, Cosas de mi vida, and Anselmo and the Women—tender portraits that are also glimpses into poverty, resourcefulness, perseverance and patriarchy.
;/film/dark-river-1952/;318591.0;Dark River;0.8858;7.6;1952-10-09;82;AR;es;0.0;0.0;['Drama', 'Western'];['Hugo del Carril'];[2];"['Hugo del Carril', 'Adriana Benetti', 'Raúl del Valle', 'Pedro Laxalt', 'Gloria Ferrandiz', 'Eloy Álvarez', 'Herminia Franco', 'Luis Otero', 'Joaquín Petrocino', 'Domingo Garibotto', 'Oscar Guerrero', ""Carlos D'Agostino"", 'Margot Cottens', 'Francisco Audenino', 'Carlos Escobares', 'Mecha López', 'Jacinto Aicardi', 'Ricardo Carenzo', 'Amanda Silva', 'Carlos Benso']";['Alfredo Varela'];['Gerardo Rinaldi'];['José María Beltrán'];The Peralta brothers work in the countryside the Alto Paraná. There they will meet subhuman working conditions. Finally, the workers rise and harshly punish their exploiters.
;/film/invisible-life/;548544.0;Invisible Life;3.6375;7.759;2019-08-30;140;BR;pt;0.0;0.0;['Drama'];['Karim Aïnouz'];[2];['Carol Duarte', 'Julia Stockler', 'Fernanda Montenegro', 'Gregório Duvivier', 'Bárbara Santos', 'Flávia Gusmão', 'António Fonseca', 'Maria Manoella', 'Cristina Pereira', 'Nikolas Antunes', 'Cláudio Gabriel', 'Flávio Bauraqui', 'Gillray Coutinho', 'Alexandre Paz', 'Andressa Cabral', 'Eduardo Tornaghi', 'Fernando Ceylão', 'Hugo Cruz', 'Lumi Kin', 'Luana Xavier', 'Marcello Melo', 'Maria Carolina Basílio', 'Márcio Vito', 'Natália Caruso', 'Pablo Pêgas', 'Rafael Raposo', 'Izak Dahora', 'Roberto Filho', 'Samuel Toledo', 'Shirley Cruz', 'Sônia Cardoso', 'Thales Miranda', 'Nelson Ferreira', 'Ismar Martins', 'Carrique', 'Lidiane Oliveira', 'Roberto Souza', 'Esther Elizabeth', 'Tamires Nascimento', 'Remo Trajano', 'Ana Isabel Cartaxo', 'Bettina Druck', 'Marina Manuela'];['Inés Bortagaray', 'Karim Aïnouz', 'Murilo Hauser'];['Heike Parplies'];['Hélène Louvart'];Rio de Janeiro, Brazil, 1950. In the conservative home of the Gusmão family, Eurídice and Guida are two inseparable sisters who support each other. While Guida can share with her younger sister the details of her romantic adventures, Eurídice finds in her older sister the encouragement she needs to pursue her dream of becoming a professional pianist.
;/film/the-dance-of-reality/;137698.0;The Dance of Reality;1.6791;7.218;2013-06-19;130;CL;es;3000000.0;558636.0;['Drama', 'Fantasy'];['Alejandro Jodorowsky'];[2];['Brontis Jodorowsky', 'Pamela Flores', 'Jeremias Herskovits', 'Alejandro Jodorowsky', 'Bastián Bodenhöfer', 'Andrés Cox', 'Adan Jodorowsky', 'Axel Jodorowsky', 'Alizarine Ducolomb', 'Sergio Vargas', 'Patricio Brambilla', 'Juan Quezada', 'Adrián Salgado', 'Ítalo Tai', 'Eugenio Morales', 'Carlos Cantero', 'Luz Jiménez', 'Charles Bustos', 'Hugo Marín', 'Nelson González', 'Rorigo Orellana', 'Helen Tabilo', 'Demetrio Spataris', 'Verónica Power', 'Nicolás de Terán', 'Sergio Monge', 'Victor Toledo', 'Brittany Star', 'Ricardo Zepeda', 'Tomás Álvarez', 'Dilan Avendaño', 'Marcelo Alonso', 'Sebastián Layseca', 'Alejandro Sieveking', 'Gastón Pauls', 'Sissi Fuentealba', 'Gastón Salgado', 'Nicolás Saavedra', 'Pedro Fontaine', 'Matias Infante', 'Claudia Castillo', 'Patricia Godoy', 'Rodrigo Orellana', 'Ian Bodenhöfer', 'Felipe Pizarro Sáenz De Urtury', 'Ángela Acuña', 'Eyal Meyer'];[];['Maryline Monthieux'];['Jean-Marie Dreujou'];'Having broken away from my illusory self, I was desperately seeking a path and a meaning to life.' This phrase perfectly sums up Alejandro Jodorowsky’s biographical project: reconstituting the incredible adventure of his life. He was born in 1929 Tocopilla, a coastal town on edge of the Chilean desert, where he discovered the fundamentals of reality, as he underwent an unhappy and alienated childhood as part of an uprooted family.
;/film/the-deceased/;258521.0;The Deceased;1.1787;7.132;1965-09-22;96;BR;pt;0.0;0.0;['Drama'];['Leon Hirszman'];[2];['Fernanda Montenegro', 'Ivan Cândido', 'Nelson Xavier', 'Paulo Gracindo', 'Dinorah Brillanti', 'Joel Barcellos', 'Hugo Carvana', 'Virgínia Valle', 'Vanda Lacerda', 'Waldir Onofre', 'José Medeiros', 'Glória Ladany', 'Wilmar Menezes', 'Lucy Costa', 'Zé Keti', 'Joffre Rodrigues', 'Billy Davis', 'Lurdes Freitas', 'Oswaldo Ferreira', 'Otolindo Lopes', 'José Wilker'];[];['Nello Melli'];['José Medeiros'];After visiting a fortune teller, Zulmira is informed that a blonde woman will threaten her peace. After talking to her husband Toninho, she suspects that her cousin Glorinha may be that blonde.
;/film/the-place-without-limits/;77360.0;The Place Without Limits;1.3181;7.305;1978-04-28;110;MX;es;0.0;0.0;['Drama'];['Arturo Ripstein'];[2];['Roberto Cobo', 'Gonzalo Vega', 'Ana Martín', 'Lucha Villa', 'Carmen Salinas', 'Julián Pastor', 'Emma Roldán', 'Fernando Soler', 'Marta Aura'];['Arturo Ripstein'];['Francisco Chiu'];['Miguel Garzón'];Family honor, greed, machismo, homophobia, and dreams collide in a small Mexican town.
;/film/communique-from-argentina/;1410782.0;Communiqué From Argentina;0.456;0.0;1978-01-01;40;AR;en;0.0;0.0;[];['Nancy Hollander'];[0];[];[];[];[];Through a letter to an American friend, Lili Massaferro narrates her life: born into a bourgeois family, she became involved in political militancy after the murder of her son and organized the female branch of the Montoneros group. Its history is intertwined with the figure of Eva Perón, and with certain significant political events in the country.
;/film/cronos/;11655.0;Cronos;4.5844;6.666;1993-11-05;94;MX;es;0.0;0.0;['Drama', 'Horror', 'Thriller'];['Guillermo del Toro'];[2];"['Federico Luppi', 'Ron Perlman', 'Claudio Brook', 'Margarita Isabel', 'Tamara Shanath', 'Mario Iván Martínez', 'Daniel Giménez Cacho', 'Farnesio de Bernal', 'Juan Carlos Colombo', 'Jorge Martínez de Hoyos', 'Javier Álvarez', 'Gerardo Moscoso', 'Eugenio Lobo', 'Laurencio Cordero', 'Guillermo del Toro', ""Francisco 'Napo' Sanchez"", 'Luis de Icaza']";['Guillermo del Toro'];['Raúl Dávalos'];['Guillermo Navarro'];Faced with his own mortality, an ingenious alchemist tried to perfect an invention that would provide him with the key to eternal life. It was called the Cronos device. When he died more than 400 years later, he took the secrets of this remarkable device to the grave with him. Now, an elderly antiques dealer has found the hellish machine hidden in a statue and learns about its incredible powers. The more he uses the device, the younger he becomes...but nothing comes without a price. Life after death is just the beginning as this nerve-shattering thriller unfolds and the fountain of youth turns bloody.
;/film/endless-poetry/;325385.0;Endless Poetry;1.7296;7.441;2016-03-23;128;CL;es;0.0;559029.0;['Fantasy', 'Drama'];['Alejandro Jodorowsky'];[2];"['Adan Jodorowsky', 'Brontis Jodorowsky', 'Pamela Flores', 'Leandro Taub', 'Alejandro Jodorowsky', 'Jeremias Herskovits', 'Julia Avendaño', 'Bastián Bodenhöfer', 'Carolyn Carlson', ""Ali Ahmad Sa'Id Esber"", 'Kaori Ito', 'Carlos Leay', 'Hugo Marín', 'Felipe Pizarro Sáenz De Urtury', 'Felipe Ríos', 'Rodrigo Velasquez', 'Paula Espinoza', 'Alejandro Sieveking', 'Clara María Escobar', 'Jorge Magni', 'Charles Bustos', 'Romina Landerer', 'Juan Quezada', 'Félix Venegas', 'Lux Pascal', 'Luz María Yacometti', 'Agustín Moya', 'Rodrigo Orellana', 'Miguel Ángel Pérez', 'Andrés Cid', 'Adrián Salgado', 'Patricio Scaccchi', 'Alfredo Tello', 'Carlos Morales', 'Alex Rivera', 'Andrés Cox', 'Raúl López', 'Andrea Zuckermann', 'Marcelo del Campo', 'Carlos Latorre', 'Maria Gallegillos', 'Sergio Monge', 'Matías Orrego']";['Alejandro Jodorowsky'];['Maryline Monthieux'];['Christopher Doyle'];A portrait of the director’s young adulthood, set in the 1940s–1950s, in the electric capital city of Santiago. There, he decides to become a poet and is introduced, by destiny, into the foremost bohemian and artistic circle of the time.
;/film/guanabacoa-chronicle-of-my-family/;593186.0;Guanabacoa: Chronicle of My Family;1.0876;5.5;1966-01-01;15;CU;es;0.0;0.0;['Documentary'];['Sara Gómez'];[1];['Isaura Mendoza'];[];['Justo Vega'];['Luis Marzoa', 'José Tabio'];A pioneer in the genre of autobiographical documentaries, this film made by the renowned Cuban director Sara Gómez explores her family roots to offer a family portrait through photos, popular music, and women’s tales. It is also a powerful document of an age and a way of living: that of middle- or upper-class black families in Cuba, meeting in exclusive bars just before the Cuban Revolution.
;/film/identifying-features/;653658.0;Identifying Features;1.6671;6.966;2020-11-27;95;MX;es;0.0;0.0;['Drama', 'Thriller'];['Fernanda Valadez'];[1];['Mercedes Hernández', 'David Illescas', 'Juan Jesús Varela', 'Ana Lauda Rodríguez', 'Armando García', 'Laura Elena Ibarra', 'Juan Pablo Acevedo', 'Xicoténcatl Ulloa', 'Jessica Martínez García', 'Maria Luisa Juàrez', 'Ricardo Luna', 'Julieta Rodríguez', 'Iker Valadez Urtaza', 'Susan Korda', 'Jorge Escalante', 'Cynthia Franco', 'Carlos Valenzuela', 'Bertha Denton Casillas', 'Carmen Ramos', 'Samuel Muñoz', 'Ybis Arellano', 'Primo Lara', 'José Reynoso', 'María de Jesús Molina', 'Luz Daniela Arrollo', 'Narda Rivas', 'Manuel Campos', 'Arcadio Martínez Ortega', 'Cayetano Guzmán', 'Juan Carlos Nieto', 'Juan Antonio Montero', 'Yeicatl Colín'];['Astrid Rondero', 'Fernanda Valadez'];['Fernanda Valadez', 'Astrid Rondero', 'Susan Korda'];['Claudia Becerril Bulos'];Magdalena makes a journey to find her son, who has disappeared on his way to the Mexican border with the United States. Her odyssey takes her to meet Miguel, a man recently deported from the US. They start to travel together, Magdalena looking for her son, and Miguel hoping to see his mother again.
;/film/puchuncavi/;475786.0;Puchuncaví;0.4526;6.0;2014-01-01;16;CL;xx;0.0;0.0;[];['Jeannette Muñoz'];[1];[];[];[];[];Puchuncaví originally derives from Mapudungún (the Mapuche natives' language) and reads as something like 'where fiestas abound' referring to the tradition of the native fiestas. This is in contrast to the more recent industrial development of the area that includes copper refineries, steam power plants and a lading port. The lading port and its immediate environment could be regarded as the intersection of the site Puchuncaví.  The concept of this film is an ongoing project that grows every year with new blocks of fragments, all fragments are mostly consisting of one shot or edited in the camera and in the editing table and exploring the different stratas of this place.
;/film/spectrum-restoration/;1001615.0;Spectrum Restoration;0.7828;0.0;2022-07-06;7;BR;pt;0.0;0.0;['Documentary'];['Felippe Schultz Mussel'];[2];[];[];[];[];More than 30% of Brazil's Pantanal biome was affected by fires between the years 2018 and 2021 due to unscrupulous agribusiness. Felippe Mussel's experimental film consists of a sound spectrogram of these fires, from which a fragment of the Ecuadorian constitution gradually emerges, granting nature the same rights as humans.
;/film/stories-of-the-revolution/;215277.0;Stories of the Revolution;0.6263;6.333;1960-12-30;81;CU;es;0.0;0.0;['Drama', 'History'];['Tomás Gutiérrez Alea'];[2];['Eduardo Moure', 'Lilian Llerena', 'Reynaldo Miravalles', 'Miriam Gómez', 'Blas Mora', 'Bertina Acevedo', 'Ricardo Lima'];['Tomás Gutiérrez Alea'];['Mario González', 'Carlos Menéndez'];['Otello Martelli', 'Sergio Véjar'];A film about the Cuban Revolution told from three different perspectives.
;/film/the-hand-in-the-trap/;121461.0;The Hand in the Trap;0.7821;6.5;1961-05-01;91;AR;es;0.0;0.0;['Drama'];['Leopoldo Torre Nilsson'];[2];['Francisco Rabal', 'Elsa Daniel', 'Leonardo Favio', 'María Rosa Gallo', 'Berta Ortegosa', 'Enrique Vilches', 'María del Pilar Armesto', 'María Puchol', 'Hilda Suárez', 'Mirko Álvarez', 'Mariela Reyes', 'Carucha Lagorio', 'Losa Marchi', 'Alejo Rodríguez Crespo', 'Beatriz Matar', 'Hugo Caprera', 'Mirtha Dubner', 'Pedro Klalnee', 'Francisco Iribarren', 'Rosmarie Allers', 'Ramona Lloveras'];['Leopoldo Torre Nilsson', 'Ricardo Luna', 'Beatriz Guido', 'Ricardo Muñoz Suay'];['Pablo G. del Amo'];['Alberto Etchebehere'];This haunting drama concerns a young woman on vacation from boarding school who discovers her aunt cloistered in the attic.
;/film/the-great-movement/;854572.0;The Great Movement;1.0119;5.9;2022-03-30;85;BO;es;0.0;0.0;['Drama'];['Kiro Russo'];[2];['Julio Cezar Ticona', 'Israel Hurtado', 'Max Bautista Uchasara', 'Francisa Arce de Aro', 'Gustavo Milán Ticona'];[];['Kiro Russo', 'Felipe Gálvez', 'Pablo Paniagua'];[];A symphony of the city in the heights, the illness of a worker, the nightmare and his redemption.
;/film/i-am-cuba/;32015.0;I Am Cuba;2.5226;7.872;1964-10-26;141;CU;es;600000.0;0.0;['Drama'];['Mikhail Kalatozov'];[2];['Sergio Corrieri', 'Salvador Wood', 'José Gallardo', 'Raúl García', 'Luz María Collazo', 'Jean Bouise', 'Alberto Morgan', 'Fausto Mirabal', 'Roberto García York', 'María de las Mercedes Díez', 'Bárbara Domínguez', 'Jesús del Monte', 'Luisa María Jiménez Rodríquez', 'Mario González Broche', 'Tony López', 'Héctor Castañeda', 'Rosendo Lamadriz', 'Roberto Villar', 'Roberto Cabrera', 'Alfredo Ávila', 'José Espinosa', 'Rafael Díaz', 'Isabel Moreno', 'Manuel J. Mora', 'Raquel Revuelta', 'Aramís Delgado', 'Raúl Gómez', 'Pepe Ramírez'];[];[];['Sergei Urusevsky'];"A study in contrasts set in and around Havana that explores Cuba's 1959 revolution: a young woman's fascination with the excess of an American-owned casino leads to her downfall in the eyes of her street vendor boyfriend; a tenant farmer revolts the only way he knows how, attacking the land he works; university students gain first-hand knowledge of political upheaval; and, in the hills outside the city, the members of a poor peasant family are patriotically swept up into the burgeoning revolt."
;/film/maria-candelaria/;60225.0;Maria Candelaria;1.5211;7.3;1944-01-20;102;MX;es;0.0;0.0;['Drama', 'Romance'];['Emilio Fernández'];[2];['Dolores del Río', 'Pedro Armendáriz', 'Alberto Galán', 'Margarita Cortés', 'Miguel Inclán', 'Beatriz Ramos', 'Rafael Icardo', 'Julio Ahuet', 'Lupe del Castillo', 'Lupe Inclán', 'Salvador Quiroz', 'Nieves', 'Elda Loza', 'Lupe Garnica', 'Alfonso Jiménez', 'Aurora Ruiz', 'Arturo Soto Rangel', 'Irma Torres', 'José Torvay', 'David Valle González', 'Enrique Zambrano'];[];['Jorge Busto', 'Gloria Schoemann'];['Gabriel Figueroa'];A young journalist asks an old artist about the portrait of a naked Indian woman that he has in his study. The artist tells the story of Maria Candelaria, a young Indian woman who was rejected by her own people for being the daughter of a prostitute. She is protected by a young Indian man, Lorenzo Rafael, who has fallen in love with her.
;/film/no-es-por-gusto/;678040.0;No es por gusto;1.0326;6.0;1981-01-01;51;MX;es;0.0;0.0;['Documentary'];['María del Carmen de Lara', 'Maria Eugenia Tamés'];[0, 1];['Maria Silvestre', 'Rebeca', 'Esther', 'María de la Luz'];[];[];[];The first documentary directed by Maria del Carmen de Lara, together with feminist producer, scriptwriter and director Maria Eugenia Tamés. A direct cinema experience, based on research on the harsh reality of sex workers in Mexico at the time. Testimonies from several women, who have different life paths, but share the violence to which they’re exposed: precariousness, prison, mistreatment, discrimination and dehumanisation.
;/film/nobodys-wife/;127022.0;Nobody's Wife;0.6047;7.0;1982-04-01;90;CO;es;0.0;0.0;['Drama'];['María Luisa Bemberg'];[1];"['Luisina Brando', 'Rodolfo Ranni', 'Julio Chávez', 'Gabriela Acher', 'Susú Pecoraro', 'China Zorrilla', 'Berugo Carambula', 'Gonzalo Palmes', 'Damián Urquijo', 'María Ibarreta', 'Guillermo Rico', 'Villanueva Cosse', 'Joao Adeles', 'Lidia Catalano', ""Pino D'Angelo"", 'Maria Fournery', 'Marisa Herrero', 'Sara Krell', 'Víctor Proncet']";[];['Miguel Pérez'];['Miguel Rodriguez'];It is the story of Eleanor, a good housewife who lives with her husband, Fernando, and their two children. Deeply loves her husband and does not question the reciprocity of love and fidelity. One day, circumstantially, discovers her husband is cheating. Leonor emotionally feels betrayed and realizes that his world, based on a lie, has collapsed like a house of cards. With more fear than conviction, leaving the house, leaving little signs with instructions for their march and trust their children to the care of her husband.
;/film/paula-contra-la-mitad-mas-uno/;614057.0;Paula contra la mitad más uno;0.6613;7.333;1971-02-11;84;AR;es;0.0;0.0;['Comedy'];['Néstor Paternostro'];[0];['Héctor Pellegrini', 'Dimma Zecchin', 'Raimundo Soto', 'Federico Luppi', 'Juan Carlos Gené', 'Leonor Manso', 'Owe Monk', 'Juan José Camero', 'Gunter Jeannee', 'Paul Chaprón', 'Rodolfo Varela', 'Jorge Ochoa', 'Roberto Bordoni', 'Eduardo Fasulo', 'María Luisa Robledo', 'Silvio Marzolini', 'Norberto Madurga', 'Antonio Roma', 'Alberto J. Armando', 'Mariel Paternostro', 'Roberto Luchetti', 'Alfredo Illanez', 'Orlando Rondó', 'Ana Ferrari', 'Atilio Regaló', 'Jorge Sánchez', 'Emilio Losada', 'Guillermo Marín', 'Carlos Alberto Ibáñez', 'Elcides Ruiz', 'Juan Carlos Lima', 'Liliana Cabañero', 'Eduardo Cicari', 'Roberto Arnaez', 'Antonio Rattín', 'Ángel Clemente Rojas', 'Rubén Suñé', 'Roberto Meléndez', 'Rubén Sánchez', 'Lelio Lesser', 'León Sarthié', 'Bernardino Veiga', 'José María Muñoz', 'Faustino García', 'Enrique Llamas de Madariaga', 'Iván Carlos Berg'];['Carlos A. Burone', 'Néstor Paternostro'];['Antonio Ripoll', 'Enrique Muzio'];['Julio Duplaquet'];Shortly before a match against River Plate, members of the Boca Juniors football team are kidnapped.
;/film/sao-paulo-a-metropolitan-symphony/;190079.0;São Paulo, a Metropolitan Symphony;0.5682;6.143;1929-09-06;90;BR;pt;0.0;0.0;['Documentary'];['Adalberto Kemeny', 'Rudolf Rex Lustig'];[0, 0];[];[];[];[];The city of São Paulo at the end of the 1920s. Urbanism, fashion, public monuments, industrialization, historical facts, coffee production expansion, education and the sound of daily life. Using the classic documentary Berlin: Die Sinfonie der Großstadt (1927) as a model, Hungarian filmmakers Adalberto Kemeny and Rodolf Lustig, who owned one of the best film laboratories that Brazil relied on at the time, made this documentary.
;/film/the-battle-of-chile-part-iii/;132150.0;The Battle of Chile: Part III;0.8216;7.525;1979-03-15;78;CL;es;0.0;0.0;['Documentary'];['Patricio Guzmán'];[2];['Abilio Fernández', 'Salvador Allende'];['Patricio Guzmán'];['Pedro Chaskel'];['Jorge Müller Silva'];Guzmán’s final installment shifts from covering the actions of Allende’s opponents to those who battled to revive & promote their toppled leader’s vision for a new Chile.
;/film/the-brute/;42502.0;The Brute;1.4688;6.956;1953-02-05;81;MX;es;0.0;0.0;['Drama', 'Crime'];['Luis Buñuel'];[2];['Pedro Armendáriz', 'Katy Jurado', 'Rosita Arenas', 'Andrés Soler', 'Paco Martínez', 'Gloria Mestre', 'Roberto Meyer', 'Beatriz Ramos', 'Paz Villegas', 'José Muñoz', 'Diana Ochoa', 'Ignacio Villalbazo', 'Joaquín Roche', 'Guillermo Bravo Sosa', 'Efraín Arauz', 'Lupe Carriles', 'Victorio Blanco', 'José Luis Fernández', 'Jesús García Navarro', 'Enrique Carrillo', 'Jesús Gómez', 'José Chávez', 'Enedina Díaz de León', 'Isabel Herrera', 'Cecilia Leger', 'Ángela Rodríguez', 'Jaime Fernández', 'Salvador Godínez', 'Leonor Gómez', 'Francisco Ledesma', 'Margarito Luna', 'Ignacio Peón', 'Polo Ramos'];[];['Jorge Busto'];['Agustín Jiménez'];A tough young man, who helps to kick poor people out of their houses, falls in love with a girl. She lives with her father in the building about to be demolished.
;/film/the-first-charge-of-the-machete/;264972.0;The First Charge of the Machete;0.54;6.917;1969-05-22;84;CU;es;0.0;0.0;['Drama'];['Manuel Octavio Gómez'];[2];['Idalia Anreus', 'Adolfo Llauradó', 'Eslinda Núñez', 'Raúl Pomares', 'José Rodríguez', 'Pablito Milanés'];[];['Nelson Rodríguez'];['Jorge Herrero'];Cuban peasants wield machetes in a violent uprising against Spanish authorities in the late 19th century.
;/film/vadi-samvadi/;475607.0;Vadi-Samvadi;0.8101;4.3;1981-10-03;7;AR;es;0.0;0.0;[];['Claudio Caldini'];[2];[];[];[];[];Aspiraciones is the beginning of a series in which Vadi-Samvadi is the second film. The grammar of Indian music suggests a micro-interval in a cinematic space-time.
;/film/castle-of-purity/;47582.0;Castle of Purity;1.3414;7.363;1973-05-10;110;MX;es;0.0;0.0;['Drama'];['Arturo Ripstein'];[2];['Claudio Brook', 'Rita Macedo', 'Arturo Beristáin', 'Diana Bracho', 'Gladys Bermejo', 'David Silva', 'María Rojo', 'María Barber', 'Mario Castillón Bracho', 'Andrea del Llano', 'Alejandra Jiménez', 'Emma Roldán', 'Roberto Jiménez', 'Osami Kawano', 'Cecilia Leger', 'Inés Murillo', 'María Guadalupe Delgado'];[];['Rafael Castanedo'];['Alex Phillips'];A disciplined and sexually driven man forces his family to stay isolated in their home in order to protect them from the “evil nature” of human beings.
;/film/dont-you-let-me-go/;1275987.0;Don't You Let Me Go;1.7578;5.5;2024-10-24;75;UY;es;0.0;0.0;['Drama'];['Leticia Jorge', 'Ana Guevara'];[1, 1];['Chiara Hourcade', 'Vicky Jorge', 'Eva Dans', 'Viggo Castagnet', 'Florencia Colucci', 'Fernando Amaral', 'María Noel Gutiérrez', 'Bruno Pereyra', 'Florencia Zabaleta', 'Águeda Restaino', 'Elsie Mildwurf', 'Kevin Silvera'];[];['Lucía Casal', 'Stephanie Tabárez'];['Soledad Rodríguez'];In the wake of her best friend’s death, Adela embarks on a journey through time to a distant autumn, where Elena eagerly awaits, armed with detective novels and the warmth of a crackling fire. A tale of timeless sisterhood and celebration of life, Adela must confront her grief and unravel the mysteries that bind them together.
;/film/elite-squad-the-enemy-within/;47931.0;Elite Squad: The Enemy Within;5.4625;7.852;2010-10-08;115;BR;pt;0.0;63027681.0;['Drama', 'Action', 'Crime'];['José Padilha'];[2];"['Wagner Moura', 'Irandhir Santos', 'André Ramiro', 'Milhem Cortaz', 'Maria Ribeiro', 'Seu Jorge', 'Sandro Rocha', 'Tainá Müller', 'André Mattos', 'Pedro Van-Held', 'Adriano Garib', 'Julio Adrião', 'Rodrigo Candelot', 'Emílio Orciollo Netto', 'Charles Fricks', 'Fabrício Boliveira', 'Marcello Gonçalves', 'Pierre Santos', 'William Vita', 'André Santinho', 'Guilherme Belem', 'Ricardo Sodré', 'Marcelo Cavalcanti', ""Bruno D'Elia"", 'Cássio Nascimento', 'Francisco Salgado', 'Gabriel Teixeira', 'Zé Mário Farias', 'Cadu Fávero', 'Vitor Fraga', 'Johayne Hildefonso', 'Luca Bianchi', 'Willian J. Shakespeare', 'Jovem Cerebral', 'Chico Melo', 'Deiwis Jamaica', 'Ricardo Pavão', 'Juliana Schalch', 'Rogério Trindade', 'Paulo Giardini', 'Luciano Vidigal', 'Prazeres Barbosa', 'Alexandre Akerman', 'Kikito Junqueira', 'Alfredo Garcês', 'Roney Villela', 'Alexandre Liuzzi', 'Rose Abdallah', 'Marco Tulio Fernandes Filho', 'Paulo Hamilton', 'Thogun Teixeira', 'Ronaldo Reis', 'Márcio Fonseca', 'Rod Carvalho', 'Marcelo Bijú', 'Pablo Sobral', 'Dudu Nobre', 'Lucas Laete', 'Marcelo Assumpção', 'Frederico Lopes', 'Francisco Chao', 'Alexander Bouzin', 'Roberta Arantes', 'Fabíola Ribeiro', 'Samantha Mendes', 'Rafael Serra de Alencar e Souza', 'Marcelo Freixo', 'Uarzancler Zuckerman']";['Bráulio Mantovani', 'José Padilha'];['Daniel Rezende'];['Lula Carvalho'];After a bloody invasion of the BOPE in the High-Security Penitentiary Bangu 1 in Rio de Janeiro to control a rebellion of interns, the Lieutenant-Colonel Roberto Nascimento and the second in command Captain André Matias are accused by the Human Right Aids member Diogo Fraga of execution of prisoners. Matias is transferred to the corrupted Military Police and Nascimento is exonerated from the BOPE by the Governor.
;/film/hanoi-tuesday-13th/;151490.0;Hanoi, Tuesday 13th;1.0896;6.577;1969-10-03;38;CU;es;0.0;0.0;['Documentary'];['Santiago Álvarez'];[2];['Lyndon B. Johnson'];[];['Idalberto Gálvez', 'Norma Torrado'];['Iván Nápoles'];In December 1967, a Cuban film crew led by Santiago Alvarez, the veteran polemicist, travelled to Hanoi. They shot the footage which constitutes this short documentary all in one day - Tuesday 13. The film is the story of that day and what happened to the North Vietnamese people in the course of it.
;/film/history-of-brazil/;74367.0;History of Brazil;0.8099;7.2;1974-01-01;166;BR;pt;0.0;0.0;['Documentary'];['Glauber Rocha'];[2];['Jésus Histon', 'Emilio Garrastazu Médici', 'Humberto de Alencar Castelo Branco', 'João Goulart', 'Jânio Quadros', 'Juscelino Kubitschek', 'Getúlio Vargas', 'Fidel Castro', 'Che Guevara', 'John F. Kennedy', 'Jirges Ristum', 'Richard Nixon', 'Arthur da Costa e Silva'];[];[];[];"The film, created in exile from 1971 to 1973 between Cuba and Rome, is considered a ""semi-finished"" work by Glauber Rocha. It has a certain pedagogical character and seeks, through dialectical editing, to conduct a critical review of colonization, class struggle, messianism, and the establishment of populist governments in the Third World. There is a chronology in the events presented, which, supported by extensive iconography (films, engravings, photos, etc.), create ""free"" associations that allow the viewer a ""polyphonic"" view of the ""History of Brazil."""
;/film/odd-number/;304796.0;Odd Number;0.6607;6.133;1962-11-15;85;AR;es;0.0;0.0;['Drama', 'Mystery'];['Manuel Antín'];[2];['Lautaro Murúa', 'María Rosa Gallo', 'Sergio Renán', 'Maurice Jouvet', 'Milagros de la Vega', 'Adriana Peña', 'José María Fra'];[];[];[];"Two brothers quarrel for the love of a woman. One of them falls ill and dies; the other one marries her. The couple’s relationship falters in Paris due to the involvement of a reproaching mother, who still acts as if the dead brother were alive and living with her."
;/film/retratos-de-identificacao/;374552.0;Retratos de Identificação;2.5834;7.0;2014-09-12;72;BR;pt;0.0;0.0;['Documentary'];['Anita Leandro'];[0];['Maria Auxiliadora Lara Barcelos', 'Reinaldo Guarany Simões'];[];['Anita Leandro'];[];Among the many victims of the military dictatorship that raged in Brazil from 1964 to 1985, a small group of guerilla fighters – Chael, Roberto, Reinaldo and Dora – got arrested, tortured, some of them killed or forced into exile. Before and after their arrest, during their torture sessions, the police photographed them. Together with the official reports, these photos are the material Anita Leandro worked on from the inside to bring these four people’s fate out of oblivion.
;/film/the-realm-of-fortune/;268641.0;The Realm of Fortune;0.8879;5.326;1986-11-28;130;MX;es;0.0;0.0;['Drama'];['Arturo Ripstein'];[2];['Ernesto Gómez Cruz', 'Blanca Guerra', 'Alejandro Parodi', 'Zaide Silvia Gutiérrez', 'Socorro Avelar', 'Juan Antonio Llanes', 'Carlos Cardán', 'Loló Navarro', 'Edmundo Barahona', 'Raymundo Gómez Cruz', 'María Barber', 'Jorge Fegán', 'Alfonso Godínez', 'Emilio Ebergenyi', 'José Ruvinskis', 'Raul Valerio', 'José Escandón', 'Tito Guillén', 'Eduardo Cassab', 'Alberto Estrella', 'René Pereyra', 'Margot Narvaez', 'Ignacio Retes', 'Adolfo Magaldi', 'Federico González', 'Regino Herrera', 'Francisco Llopis', 'Miriam Aragon', 'Eduardo López Rojas', 'Isela Díaz', 'Ernesto Yáñez', 'Alfredo Sevilla', 'Fernando Palavicini', 'Yaco Alva', 'Isidro Tellez', 'Margarita Sanz', 'Luisa Huertas', 'Carlos Chávez', 'Carlos López', 'Abel Woolrich', 'Leonor Llausás', 'Wolf Ruvinskis'];['Paz Alicia Garciadiego'];['Carlos Savage'];[];Poor Dionisio finds himself as recipient of the good fortune, but soon he forgets that everything that goes up also has to go down, and that in the depressing nothingness of his town it is easy to die.
;/film/the-sidewalks-of-saturn/;299152.0;The Sidewalks of Saturn;1.2071;6.0;1986-04-30;145;AR;es;0.0;0.0;['Drama', 'Music'];['Hugo Santiago'];[2];['Rodolfo Mederos', 'Bérangère Bonvoisin', 'Edgardo Lusi', 'Andrea Livier Aronovich', 'Philippe Clévenot', 'Emmanuel Dechartre', 'Catherine Jarret', 'Sophie Lucachevski', 'Diego Mas Trelles', 'Mónica Mórtola', 'Juan Quirno', 'Stanislav Stanojevic', 'Maurice Vallier', 'René-Louis Des Forêts', 'Michèle Bokobza', 'Patrick Bonnel', 'Osvaldo Caló', 'Tomás Gubitsch', 'Chipi Lagos', 'Louisette Malapert', 'François Ode', 'Karl-Heinz Schäfer'];[];['Françoise Belleville'];['Ricardo Aronovich'];Hugo Santiago and writers Juan José Saer and Jorge Semprún move back and forth between Paris and the city of Aquilea in a shadowy fable about exile. The frontier between one city and the other begins to blur after Bandoneonist Rodolfo Mederos is visited by his sister, a member of a guerrilla organization.
;/film/the-survivors-1979/;106180.0;The Survivors;0.7482;7.4;1979-01-06;130;CU;es;0.0;0.0;['Drama', 'Comedy'];['Tomás Gutiérrez Alea'];[2];['Enrique Santisteban', 'Juanita Caldevilla', 'Germán Pinelli', 'Ana Viñas', 'Reynaldo Miravalles', 'Vicente Revuelta', 'Leonor Borrero', 'Carlos Ruiz de la Tejera', 'Yael Teruel', 'Ana Lillian Renteria', 'Francisco Puentes', 'Patricio Wood', 'Antonio Cortés', 'Jorge Alí Pérez', 'Manolito Angueira', 'Silvia Planas', 'Ángel Espasande', 'Sarah Reina', 'Laurent Rodriguez', 'Georgia Rodríguez', 'Caridad Rios', 'Mercedes Arnaiz', 'Donato Figueiral', 'Aida Busto', 'Elio Mesa', 'Maria Santana', 'José María Rodríguez', 'Mario Lee', 'Jorge Portillo', 'Zenaida Elizalde', 'Oscar Alvarez', 'Ismeli Ríos', 'Gilberto Gómez', 'Elizabeth Fernández', 'Irela Bravo', 'Jorge Arroyo', 'Antonio Arroyo', 'Rafael Buzón', 'Dario Vázquez', 'Armando Soler', 'Alfredo Perojo', 'Carlos Moctezum', 'José Antonio Cepero Brito'];['Tomás Gutiérrez Alea'];['Nelson Rodríguez'];['Mario García Joya'];"A bourgeois Cuban family of aristocratic origin locks itself into its mansion when the Cuban Revolution comes to power, waiting for the new regime to be overthrown. As time passes, they regress to older and older systems of political order, from capitalism to feudalism to ""primitive savagery."""
;/film/the-trial-2023/;1063595.0;The Trial;0.8747;8.4;2023-02-19;177;AR;es;0.0;0.0;['Documentary', 'History'];['Ulises de la Orden'];[2];"['Luis Moreno Ocampo', 'Julio César Strassera', 'León Arslanián', ""Andrés J. d'Alessio"", 'Ricardo Gil Lavedra', 'Guillermo Ledesma', 'Jorge Torlasco', 'Jorge Valerga Aráoz', 'Orlando Ramón Agosti', 'Jorge Anaya', 'Leopoldo Galtieri', 'Omar Graffigna', 'Armando Lambruschini', 'Basilio Lami Dozo', 'Emilio Eduardo Massera', 'Jorge Rafael Videla', 'Roberto Eduardo Viola', 'Arturo Frondizi']";[];['Alberto Ponce'];['Pablo Parra'];Chronicle of the historic trial held between April and December 1985 against the leaders of the last Argentine dictatorship (1976-83), responsible for the disappearance of thousands of people and other State crimes.
;/film/a-poet/;1465563.0;A Poet;3.2008;8.807;2025-08-28;123;CO;es;0.0;1494641.0;['Comedy', 'Drama'];['Simón Mesa Soto'];[2];['Ubeimar Rios', 'Rebeca Andrade', 'Guillermo Cardona', 'Alisson Correa', 'Humberto Restrepo', 'Margarita Soto', 'Hilda Gutíerrez Lodoño', 'Emmanuel Garcés Botero', 'William Montoya', 'Adriana Upegui', 'Javier Castaño Vera', 'Luis Alfonso Ochoa Londoño', 'Gabriel Buitrago Figueroa', 'Mariana Flórez Isaza', 'Sara Castro Parra', 'Hugo Zapata Montoya', 'Shirley Ardila', 'Eva Boddez', 'Isabella Álvarez Quintero', 'Héctor Gonzaléz', 'Tania Granada Valencia', 'Francisco Betancur', 'Jairo Carrasquilla', 'Diego Alejandro Tobon', 'Celeste Vélez Cano', 'Julieta Bolaños Salas', 'Ana María Vallejo', 'Sebastian Caro', 'Valentina Noreña', 'Mariana Silva Serna', 'Simón Zapata Londoño', 'Tina Lurkin', 'Viviana Alvarez Losada', 'Joaquín Pérez Ramírez', 'Carlos Isaza David', 'Alan Salazar Arango', 'Matias Agudelo Miranda', 'Gabriela Gómez Machado', 'Carolina Esparragosa Castrillón', 'Steven Cano Serna', 'Maicol Bernal Quintero', 'Manuela Monsalve', 'Julian Burgos Arango', 'Yuliana Giraldo', 'Ana María Arenas', 'Miguel Angel Gil', 'Esteban Jiménez', 'Monica Maria Restrepo', 'Sara Guzmán Guerra', 'María José Nuñez Acosta', 'Ana María Araque Restrepo', 'Nelson Camayo', 'Ibinson Daniel Solera', 'Víctor Gaviria', 'Rafael Escobar', 'Diego León Marín', 'Jose Octavio Montoya Ruiz', 'Erika Ramírez', 'Jennifer Argaéz', 'Evelin Montoya Sánchez', 'Valentina Jimenez Moreno', 'Manuel Ruiz Montealegre', 'Juan Mogollón Henao', 'Andrés Álvarez Molina'];[];['Ricardo Saraiva'];['Juan Sarmiento G.'];An aging poet finds purpose mentoring Yurlady, a talented teen, though exposing her to the poetry scene might be unwise. His own poetic pursuits led nowhere, leaving him a stereotypical obscure writer.
;/film/and-so-it-is/;232866.0;And So It Is;2.3891;6.8;1966-07-01;75;BO;ay;0.0;0.0;['Drama'];['Jorge Sanjinés'];[2];['Néstor Peredo', 'Benedicta Huanca', 'Vicente Verneros Salinas', 'Elsa Antequera', 'Benedicta Mendoza', 'Néstor Cárdenas'];['Jorge Sanjinés'];['Jorge Sanjinés'];['Hugo Roncal'];While her husband is on his way to the market, a peasant woman is raped and murdered. Her widower carefully plans his revenge.
;/film/aniceto/;72776.0;Aniceto;2.0446;5.909;2008-06-12;82;AR;es;0.0;149913.0;['Music', 'Drama'];['Leonardo Favio'];[2];['Hernán Piquín', 'Natalia Pelayo', 'Alejandra Baldoni', 'Jorge Torres', 'Luis Mazzeo', 'Matías García', 'Floria Bloise', 'Marcelo Guaita'];[];['Paola Amor'];"['Félix ""Chango"" Monti', 'Alejandro Giuliani']";Love, passion, disappointment, pain and sadness shape this love triangle between Aniceto, Francisca and Lucía, played by dancers Hernán Piquín, Natalia Pelayo and Alejandra Baldón.
;/film/from-afar/;352162.0;From Afar;2.8517;6.087;2015-09-10;93;VE;es;0.0;30169.0;['Drama'];['Lorenzo Vigas'];[2];['Alfredo Castro', 'Luis Silva', 'Jericó Montilla', 'Catherina Cardozo', 'Marcos Moreno', 'Jorge Luis Bosque', 'Felipe Massiani', 'Auffer Camacho', 'Iván Peña', 'Ernesto Campos'];[];['Isabela Monteiro de Castro'];['Sergio Armstrong'];Armando, a 50 year man, seeks young men in Caracas and pays them just for company. One day he meets Elder, a 17 years boy that is the leader of a criminal gang, and that meeting changes their lives forever.
;/film/i-am-not-your-negro/;411019.0;I Am Not Your Negro;3.9691;7.74;2017-02-03;93;US;en;1000000.0;7123919.0;['Documentary'];['Raoul Peck'];[2];['Samuel L. Jackson', 'James Baldwin', 'Martin Luther King Jr.', 'Malcolm X', 'Arnold Schwarzenegger', 'Billy Dee Williams', 'Rod Steiger'];[];['Alexandra Strauss'];['Turner Ross', 'Bill Ross', 'Henry Adebonojo'];Working from the text of James Baldwin’s unfinished final novel, director Raoul Peck creates a meditation on what it means to be Black in the United States.
;/film/i-am-a-son-of-america/;283021.0;I Am a Son of America;0.5455;6.0;1972-01-02;195;CU;es;0.0;0.0;['Documentary'];['Santiago Álvarez'];[2];['Fidel Castro'];[];[];[];Recollections of Fidel Castro's visit to Chile on November, 1971, and of the historical imperialist exploitation of Latin America.
;/film/im-going-to-santiago/;262028.0;I'm Going to Santiago;0.9113;6.353;1964-01-01;16;CU;es;0.0;0.0;['Documentary'];['Sara Gómez'];[1];['Victoria Nápoles'];[];['Roberto Bravo'];['Mario García Joya'];This black-and-white film is a loving portrait of Santiago de Cuba and its people. It provides a view of Cuba as a picturesque country, the product of an earthy mix of black and criollo cultures. The film uses historical images which portray the end of the eighteenth century when Haitian slave owners fled with their slaves to Cuba after the Haitian Revolution.
;/film/pinochet-and-his-three-generals/;762770.0;Pinochet and His Three Generals;5.1603;7.6;2004-01-01;101;FR;fr;0.0;0.0;['Documentary'];['José María Berzosa'];[0];['Augusto Pinochet'];[];[];['Maurice Perrimond'];"In 1976-77, José Ma Berzosa contacted General Pinochet during a trip to Chilean Antarctica. On his return to Santiago, Pinochet agreed to be interviewed. In front of the camera, the General and three members of the junta speak about their memories and political thoughts, artistic tastes and their family lives. From the interviews, conducted in an apparently cordial atmosphere, emerges an ironic portrait without concessions of their taste for order, efficiency and a certain ""ordinary fascism."" By way of contrast, the families of victims and missing people endure a different reality."
;/film/tango-1998/;65749.0;Tango;1.3249;6.625;1998-08-06;115;AR;es;0.0;0.0;['Music', 'Romance', 'Drama'];['Carlos Saura'];[2];['Miguel Ángel Solá', 'Cecilia Narova', 'Mía Maestro', 'Juan Carlos Copes', 'Carlos Rivarola', 'Sandra Ballesteros', 'Óscar Cardozo Ocampo', 'Enrique Pinti', 'Julio Bocca', 'Juan Luis Galiardo', 'Martín Seefeld', 'Ricardo Díaz Mourelle', 'Antonio Soares Junior', 'Ariel Casas', 'Carlos Thiel', 'Nora Zinsky', 'Elvira Onetto'];[];[];['Vittorio Storaro'];A dangerous love affair inspires a director to create the most spectacular and boldly seductive dance film ever made.
;/film/the-amulet-of-ogum/;86234.0;The Amulet of Ogum;0.7534;6.409;1974-05-21;112;BR;pt;0.0;0.0;['Fantasy', 'Crime', 'Drama', 'Action'];['Nelson Pereira dos Santos'];[2];['Jofre Soares', 'Anecy Rocha', 'Ney Santanna', 'Maria Ribeiro', 'Emmanuel Cavalcanti', 'José Marinho', 'Antonio Carnera', 'Francisco Santos', 'Erley José', 'Washington Fernandes', 'Jards Macalé', 'Luiz Carlos Lacerda', 'Jackson do Pandeiro', 'Vargas Junior', 'Waldir Onofre', 'Antonio Carlos Pereira', 'Flávio São Thiago', 'Amando Santana', 'Ilya Raherti São Paulo', 'Midani'];['Francisco Santos'];['Severino Dadá'];[];An ubiquitous folk singer narrates the tale of a young boy, who apparently becomes immune to gunfire after his mother arranges for him to have an amulet bearing Ogum's blessings. As time goes by, he becomes a valuable member of a mobster's hit-team, but ends up joining a group of people who resist his original employers.
;/film/the-apostate-2015/;351097.0;The Apostate;2.3577;5.355;2015-10-02;80;UY;es;0.0;0.0;['Comedy', 'Drama'];['Federico Veiroj'];[2];['Andrés Gertrúdix', 'Vicky Peña', 'Bárbara Lennie', 'Marta Larralde', 'Álvaro Ogalla', 'Kaiet Rodríguez', 'Juan Calot', 'Joaquín Climent', 'Jaime Chávarri', 'Álvaro Roig', 'Tino Martínez', 'Mercedes Hoyos', 'David Moreno', 'Sara Orton', 'Rafael Rodríguez Hidalgo', 'Pepa Gracia', 'Miguel Marinas', 'Leo Rodríguez', 'Alejandro Crasny', 'Israel Fernández', 'Ignacio del Ojo', 'Antonio Santamarina', 'Ramón Pamplona', 'Juan de Pablos', 'Gregorio Bravo Jr.', 'Pepe Álvarez', 'Manuel Pérez Estremera', 'José Díaz de Espada Galán', 'Guillermo Rodríguez García', 'Noelia González', 'Dora Romero', 'Domingo Morales', 'Saloa Heredia', 'Mario Heredia', 'Mercedes Heredia', 'Ramón Rubio', 'Arauco Hernández Holz', 'Greta Barreiros', 'Concepción Romero Caballero', 'Teresa Arroyo', 'Fernando Franco', 'Carolina Touceda', 'Andrea Jaurrieta', 'María Jesús Trelles Fernández', 'Antonio Cordobés', 'Gonzalo Delgado', 'Ana Muñiz'];[];['Fernando Franco'];['Arauco Hernández Holz'];A young man navigates the bureaucracy of the Catholic Church when he tries to renounce his faith.
;/film/the-mandarin-1995/;229884.0;The Mandarin;0.7255;4.75;1995-11-06;89;BR;pt;0.0;0.0;['History'];['Júlio Bressane'];[2];['Fernando Eiras', 'Gilberto Gil', 'Gal Costa', 'Raphael Rabello', 'Chico Buarque', 'Caetano Veloso', 'Pascoal Villaboim', 'Rubens Santos', 'Edu Lobo', 'Renata Sorrah', 'Giulia Gam', 'Costinha', 'Guará Rodrigues', 'João Rebello', 'Noa Bressane', 'Tande Bressane', 'Narcisa Tamborindeguy', 'Ivan Cardoso', 'Mario Reis'];[];['Gilberto Santeiro'];['José Tadeu Ribeiro'];The history of Brazilian popular music in the 20th Century, focusing specially on the life and works of intriguing singer Mário Reis, a loner who, with his special way of singing - whispering and softly saying the words - in a time when singers with potent voices ruled, was in a way a forerunner of Bossa Nova style.
;/film/the-milk-of-sorrow/;28644.0;The Milk of Sorrow;2.7254;6.335;2009-02-13;94;PE;es;0.0;0.0;['Drama'];['Claudia Llosa'];[1];['Magaly Solier', 'Susi Sánchez', 'Efraín Solís', 'Marino Ballón', 'Daniel Nuñez Duran'];['Claudia Llosa'];['Frank Gutiérrez'];['Natasha Braier'];Fausta is suffering from a rare disease called the Milk of Sorrow, which is transmitted through the breast milk of pregnant women who were abused or raped during or soon after pregnancy. While living in constant fear and confusion due to this disease, she must face the sudden death of her mother. She chooses to take drastic measures to not follow in her mother's footsteps.
;/film/the-sand-dune-1955/;285149.0;The Sand Dune;0.5123;6.0;1955-01-01;25;CU;es;0.0;0.0;['Documentary'];['Julio García Espinosa'];[2];[];['Julio García Espinosa'];[];['Jorge Haydú'];Documentary that portrays the life of a coal-mining town south of Havana, around 1955, prior to the triumph of the revolution.
;/film/the-woman-who-invented-love/;195015.0;The Woman Who Invented Love;0.8853;6.077;1980-10-20;100;BR;pt;0.0;0.0;['Drama', 'Romance'];['Jean Garrett'];[2];['Aldine Müller', 'Zécarlos de Andrade', 'Rodolfo Arena', 'Lola Brah', 'Osly Delano', 'Roberto Miranda', 'Jairo Ferreira', 'Paulo Leite', 'Edgard Franco', 'Orlando Parolini', 'Carlos Arena', 'Marcelo Dantas', 'Zelia Toledo', 'Waldir Siebert', 'Néa Simões', 'Genésio de Carvalho', 'Renée Casemart', 'Cavagnole Neto', 'Dulce Garcia', 'Carlos Reichenbach', 'Rita de Cássia', 'Walter Coletti', 'Paulo Valvassori', 'Nair Isaguirre', 'Nana Vogel', 'Nerzídio Bonacin', 'Luiz Vizeu', 'Eduardo Zá', 'Wilson Sampson', 'Lano Grandi', 'André Luiz', 'José Lucas', 'Oswaldo Cirillo', 'Célia Lima', 'Theresa Bianchi', 'Aluizio Pontes', 'Jorge Sales', 'Irupê Rodrigues', 'Ricardo Angelini', 'Francisco Rodrigues', 'Simone Carvalho', 'Heloísa Raso', 'Bubby Montenegro'];['João Silvério Trevisan'];['Eder Mazzini'];['Carlos Reichenbach'];Doralice is a simple minded woman romantically fascinated by marriage. However, when she is raped by a butcher, a friend advises her to become a prostitute - and she does it. After that, all her wishes and longings will curl up into a fascinating vortex.
;/film/toponymy/;348022.0;Toponymy;1.0926;6.0;2015-07-05;82;AR;es;0.0;0.0;['Documentary'];['Jonathan Perel'];[0];[];[];[];[];From toponymy, a branch of linguistics, to politics, the links can be quite unexpected. These are which are sought to be revealed in the new fi lm by Jonathan Perel who uses his filmwork as a tool to explore and accurately document the marks left by previous dictators of Argentina. We are in the province of Tucuman, in the north of Argentina, an emblematic region where the fi rst Act of Independence in South America was signed in 1816 and where the “Operation Independence” took place in 1974, during which the guerillas’ insurgence was violently repressed.
;/film/under-the-flags-the-sun/;1404184.0;Under the Flags, the Sun;1.5717;8.0;2026-03-25;90;AR;es;0.0;0.0;['Documentary'];['Juanjo Pereira'];[0];['Alfredo Stroessner', 'Lyndon B. Johnson', 'Georges Pompidou', 'Jorge Rafael Videla', 'Andrés Rodríguez'];['Juanjo Pereira'];['Manuel Embalse'];[];This fully archival journey through the 35 years of Alfredo Stroessner’s regime in Paraguay reveals unseen footage and explores one of the longest-running dictatorships in history, whose effects still resonate today.
;/film/wild-flower-1943/;120295.0;Wild Flower;0.9141;6.6;1943-04-24;94;MX;es;0.0;0.0;['Drama', 'Romance', 'War'];['Emilio Fernández'];[2];"['Dolores del Río', 'Pedro Armendáriz', 'Emilio Fernández', 'Miguel Ángel Ferriz Sr.', ""Armando Soto La Marina 'El Chicote'"", 'Agustín Isunza', 'Eduardo Arozamena', 'Mimí Derba', 'Margarita Cortés', 'Manuel Dondé', 'Salvador Quiroz', 'José Elías Moreno', 'Lucha Reyes', 'Carlos Riquelme', 'Alfonso Bedoya', 'Pedro Galindo', 'Raúl Guerrero', 'Ana María Hernández', 'Tito Novaro', 'Hernán Vera', 'Emilia Guiú']";['Emilio Fernández', 'Mauricio Magdaleno'];['Jorge Busto'];['Gabriel Figueroa'];"The film features Fernandez himself as a character named Rogellio Torres. The lion's share of the footage, however, is devoted to the romance between Esperanza, granddaughter of a common laborer, and Jose Luis Castro, the firebrand son of a landowner. Joining a revolutionary movements, Castro is disowned by his father, but Esperanza remains loyally by his side. Later on, Castro's father is killed by outlaws; in seeking vengeance, he sacrifices his own life, while Esperanza carries on his revolutionary work with their young son in tow."
;/film/alla-en-el-rancho-grande/;240633.0;Allá en el Rancho Grande;0.8196;6.0;1936-10-07;95;MX;es;0.0;0.0;['Comedy', 'Music', 'Drama'];['Fernando de Fuentes'];[2];"['Tito Guízar', 'René Cardona', 'Esther Fernández', 'Lorenzo Barcelata', 'Emma Roldán', 'Carlos López', 'Margarita Cortés', 'Dolores Camarillo', 'Manuel Noriega', 'Hernán Vera', 'Alfonso Sánchez Tello', 'Armando Alemán', 'Gaspar Núñez', 'Lucha María Ávila', 'Emilio Fernández', 'Olga Falcón', 'Trío Murciélagos', 'Trío Tariácuri', ""Carlos Bravo y Fernández 'Carlhillos'"", 'Agripina Anaya', 'Carlos L. Cabello', 'Clifford Carr', 'Enrique Carrillo', 'Juan García', 'Leonor Gómez', 'Max Langler', 'Paco Martínez', 'Jesús Melgarejo', 'David Valle González']";['Fernando de Fuentes', 'Antonio Guzmán Aguilera'];['Fernando de Fuentes'];['Gabriel Figueroa'];Two good friends — the owner and general manager of a ranch — fall in love with the same girl at the same time. The owner tries to 'buy' the girl without knowing she is in love with the manager.
;/film/que-vivan-los-crotos/;379044.0;¡Que vivan los crotos!;1.0907;6.0;1995-03-25;75;ES;es;0.0;0.0;['Documentary'];['Ana Poliak'];[1];['Jose Americo Ghezzi', 'Filiberto Satti', 'Uda Conti', 'Mario Penone', 'Héctor Wollands', 'Pascual Vuotto', 'Hugo Nario', 'Pedro Loeb', 'Pedro Yatauro', 'Oscar Mendy', 'Pedro Moisas', 'Uda Conti'];[];['Luis Mutti', 'Ana Poliak'];['Willi Behnisch'];"One day in 1930, José Américo Ghezzi (""Bepo"")—an unemployed anarchist stonemason—leaves his hometown, not to return until 1955. For twenty-five years, he wanders with no direction other than the path of the railway tracks, joining the silent world of the *crotos*—itinerant laborers—where he meets ""the Frenchman,"" a mentor who leaves an indelible mark on his life. Back home, his friends and a woman await him, weaving the fabric of their own lives. Sixty years later, facing the camera, he relives his romances and his worldview in a kind of collage of perspectives and dreams, centered on the fundamental question: ""Is freedom possible?"""
;/film/bordando-la-frontera/;963040.0;Bordando la frontera;1.0978;0.0;1986-08-25;60;MX;es;0.0;0.0;['Documentary', 'Drama'];['Ángeles Necoechea', 'Beatriz Mira Andreu'];[0, 0];['Norma Del Rivero', 'Alejandra Dorantes', 'Maru Sánchez'];[];['Laura Imperiale'];['Jack Lach'];"It follows a group of women working in maquiladoras on the U.S.-Mexico border; their testimonies tell the story of their working conditions."
;/film/pixote/;42148.0;Pixote;2.5537;7.898;1980-09-26;127;BR;pt;0.0;0.0;['Crime', 'Drama'];['Héctor Babenco'];[2];['Fernando Ramos da Silva', 'Jorge Julião', 'Gilberto Moura', 'Edilson Lino', 'Zenildo Oliveira Santos', 'Claudio Bernardo', 'Israel Feres David', 'Jose Nilson Martin Dos Santos', 'Marília Pêra', 'Jardel Filho', 'Rubens de Falco', 'Elke Maravilha', 'Tony Tornado', 'Beatriz Segall', 'João José Pompeo', 'Rubens Rollo', 'Emílio Fontana', 'Luiz Serra', 'Ariclê Perez', 'Joe Kantor', 'Isadora de Farias', 'Beatriz Berg', 'Walter Breda', 'Raimundo Matos', 'Benedito Corsi', 'Damaceno Filho', 'Cleide Eunice Queiroz', 'Israel Pinheiro', 'Carlos Costa', 'Fábio Tomasini', 'Lineu Dias', 'César Pezzuoli', 'Kocoth'];['Héctor Babenco', 'Jorge Durán'];['Luiz Elias'];['Rodolfo Sánchez'];10-year-old Pixote endures torture, degradation, and corruption at a local youth detention center where two of its members are murdered by policemen who frame Lilica, a 17-year-old trans hustler. Pixote helps Lilica and three other boys escape and they start to make their living by a life of crime which only escalates to more violence and death.
;/film/story-of-a-great-love/;240637.0;Story of a Great Love;0.797;6.7;1942-09-20;155;MX;es;0.0;0.0;['Drama', 'Romance'];['Julio Bracho'];[2];['Jorge Negrete', 'Domingo Soler', 'Gloria Marín', 'Sara García', 'Julio Villarreal', 'Narciso Busquets', 'Miguel Ángel Ferriz Sr.', 'Andrés Soler', 'Eugenia Galindo', 'Lupita Torrentera', 'José Baviera', 'Ernesto Alonso', 'Joaquín Coss', 'Andrés Huesca'];[];['Emilio Gómez Muriel'];['Gabriel Figueroa'];Manuel leaves town leaving Soledad in deep sadness. After several years of absence, the young man returns to find Soledad married to Antonio. However, the woman continues to be in love with him and both are determined to consummate their love.
;/film/the-rose-seller/;97038.0;The Rose Seller;1.6981;7.861;1998-05-13;115;CO;es;0.0;0.0;['Drama', 'Crime'];['Víctor Gaviria'];[2];['Lady Tabares', 'Marta Correa', 'Mileider Gil', 'Diana Murillo', 'Liliana Giraldo', 'Yuli García', 'Giovanni Quiroz', 'Álex Bedoya', 'Elkin Vargas', 'John Fredy Ríos', 'Robinson García', 'Elkin Rodríguez', 'William Blandón', 'Wilder Arango', 'Duván Vásquez', 'Lady Marcela', 'Héctor Romero', 'Amparo Palacio', 'Marina Pardo', 'Laura V. Beltrán', 'Gloria Sierra', 'Alonso Arcila', 'Juan F. Montoya', 'Lucía Garro', 'David Giraldo', 'Giovanny Patiño', 'Carlos Urrego', 'John Jaramillo', 'Santiago Rojas', 'Leonardo F. Valencia', 'Ernesto Franco Berenice'];[];['Víctor Gaviria', 'Agustín Pinto'];['Rodrigo Lalinde'];Monica is 13 years old and has already created her own world, on the street, where she fights courageously to defend what little she has: her friends, her boyfriend, who sells drugs, and her dignity and pride that makes no concessions to anyone. On Christmas night, like every night, she sells roses to make a living. But life brings her a new appointment with loneliness, poverty, drugs and death.
;/film/colombia-70/;511976.0;Colombia 70;0.9124;0.0;1970-05-05;5;CO;es;0.0;0.0;['Documentary'];['Carlos Álvarez Núñez'];[2];[];[];[];[];"An experimental short film about ""the joy of living in Colombia"" and Kodak films"
;/film/the-wave-1936/;195522.0;The Wave;1.5964;6.4;1936-07-16;61;MX;es;0.0;0.0;['Drama'];['Fred Zinnemann', 'Emilio Gómez Muriel'];[2, 2];['Silvio Hernández', 'Antonio Lara', 'Miguel Figueroa', 'Rafael Hinojosa', 'Felipe Rojas', 'David Valle González', 'Susana Ortiz Cobos'];[];['Emilio Gómez Muriel', 'Gunther von Fritsch'];['Paul Strand'];A Mexican fisherman, whose son has died because he could not afford necessary medical care out of his meagre wages, becomes aware of how badly exploited he and his many fellow fisherman are by the one greedy man for whom they work and the corrupt politician who makes the laws to benefit him.
;/film/to-the-left-of-the-father/;60141.0;To the Left of the Father;1.6876;7.128;2001-10-29;171;BR;pt;0.0;0.0;['Romance', 'Drama'];['Luiz Fernando Carvalho'];[2];['Selton Mello', 'Raul Cortez', 'Juliana Carneiro da Cunha', 'Simone Spoladore', 'Leonardo Medeiros', 'Caio Blat', 'Luiz Fernando Carvalho', 'Pablo César Câncio', 'Denise Del Vecchio', 'Mônica Nassif', 'Kika Kalache', 'Renata Rizek', 'Leda Samara Antunes', 'Sula Moreira Miana', 'Raphaela Borges David', 'Samir Muci Alcici Júnior', 'Laura Hallack Ferreira', 'Kalil Ibrahim Mansur', 'Fábio Luiz Marinho de Oliveira', 'Felipe Abreu Salomão'];[];['Luiz Fernando Carvalho'];['Walter Carvalho'];In 1940s São Paulo, Pedro’s tasked to retrieve his estranged brother André. André’s departure stems from a domineering father, an overly affectionate mother, and Pedro’s jealousy over the father’s favoritism. Further complicating matters is André’s unconventional relationship with their sister, Ana.
;/film/antonio-das-mortes/;74349.0;Antonio das Mortes;1.1567;6.8;1969-06-14;100;BR;pt;0.0;0.0;['Western'];['Glauber Rocha'];[2];['Maurício do Valle', 'Odete Lara', 'Othon Bastos', 'Jofre Soares', 'Lorival Pariz', 'Hugo Carvana', 'Rosa Maria Penna', 'Emmanuel Cavalcanti', 'Conceição Senna', 'Mário Gusmão', 'Sante Scaldaferri', 'Vinícius Salvatori', 'Paulo Lima'];['Glauber Rocha'];['Eduardo Escorel'];['Affonso Beato'];A new incarnation of Cangaceiro bandits, led by Coirana, has risen in the badlands. A blind landowner hires Antônio to wipe out his old nemesis. Yet after besting Coirana and accompanying the dying man to his mountain hideout, Antônio is moved by the plight of the Cangaceiro’s followers. The troubled hitman turns revolutionary, his gun and machete aimed towards his former masters.
;/film/bolivar-a-tropical-symphony/;218841.0;Bolívar, a Tropical Symphony;0.989;7.5;1979-01-01;75;VE;es;0.0;0.0;['Drama'];['Diego Rísquez'];[2];['Temístocles López', 'Antonio Eduardo Dagnino', 'Carlos Castillo', 'Hugo Márquez', 'María Adelina Vera', 'Diego Rísquez', 'Henrique Vera-Villanueva'];[];[];['Ricardo Jabardo'];This is the first of Diego Risquez’ trilogy of avant-garde cinematic treatments of historical subjects. Using a painterly style, it features portraits, still lifes, and scenes shot as tableaux vivants, the film provides an experimental interpretation of the arrival of the Spanish and their domination of the New World, as well as the Venezuelan Independence movement, focusing on the role of Simón Bolívar. There is no dialogue or narration, simply a musical score and the depiction of events from Bolívar’s career.
;/film/hidden-river-1948/;119793.0;Hidden River;0.9121;6.214;1948-02-12;110;MX;es;0.0;0.0;['Drama'];['Emilio Fernández'];[2];"['María Félix', 'Carlos López Moctezuma', 'Fernando Fernández', 'Manuel Dondé', 'Columba Domínguez', 'Roberto Cañedo', 'Arturo Soto Rangel', 'Agustín Isunza', 'Eduardo Arozamena', 'Juan García', 'Beatriz Germán Fuentes', 'Jaime Jiménez Pons', 'Carlos Múzquiz', 'Guillermo Cramer', 'Sergio Arroyo', 'Domingo Soler', 'Manuel Bernal', 'Lupe del Castillo', 'Enedina Díaz de León', 'Rogelio Fernández', ""Ismael Pérez 'Poncianito'"", 'Jorge Pérez']";['Mauricio Magdaleno'];['Gloria Schoemann'];['Gabriel Figueroa', 'Luis Osorno Barona'];Called by the Mexican President himself, a rural teacher goes to work in a village that is dominated by a malevolent chieftain.
;/film/juan-moreira/;127467.0;Juan Moreira;1.9354;7.182;1973-05-24;99;AR;es;0.0;0.0;['History', 'Drama', 'Western'];['Leonardo Favio'];[2];['Rodolfo Bebán', 'Pablo Cumo', 'Edgardo Suárez', 'Jorge Villalba', 'Carlos Muñoz Arosa', 'Elcira Olivera Garcés', 'Alba Mugica', 'Eduardo Rudy', 'Helena Tritek', 'Osvaldo De la Vega', 'Augusto Kretschmar', 'Juan Carlos Vargas', 'Héctor Ugazio', 'Yaco Lorca'];[];['Antonio Ripoll'];[];In the late nineteenth century, the mule driver Juan Moreira is a good gaucho and worker who, like many others, is subjected to abuse and humiliation by the powerful, either the police or landowners.
;/film/kuntur-wachana/;468165.0;Kuntur Wachana;2.2042;5.5;1977-01-01;90;PE;qu;0.0;0.0;['Drama'];['Federico García Hurtado'];[2];['Saturnino Huilca'];[];[];[];Kuntur Wachana is a docudrama in which Garcia re-created the 1950s uprising of the Huaran hacienda campesinos against the hacendados, which led to the assassination of two union organizers. The film then follows the travails of the peasants until 1969, when the Huaran Cooperative was formed.
;/film/revolution-1963/;345188.0;Revolution;6.6701;7.333;1963-06-17;9;BO;es;0.0;0.0;['Documentary'];['Jorge Sanjinés'];[2];[];[];[];['Jorge Sanjinés'];Documentary that offers a great overview of the history of Bolivia, their misery, the popular indomitable spirit and repressions that occur without pause.
;/film/the-bricklayers/;263815.0;The Bricklayers;1.0816;6.6;1976-12-23;122;MX;es;0.0;0.0;['Drama', 'Mystery', 'Thriller'];['Jorge Fons'];[2];['Ignacio López Tarso', 'Adalberto Martínez', 'Jaime Fernández', 'José Alonso', 'Salvador Sánchez', 'Katy Jurado', 'José Carlos Ruiz', 'David Silva', 'Eduardo Cassab', 'Salvador Garcini', 'Gerardo Zepeda', 'Mario García González', 'Ramón Menéndez', 'Guillermo Gil', 'Leonor Llausás', 'Evangelina Martínez', 'César Bono', 'Manuel Garay', 'Baltazar Oviedo', 'Agustín Fernández', 'Regino Herrera', 'José Luis Avendaño', 'Bernabé Palma', 'Arsenio Campos', 'Pedro Damián', 'Lluís Torner', 'Graciela Lara', 'Yolanda Rigel'];['Jorge Fons', 'Luis Carrión'];['Eufemio Rivera'];['Álex Phillips Jr.'];When a worker is found murdered on the construction side, the investigation swiftly turns from things criminal to the political circumstances surrounding the building itself. Widespread corruption and neglect by the builder himself are seen to have brought the situation about. Much of the movie is filmed using hand-held cameras, and the majority of the dialogue is in the difficult-to-understand and very slangy Spanish dialect of Mexico City's bricklayers.
;/film/the-giant-of-america/;216597.0;The Giant of America;0.6211;5.6;1980-11-23;88;BR;pt;0.0;0.0;['Adventure', 'Comedy', 'Drama', 'Horror'];['Júlio Bressane'];[2];"['Jece Valadão', 'José Lewgoy', 'Marta Anderson', 'Paulo Villaça', 'Wilson Grey', 'Rogéria', 'Colé Santana', 'Sandro Solviatti', 'Fabíola Fracaroli', 'Suzana de Moraes', 'Maria Gladys', 'Tania Boscoli', 'José Lino Grunewald', 'Décio Pignatari', 'Lucy Mafra', 'Sônia Dias', 'Martim Francisco', 'Clóvis Bornay', 'Cauê Filho', ""Stael d'Almeida""]";[];['Leovegildo Cordeiro'];['Renato Laclette'];A caboclo's soul wanders through purgatory (or hell), visiting many places until he boards a ship whose destination is unknown.
;/film/traveller-1998/;180662.0;Traveller;0.8328;6.5;1998-11-01;114;BR;pt;0.0;0.0;['Drama'];['Paulo César Saraceni'];[2];['Marília Pêra', 'Jairo Mattos', 'Nelson Dantas', 'Leandra Leal', 'Myriam Pérsia', 'Ricardo Graça Mello', 'Paulo César Peréio', 'Ana Maria Nascimento e Silva', 'Irma Álvarez', 'Roberto Bonfim', 'Fausto Wolf', 'André Valli', 'Leina Krespi', 'Priscila Camargo', 'Milton Nascimento', 'Esperança Motta', 'Cláudia Mauro', 'Patrícia Mauro', 'Geraldo Magalhães', 'Sergio Saraceni', 'Maria Pompeu', 'Hileana Menezes', 'Adele Fátima', 'Marcela Moura', 'José Loyolla', 'Célia Mazzei', 'Celma Mazzei', 'João Silvério'];['Paulo César Saraceni'];['Maria Elisa Freire'];['Mário Carneiro'];Fortune takes four human beings to the last frontier of passion. There, where love becomes almost inhuman and divine. As if he was a comet, Rafael, the traveler, appears at the party for the cities patron saint, in a small town in the interior of Minas Gerais. He is the one who brings passion and crime, vanishing afterwards, leaving a poetic feeling in the air, which is always deadly to the ones who stay. Mrs. Ana de Lara, the proud rich widow, and Missy, still a child, whose beauty and innocence are like the Tiê-Sangue, a red bird, are the travelers victims. There is also Master Juca do Vale, a criminal, whose passion turns him incredibly human, in this story of love, death, forgiveness and resurrection.
;/film/totem-2023/;958186.0;Tótem;1.9107;6.806;2023-09-07;95;MX;es;0.0;163399.0;['Drama'];['Lila Avilés'];[1];['Naíma Sentíes', 'Montserrat Marañon', 'Marisol Gasé', 'Saori Gurza', 'Mateo García Elizondo', 'Teresa Sánchez', 'Iazua Larios', 'Alberto Amador', 'Juan Francisco Maldonado', 'Marisela Villaruel', 'Galia Mayer', 'Lukas Urkijo', 'José Manuel Poncelis', 'Alioth Gutiérrez', 'Rodrigo Lamas', 'Abel Sánchez', 'Pepe Aguilar', 'Georgina Tábora', 'Zuadd Atala', 'Michelle Menéndez', 'Daniel Primo', 'Mariana Villegas', 'Alfonso Rodríguez', 'Francisco Pita', 'Sylvia Littel', 'Violeta Santiago', 'Ricardo García', 'Ana Ortíz', 'Miguel Vassallo', 'Omar Guzmán'];[];['Omar Guzmán'];['Diego Tenorio'];In a bustling Mexican household, seven-year-old Sol is swept up in a whirlwind of preparations for the birthday party for her father, Tona, led by her mother, aunts, and other relatives. As the day goes on, building to an event both anticipated and dreaded, Sol begins to understand the gravity of the celebration this year and watches as her family does the same.
;/film/buena-vista-social-club/;11779.0;Buena Vista Social Club;2.6209;7.492;1999-06-04;105;US;en;0.0;0.0;['Documentary', 'Music'];['Wim Wenders'];[2];"['Compay Segundo', 'Eliades Ochoa', 'Ry Cooder', 'Joachim Cooder', 'Ibrahim Ferrer', 'Omara Portuondo', 'Rubén González', ""Orlando 'Cachaíto' López"", 'Amadito Valdés', ""Manuel 'Guajiro' Mirabal"", 'Barbarito Torres', 'Pío Leyva', ""Manuel 'Puntillita' Licea"", 'Juan de Marcos González', 'Lázaro Villa', 'Octavio Calderon', 'Angel Terry Domech', 'Ibrahim Ferrer Jr.', 'Manuel Galbán', 'Hugo Garzón', 'Carlos González', ""Gilberto 'Papi' Oviedo"", 'Alejandro Pichardo', 'Yanko Pichardo', ""Jesús 'Aguaje' Ramos"", 'Salvador Repilado Labrada', 'José Antonio Rodríguez', 'Benito Suárez Magana', ""Alberto 'Virgilio' Valdés"", 'Heitor Goldflus']";['Wim Wenders'];['Brian Johnson'];['Jörg Widmer', 'Robby Müller', 'Lisa Rinzler'];In this fascinating Oscar-nominated documentary, American guitarist Ry Cooder brings together a group of legendary Cuban folk musicians (some in their 90s) to record a Grammy-winning CD in their native city of Havana. The result is a spectacular compilation of concert footage from the group's gigs in Amsterdam and New York City's famed Carnegie Hall, with director Wim Wenders capturing not only the music -- but also the musicians' life stories.
;/film/fuego/;50966.0;Fuego;0.863;5.6;1969-10-10;90;AR;es;0.0;0.0;['Drama'];['Armando Bó'];[2];['Isabel Sarli', 'Armando Bó', 'Miguel Ángel Olmos', 'Oscar Valicelli', 'Mónica Grey', 'Marcel Zenklusen', 'Hugo Mújica', 'Roberto Airaldi', 'Alba Mugica'];[];['Rosalino Caterbetti'];['Ricardo Younis'];Laura is a young woman living in a mansion with her maid Andrea. She meets and falls in love with Carlos, a man of high society who sees in her a vivaciousness he so longs to have in his life. But little does he know what troubles lie in store for him. Laura suffers from a dangerous case of nymphomania, desiring any man she lays her eyes on.
;/film/kiss-of-the-spider-woman/;11703.0;Kiss of the Spider Woman;4.7078;6.964;1985-07-26;120;BR;en;1250000.0;17000000.0;['Drama'];['Héctor Babenco'];[2];['William Hurt', 'Raúl Juliá', 'Sonia Braga', 'José Lewgoy', 'Milton Gonçalves', 'Miriam Pires', 'Nuno Leal Maia', 'Fernando Torres', 'Patricio Bisso', 'Herson Capri', 'Denise Dumont', 'Nildo Parente', 'Antônio Petrin', 'Wilson Grey', 'Miguel Falabella', 'Walter Breda', 'Luis Guilherme', 'Walmir Barros', 'Luis Serra', 'Ana Maria Braga', 'Benjamin Cattan', 'Oswaldo Barreto', 'Sergio Bright', 'Claudio Curi', 'Lineu Dias', 'Joe Kantor', 'Luis Roberto Galizia', 'Péricles Campos', 'Edmilson Santos', 'Walter Vicca', 'Ken Kaneko', 'Geogers Schlesinger', 'Carlos Fariello', 'Frederico Botelho', 'Sylvio Band', 'Paulo Ludmer'];['Leonard Schrader'];['Mauro Alice'];['Rodolfo Sánchez'];The story of two radically different men thrown together in a Latin American prison cell. One is Valentin, a journalist being tortured for his political beliefs. The other is Molina, a gay window-dresser who fills their lonely nights by spinning romantic fantasies drawn from memories of old movies.
;/film/surely-bach-closed-the-door-when-he-wanted/;1515682.0;Surely Bach Closed the Door When He Wanted to Work;1.049;0.0;1979-07-05;30;AR;es;0.0;0.0;['Documentary'];['Narcisa Hirsch'];[1];['Marie Louise Alemann', 'Katja Alemann', 'Irene Joselevich', 'Silvia Cruz', 'Elena Torres', 'Diana Hirsch Schijman', 'Leila Yael', 'Narcisa Hirsch'];[];['Narcisa Hirsch'];['Narcisa Hirsch'];Portrait of women where they look at the images of their own faces and reflect on that experience.
;/film/tigers-are-not-afraid/;349067.0;Tigers Are Not Afraid;3.7058;6.791;2017-11-02;83;MX;es;0.0;0.0;['Fantasy', 'Horror'];['Issa López'];[1];['Paola Lara', 'Juan Ramón López', 'Ianis Guerrero', 'Rodrigo Cortes', 'Hanssel Casillas', 'Nery Arredondo', 'Tenoch Huerta Mejía', 'Benny Emmanuel'];['Issa López'];['Joaquim Martí'];['Juan José Saravia'];When her mother suddenly disappears with no one to care for her, young Estrella ends up on the street and joins a gang of children, triggering a dangerous and tragic chain of events.
;/film/vampires-in-havana/;90063.0;Vampires in Havana;0.925;6.21;1985-07-30;80;ES;es;0.0;0.0;['Comedy', 'Animation', 'Horror'];['Juan Padrón'];[2];['Frank González', 'Irela Bravo', 'Manuel Marín', 'Carlos González', 'Mirella Guillot', 'Carmen Solar', 'Juan Padrón', 'Margarita Aguero', 'Friedrich W. Bauschulte', 'Friedrich G. Beckhaus', 'Detlef Bierstedt', 'Sonja Deutsch', 'Joseline Gassen', 'Helmut Gauß', 'Manfred Grite'];[];['Rosa María Carreras'];[];"Professor Von Dracula, a vampire scientist, leaves Transylvania for Cuba, where he invents ""Vampisol,"" a potion that allows vampires to survive in sunlight. When the professor announces his intention to donate the formula free-of-charge to vampires all over the world, the Vampire Mafia from Chicago and the European Group of Vampires from Düsseldorf try to muscle in and steal the formula. The action escalates crazily as an assortment of bad guys, police, vampires and other monsters, and our hero and his girlfriend are all caught up in the chase."
