Usuario,Following
paloma55,heelena9
paloma55,XimoAra
paloma55,MarialeBernedo
paloma55,danimal1
paloma55,rigoayala
paloma55,aveoboryoku
paloma55,xurdonovski
paloma55,natalopitecus
paloma55,OscarBDC
paloma55,irenarca
paloma55,subrogado
paloma55,movies46078
paloma55,And35
paloma55,Ardwyw
paloma55,drew93
paloma55,M_Penalosa
paloma55,hdmi333
paloma55,synthemesco
paloma55,alvarocc97
paloma55,rodasons
paloma55,alonsodvt
paloma55,literalquien69
paloma55,uwugorka
paloma55,onicz
paloma55,LoteriaLucas
paloma55,JheanCampomanes
paloma55,CinemaParadigma
paloma55,Pauixitador
paloma55,sorein
paloma55,lunablnc
paloma55,xabeleiva
paloma55,crisexeflores
paloma55,Tobpon
paloma55,sebasrap
paloma55,ihes
paloma55,garloso
paloma55,cinelacion
paloma55,cinefagota
paloma55,notmerii
paloma55,Ivan_Ruiz
paloma55,Encar
paloma55,Gustaah
paloma55,eljpax
paloma55,JesutinoHur
paloma55,rohmersangsoo
paloma55,equidistanta
paloma55,glvuppglup
paloma55,sorayagf
paloma55,esnapur
paloma55,els4rl
paloma55,lucaasmartinez
paloma55,albertsyco_
paloma55,Alegreto
paloma55,felgmzz
paloma55,beedo
paloma55,frederikruysch
paloma55,santos3002141
paloma55,violettearhart
paloma55,matmlo
paloma55,Egugl23
paloma55,HugoRomero
paloma55,FabioVG
paloma55,DiegoH2000
paloma55,cristinafsanz
paloma55,Xator_Nova
paloma55,GerardMF
paloma55,double_bill
paloma55,pkmorla
paloma55,jumblejim
paloma55,gonrod
paloma55,Pratssss
paloma55,zamilovanemaso
paloma55,LarrySoj
paloma55,edreese
paloma55,BarryLyndon
paloma55,gmartineza
paloma55,hagh__
paloma55,miiguelrubiio
paloma55,juanjocerero
paloma55,LMMDC
paloma55,angel_gfi
paloma55,pmartorias
paloma55,cat28096
paloma55,Srhoudini
paloma55,Haaveilija
paloma55,pablocine1
paloma55,ppzo
paloma55,leauddevotee
paloma55,luisru
paloma55,davidwd
paloma55,sebas__
paloma55,diegomoratalla
paloma55,nocturnalroads
paloma55,gonalzaibar
paloma55,miguel_v0
paloma55,muktaa_
paloma55,DouglasMattaus
paloma55,G0RDY
paloma55,ghostmafia
paloma55,kbrinkmann
paloma55,possessions
paloma55,gillygaloo
paloma55,GabrielNnz
paloma55,revista_lumiere
paloma55,hectordoncell
paloma55,carmencarrasco
paloma55,Rinctoya
paloma55,piscis
paloma55,inefeiyku
paloma55,vics75
paloma55,effeci1983
paloma55,javisomoza
paloma55,Lapalabrade
paloma55,zahrada
paloma55,Marcos_M_Rom
paloma55,sleza
paloma55,cytril
paloma55,anavp
paloma55,hootao
paloma55,caioloulou
paloma55,JohnCharet
paloma55,yosolomequejo
paloma55,pablo_iv
paloma55,GAmengual
paloma55,arturocg93
paloma55,rmmrr
paloma55,LICM0
paloma55,machecine
paloma55,SamuelLaser
paloma55,novistenada
paloma55,ChicoOstra57
paloma55,maesepenin
paloma55,jlorenzo
paloma55,_Carlos_
paloma55,codeine
paloma55,FrancoRizzo
paloma55,Glorfindel7567
paloma55,xoandsj
paloma55,alemartin
paloma55,mrtoldo
paloma55,AshWilliams92
paloma55,marctorres
paloma55,endcometoosoon
paloma55,Vareludo
paloma55,3even3even
paloma55,Spectralobatux
paloma55,elchampo
paloma55,Danse_
paloma55,BoomLight06
paloma55,Kai_CKul
paloma55,samwm
paloma55,Hectorog
paloma55,Dr_Akkar
paloma55,AP_Schoolwork
paloma55,wrnecht
paloma55,MatteGherardini
paloma55,Irea
paloma55,synulia
paloma55,FortunaNorte
paloma55,freeztate
paloma55,Corrdobaaa
paloma55,LookingFore
paloma55,estelagonzalez
paloma55,Hasan_Atef
paloma55,EricB_
paloma55,Morgh
paloma55,seemily_play
paloma55,AlbertoMilano
paloma55,capfly
paloma55,silvaezequiel
paloma55,Estherserrat
paloma55,figmare
paloma55,P_G_C
paloma55,ElPejesapo
paloma55,malatesta19
paloma55,xzetaprobe
paloma55,nacho1925
paloma55,fgonzalezse
paloma55,adrianlousan
paloma55,Air_Fryer_
paloma55,LaQuimeraCult
paloma55,Alvaro_souvlaki
paloma55,iagxss
paloma55,Kirkis
paloma55,MrMisingno
paloma55,AlejandroGR
paloma55,jasikedevicius
paloma55,davidmd
paloma55,Colmener
paloma55,josanjosan
paloma55,whirlwindrider
paloma55,jaimeac
paloma55,bennu
paloma55,vvvhannah
paloma55,uskiss
paloma55,chicocorchea
paloma55,Yorda
paloma55,chaarusu
paloma55,YacineNcr
paloma55,AleV1lla
paloma55,eeva_
paloma55,AlCorona
paloma55,LBaena
paloma55,Andres_Sorokin
paloma55,EzNaiz_
paloma55,JuanmaGutierrez
paloma55,DarthKaze
paloma55,mateus_barros
paloma55,Bassian
paloma55,migblah
paloma55,GusGardey
paloma55,HobbsEnd
paloma55,Rdosdedos
paloma55,MiseryMinister
paloma55,KurtZM
paloma55,Trueno
paloma55,Will_Sloan
paloma55,maledizione
paloma55,nachou_
paloma55,MartialCantarel
paloma55,ukazioa
paloma55,bobbaboobalate
paloma55,janpv10
paloma55,ramonmtnez
paloma55,quiquiriquique
paloma55,Juanky97
paloma55,Jacenie
paloma55,viniaranha
paloma55,radioholic
paloma55,violetaraykuaza
paloma55,nandoconde
paloma55,Therealone1
paloma55,Sirah_Wiedemann
paloma55,MrLombreeze
paloma55,angvvm
paloma55,MarcBallesteros
paloma55,mlpv86
paloma55,jesusrg
paloma55,Shohnny
paloma55,nesetel
paloma55,genzai_2
paloma55,jackseibert
paloma55,DanielKarlsson
paloma55,MaboroshiMirage
paloma55,olivermayorga
paloma55,marze2
paloma55,fish_inn
paloma55,marpacificos
paloma55,zalaro27
paloma55,nichedeath
paloma55,michaelmann
paloma55,AmaiaZufiaur
paloma55,jaimelorite
paloma55,MrMajorTom
paloma55,diogoserafim
paloma55,bnwa
paloma55,BigDabi
paloma55,gorkalonso1
paloma55,bjsylvester
paloma55,brunomilan
paloma55,CondeKaji
paloma55,Nyph
paloma55,WillGuinati
paloma55,Craften
paloma55,delacuca
paloma55,CronicasDeckard
paloma55,thomasblock3
paloma55,AleN99
paloma55,rodrigocaris
paloma55,hill_valley
paloma55,adrian19sg
paloma55,bander7
paloma55,Leguroz
paloma55,itsmerocio
paloma55,sinsol
paloma55,josezenin
paloma55,CantStopTheBot
paloma55,Laparadadelcine
paloma55,FilmCanet
paloma55,Simonsds
paloma55,Alberto87FR
paloma55,Lubilder
paloma55,aixa72
paloma55,Toshiro15
paloma55,jmrebollo
paloma55,Not_JesusCortes
paloma55,Solina1871
paloma55,akerwoman
paloma55,josetteandriot
paloma55,aitanarc
paloma55,AminVillalba
paloma55,cabayo
paloma55,Tuco23
paloma55,MiguelMSH
paloma55,apoloIX
paloma55,JuanGL001
paloma55,anaorgana
paloma55,an_t_ar
paloma55,retabloo
paloma55,borjavargas
paloma55,elaguainmovil
paloma55,DarckRevan
paloma55,Dani1Medina
paloma55,Haxart
paloma55,Adam_Kadmon
paloma55,EloyG8
paloma55,some_bruno
paloma55,TaeSuk
paloma55,ikanonakis
paloma55,nataliabzp
paloma55,Tensin
paloma55,rafaqc97
paloma55,LaCaneli
paloma55,FaildeGuionista
paloma55,Brunovictorino
paloma55,anthonymous
paloma55,Filipe_Furtado
paloma55,xcascantex
paloma55,Thomkeaton
paloma55,elenacf
paloma55,Alchemy97
paloma55,DanielEscaners
paloma55,UrbanoJ
paloma55,txismo
paloma55,Ragasovich
paloma55,astarloa
paloma55,MapaCineLyC
paloma55,m0liner
paloma55,gondmayx
paloma55,ezequiel2517
paloma55,AndresTM
paloma55,Jorgemz
paloma55,Midegeneracion
paloma55,centauross
paloma55,emiemuemo
paloma55,aitortkm
paloma55,mscorsese
paloma55,Doark13
paloma55,mattegrb
paloma55,timeistheking
paloma55,Jarsito
paloma55,Cilocibe
paloma55,hobbitillo
paloma55,Ruben0
paloma55,Manuki
paloma55,uryenbg
paloma55,christianlaw
paloma55,korin
paloma55,accalvo
paloma55,Didacus
paloma55,RogerCres96Bar
paloma55,xosemfdez
paloma55,Saba1e7e
paloma55,Abu222
paloma55,YeraiM
paloma55,vrnrs
paloma55,Mann_Ohne_Namen
paloma55,manuelsanbai
paloma55,BarrySpawn88
paloma55,dirtylaundri
paloma55,marcmartinezc
paloma55,BeetBeatBit
paloma55,igortxu
paloma55,ale_piq
paloma55,carmenmcab
paloma55,lunes14
paloma55,_Daniel_H
paloma55,Juniper_girl
paloma55,bergmantonioni
paloma55,Lobo_Lopez
paloma55,Faure
paloma55,poetereau
paloma55,FerHerce
paloma55,__Isi__
paloma55,Vicioinherente
paloma55,utges
paloma55,Ninotchka
paloma55,marioquema
paloma55,topfilmtuiter
paloma55,HelenWelonmelon
paloma55,MabuseCaligari
paloma55,nilleta4ever
paloma55,jjm_24
paloma55,Alejandroyael
paloma55,A_Karerina
paloma55,ExplodingBoy
paloma55,fshtravis
paloma55,Kekemac
paloma55,mql21
paloma55,ynyssiative
paloma55,RayER
paloma55,valeriagomezdr
paloma55,bustinduy
paloma55,DanielQuinn
paloma55,MarioIglesias
paloma55,will_llermo
paloma55,Colin_Maillard
paloma55,Galennon
paloma55,pele_alvaro
paloma55,frankharmonica_
paloma55,adricollantex
paloma55,huer
paloma55,adrianet93
paloma55,alseidex
paloma55,JoanCuadrado
paloma55,peterpayne
paloma55,emnasoph
paloma55,CarlosEnriqueWs
paloma55,RinconCine1235
paloma55,Borinot
paloma55,Marshall4real
paloma55,JMGonzalez
paloma55,Mat25
paloma55,The_horrorlove
paloma55,brunopicazo
paloma55,lilg_
paloma55,Ivan_Suarez
paloma55,Isaac98tm
paloma55,Rob3rtolm
paloma55,PezEspada
paloma55,jal90
paloma55,guillehormigo
paloma55,Bernatus
paloma55,Miguel_Marias
paloma55,RachelMyGod
paloma55,The_Counselor
paloma55,bernax24
paloma55,LopezRX
paloma55,Cry_Wolf
paloma55,Frobe
paloma55,l45r4
paloma55,quber
paloma55,jimbergson
paloma55,Filmandera
paloma55,mmgarnica
paloma55,Selasor
paloma55,Mikio_Fassberma
paloma55,snowweisz
paloma55,straubbhuillet
paloma55,Kosti
paloma55,Malala
paloma55,Tvecinofavorito
paloma55,musageta
paloma55,JonSanSK8
paloma55,Maties_TP
paloma55,Communicants
paloma55,kaarlenberg
paloma55,AlbertoAbuin
paloma55,AuroraNocte
paloma55,Batty
paloma55,miridbr
paloma55,sacrificial_ram
paloma55,Javchas
paloma55,tailsandferb4
MarioIglesias,jaimeac
MarioIglesias,Marcos_M_Rom
MarioIglesias,AlfonsoGCanadas
MarioIglesias,garloso
MarioIglesias,fshtravis
MarioIglesias,Colin_Maillard
MarioIglesias,Hectorog
MarioIglesias,utges
MarioIglesias,JonayArmas
MarioIglesias,fabregatto
MarioIglesias,paloma55
MarioIglesias,jjm_24
MarioIglesias,RachelMyGod
MarioIglesias,Cinematofilo
MarioIglesias,fernandompena
MarioIglesias,slayerkinney
MarioIglesias,Jadzcor
MarioIglesias,edissa
MarioIglesias,MabuseCaligari
MarioIglesias,topfilmtuiter
MarioIglesias,pele_alvaro
MarioIglesias,bergmantonioni
MarioIglesias,bustinduy
MarioIglesias,straubbhuillet
MarioIglesias,PolPjn
MarioIglesias,Hernando
MarioIglesias,Celuloide
MarioIglesias,Wilhie
MarioIglesias,oblomov314
MarioIglesias,Miguel_Marias
MarioIglesias,charlyr2d2
MarioIglesias,SrUlloa
MarioIglesias,JuanZino
MarioIglesias,nesetel
MarioIglesias,Thomkeaton
MarioIglesias,novistenada
MarioIglesias,mpinkfloyd
MarioIglesias,AuroraNocte
MarioIglesias,guillehormigo
MarioIglesias,mmgarnica
MarioIglesias,alvySinger_
MarioIglesias,jal90
MarioIglesias,rodasons
MarioIglesias,Isaac98tm
MarioIglesias,carlotamosegui
MarioIglesias,ferhood
MarioIglesias,Nachogrim
MarioIglesias,will_llermo
MarioIglesias,Lobo_Lopez
MarioIglesias,DanielQuinn
MarioIglesias,Vicioinherente
jasikedevicius,jjm_24
jasikedevicius,mdfmdf
jasikedevicius,Guarner
jasikedevicius,paloma55
jasikedevicius,Colin_Maillard
jasikedevicius,FortunaNorte
jasikedevicius,Klepshydra
jasikedevicius,DanzTheName
jasikedevicius,aralonso
jasikedevicius,dashenko
jasikedevicius,nesetel
jasikedevicius,aguijon
jasikedevicius,jal90
jasikedevicius,Sans_Soleil
jasikedevicius,LoloKopicki
jasikedevicius,ananula
jasikedevicius,KelzorHL
jasikedevicius,Faeton
jasikedevicius,gabifs
jasikedevicius,mlriudoms
jasikedevicius,ExplodingBoy
jasikedevicius,McInterest
jasikedevicius,mmgarnica
jasikedevicius,AuroraNocte
jasikedevicius,LBaena
jasikedevicius,efebatlle
jasikedevicius,caulfieldanna
jasikedevicius,Ferreteiro
jasikedevicius,drogaudix
jasikedevicius,drowning_eyes
jasikedevicius,Ninotchka
jasikedevicius,PezEspada
jasikedevicius,DanielQuinn
jasikedevicius,TreIkovsky
jasikedevicius,MundoRath
jasikedevicius,filmerditelle
jasikedevicius,RachelMyGod
jasikedevicius,nikp_
jasikedevicius,Kansas
jasikedevicius,edissa
jasikedevicius,botibol
jasikedevicius,aixa72
MabuseCaligari,FilmotecaCat
MabuseCaligari,Natamonc
MabuseCaligari,Ninotchka
MabuseCaligari,Alvaro_souvlaki
MabuseCaligari,BarrySpawn88
MabuseCaligari,AnaAvellaneda
MabuseCaligari,Batty
MabuseCaligari,manuelsanbai
MabuseCaligari,fifoleCFC
MabuseCaligari,Gitanesque
MabuseCaligari,gorkalonso1
MabuseCaligari,codeine
MabuseCaligari,ariastoteles
MabuseCaligari,discorigido
MabuseCaligari,maria_moreno12
MabuseCaligari,JoanCuadrado
MabuseCaligari,Erszis
MabuseCaligari,elenacf
MabuseCaligari,nomfals
MabuseCaligari,RaphusHunsecker
MabuseCaligari,Lavigne1967
MabuseCaligari,olivermayorga
MabuseCaligari,Not_JesusCortes
MabuseCaligari,sakana1
MabuseCaligari,secretcinema123
MabuseCaligari,Filmandera
MabuseCaligari,timeistheking
MabuseCaligari,Toshiro15
MabuseCaligari,istareth
MabuseCaligari,topfilmtuiter
MabuseCaligari,Klepshydra
MabuseCaligari,paloma55
MabuseCaligari,adricollantex
MabuseCaligari,hobbitillo
MabuseCaligari,Abu222
MabuseCaligari,pele_alvaro
MabuseCaligari,Leontine1912
MabuseCaligari,sigurrosmca
MabuseCaligari,IvanVega99
MabuseCaligari,chernobyl21
MabuseCaligari,emiliobedecu
MabuseCaligari,George_d_Hcnddo
MabuseCaligari,silentvalerio
MabuseCaligari,CinefiliaCult
MabuseCaligari,JoelArcherFilms
MabuseCaligari,Ivan_Cheyenne
MabuseCaligari,RachelMyGod
MabuseCaligari,MarioIglesias
MabuseCaligari,DepresedBergman
MabuseCaligari,migblah
MabuseCaligari,Cinepatico
MabuseCaligari,DanielQuinn
MabuseCaligari,Alexotos
MabuseCaligari,javiserpico
MabuseCaligari,AlbertoAbuin
MabuseCaligari,jjm_24
MabuseCaligari,Diegoceprez
MabuseCaligari,fshtravis
MabuseCaligari,AuroraNocte
MabuseCaligari,Colin_Maillard
MabuseCaligari,twodeadmagpies
MabuseCaligari,Screenland
MabuseCaligari,UrbanoJ
MabuseCaligari,jal90
MabuseCaligari,trillomartillo
MabuseCaligari,damoner
MabuseCaligari,straubbhuillet
MabuseCaligari,Barish
MabuseCaligari,Mikio_Fassberma
MabuseCaligari,Selasor
MabuseCaligari,nitrate74
MabuseCaligari,__Isi__
MabuseCaligari,PattieClapSaga
MabuseCaligari,jsancheznavarro
MabuseCaligari,mspinto92
MabuseCaligari,danifutb
MabuseCaligari,asierheredia
MabuseCaligari,Lobo_Lopez
MabuseCaligari,andrewpark86
MabuseCaligari,Tripley
MabuseCaligari,Malala
MabuseCaligari,Luisin9
MabuseCaligari,Sulkhani
MabuseCaligari,rameau
MabuseCaligari,caligarismo
MabuseCaligari,illet33
MabuseCaligari,igortxu
MabuseCaligari,mbrando24
MabuseCaligari,matcarvalho
MabuseCaligari,JamesHarrison
MabuseCaligari,Vacuo
MabuseCaligari,prodriale
MabuseCaligari,Orlak
MabuseCaligari,Daniblacksmoke
MabuseCaligari,bagelcoria
MabuseCaligari,militarpancho
MabuseCaligari,Maties_TP
MabuseCaligari,Thegrancharly
MabuseCaligari,Peizzo
MabuseCaligari,Austrohungaro
MabuseCaligari,Morksuc
MabuseCaligari,DoranMartell
MabuseCaligari,Swimming_bird
MabuseCaligari,JoN_TeN
MabuseCaligari,Thomas__
MabuseCaligari,mbonaldi_
MabuseCaligari,JuanmaGutierrez
MabuseCaligari,JonSanSK8
MabuseCaligari,oscarphai
MabuseCaligari,BenitezLeonelR
MabuseCaligari,AGDeNiro
MabuseCaligari,LibroGusano
MabuseCaligari,CriticAburridas
MabuseCaligari,damiandoval
MabuseCaligari,quber
ezequiel2517,sharkeyflor
ezequiel2517,electricdreams
ezequiel2517,samuelfonseca_
ezequiel2517,carlosbm87
ezequiel2517,carmengirasol
ezequiel2517,Omaresmuytonto
ezequiel2517,PelayoAlVil12
ezequiel2517,SrUlloa
ezequiel2517,000_inq
ezequiel2517,eoJoca
ezequiel2517,Gatodebalcon
ezequiel2517,alvrico
ezequiel2517,AcervoFilmico
ezequiel2517,spykje
ezequiel2517,rosselli79
ezequiel2517,exquis
ezequiel2517,Pblmreo
ezequiel2517,kevin_89
ezequiel2517,turntechGodhedd
ezequiel2517,request_healing
ezequiel2517,josepedrocarlos
ezequiel2517,romantinski
ezequiel2517,luciaaalonso
ezequiel2517,alpargatagazer
ezequiel2517,atalante_cinema
ezequiel2517,Alexa_BTD
ezequiel2517,lucius43
ezequiel2517,ilanders
ezequiel2517,s0lanin
ezequiel2517,pudgymccabe
ezequiel2517,alexlei
ezequiel2517,Luoz
ezequiel2517,gabrischez
ezequiel2517,picolandia
ezequiel2517,turbochavala
ezequiel2517,molinajimena
ezequiel2517,alimerka
ezequiel2517,Rotzank
ezequiel2517,SergioCamello
ezequiel2517,CLAUDE_CHABROL
ezequiel2517,lunafrax
ezequiel2517,termitas
ezequiel2517,Kropkan
ezequiel2517,t_ho_mas
ezequiel2517,hirai
ezequiel2517,rotar
ezequiel2517,srpntspth
ezequiel2517,Film_Ideal
ezequiel2517,NotJamesAgee
ezequiel2517,Nicoconka
ezequiel2517,juliagarblan
ezequiel2517,javiersanfer_
ezequiel2517,spinakas
ezequiel2517,ireneromero
ezequiel2517,Puchinha
ezequiel2517,inesqueirs
ezequiel2517,Conki_Manu
ezequiel2517,PMcCartney
ezequiel2517,LaNubeErrante
ezequiel2517,pedrochacht
ezequiel2517,gabilardo
ezequiel2517,Claudio31
ezequiel2517,Rogopag
ezequiel2517,jgarlandwinn
ezequiel2517,baxterr
ezequiel2517,copticlight
ezequiel2517,sararariruss
ezequiel2517,israel1916
ezequiel2517,Devacs6
ezequiel2517,elmoocc
ezequiel2517,nairunch
ezequiel2517,MrGrossi
ezequiel2517,Gavin_No_Salads
ezequiel2517,sSAYSsO
ezequiel2517,lesfilmsdemavie
ezequiel2517,ModernCahiers
ezequiel2517,ElPejesapo
ezequiel2517,WarrenSonbert
ezequiel2517,newshores
ezequiel2517,d4vidl0pz
ezequiel2517,burntziti
ezequiel2517,mise_en_seer
ezequiel2517,maxwolf333
ezequiel2517,thelifeofk
ezequiel2517,nargual
ezequiel2517,nettoaster
ezequiel2517,egjones
ezequiel2517,sofiatorval
ezequiel2517,Marias_in_Eng
ezequiel2517,3even3even
ezequiel2517,anaorgana
ezequiel2517,lilheine
ezequiel2517,nachoalvarezgl
ezequiel2517,andresgl
ezequiel2517,danielin_
ezequiel2517,Mitragueria
ezequiel2517,Konstantin_Ch
ezequiel2517,NachoCarra
ezequiel2517,OsakaSuperputa
ezequiel2517,adastrapermare
ezequiel2517,mariomanriquez
ezequiel2517,MBarcellos93
ezequiel2517,EspigadorasCine
ezequiel2517,nabiruu
ezequiel2517,VelaWatanabe
ezequiel2517,s4uull
ezequiel2517,Pelagius
ezequiel2517,tolobore74
ezequiel2517,fish_inn
ezequiel2517,vndresilva
ezequiel2517,iyanabroch
ezequiel2517,Communicants
ezequiel2517,pabloirot
ezequiel2517,els4rl
ezequiel2517,cupertino_
ezequiel2517,losinutilescine
ezequiel2517,valmoz
ezequiel2517,merigs
ezequiel2517,Miguel0168
ezequiel2517,blackpineapple
ezequiel2517,Anxosoi
ezequiel2517,amanda629
ezequiel2517,paulanegri
ezequiel2517,etan_weisfogel
ezequiel2517,ceroabsoluto
ezequiel2517,lagafas
ezequiel2517,hildalvz
ezequiel2517,LuisLS
ezequiel2517,alvaroap
ezequiel2517,Cataganu
ezequiel2517,orslokzzz
ezequiel2517,fernandogvarea
ezequiel2517,Txusolito
ezequiel2517,VicenteMonroy
ezequiel2517,Upote
ezequiel2517,guayaba_film
ezequiel2517,mariiiaaatoby64
ezequiel2517,fernandocosta00
ezequiel2517,cinemaritrovato
ezequiel2517,Ziru_
ezequiel2517,IsraelCruz
ezequiel2517,DacreMontgomery
ezequiel2517,MoMAFilm
ezequiel2517,merucuplus
ezequiel2517,maesepenin
ezequiel2517,watashiwasara
ezequiel2517,lordauch
ezequiel2517,Nktz
ezequiel2517,StephenFurda
ezequiel2517,AvalynWu
ezequiel2517,NotDzigaVertov
ezequiel2517,apaloseco
ezequiel2517,einberg
ezequiel2517,aridemileto
ezequiel2517,cytril
ezequiel2517,bramruiter
ezequiel2517,Brantovich
ezequiel2517,misoleu
ezequiel2517,nettl69
ezequiel2517,llara4
ezequiel2517,Tobichan
ezequiel2517,javieru
ezequiel2517,PabloRego
ezequiel2517,yogurslavia
ezequiel2517,4rturon
ezequiel2517,nellito
ezequiel2517,nectairina
ezequiel2517,crvseia
ezequiel2517,sanhugus
ezequiel2517,sinllyn
ezequiel2517,pitusinmechero
ezequiel2517,cinematecapt
ezequiel2517,jpjameshansen
ezequiel2517,salvadoramores
ezequiel2517,utsuerai
ezequiel2517,ZABIE
ezequiel2517,Marciozacarias
ezequiel2517,FernandoFiguero
ezequiel2517,PoorOldRoloTony
ezequiel2517,Dani1Medina
ezequiel2517,GrahamCarter
ezequiel2517,digitalmemories
ezequiel2517,NotAFA
ezequiel2517,nitecorealbania
ezequiel2517,alvmb
ezequiel2517,Manuelhevia
ezequiel2517,decrepitud
ezequiel2517,elsofacama
ezequiel2517,Carlos_textos
ezequiel2517,cristianojesus
ezequiel2517,hiitsskully
ezequiel2517,Marcos_Uzal
ezequiel2517,umieramie
ezequiel2517,polobow
ezequiel2517,AdrianVieitez
ezequiel2517,chiafm
ezequiel2517,ruefontaine
ezequiel2517,boa_noite
ezequiel2517,adit_am
ezequiel2517,samueltenorio
ezequiel2517,Lourcelles
ezequiel2517,imchris
ezequiel2517,desesperanto
ezequiel2517,revistaexcecao
ezequiel2517,Rodri_Go
ezequiel2517,saudaddy_
ezequiel2517,dormiloncin
ezequiel2517,iker911
ezequiel2517,Air_Fryer_
ezequiel2517,franciscolimaa
ezequiel2517,_belendp
ezequiel2517,aitanarc
ezequiel2517,esnapur
ezequiel2517,krisx_
ezequiel2517,Zombiego2006
ezequiel2517,JondeGRINDIN
ezequiel2517,idktheus
ezequiel2517,revista_lumiere
ezequiel2517,DRDL81
ezequiel2517,teo_hernandez
ezequiel2517,marctorres
ezequiel2517,GAmengual
ezequiel2517,SergioArgueso
ezequiel2517,joaob
ezequiel2517,arturocg93
ezequiel2517,corcul
ezequiel2517,gijonfilmfest
ezequiel2517,gatonaranja_
ezequiel2517,carsonwww
ezequiel2517,Contactos
ezequiel2517,Acordiss
ezequiel2517,notrobinwood
ezequiel2517,GBiarritz
ezequiel2517,machecine
ezequiel2517,steviebbb
ezequiel2517,Klepshydra
ezequiel2517,bobdylanlyrics
ezequiel2517,cinemaefilm
ezequiel2517,fouraaaa96
ezequiel2517,notcaetano
ezequiel2517,pelismateu
ezequiel2517,WesternDrive
ezequiel2517,migueldomng
ezequiel2517,HeitorHissao
ezequiel2517,Lautaro_A
ezequiel2517,AndreBazin
ezequiel2517,DouglasMattaus
ezequiel2517,diegoibnz
ezequiel2517,carlospeguer
ezequiel2517,cosials
ezequiel2517,xabeleiva
ezequiel2517,Gui_Durand
ezequiel2517,MateoCU
ezequiel2517,manolon67
ezequiel2517,crispf
ezequiel2517,shoegazeAlpaca
ezequiel2517,fesmchick
ezequiel2517,Al_____Neri
ezequiel2517,cmcerv
ezequiel2517,artupa
ezequiel2517,cinelaquimera
ezequiel2517,Forrest_S
ezequiel2517,josanjosan
ezequiel2517,notjrivette
ezequiel2517,DiegoGlenn
ezequiel2517,joshuapeinado
ezequiel2517,youngbarber
ezequiel2517,JesusAitidirL
ezequiel2517,susavf
ezequiel2517,elenacf
ezequiel2517,UrbanoJ
ezequiel2517,whirlwindrider
ezequiel2517,lenaknzvc
ezequiel2517,NotRaulRuiz
ezequiel2517,sammyrayy
ezequiel2517,Rdosdedos
ezequiel2517,FrancoRizzo
ezequiel2517,yasujirozu
ezequiel2517,candele
ezequiel2517,Limoncinn
ezequiel2517,knixon_haan
ezequiel2517,Martinaevaeva
ezequiel2517,Xator_Nova
ezequiel2517,seKKer
ezequiel2517,braysefe
ezequiel2517,24flvps
ezequiel2517,luciaadirs
ezequiel2517,moaipapi
ezequiel2517,GiovannaPalanga
ezequiel2517,genispena
ezequiel2517,lastyearsman
ezequiel2517,vwkt
ezequiel2517,tiagoaon
ezequiel2517,FilmLinc
ezequiel2517,davidwd
ezequiel2517,nestormm2005
ezequiel2517,Nexus68
ezequiel2517,dstrangelove
ezequiel2517,jvloureiro
ezequiel2517,maximer
ezequiel2517,lourcellesbr
ezequiel2517,emerichricardo
ezequiel2517,gdcb
ezequiel2517,OTempo_e_o_Modo
ezequiel2517,stilllight
ezequiel2517,notkelman
ezequiel2517,crep_per
ezequiel2517,Emmag_
ezequiel2517,jprocyon
ezequiel2517,elbruzas
ezequiel2517,guizinhumildade
ezequiel2517,AP_Schoolwork
ezequiel2517,AHackFraud
ezequiel2517,Esmaperdut
ezequiel2517,HideakiAnnoFan
ezequiel2517,benard_english
ezequiel2517,clairdeterre
ezequiel2517,aquiestoychaval
ezequiel2517,hepaviti
ezequiel2517,KimJongDos
ezequiel2517,Valle_24
ezequiel2517,ehrnique
ezequiel2517,twodeadmagpies
ezequiel2517,opachecolucas
ezequiel2517,victorfbruno
ezequiel2517,MAdrianPL
ezequiel2517,notMarkopoulos
ezequiel2517,SculptingMotion
ezequiel2517,Mateogrela
ezequiel2517,9ckles
ezequiel2517,manuelk
ezequiel2517,marcosvcarvalho
ezequiel2517,aprabrasil
ezequiel2517,bathyry
ezequiel2517,gussalvalaggio
ezequiel2517,claudioyunge
ezequiel2517,elenix_
ezequiel2517,BoomLight06
ezequiel2517,djoshuva
ezequiel2517,francisfcoppola
ezequiel2517,Niskanen
ezequiel2517,samcmac
ezequiel2517,aixa72
ezequiel2517,eduardo_savella
ezequiel2517,ricbritojr
ezequiel2517,andreabonanit
ezequiel2517,Vadekawa
ezequiel2517,laresadeiconti
ezequiel2517,afields9
ezequiel2517,EnricoMancini
ezequiel2517,Doc_Jota
ezequiel2517,kinojibaro
ezequiel2517,NomiMeTangere
ezequiel2517,Kubrick129
ezequiel2517,RadianceFilms
ezequiel2517,mlpv86
ezequiel2517,PabloMarfa
ezequiel2517,marcelo009
ezequiel2517,michaelmann
ezequiel2517,ExplodingBoy
ezequiel2517,Vnncard
ezequiel2517,Colenci
ezequiel2517,ScreenplayClub
ezequiel2517,GiovSA
ezequiel2517,matheusfiore
ezequiel2517,Guarner
ezequiel2517,feuerwind
ezequiel2517,Vasco
ezequiel2517,Niagos
ezequiel2517,coutinho
ezequiel2517,diegw1
ezequiel2517,theoabstract
ezequiel2517,silvaezequiel
ezequiel2517,JosephGrimault
ezequiel2517,dadafi
ezequiel2517,zach_nabors
ezequiel2517,JEGama
ezequiel2517,cartonet
ezequiel2517,p_polastri
ezequiel2517,danimal1
ezequiel2517,madnessin
ezequiel2517,YuriLopes
ezequiel2517,mxacaulfield
ezequiel2517,wakeupbruno
ezequiel2517,caioloulou
ezequiel2517,YCCD
ezequiel2517,rosaitalica
ezequiel2517,kylemaclachlan_
ezequiel2517,algumapoesia
ezequiel2517,Innocent
ezequiel2517,LaCinetek
ezequiel2517,Nameisbenjamin
ezequiel2517,1conradorosa
ezequiel2517,rafaeldornellas
ezequiel2517,solidaritycine
ezequiel2517,Dmc
ezequiel2517,ferraniacolor
ezequiel2517,devstarman
ezequiel2517,UnDetective
ezequiel2517,EduardoConde
ezequiel2517,BrunoAnthony
ezequiel2517,Andr913
ezequiel2517,cinefils
ezequiel2517,cinemattz
ezequiel2517,Th0rfinn
ezequiel2517,almacorsaria
ezequiel2517,angy18
ezequiel2517,qieroni
ezequiel2517,Trueno
ezequiel2517,__gratisfaction
ezequiel2517,jal90
ezequiel2517,DrJauge
ezequiel2517,LILSHUTUP
ezequiel2517,VKMS18
ezequiel2517,daavidgro
ezequiel2517,jackseibert
ezequiel2517,mtoscano
ezequiel2517,MiriaMRampante
ezequiel2517,charas
ezequiel2517,benjamimhs
ezequiel2517,aeiouava
ezequiel2517,joaopedrofaro
ezequiel2517,CahiersPT_BR
ezequiel2517,Critica
ezequiel2517,alexnoble
ezequiel2517,TheOficial
ezequiel2517,FoxHound_
ezequiel2517,andreqp
ezequiel2517,notpauloemilio
ezequiel2517,joaosil9
ezequiel2517,PedroSerpa
ezequiel2517,toupietournante
ezequiel2517,andre_bazin_
ezequiel2517,minguel
ezequiel2517,gugg
ezequiel2517,juliobressane
ezequiel2517,Daddy0
ezequiel2517,saccard
ezequiel2517,FOCO_in_English
ezequiel2517,jkeats97
ezequiel2517,bjsylvester
ezequiel2517,sar_a
ezequiel2517,rafaqc97
ezequiel2517,oscarwpedersen
ezequiel2517,percolatorfish
ezequiel2517,WWWM
ezequiel2517,mmgarnica
ezequiel2517,Spoorloos
ezequiel2517,niehaus
ezequiel2517,groudo
ezequiel2517,Francis87
ezequiel2517,NicolasSaada
ezequiel2517,CosmicDude
ezequiel2517,jpmezart
ezequiel2517,crisexeflores
ezequiel2517,notsganzerla
ezequiel2517,sallitt
ezequiel2517,KiyoshiKurosawa
ezequiel2517,dicionariosde
ezequiel2517,pgallagher
ezequiel2517,PaulVecchiali
ezequiel2517,brnrddn
ezequiel2517,pkmorla
ezequiel2517,OliveiraJohnny
ezequiel2517,MapaCineLyC
ezequiel2517,TheCinemaB
ezequiel2517,thinwhiteduke__
ezequiel2517,John_Palhares
ezequiel2517,ziggystardust42
ezequiel2517,ananula
ezequiel2517,samwm
ezequiel2517,adrianlousan
ezequiel2517,viniaranha
ezequiel2517,hunrior
ezequiel2517,Saket18
ezequiel2517,jpgomes
ezequiel2517,jacquesrivette_
ezequiel2517,alexhardesty
ezequiel2517,keshifilms
ezequiel2517,barthes777
ezequiel2517,MatheusPetris
ezequiel2517,AlejandroDeSoto
ezequiel2517,LBaena
ezequiel2517,Gabriel_42
ezequiel2517,BoostGuardian
ezequiel2517,andre_alexandre
ezequiel2517,megazord
ezequiel2517,mateus_barros
ezequiel2517,sakana1
ezequiel2517,kozmastrack
ezequiel2517,Brunovictorino
ezequiel2517,Blackcoffee
ezequiel2517,MacDePablo
ezequiel2517,IMAGEMEPALAVRA
ezequiel2517,NickNewman
ezequiel2517,franciscon
ezequiel2517,carlosnavarrosu
ezequiel2517,KariIraK
ezequiel2517,gabsteincian
ezequiel2517,pifostio
ezequiel2517,fax0_max
ezequiel2517,NateFisher
ezequiel2517,marshlandz
ezequiel2517,truffautptbr
ezequiel2517,presence_ptbr
ezequiel2517,Trotsky97
ezequiel2517,vrenoyg
ezequiel2517,itshenriqueg
ezequiel2517,mscorsese
ezequiel2517,volharys
ezequiel2517,davifricks
ezequiel2517,andferreiramos
ezequiel2517,itamaralves
ezequiel2517,XavierMontoriol
ezequiel2517,dalpizzolo
ezequiel2517,brenoma
ezequiel2517,bluerose815
ezequiel2517,somethingman19
ezequiel2517,martinsalernx
ezequiel2517,Matthew_Beck
ezequiel2517,paulcalvert7272
ezequiel2517,Vareludo
ezequiel2517,Lechuguilla
ezequiel2517,EricIdlePedro
ezequiel2517,ChristianFlemm
ezequiel2517,shulie
ezequiel2517,nachou_
ezequiel2517,gabritg
ezequiel2517,Earthile
ezequiel2517,valeskagsilva
ezequiel2517,joaopabdala
ezequiel2517,A_de_la_Hoz
ezequiel2517,fuzilfalcao
ezequiel2517,tracyfdez
ezequiel2517,JC_Monteiro
ezequiel2517,luc_moullet
ezequiel2517,franco_truffaut
ezequiel2517,ericrohmer_
ezequiel2517,Jacques_Rivette
ezequiel2517,jeanluc_godard
ezequiel2517,JJNC099
ezequiel2517,skorecki
ezequiel2517,luckystarbraga
ezequiel2517,naoglauber
ezequiel2517,fcinemateca
ezequiel2517,jonasmekass
ezequiel2517,synthemesco
ezequiel2517,Abu222
ezequiel2517,utges
ezequiel2517,DennisAE
ezequiel2517,asiteb
ezequiel2517,chichulingo
ezequiel2517,apirikipusila
ezequiel2517,mario_acu21
ezequiel2517,icaro19
ezequiel2517,AlexElAmo15
ezequiel2517,kmysore
ezequiel2517,Ostler
ezequiel2517,reeceleonard
ezequiel2517,t_r_o_y
ezequiel2517,chrismcquarrie
ezequiel2517,pink_puma
ezequiel2517,notjro
ezequiel2517,PorcoConceitual
ezequiel2517,ShawnGlinis
ezequiel2517,rodrigojunior
ezequiel2517,Contracampo100
ezequiel2517,Ninotchka
ezequiel2517,NotEricRohmer
ezequiel2517,chico_cine
ezequiel2517,Malala
ezequiel2517,joseluisforte
ezequiel2517,angstvderangst
ezequiel2517,Spectralobatux
ezequiel2517,Gnaralie
ezequiel2517,MalditoGuille01
ezequiel2517,CosiminoB
ezequiel2517,diogoserafim
ezequiel2517,Aidanf99
ezequiel2517,christoferp
ezequiel2517,kiim
ezequiel2517,willowybeing
ezequiel2517,mi4rola
ezequiel2517,alvySinger_
ezequiel2517,AndresTM
ezequiel2517,miguelangelvivr
ezequiel2517,suite1717
ezequiel2517,Thephantomastic
ezequiel2517,ikenyon1
ezequiel2517,gerryhartman
ezequiel2517,Ed_Wood
ezequiel2517,novistenada
ezequiel2517,RaulC
ezequiel2517,oneflyride
ezequiel2517,peterzhang
ezequiel2517,bergmantonioni
ezequiel2517,vlademirlazo
ezequiel2517,carloslara
ezequiel2517,Colmener
ezequiel2517,igortxu
ezequiel2517,Austrohungaro
ezequiel2517,Vicioinherente
ezequiel2517,Agu95
ezequiel2517,leticialemes
ezequiel2517,atteeneaa
ezequiel2517,vestidoscostura
ezequiel2517,MabuseCaligari
ezequiel2517,sinapsis
ezequiel2517,Colin_Maillard
ezequiel2517,fshtravis
ezequiel2517,josetteandriot
ezequiel2517,pepitololin
ezequiel2517,nichedeath
ezequiel2517,makimono_cine
ezequiel2517,Alberto87FR
ezequiel2517,Kotyrus
ezequiel2517,letsgothemovies
ezequiel2517,jlrangel
ezequiel2517,MathiasAndersen
ezequiel2517,fischer_101
ezequiel2517,mariopascual
ezequiel2517,hobbitillo
ezequiel2517,caioindex
ezequiel2517,CelluloidAngel
ezequiel2517,GreenChile42
ezequiel2517,guillehormigo
ezequiel2517,MarioIglesias
ezequiel2517,Javchas
ezequiel2517,Isaac98tm
ezequiel2517,Faure
ezequiel2517,Thomkeaton
ezequiel2517,letempsquipasse
ezequiel2517,marioquema
ezequiel2517,paloma55
ezequiel2517,cinesinfin
ezequiel2517,feherlofia
ezequiel2517,miragedelavie
ezequiel2517,WARREN_GOATSE
ezequiel2517,lvcifer
ezequiel2517,spacemartin
ezequiel2517,MKO
ezequiel2517,el_producto
ezequiel2517,paulamaria
ezequiel2517,spilman
ezequiel2517,theendofcinema
ezequiel2517,Kike_Stark33
ezequiel2517,Daniods
ezequiel2517,Manuel_Asin
ezequiel2517,P_G_C
ezequiel2517,OhEfialtis
ezequiel2517,IagoMendez
ezequiel2517,arkheia
ezequiel2517,sratlantico
ezequiel2517,evillights
ezequiel2517,lucbapt
ezequiel2517,casaveteiro
ezequiel2517,HobbsEnd
ezequiel2517,atekarri
ezequiel2517,loganstuart
ezequiel2517,RachelMyGod
ezequiel2517,KurtWalker
ezequiel2517,Pauixitador
ezequiel2517,zombivirtual
ezequiel2517,jpRodrigues
ezequiel2517,victorcastro
ezequiel2517,timeistheking
ezequiel2517,boyenlab
ezequiel2517,CamaraEnMano
ezequiel2517,gutin
ezequiel2517,piecesoffilm
ezequiel2517,straubbhuillet
ezequiel2517,aeronaveadolesc
ezequiel2517,1999_sohu
ezequiel2517,heavenly_joi
ezequiel2517,albertcd17
ezequiel2517,fabiovisnadi
ezequiel2517,jackyboymilmil
ezequiel2517,marcelomnc
ezequiel2517,umodian
ezequiel2517,JoggingCapybara
ezequiel2517,firejuice
ezequiel2517,Pacoplaza
ezequiel2517,cvall96
ezequiel2517,notandrewsarris
ezequiel2517,notbenard
ezequiel2517,notfoco
ezequiel2517,re2
ezequiel2517,Ivan_Suarez
ezequiel2517,BrunoLD
ezequiel2517,eddie_a
ezequiel2517,PUNQ
ezequiel2517,nesetel
ezequiel2517,Anarido
ezequiel2517,BFI
ezequiel2517,Not_JesusCortes
ezequiel2517,Caandamo
ezequiel2517,benotti
ezequiel2517,Exileonmainst
ezequiel2517,EdgarBurgos
ezequiel2517,Riera_05
ezequiel2517,AjNavarro
ezequiel2517,Fnnrtz
ezequiel2517,ashtray__girl
ezequiel2517,will_llermo
ezequiel2517,hrodriguez
ezequiel2517,anythingplusmor
ezequiel2517,Ruben0
ezequiel2517,Nanducho
ezequiel2517,Lubilder
ezequiel2517,Xevi
ezequiel2517,jjm_24
ezequiel2517,Mas0204
ezequiel2517,kaarlenberg
ezequiel2517,uryenbg
ezequiel2517,IvanMiguez
ezequiel2517,DanielQuinn
ezequiel2517,Batty
ezequiel2517,A_Karerina
ezequiel2517,pele_alvaro
ezequiel2517,CarlosRevi
ezequiel2517,topfilmtuiter
ezequiel2517,maximeproulx
ezequiel2517,M_Penalosa
ezequiel2517,Ariel_
ezequiel2517,edissa
ezequiel2517,Paula_Arantzazu
ezequiel2517,xosemfdez
ezequiel2517,deyre
ezequiel2517,KelzorHL
ezequiel2517,Weinberg
ezequiel2517,Endika
ezequiel2517,AlbertoLechuga
ezequiel2517,falgarin
ezequiel2517,noakrakatoa
ezequiel2517,Mike_A
ezequiel2517,damoner
ezequiel2517,notTagGallagher
ezequiel2517,__Isi__
ezequiel2517,crew
ezequiel2517,Lobo_Lopez
ezequiel2517,daannnnniiiii
ezequiel2517,jordiizquierdo
ezequiel2517,EmilioGFO
ezequiel2517,mordekaiser
ezequiel2517,muydemarvel
ezequiel2517,Peacefulstoner
ezequiel2517,daniflex
ezequiel2517,_Lluis_
ezequiel2517,HAYDENWELCH
ezequiel2517,Piri88
ezequiel2517,adriaaan
ezequiel2517,Thomask01
ezequiel2517,AlexZ
ezequiel2517,AlbertoAbuin
ezequiel2517,JaumeVaquer
ezequiel2517,Pedrosa_CR7
ezequiel2517,RetroHound
ezequiel2517,LopezRX
ezequiel2517,filmin
ezequiel2517,NoneXIV
ezequiel2517,Maties_TP
ezequiel2517,Clough11
ezequiel2517,jaimelorite
ezequiel2517,chusins
ezequiel2517,Michael_Haneke
ezequiel2517,Beita
ezequiel2517,anibalsmalls
ezequiel2517,MoviePimp
ezequiel2517,aarribas
ezequiel2517,msicism
ezequiel2517,elsensibol
ezequiel2517,JMaquiavello
ezequiel2517,THEBREXT
ezequiel2517,katiemitchell
ezequiel2517,JonSanSK8
ezequiel2517,IGN
ezequiel2517,CallateGodard
ezequiel2517,Filmandera
ezequiel2517,NicoCar18
ezequiel2517,Criterion
ezequiel2517,Nekomesh
ezequiel2517,Enid26
ezequiel2517,lmayorgas
ezequiel2517,Roy_Batty
ezequiel2517,freirejuanma
ezequiel2517,paolo2000
ezequiel2517,Ponkipons
ezequiel2517,hanslanda
ezequiel2517,bearamalho
ezequiel2517,mrtoldo
ezequiel2517,johntones
ezequiel2517,xcascantex
ezequiel2517,Adares
ezequiel2517,lysduval
ezequiel2517,bajonasmekas
ezequiel2517,CineFileVideo
ezequiel2517,Gerard_Casau
ezequiel2517,jorgeloser
ezequiel2517,Nanisimo
ezequiel2517,timalamo
ezequiel2517,Adriarcas2004
ezequiel2517,Tomy_G
ezequiel2517,ElCochran90
ezequiel2517,FranSantana
ezequiel2517,Miguel_Marias
ezequiel2517,migblah
ezequiel2517,intramuros
ezequiel2517,jrosenbaum2002
ezequiel2517,jakepcole
ezequiel2517,mortom
ezequiel2517,Gouch_Hard
ezequiel2517,gemko
ezequiel2517,Will_Sloan
ezequiel2517,Filipe_Furtado
ezequiel2517,evanrh
ezequiel2517,Nachogrim
ezequiel2517,vi_ave
ezequiel2517,SurferDude
ezequiel2517,Nevermore1985
ezequiel2517,2m02k
ezequiel2517,cathyk
ezequiel2517,cautivodelmal
ezequiel2517,eljuegofavorito
ezequiel2517,JoshRunquist
ezequiel2517,thelukeman
ezequiel2517,frozen2013
ezequiel2517,PateDuncan
ezequiel2517,PacificBeliefs
ezequiel2517,caseyjv
ezequiel2517,DoctorMoriarty
ezequiel2517,asala
ezequiel2517,toniroig
ezequiel2517,Pablo_Algaba
ezequiel2517,ManuelBartual
ezequiel2517,noelceballos
ezequiel2517,MareaNocturna
ezequiel2517,MDM967
ezequiel2517,EliHayes
ezequiel2517,juano2000
ezequiel2517,Kiko
ezequiel2517,Kurstboy
ezequiel2517,IssacRodriguez
ezequiel2517,rhg
ezequiel2517,lepetitprince
ezequiel2517,AVARY
ezequiel2517,rcjohnso
ezequiel2517,horrorville
ezequiel2517,agozy2000
ezequiel2517,jimmycthatsme
ezequiel2517,jeffborislow
ezequiel2517,dirkh
ezequiel2517,javipalarcon
ezequiel2517,Venenofan
ezequiel2517,Unwary_65
ezequiel2517,Omex
ezequiel2517,yaeldarko
ezequiel2517,davidehrlich
ezequiel2517,EbertUnofficial
ezequiel2517,phesquisabel
ezequiel2517,PezEspada
ezequiel2517,jsancheznavarro
ezequiel2517,JuanZino
ezequiel2517,slayerkinney
ezequiel2517,NeilBahadur
ezequiel2517,TashaRobinson
ezequiel2517,sophiaplanos
ezequiel2517,Nawmsax
ezequiel2517,Alexander_G97
ezequiel2517,mank
ezequiel2517,cuqui
ezequiel2517,SilentDawn
ezequiel2517,lilfilm
ezequiel2517,accioncine
ezequiel2517,millow123
gorkalonso1,Mat25
gorkalonso1,ElCochran90
gorkalonso1,rigoayala
gorkalonso1,agusizquierdo8
gorkalonso1,Mies_Croto
gorkalonso1,EloyG8
gorkalonso1,climax_yes
gorkalonso1,synthemesco
gorkalonso1,GAmengual
gorkalonso1,Dani1Medina
gorkalonso1,RamonHSosa
gorkalonso1,Miguel_Marias
gorkalonso1,Follow_Freeman
gorkalonso1,alvySinger_
gorkalonso1,luisru
gorkalonso1,DarthKaze
gorkalonso1,burbufilms
gorkalonso1,eljpax
gorkalonso1,FrancoRizzo
gorkalonso1,ElPejesapo
gorkalonso1,Bergman95
gorkalonso1,dafilmfestival
gorkalonso1,marcmartinezc
gorkalonso1,AminVillalba
gorkalonso1,MetforalL
gorkalonso1,DavidGS90
gorkalonso1,eleneto_20
gorkalonso1,mjo500desmond
gorkalonso1,Filipe_Furtado
gorkalonso1,ElJovenCineasta
gorkalonso1,Sirah_Wiedemann
gorkalonso1,Didacus
gorkalonso1,jaimeac
gorkalonso1,timeistheking
gorkalonso1,Ninotchka
gorkalonso1,Faure
gorkalonso1,Bracero
gorkalonso1,elenacf
gorkalonso1,utges
gorkalonso1,Mann_Ohne_Namen
gorkalonso1,spiirits
gorkalonso1,Dani_kata98
gorkalonso1,lfaos
gorkalonso1,Juanky97
gorkalonso1,olivermayorga
gorkalonso1,carrmenbs
gorkalonso1,borjanandez
gorkalonso1,marcosgradp
gorkalonso1,leila888
gorkalonso1,Borinot
gorkalonso1,kaarlenberg
gorkalonso1,Joseantoni
gorkalonso1,Lobo_Lopez
gorkalonso1,pmombaers
gorkalonso1,natseccar
gorkalonso1,mgunhilda
gorkalonso1,alettheia
gorkalonso1,retabloo
gorkalonso1,Marcos_M_Rom
gorkalonso1,tonikaizen
gorkalonso1,itscharlibb
gorkalonso1,Marcos_M_Romero
gorkalonso1,aitanarc
gorkalonso1,teo_hernandez
gorkalonso1,Air_Fryer_
gorkalonso1,malatesta19
gorkalonso1,vv4nte
gorkalonso1,YeraiM
gorkalonso1,xzetaprobe
gorkalonso1,blrwv
gorkalonso1,genzai_2
gorkalonso1,yosolomequejo
gorkalonso1,thponders
gorkalonso1,will_llermo
gorkalonso1,carlatka
gorkalonso1,jal90
gorkalonso1,bernax24
gorkalonso1,DanielQuinn
gorkalonso1,poluxlisbon
gorkalonso1,Lavigne1967
gorkalonso1,ikanonakis
gorkalonso1,Fnnrtz
gorkalonso1,Jorgemz
gorkalonso1,nateula
gorkalonso1,Jb_Flanagan
gorkalonso1,cmtoribio4
gorkalonso1,Thaisrfr
gorkalonso1,Bernatus
gorkalonso1,Ikisabi
gorkalonso1,oldfilmsflicker
gorkalonso1,Filmandera
gorkalonso1,IdeasCutres
gorkalonso1,javibotella
gorkalonso1,hipsterdas11h
gorkalonso1,jjm_24
gorkalonso1,ecoscu
gorkalonso1,MaboroshiMirage
gorkalonso1,jiajieyy
gorkalonso1,Manuki
gorkalonso1,CineDreaming
gorkalonso1,rosebudshears
gorkalonso1,Simonsds
gorkalonso1,Rafa_Rod
gorkalonso1,Maties_TP
gorkalonso1,paloma55
gorkalonso1,TaeSuk
gorkalonso1,m0liner
gorkalonso1,CinefiliaCult
gorkalonso1,lilfilm
gorkalonso1,ArribasGalaJL
gorkalonso1,Pablo91Alf
gorkalonso1,Colin_Maillard
gorkalonso1,LaCinetek
gorkalonso1,JoanCuadrado
gorkalonso1,beetleboy11
gorkalonso1,vela44
gorkalonso1,JonSanSK8
gorkalonso1,The_horrorlove
gorkalonso1,laurahj28
gorkalonso1,Doark13
gorkalonso1,MocodePavo
gorkalonso1,albeertoobrr
gorkalonso1,AshWilliams92
gorkalonso1,pilinletterb
gorkalonso1,topfilmtuiter
gorkalonso1,__Isi__
gorkalonso1,akerwoman
gorkalonso1,mscorsese
gorkalonso1,marti33
Mann_Ohne_Namen,Markeel
Mann_Ohne_Namen,alizule1919
Mann_Ohne_Namen,Pav1o
Mann_Ohne_Namen,fragilcomomundo
Mann_Ohne_Namen,gorkalonso1
Mann_Ohne_Namen,lexatin
Mann_Ohne_Namen,genzai_2
Mann_Ohne_Namen,MissKnowItAll
Mann_Ohne_Namen,raquelskuur
Mann_Ohne_Namen,Air_Fryer_
Mann_Ohne_Namen,MartialCantarel
Mann_Ohne_Namen,juninhojuan
Mann_Ohne_Namen,rssfdvdrive
Mann_Ohne_Namen,irenage
Mann_Ohne_Namen,jmrebollo
Mann_Ohne_Namen,SamuelLaser
Mann_Ohne_Namen,vvvhannah
Mann_Ohne_Namen,uwugorka
Mann_Ohne_Namen,nachomuermos
Mann_Ohne_Namen,pedralon97
Mann_Ohne_Namen,Clough11
Mann_Ohne_Namen,mdeminkova
Mann_Ohne_Namen,sinsol
Mann_Ohne_Namen,quber
Mann_Ohne_Namen,Zuleema
Mann_Ohne_Namen,gondmayx
Mann_Ohne_Namen,akerwoman
Mann_Ohne_Namen,Klepshydra
Mann_Ohne_Namen,Vareludo
Mann_Ohne_Namen,marioquema
Mann_Ohne_Namen,villa_92
Mann_Ohne_Namen,Javchas
Mann_Ohne_Namen,Agu95
Mann_Ohne_Namen,Abu222
Mann_Ohne_Namen,brunopicazo
Mann_Ohne_Namen,paloma55
Mann_Ohne_Namen,Batty
Mann_Ohne_Namen,sratlantico
Mann_Ohne_Namen,Jacques_Rivette
Mann_Ohne_Namen,Saba1e7e
Mann_Ohne_Namen,JulioBel
Mann_Ohne_Namen,Ruben0
Mann_Ohne_Namen,pingala
Mann_Ohne_Namen,Glorfindel7567
Mann_Ohne_Namen,bander7
Mann_Ohne_Namen,martinnagaarcia
Mann_Ohne_Namen,erenierte
Mann_Ohne_Namen,lilg_
Mann_Ohne_Namen,Nightwing_17
Mann_Ohne_Namen,arantzan
Mann_Ohne_Namen,retabloo
Mann_Ohne_Namen,MataTurin
Mann_Ohne_Namen,Colin_Maillard
Mann_Ohne_Namen,Romi20
Mann_Ohne_Namen,AminVillalba
Mann_Ohne_Namen,ale_piq
Mann_Ohne_Namen,bustinduy
Mann_Ohne_Namen,hobbitillo
Mann_Ohne_Namen,elchampo
Mann_Ohne_Namen,DanielQuinn
Mann_Ohne_Namen,figmare
Mann_Ohne_Namen,Melocotonazo11
Mann_Ohne_Namen,topfilmtuiter
Mann_Ohne_Namen,_alvarocampoy_
Mann_Ohne_Namen,ikanonakis
Mann_Ohne_Namen,Ivan_Suarez
Mann_Ohne_Namen,Ninotchka
Mann_Ohne_Namen,AdrianVieitez
Mann_Ohne_Namen,anjuet
Mann_Ohne_Namen,xosemfdez
Mann_Ohne_Namen,AuroraNocte
Mann_Ohne_Namen,kaarlenberg
Mann_Ohne_Namen,A_Karerina
Mann_Ohne_Namen,luisaceitunop
Mann_Ohne_Namen,balnearios
Mann_Ohne_Namen,luisdementia
Mann_Ohne_Namen,Melbaip8
Mann_Ohne_Namen,Anastasia28
Mann_Ohne_Namen,__susito
Mann_Ohne_Namen,Nanita
Mann_Ohne_Namen,uryenbg
Mann_Ohne_Namen,Ne0nImpala
Mann_Ohne_Namen,igortxu
Mann_Ohne_Namen,utges
Mann_Ohne_Namen,OlviRojas
Mann_Ohne_Namen,Galatea
Mann_Ohne_Namen,raqueenx
Mann_Ohne_Namen,antodelcore
Mann_Ohne_Namen,nickland
Mann_Ohne_Namen,itsmerocio
Mann_Ohne_Namen,post_duchowy
Mann_Ohne_Namen,chokherbalyy
Mann_Ohne_Namen,Miguel_Marias
Mann_Ohne_Namen,antares_not
Mann_Ohne_Namen,Dent
Mann_Ohne_Namen,guillehormigo
Mann_Ohne_Namen,estellac
Mann_Ohne_Namen,pele_alvaro
Mann_Ohne_Namen,christo1
Mann_Ohne_Namen,Angiolo
Mann_Ohne_Namen,g0f10n
Mann_Ohne_Namen,jal90
Mann_Ohne_Namen,Redcalliope
Mann_Ohne_Namen,rafaqc97
Mann_Ohne_Namen,mrsoroush
Mann_Ohne_Namen,ariadnasc
Mann_Ohne_Namen,zulbro
Mann_Ohne_Namen,Siroguh
Mann_Ohne_Namen,mpinkfloyd
Mann_Ohne_Namen,Bogardian
Mann_Ohne_Namen,FvLluis
Mann_Ohne_Namen,DaveCooper
Mann_Ohne_Namen,nataliabzp
Mann_Ohne_Namen,ramthaion
Mann_Ohne_Namen,jjm_24
Mann_Ohne_Namen,Parry_Hotter
Mann_Ohne_Namen,RachelMyGod
Mann_Ohne_Namen,kerstray
Mann_Ohne_Namen,Thomkeaton
Mann_Ohne_Namen,snaker555
Mann_Ohne_Namen,diego_mellag
Mann_Ohne_Namen,IvanMiguez
Mann_Ohne_Namen,Ricimero
Mann_Ohne_Namen,miausaurio
Mann_Ohne_Namen,Sicarius
Mann_Ohne_Namen,alvySinger_
Mann_Ohne_Namen,thegeeksofiaris
Mann_Ohne_Namen,Chaplintarkovsk
Mann_Ohne_Namen,YTuPadreQTalMea
Mann_Ohne_Namen,Daniblacksmoke
Mann_Ohne_Namen,ferhood
Mann_Ohne_Namen,asm5sgr
Mann_Ohne_Namen,DanielEscaners
Mann_Ohne_Namen,jorgepm91
Mann_Ohne_Namen,srtabelivet
Mann_Ohne_Namen,tystnaden
Mann_Ohne_Namen,Auralblack
Mann_Ohne_Namen,valde5a7
Mann_Ohne_Namen,Payika
Mann_Ohne_Namen,__Isi__
Mann_Ohne_Namen,fleming22
Mann_Ohne_Namen,msgatsby
Mann_Ohne_Namen,Jadzcor
Mann_Ohne_Namen,jjm4596
Mann_Ohne_Namen,Isart
Mann_Ohne_Namen,will_llermo
Mann_Ohne_Namen,Travis76
Mann_Ohne_Namen,CardenalHerrera
Mann_Ohne_Namen,Sanrojas
Mann_Ohne_Namen,MiguelMSH
Mann_Ohne_Namen,firejuice
Mann_Ohne_Namen,irca
Mann_Ohne_Namen,Perro_Sanxe
Mann_Ohne_Namen,Marinajejejiji
Mann_Ohne_Namen,Vicioinherente
Mann_Ohne_Namen,harvsi
Mann_Ohne_Namen,Faure
Mann_Ohne_Namen,Sabry
Mann_Ohne_Namen,NateFisher
Mann_Ohne_Namen,fraKcturedgar
Mann_Ohne_Namen,rotlaust
Mann_Ohne_Namen,Chozismo
Mann_Ohne_Namen,acalacedo
Mann_Ohne_Namen,Isaac98tm
Mann_Ohne_Namen,synthemesco
Mann_Ohne_Namen,albertsyco_
Mann_Ohne_Namen,shimatetsuo
Mann_Ohne_Namen,nilleta4ever
Mann_Ohne_Namen,A_R
Mann_Ohne_Namen,DavithLecter
bergmantonioni,ElCobertizo
bergmantonioni,pirracas
bergmantonioni,miguel_ele
bergmantonioni,AuroraNocte
bergmantonioni,jmrebollo
bergmantonioni,marioquema
bergmantonioni,AntonioMagnolia
bergmantonioni,glogar_
bergmantonioni,elaguainmovil
bergmantonioni,RogerCres96Bar
bergmantonioni,Abu222
bergmantonioni,unicronloev
bergmantonioni,paloma55
bergmantonioni,jjm_24
bergmantonioni,Ninotchka
bergmantonioni,Faure
bergmantonioni,straubbhuillet
bergmantonioni,A_de_la_Hoz
bergmantonioni,Miguel_Marias
bergmantonioni,DanielQuinn
bergmantonioni,Colin_Maillard
bergmantonioni,ArnauMartin00
bergmantonioni,fuzilfalcao
bergmantonioni,Batty
bergmantonioni,Blanchot
bergmantonioni,msgatsby
bergmantonioni,mmgarnica
bergmantonioni,Ivan_Suarez
bergmantonioni,chaotic_hugo
bergmantonioni,Vicioinherente
bergmantonioni,srtabelivet
bergmantonioni,migblah
bergmantonioni,mrtoldo
bergmantonioni,RachelMyGod
bergmantonioni,aixa72
bergmantonioni,Lobo_Lopez
bergmantonioni,Kansas
bergmantonioni,Endika
bergmantonioni,MarioIglesias
bergmantonioni,alvySinger_
bergmantonioni,robgordon
bergmantonioni,guillehormigo
bergmantonioni,will_llermo
bergmantonioni,uryenbg
bergmantonioni,pele_alvaro
bergmantonioni,synthemesco
Dr_Akkar,visualtraining
Dr_Akkar,samanthahadara
Dr_Akkar,KarinaKaar
Dr_Akkar,Glorfindel7567
Dr_Akkar,Air_Fryer_
Dr_Akkar,AvalynWu
Dr_Akkar,Hectorog
Dr_Akkar,topfilmtuiter
Dr_Akkar,AmaiaZufiaur
Dr_Akkar,paloma55
Dr_Akkar,Ninotchka
Dr_Akkar,marioquema
Dr_Akkar,Faure
Dr_Akkar,EloyG8
Dr_Akkar,hobbitillo
Dr_Akkar,irca
Dr_Akkar,AndresTM
Dr_Akkar,Batty
Dr_Akkar,migblah
Dr_Akkar,fax0_max
Dr_Akkar,wangtsuhsien
Dr_Akkar,FortunaNorte
Dr_Akkar,DurstNora
Dr_Akkar,BRosenzweig
Dr_Akkar,Kipik
Dr_Akkar,ExeDavid
Dr_Akkar,heldupbyastring
Dr_Akkar,ry
Dr_Akkar,brenniecee
Dr_Akkar,BumBumBoris
Dr_Akkar,kphisch
Dr_Akkar,s4ppho
Dr_Akkar,michelcvg
Dr_Akkar,WWWM
Dr_Akkar,ireneb
Dr_Akkar,gkap
Dr_Akkar,orivpp
Dr_Akkar,jmoralon
Dr_Akkar,Exileonmainst
Dr_Akkar,rubenmg
Dr_Akkar,L_Frances
Dr_Akkar,Poxo_2
Dr_Akkar,phybrah
Dr_Akkar,yaz_ro_rys
Dr_Akkar,popsbaron
Dr_Akkar,ClaudioBorbon
Dr_Akkar,EzraSachs
Dr_Akkar,roseyasteroid
Dr_Akkar,LaCinetek
Dr_Akkar,feumauvais
Dr_Akkar,baranbozdag
Dr_Akkar,Blogn
Dr_Akkar,AcervoFilmico
Dr_Akkar,Tarrkovsky
Dr_Akkar,teasing
Dr_Akkar,vestidoscostura
Dr_Akkar,sadhomersimpson
Dr_Akkar,Brian_Davisson
Dr_Akkar,XiPseTsu
Dr_Akkar,manueloide
Dr_Akkar,ebrl
Dr_Akkar,loganstuart
Dr_Akkar,Filipe_Furtado
Dr_Akkar,fuzilfalcao
Dr_Akkar,Lumiere1895
Dr_Akkar,I_L
Dr_Akkar,Giangtoddhaynes
Dr_Akkar,arkheia
Dr_Akkar,dhabadal
Dr_Akkar,santoguille
Dr_Akkar,Ardwyw
Dr_Akkar,wobewww
Dr_Akkar,HobbsEnd
Dr_Akkar,Srhoudini
Dr_Akkar,CormacJones
Dr_Akkar,juliatheodora
Dr_Akkar,salvadoramores
Dr_Akkar,labuzamovies
Dr_Akkar,nrh
Dr_Akkar,lsaturn
Dr_Akkar,jakepcole
Dr_Akkar,108
Dr_Akkar,Luk197
Dr_Akkar,florenceh_
Dr_Akkar,FrancoRizzo
Dr_Akkar,Lencho_o_t_Apes
Dr_Akkar,Trueno
Dr_Akkar,tuoto
Dr_Akkar,sinaazari
Dr_Akkar,lightwisdom
Dr_Akkar,Lobo_Lopez
Dr_Akkar,brotherdeacon
Dr_Akkar,mattmccrac
Dr_Akkar,mrlessegers
Dr_Akkar,Post1000Tension
Dr_Akkar,timeistheking
Dr_Akkar,msicism
Dr_Akkar,jrosenbaum2002
Dr_Akkar,Martinaevaeva
Dr_Akkar,LiContes
Dr_Akkar,repulsion
Dr_Akkar,BeetBeatBit
figmare,judithonaa
figmare,Rosabermudz
figmare,frrrrdoit
figmare,juanjocerero
figmare,jinxxxx
figmare,itsivibabee
figmare,widal22
figmare,ivancohe
figmare,MaboroshiMirage
figmare,Ged__
figmare,Simonsds
figmare,quber
figmare,Selasor
figmare,mbrando24
figmare,MMKZB
figmare,isaacbarragan
figmare,3vit4
figmare,Marrio_
figmare,Ramiro912
figmare,artulost
figmare,gorkalonso1
figmare,Colin_Maillard
figmare,Baldonedo
figmare,bvritica
figmare,MiguelMSH
figmare,ariadnasc
figmare,guillehormigo
figmare,hobbitillo
figmare,jlorenzo
figmare,Blanse
figmare,kndel_01
figmare,anthonymous
figmare,carmenmcab
figmare,AndresTM
figmare,elaguainmovil
figmare,Trueno
figmare,Hectorog
figmare,Nicoconka
figmare,DanielQuinn
figmare,migblah
figmare,A_Karerina
figmare,miridbr
figmare,anaorgana
figmare,albertvanden
figmare,Toshiro15
figmare,Bracero
figmare,Vareludo
figmare,Martincuesta
figmare,Carlos_
figmare,huer
figmare,martinsalernx
figmare,NateFisher
figmare,jasikedevicius
figmare,erni
figmare,Borinot
figmare,elenacf
figmare,davidmd
figmare,yosolomequejo
figmare,Colmener
figmare,EloyG8
figmare,AlCorona
figmare,chinemusic
figmare,paloma55
figmare,mmgarnica
figmare,novistenada
figmare,m0liner
figmare,A_de_la_Hoz
figmare,LBaena
figmare,jmrebollo
figmare,Jarsito
figmare,Alchemy97
figmare,Paula_Arantzazu
figmare,nichedeath
figmare,Filmandera
figmare,Springeyes
figmare,FvLluis
figmare,irca
figmare,Isart
figmare,JesusTeatrero
figmare,Auralblack
figmare,ferhood
figmare,Payika
figmare,tystnaden
figmare,Dragondave
figmare,MarioIglesias
figmare,AuroraNocte
figmare,unjacinto
figmare,SoyUnaGafapasta
figmare,Ninotchka
figmare,sabalde
figmare,Murillet
figmare,straubbhuillet
figmare,bustinduy
figmare,Spoorloos
figmare,bergmantonioni
figmare,MiguelRoman
figmare,crisexeflores
figmare,akerwoman
figmare,Zarito1994
figmare,Vieramumal
figmare,ElenaBrotons
figmare,Air_Fryer_
figmare,yayo27
figmare,luciatorress
figmare,ClaraCragnolino
figmare,krlosierra
figmare,Abu222
figmare,fshtravis
figmare,Maties_TP
figmare,mermecolion
figmare,Tvecinofavorito
figmare,LucasStarkiller
figmare,latirdecine
figmare,josecruzcam
figmare,Baussant
figmare,Javi_delaMorena
figmare,fasspy
figmare,rodasons
figmare,stephenlarsson
figmare,Esme_Heartilly
figmare,JorgeAce
figmare,Jimix
figmare,Ghostface1993
figmare,samvelasquez0
figmare,MartinJacobo11
figmare,alba_yass
figmare,marta_blaauw
figmare,albertocp
figmare,Hickeystyle
figmare,Filmmania_es
figmare,Mann_Ohne_Namen
figmare,JoN_TeN
figmare,will_llermo
figmare,fleming22
figmare,CharlotteHarris
figmare,Saba1e7e
figmare,Monchita
figmare,msolde
figmare,Pelayo_Casanova
figmare,adrianet93
figmare,Vicioinherente
figmare,Ripley87
figmare,Dooman
figmare,jal90
figmare,tipican
figmare,Seigor
figmare,Isaac98tm
figmare,IsolarH
figmare,Nostre13
figmare,al1997
figmare,DonEmi
figmare,garles
figmare,MundoRath
figmare,SilverShamRoock
figmare,aixa72
figmare,aixa
figmare,KittieChaos
figmare,RachelMyGod
figmare,FaildeGuionista
figmare,Ed_Wood
figmare,BorNaPe
figmare,Ricimero
figmare,filmin
figmare,itsmerocio
figmare,Tristan_MeyerH
figmare,Faure
figmare,VGonGuer
figmare,maluqueer
figmare,topfilmtuiter
figmare,pele_alvaro
figmare,IvanMiguez
figmare,Batty
Lobo_Lopez,dicionariosde
Lobo_Lopez,jjm_24
Lobo_Lopez,AdamsawAfilm
Lobo_Lopez,elogedelamour
Lobo_Lopez,Filmcriticism
Lobo_Lopez,sashtrash
Lobo_Lopez,jamiemmm
Lobo_Lopez,Joseol7
Lobo_Lopez,RK1968
Lobo_Lopez,itamaralves
Lobo_Lopez,jacqueslefou
Lobo_Lopez,LookingFore
Lobo_Lopez,MichelMourlet
Lobo_Lopez,hiitsskully
Lobo_Lopez,Film_Ideal
Lobo_Lopez,Emilio_G_Riera
Lobo_Lopez,guillehormigo
Lobo_Lopez,pablo_iv
Lobo_Lopez,Nameisbenjamin
Lobo_Lopez,Konstantin_Ch
Lobo_Lopez,lesfilmsdemavie
Lobo_Lopez,notjrivette
Lobo_Lopez,mise_en_seer
Lobo_Lopez,apaloseco
Lobo_Lopez,Al_____Neri
Lobo_Lopez,egjones
Lobo_Lopez,Marias_in_Eng
Lobo_Lopez,swim
Lobo_Lopez,CLAUDE_CHABROL
Lobo_Lopez,migrms
Lobo_Lopez,MyluPorta
Lobo_Lopez,fernandogvarea
Lobo_Lopez,misoleu
Lobo_Lopez,youngbarber
Lobo_Lopez,teo_hernandez
Lobo_Lopez,ShellyAK
Lobo_Lopez,NotDzigaVertov
Lobo_Lopez,fifoleCFC
Lobo_Lopez,cinematecapt
Lobo_Lopez,paulvecchiali_
Lobo_Lopez,cristianojesus
Lobo_Lopez,ruefontaine
Lobo_Lopez,joshuapeinado
Lobo_Lopez,FoxHound_
Lobo_Lopez,kalabobos
Lobo_Lopez,Lourcelles
Lobo_Lopez,olivermayorga
Lobo_Lopez,notTagGallagher
Lobo_Lopez,ericrohmer_
Lobo_Lopez,jeanluc_godard
Lobo_Lopez,cinemaritrovato
Lobo_Lopez,revista_lumiere
Lobo_Lopez,amanda629
Lobo_Lopez,bautigodoy
Lobo_Lopez,mrminio
Lobo_Lopez,jsfilmnyc
Lobo_Lopez,steviebbb
Lobo_Lopez,gijonfilmfest
Lobo_Lopez,antonipons
Lobo_Lopez,yumboyumboyumbo
Lobo_Lopez,esnapur
Lobo_Lopez,24flvps
Lobo_Lopez,whirlwindrider
Lobo_Lopez,Mr_Manuel_V
Lobo_Lopez,jpgomes
Lobo_Lopez,cinemaefilm
Lobo_Lopez,Vadekawa
Lobo_Lopez,lordauch
Lobo_Lopez,Ossian
Lobo_Lopez,Lautaro_A
Lobo_Lopez,Nihoncineart
Lobo_Lopez,newshores
Lobo_Lopez,notrobinwood
Lobo_Lopez,BoomLight06
Lobo_Lopez,alec_lane
Lobo_Lopez,NotRaulRuiz
Lobo_Lopez,boa_noite
Lobo_Lopez,samwm
Lobo_Lopez,demonsablonbr
Lobo_Lopez,maximer
Lobo_Lopez,lourcellesbr
Lobo_Lopez,mlpv86
Lobo_Lopez,notMarkopoulos
Lobo_Lopez,naoglauber
Lobo_Lopez,notkelman
Lobo_Lopez,stilllight
Lobo_Lopez,bedioyskin
Lobo_Lopez,aprabrasil
Lobo_Lopez,GiovSA
Lobo_Lopez,Guarner
Lobo_Lopez,silvaezequiel
Lobo_Lopez,JosephGrimault
Lobo_Lopez,Manuel_Asin
Lobo_Lopez,fax0_max
Lobo_Lopez,sabzianbe
Lobo_Lopez,luc_moullet
Lobo_Lopez,rbedoya
Lobo_Lopez,1conradorosa
Lobo_Lopez,BoostGuardian
Lobo_Lopez,Klepshydra
Lobo_Lopez,Juniper_girl
Lobo_Lopez,andre_bazin_
Lobo_Lopez,grtela
Lobo_Lopez,Critica
Lobo_Lopez,Ugetsu
Lobo_Lopez,juliobressane
Lobo_Lopez,augieinspace
Lobo_Lopez,PaulHarrill
Lobo_Lopez,NotDaveKehr
Lobo_Lopez,PaulVecchiali
Lobo_Lopez,UnDetective
Lobo_Lopez,nicolaspariser
Lobo_Lopez,JFRauger
Lobo_Lopez,NicolasSaada
Lobo_Lopez,ikanonakis
Lobo_Lopez,H_G_Castano
Lobo_Lopez,akyyt
Lobo_Lopez,AlejandroDeSoto
Lobo_Lopez,WWWM
Lobo_Lopez,jacquesrivette_
Lobo_Lopez,Brunovictorino
Lobo_Lopez,M_Penalosa
Lobo_Lopez,CinemathequeFR
Lobo_Lopez,MapaCineLyC
Lobo_Lopez,oscarwpedersen
Lobo_Lopez,ExplodingBoy
Lobo_Lopez,FOCO_in_English
Lobo_Lopez,fernandompena
Lobo_Lopez,EricIdlePedro
Lobo_Lopez,ezequiel2517
Lobo_Lopez,BrunoAnthony
Lobo_Lopez,jackyboymilmil
Lobo_Lopez,A_Karerina
Lobo_Lopez,Carlos_Natalio
Lobo_Lopez,utges
Lobo_Lopez,ariadnasc
Lobo_Lopez,igortxu
Lobo_Lopez,bustinduy
Lobo_Lopez,straubbhuillet
Lobo_Lopez,jal90
Lobo_Lopez,jonasmekass
Lobo_Lopez,luckystarbraga
Lobo_Lopez,paloma55
Lobo_Lopez,joseluisforte
Lobo_Lopez,chico_cine
Lobo_Lopez,gussalvalaggio
Lobo_Lopez,josetteandriot
Lobo_Lopez,fshtravis
Lobo_Lopez,fcinemateca
Lobo_Lopez,victorcastro
Lobo_Lopez,NotEricRohmer
Lobo_Lopez,p_polastri
Lobo_Lopez,BFI
Lobo_Lopez,Diegoceprez
Lobo_Lopez,jessicadrummond
Lobo_Lopez,ferraniacolor
Lobo_Lopez,OTempo_e_o_Modo
Lobo_Lopez,jackseibert
Lobo_Lopez,P_G_C
Lobo_Lopez,falgarin
Lobo_Lopez,topfilmtuiter
Lobo_Lopez,Ivan_Suarez
Lobo_Lopez,Maties_TP
Lobo_Lopez,A_de_la_Hoz
Lobo_Lopez,Ninotchka
Lobo_Lopez,Batty
Lobo_Lopez,presence_ptbr
Lobo_Lopez,aarribas
Lobo_Lopez,sallitt
Lobo_Lopez,jburset1
Lobo_Lopez,Luk197
Lobo_Lopez,propercio
Lobo_Lopez,JC_Monteiro
Lobo_Lopez,Not_JesusCortes
Lobo_Lopez,Contracampo100
Lobo_Lopez,arkheia
Lobo_Lopez,minguel
Lobo_Lopez,P_Sheard
Lobo_Lopez,diogoserafim
Lobo_Lopez,LaCinetek
Lobo_Lopez,MiguelForlin
Lobo_Lopez,CahiersPT_BR
Lobo_Lopez,adrianlousan
Lobo_Lopez,notfoco
Lobo_Lopez,SergioAlpendre
Lobo_Lopez,robertapedrosa
Lobo_Lopez,Malala
Lobo_Lopez,unrepresent
Lobo_Lopez,bathyry
Lobo_Lopez,danieldequeiroz
Lobo_Lopez,Didacus
Lobo_Lopez,uryenbg
Lobo_Lopez,novistenada
Lobo_Lopez,Spectralobatux
Lobo_Lopez,gdcb
Lobo_Lopez,Contactos
Lobo_Lopez,percolatorfish
Lobo_Lopez,fuzilfalcao
Lobo_Lopez,TheCinemaB
Lobo_Lopez,VictorCardozo
Lobo_Lopez,jrosenbaum2002
Lobo_Lopez,sratlantico
Lobo_Lopez,Jesse_james
Lobo_Lopez,saccard
Lobo_Lopez,MabuseCaligari
Lobo_Lopez,vlademirlazo
Lobo_Lopez,almacorsaria
Lobo_Lopez,notbenard
Lobo_Lopez,JJNC099
Lobo_Lopez,mmgarnica
Lobo_Lopez,adit_am
Lobo_Lopez,copticlight
Lobo_Lopez,CormacJones
Lobo_Lopez,Miguel_Marias
Lobo_Lopez,Francis87
Lobo_Lopez,valeskagsilva
Lobo_Lopez,Alberto87FR
Lobo_Lopez,Kotyrus
Lobo_Lopez,skorecki
Lobo_Lopez,Evan_Morgan
Lobo_Lopez,ananula
Lobo_Lopez,rafaeldornellas
Lobo_Lopez,Exileonmainst
Lobo_Lopez,salvadoramores
Lobo_Lopez,matheuscartaxo
Lobo_Lopez,caioindex
Lobo_Lopez,cauby
Lobo_Lopez,gamelan
Lobo_Lopez,csmall
Lobo_Lopez,mateus_barros
Lobo_Lopez,coutinho
Lobo_Lopez,lucbapt
Lobo_Lopez,r_emmet
Lobo_Lopez,grc
Lobo_Lopez,AngelG
Lobo_Lopez,WBA
Lobo_Lopez,anitacgoncalves
Lobo_Lopez,MGarrett
Lobo_Lopez,Dieguin97
Lobo_Lopez,eduardo_savella
Lobo_Lopez,Declieux
Lobo_Lopez,Vinicius_Romero
Lobo_Lopez,atekarri
Lobo_Lopez,HobbsEnd
Lobo_Lopez,zurrange
Lobo_Lopez,Gabriel_42
Lobo_Lopez,Rockysds
Lobo_Lopez,KerryMaxwell
Lobo_Lopez,Blackcoffee
Lobo_Lopez,thiagondim
Lobo_Lopez,FaildeGuionista
Lobo_Lopez,le_samourai_x
Lobo_Lopez,MarioIglesias
Lobo_Lopez,James_
Lobo_Lopez,Carla_poa
Lobo_Lopez,MarcusMartins
Lobo_Lopez,Oliveira89
Lobo_Lopez,DanielQuinn
Lobo_Lopez,alvarezmartin88
Lobo_Lopez,timduncan
Lobo_Lopez,Vicioinherente
Lobo_Lopez,al1997
Lobo_Lopez,John_Palhares
Lobo_Lopez,dalpizzolo
Lobo_Lopez,LBaena
Lobo_Lopez,fabiovisnadi
Lobo_Lopez,Isaac98tm
Lobo_Lopez,AlexanderAllan
Lobo_Lopez,aindanao
Lobo_Lopez,shomingeki
Lobo_Lopez,timeistheking
Lobo_Lopez,Brood_Star
Lobo_Lopez,firejuice
Lobo_Lopez,RachelMyGod
Lobo_Lopez,kulturterror
Lobo_Lopez,dirtylaundri
Lobo_Lopez,el_grillo
Lobo_Lopez,theine
Lobo_Lopez,jdidaco
Lobo_Lopez,Cani
Lobo_Lopez,Kansas
Lobo_Lopez,leelacolorado
Lobo_Lopez,MiguelFerreira
Lobo_Lopez,pgallagher
Lobo_Lopez,brotherdeacon
Lobo_Lopez,Dmc
Lobo_Lopez,loganstuart
Lobo_Lopez,migblah
Lobo_Lopez,rischka
Lobo_Lopez,Lyrical_Nitrate
Lobo_Lopez,twodeadmagpies
Lobo_Lopez,kenji1
Lobo_Lopez,Carlos_GMen
Lobo_Lopez,GeorgeOKaplan
Lobo_Lopez,aixa72
Lobo_Lopez,Arsaib
AnaAvellaneda,MabuseCaligari
AnaAvellaneda,CinefiliaCult
AnaAvellaneda,Tvecinofavorito
AnaAvellaneda,BarrySpawn88
AnaAvellaneda,Cinepatico
AnaAvellaneda,alroha10
AnaAvellaneda,ecoscu
AnaAvellaneda,Gitanesque
AnaAvellaneda,LiamChristopher
AnaAvellaneda,JoanCuadrado
AnaAvellaneda,JoanitoAD
AnaAvellaneda,The_horrorlove
AnaAvellaneda,topfilmtuiter
AnaAvellaneda,manuelsanbai
AnaAvellaneda,paloma55
AnaAvellaneda,__Isi__
AnaAvellaneda,Miguel_Marias
diogoserafim,NomiMeTangere
diogoserafim,ThierryCLAAC
diogoserafim,Huguesperrot
diogoserafim,artslequin
diogoserafim,QuentinR
diogoserafim,jemma_couture
diogoserafim,audreycolard
diogoserafim,RevueCritikat
diogoserafim,Jo_Brennan
diogoserafim,Cinematopedia
diogoserafim,Josue_M
diogoserafim,crisexeflores
diogoserafim,Moussaillon
diogoserafim,misoleu
diogoserafim,knixon_haan
diogoserafim,ehrnique
diogoserafim,NickNewman
diogoserafim,Al_____Neri
diogoserafim,Marcos_Uzal
diogoserafim,mise_en_seer
diogoserafim,youngbarber
diogoserafim,devstarman
diogoserafim,celsiusceli
diogoserafim,itshenriqueg
diogoserafim,novistenada
diogoserafim,Diegoquaglia
diogoserafim,alanisss
diogoserafim,amanda629
diogoserafim,joshuapeinado
diogoserafim,terraneo
diogoserafim,aindanao
diogoserafim,Elie_Bartin
diogoserafim,nicolaspariser
diogoserafim,mateus_barros
diogoserafim,Marthe_
diogoserafim,maximer
diogoserafim,AvalynWu
diogoserafim,fabiovisnadi
diogoserafim,fax0_max
diogoserafim,Pierrott
diogoserafim,JosephGrimault
diogoserafim,FoxHound_
diogoserafim,victorcastro
diogoserafim,gabolvr
diogoserafim,ezequiel2517
diogoserafim,P_G_C
diogoserafim,viktor1
diogoserafim,Gaco
diogoserafim,samwm
diogoserafim,malutourneur
diogoserafim,catarinan
diogoserafim,lucbapt
diogoserafim,A_Karerina
diogoserafim,joaopabdala
diogoserafim,Miguel_Marias
diogoserafim,clairevaudescal
diogoserafim,jackseibert
diogoserafim,jessicadrummond
diogoserafim,Jljunior
diogoserafim,IsabelSandoval
diogoserafim,ikanonakis
diogoserafim,mrs_ripley
diogoserafim,PatrickPrez
diogoserafim,Vadekawa
diogoserafim,Bingham_Bryant
diogoserafim,marcelomiranda
diogoserafim,PhilippeLeao
diogoserafim,SergioAlpendre
diogoserafim,WilliamPlotnick
diogoserafim,Lobo_Lopez
diogoserafim,mmgarnica
diogoserafim,Newsnayr
diogoserafim,lgarcia
diogoserafim,mariapathe
diogoserafim,MaxenceP
diogoserafim,gabirucarvalho
diogoserafim,brokenlullaby
diogoserafim,ticinhachan
diogoserafim,Martinaevaeva
diogoserafim,larissapmaia
diogoserafim,Louiselec
diogoserafim,flpvgg
diogoserafim,BlakeGriggs
diogoserafim,michelcvg
diogoserafim,saccard
diogoserafim,Luoz
diogoserafim,lzmrnd
diogoserafim,coutinho
diogoserafim,lizoliveira
diogoserafim,Gondo
diogoserafim,Jansushi
diogoserafim,gabrielpapaleo
diogoserafim,valeskagsilva
diogoserafim,matheusfiore
diogoserafim,propercio
diogoserafim,JJNC099
diogoserafim,wessex
diogoserafim,nimishsarin
diogoserafim,Ricoalchimim
diogoserafim,crisiscrisis
diogoserafim,leticialemes
diogoserafim,ferrarisabela
diogoserafim,pedrochmbln
diogoserafim,augieinspace
diogoserafim,nath
diogoserafim,tokyomarigolds
diogoserafim,timeistheking
diogoserafim,BrenoCabelo
diogoserafim,Brunovictorino
diogoserafim,Murillo
diogoserafim,ravelmacedo
diogoserafim,faithvoid
diogoserafim,ZasouTorvic
diogoserafim,adit_am
diogoserafim,Nicholascn
diogoserafim,bathyry
diogoserafim,anitacgoncalves
diogoserafim,dudavalente
diogoserafim,beassauro
diogoserafim,alphonse
diogoserafim,longpauses
diogoserafim,mmassias
diogoserafim,PrzewalskiHorse
diogoserafim,Gabriellabuzzi
diogoserafim,hausu
diogoserafim,GrahamCarter
diogoserafim,Rta
diogoserafim,eddie_a
diogoserafim,fuzilfalcao
diogoserafim,VellutoGrigio
diogoserafim,thejoshl
diogoserafim,silvaezequiel
diogoserafim,NeilBahadur
diogoserafim,Luk197
diogoserafim,RaphaCubakowic
diogoserafim,FauxBlondie
diogoserafim,Benrrr
diogoserafim,grc
diogoserafim,vitortorga
diogoserafim,cvall96
diogoserafim,roujin
diogoserafim,BenNash
diogoserafim,dandanmolloy
diogoserafim,Post1000Tension
diogoserafim,qpulm
diogoserafim,melissacampoi
diogoserafim,pacay7
diogoserafim,ba_radetski
diogoserafim,rdrgallo
diogoserafim,tavarespedro
diogoserafim,fzz
diogoserafim,gdcb
diogoserafim,James_
diogoserafim,Artorias
diogoserafim,helioflores
diogoserafim,tainahn
diogoserafim,Willandrades
diogoserafim,Vinicius_Romero
diogoserafim,chacur
diogoserafim,bhlpires
diogoserafim,luizk
diogoserafim,mattmansfield_
diogoserafim,bedioyskin
diogoserafim,lol_v_stein
diogoserafim,potatoX
diogoserafim,hipsterdas11h
diogoserafim,joaopedrofaro
diogoserafim,gustavmenezes
diogoserafim,Lucasmrc2
diogoserafim,gooz
diogoserafim,YCCD
diogoserafim,srpntspth
diogoserafim,lucasmccarthy
diogoserafim,thiagondim
diogoserafim,popsbaron
diogoserafim,danielpilon
diogoserafim,eduardo_savella
diogoserafim,guscruz
diogoserafim,lsaturn
diogoserafim,bautigodoy
diogoserafim,Waltz3
diogoserafim,lucasrpires
diogoserafim,willowybeing
diogoserafim,guimartins
diogoserafim,maximeproulx
diogoserafim,M_Penalosa
diogoserafim,rischka
diogoserafim,nrh
diogoserafim,MarcusMartins
diogoserafim,tuoto
diogoserafim,Evan_Morgan
diogoserafim,janniny
diogoserafim,moraesfelipecst
diogoserafim,Filipe_Furtado
diogoserafim,dalpizzolo
aixa72,cinelacion
aixa72,hellia
aixa72,picolandia
aixa72,aaaaaaaaaaaran
aixa72,ehrenkm
aixa72,KurtZM
aixa72,luisru
aixa72,juanjocerero
aixa72,Rdosdedos
aixa72,revista_lumiere
aixa72,crisexeflores
aixa72,MaboroshiMirage
aixa72,MrBike
aixa72,jjm_24
aixa72,ezequiel2517
aixa72,fmorato
aixa72,paloma55
aixa72,xosemfdez
aixa72,l_meneses
aixa72,Abu222
aixa72,topfilmtuiter
aixa72,Citizen_K
aixa72,bergmantonioni
aixa72,esternchen
aixa72,figmare
aixa72,Colin_Maillard
aixa72,filmin
aixa72,volharys
aixa72,Plainssong
aixa72,lucastello
aixa72,kvornai
aixa72,Maties_TP
aixa72,Francis87
aixa72,Ivan0716
aixa72,Miguel_Marias
aixa72,efebatlle
aixa72,stottiain
aixa72,Warut
aixa72,zahrada
aixa72,shaswataray08
aixa72,pimkoz
aixa72,Evan_Morgan
aixa72,cinefils
aixa72,santibone
aixa72,LoloKopicki
aixa72,Ninotchka
aixa72,Fendor
aixa72,unitedinflames
aixa72,almeron
aixa72,kerstray
aixa72,AuroraNocte
aixa72,ananula
aixa72,takyondeathyon
aixa72,OzuTeapot
aixa72,Seismo
aixa72,al1997
aixa72,Batty
aixa72,garles
aixa72,FlipTrotsky
aixa72,DanielQuinn
aixa72,Isaac98tm
aixa72,MiguelMSH
aixa72,FaildeGuionista
aixa72,LBaena
aixa72,nichedeath
aixa72,jal90
aixa72,migblah
aixa72,MundoRath
aixa72,Koubrish
aixa72,drogaudix
aixa72,Carlos_GMen
aixa72,bralgrc
aixa72,Nsararak
aixa72,pablogafa
aixa72,batangwestside
aixa72,Vadekawa
aixa72,kanafani
aixa72,kaidoh
aixa72,DonEmi
aixa72,fleming22
aixa72,Dragondave
aixa72,Ed_Wood
aixa72,daftsashi
aixa72,firejuice
aixa72,nilleta4ever
aixa72,rocamadour
aixa72,luciarmida
aixa72,Seigor
aixa72,NeilBahadur
aixa72,mimas
aixa72,Faure
aixa72,aindanao
aixa72,hideko
aixa72,jasikedevicius
aixa72,Sergiomc90
aixa72,Rakestraw
aixa72,Kansas
aixa72,RachelMyGod
aixa72,Tensin
aixa72,pgallagher
aixa72,fuguette
aixa72,aschaf
aixa72,kailasha
aixa72,DeanMoriarty89
aixa72,Lobo_Lopez
aixa72,walypala
aixa72,13thAngryMan
aixa72,filipakerman
aixa72,black_sheep
aixa72,Arsaib
aixa72,nikp_
aixa72,botibol
aixa72,kkolbe2
aixa72,BandyGreensacks
aixa72,Pakorosen
aixa72,chemajhg
aixa72,Wu_Yong
aixa72,cinelixir
aixa72,twodeadmagpies
aixa72,nekrotek
aixa72,davidmd
aixa72,erib777
aixa72,TomaPrimera
aixa72,JesusTeatrero
aixa72,rodasons
aixa72,JoN_TeN
aixa72,pauvaliente
aixa72,ahorafelizfeliz
aixa72,Cinemaadhoc
A_de_la_Hoz,Alvaro_souvlaki
A_de_la_Hoz,chinocudeiro
A_de_la_Hoz,Yago_Paris
A_de_la_Hoz,IgnacioPRico
A_de_la_Hoz,Mr_Manuel_V
A_de_la_Hoz,Bracero
A_de_la_Hoz,Magdars
A_de_la_Hoz,pedroywas
A_de_la_Hoz,topfilmtuiter
A_de_la_Hoz,Ivan_Cheyenne
A_de_la_Hoz,Chamizoplissken
A_de_la_Hoz,DiegoSalgado
A_de_la_Hoz,Jimix
A_de_la_Hoz,Miguel_Marias
A_de_la_Hoz,gazpachin
A_de_la_Hoz,AlbertoAbuin
A_de_la_Hoz,CarlosRevi
A_de_la_Hoz,PachePache_
A_de_la_Hoz,JonayArmas
A_de_la_Hoz,zahrada
A_de_la_Hoz,AuroraNocte
A_de_la_Hoz,migblah
A_de_la_Hoz,Andres_Rublev
A_de_la_Hoz,JoN_TeN
A_de_la_Hoz,Fendor
A_de_la_Hoz,germasters
A_de_la_Hoz,LBaena
A_de_la_Hoz,Lobo_Lopez
A_de_la_Hoz,Ninotchka
A_de_la_Hoz,Carlos_GMen
A_de_la_Hoz,RachelMyGod
A_de_la_Hoz,aarribas
A_de_la_Hoz,DanielQuinn
A_de_la_Hoz,firejuice
jjm_24,heelena9
jjm_24,luisru
jjm_24,Markeel
jjm_24,Aletheia000
jjm_24,Victormanuel23
jjm_24,butacadesperada
jjm_24,MarialeBernedo
jjm_24,Arbolio
jjm_24,LeonRR97
jjm_24,ariastoteles
jjm_24,jackcienfuegos
jjm_24,jasikedevicius
jjm_24,Lobo_Lopez
jjm_24,Algaher
jjm_24,Lezcano
jjm_24,C4rvo
jjm_24,cristttobal
jjm_24,rmmrr
jjm_24,manolorogel
jjm_24,EMTV27
jjm_24,nesetel
jjm_24,Filmandera
jjm_24,pabloalazar
jjm_24,Fabriizzio
jjm_24,Cahiersensayos
jjm_24,ecemvatansever
jjm_24,jaimeac
jjm_24,santos3002141
jjm_24,tomasromero
jjm_24,SPIDERBOYSIR
jjm_24,Hitchcosis
jjm_24,Dk_S
jjm_24,aitanarc
jjm_24,Jorgemz
jjm_24,marmotear
jjm_24,AnkitSrivastava
jjm_24,RachelMyGod
jjm_24,GordoMiraPelis
jjm_24,Tobpon
jjm_24,9cartas
jjm_24,diogoserafim
jjm_24,lucasriov
jjm_24,tomi_vicario
jjm_24,fleming22
jjm_24,MarioJuarezM
jjm_24,alonsodvt
jjm_24,imanolrod
jjm_24,literalquien69
jjm_24,olivermayorga
jjm_24,xurdonovski
jjm_24,Toshiro15
jjm_24,eljpax
jjm_24,onicz
jjm_24,marcmartinezc
jjm_24,Mat25
jjm_24,AdrianGRios
jjm_24,carmencarrasco
jjm_24,DoeLecter
jjm_24,cinelacion
jjm_24,rohmersangsoo
jjm_24,nilleta4ever
jjm_24,derosaslagrimas
jjm_24,P_G_C
jjm_24,malatesta19
jjm_24,SamuelLaser
jjm_24,Mies_Croto
jjm_24,diegomoratalla
jjm_24,esnapur
jjm_24,Carlosgtf21
jjm_24,Fahspen
jjm_24,valenchius
jjm_24,Kiko_deJuan
jjm_24,alettheia
jjm_24,bennu
jjm_24,sebas__
jjm_24,HugoRomero
jjm_24,riosminor
jjm_24,Olgamusino
jjm_24,luukaas
jjm_24,leauddevotee
jjm_24,Filipe_Furtado
jjm_24,centauross
jjm_24,FabioVG
jjm_24,jcar95
jjm_24,Cilocibe
jjm_24,gbaquerofilms
jjm_24,A_Karerina
jjm_24,tonikaizen
jjm_24,marcosbalsevich
jjm_24,Joseantoni
jjm_24,ppzo
jjm_24,Doark13
jjm_24,DavidGS90
jjm_24,Alberto87FR
jjm_24,Bracero
jjm_24,bustinduy
jjm_24,Angryangie17
jjm_24,revista_lumiere
jjm_24,chocoamargo
jjm_24,janpv10
jjm_24,mathislogic
jjm_24,Marcos_M_Rom
jjm_24,deliredamour
jjm_24,ezequiel2517
jjm_24,estelagonzalez
jjm_24,Rdosdedos
jjm_24,ale_piq
jjm_24,Kai_CKul
jjm_24,Air_Fryer_
jjm_24,LBaena
jjm_24,Adam_Kadmon
jjm_24,xoandsj
jjm_24,Juanky97
jjm_24,DesEsseintes89
jjm_24,Jarsito
jjm_24,maesepenin
jjm_24,elchampo
jjm_24,Ada0rArdor
jjm_24,BoomLight06
jjm_24,AP_Schoolwork
jjm_24,The_horrorlove
jjm_24,Anba94
jjm_24,Destrapo
jjm_24,retabloo
jjm_24,AminVillalba
jjm_24,LaQuimeraCult
jjm_24,iagxss
jjm_24,MartialCantarel
jjm_24,AndresTM
jjm_24,kerstray
jjm_24,AmaiaZufiaur
jjm_24,m4ilsi
jjm_24,GusGardey
jjm_24,carool_1003
jjm_24,nachou_
jjm_24,gorkalonso1
jjm_24,Sheev
jjm_24,davidpardi97
jjm_24,yosolomequejo
jjm_24,ChicoOstra57
jjm_24,guxiguxi
jjm_24,jiajieyy
jjm_24,aixa72
jjm_24,genzai_2
jjm_24,MarcBallesteros
jjm_24,uwugorka
jjm_24,TaeSuk
jjm_24,BigDabi
jjm_24,AleV1lla
jjm_24,linkinee
jjm_24,thomasblock3
jjm_24,montyhehe
jjm_24,angelogalloso
jjm_24,mariajavato
jjm_24,EloyG8
jjm_24,JuanGL001
jjm_24,migueldomng
jjm_24,mmirones7
jjm_24,anthonymous
jjm_24,jorgepm91
jjm_24,codeine
jjm_24,nataliabzp
jjm_24,guillehormigo
jjm_24,m0liner
jjm_24,akiwiwa
jjm_24,mscorsese
jjm_24,elenacf
jjm_24,Vicioinherente
jjm_24,Javchas
jjm_24,asm5sgr
jjm_24,mariamartinez21
jjm_24,quber
jjm_24,Abu222
jjm_24,_Carlos_
jjm_24,jonasmekass
jjm_24,Borinot
jjm_24,DarkFar
jjm_24,tomhansen
jjm_24,estebanicm
jjm_24,manu1708
jjm_24,__Isi__
jjm_24,SrEspectro
jjm_24,bergmantonioni
jjm_24,JimLovell
jjm_24,S_Jon_
jjm_24,jaimelorite
jjm_24,emiliobedecu
jjm_24,EzNaiz_
jjm_24,MarioIglesias
jjm_24,cartonet
jjm_24,synthemesco
jjm_24,Carlos_
jjm_24,alvmb
jjm_24,FrancoRizzo
jjm_24,Erszis
jjm_24,igortxu
jjm_24,slayerkinney
jjm_24,paloma55
jjm_24,NateFisher
jjm_24,xosemfdez
jjm_24,will_llermo
jjm_24,PezEspada
jjm_24,JonSanSK8
jjm_24,kaarlenberg
jjm_24,Glorfindel7567
jjm_24,migblah
jjm_24,JackD95
jjm_24,aitortkm
jjm_24,Colin_Maillard
jjm_24,absenceofcolors
jjm_24,Isaac98tm
jjm_24,chusverduras
jjm_24,hobbitillo
jjm_24,fshtravis
jjm_24,Brunovictorino
jjm_24,ikanonakis
jjm_24,topfilmtuiter
jjm_24,Ivan_Suarez
jjm_24,crisexeflores
jjm_24,Ninotchka
jjm_24,luisdecoss
jjm_24,jal90
jjm_24,MabuseCaligari
jjm_24,straubbhuillet
jjm_24,Innocent
jjm_24,mmgarnica
jjm_24,UrbanoJ
jjm_24,Dani1Medina
jjm_24,RogerCres96Bar
jjm_24,Pauixitador
jjm_24,Saba1e7e
jjm_24,Not_JesusCortes
jjm_24,julianglezg
jjm_24,clarasuno
jjm_24,DanielQuinn
jjm_24,JuanXD
jjm_24,Jadzcor
jjm_24,alvarocc97
jjm_24,albertsyco_
jjm_24,Vareludo
jjm_24,ExplodingBoy
jjm_24,IvanMiguez
jjm_24,MiguelMSH
jjm_24,al1997
jjm_24,carlatka
jjm_24,nnevvurr
jjm_24,ffbnchtt
jjm_24,pele_alvaro
jjm_24,harvsi
jjm_24,juanchomntr
jjm_24,Batty
jjm_24,uryenbg
jjm_24,post_duchowy
jjm_24,Ruben0
jjm_24,mpinkfloyd
jjm_24,Miguel_Marias
jjm_24,Silverrr
jjm_24,utges
jjm_24,antares_not
jjm_24,Almudaina
jjm_24,Namreg77
jjm_24,AuroraNocte
jjm_24,AlbertoMilano
jjm_24,rafaqc97
jjm_24,Mann_Ohne_Namen
jjm_24,Daniblacksmoke
jjm_24,Thomkeaton
jjm_24,DanielEscaners
jjm_24,Travis76
jjm_24,Faure
jjm_24,msgatsby
eljpax,soymele
eljpax,Lobo_Lopez
eljpax,cuerpoxceleste
eljpax,LILSHUTUP
eljpax,ehrnique
eljpax,SantiScorsese
eljpax,RK1968
eljpax,emir_ea
eljpax,Frodo98
eljpax,CFT1977
eljpax,samwm
eljpax,mise_en_seer
eljpax,OscarMayer
eljpax,Fesper15
eljpax,topfilmtuiter
eljpax,Colin_Maillard
eljpax,jjm_24
eljpax,Miguel_Marias
eljpax,FrancoRizzo
eljpax,franlanda04
eljpax,Lautarardo
eljpax,wanathekid
eljpax,frantfran
eljpax,SrUlloa
eljpax,matute3
eljpax,Tobpon
eljpax,nicodeayer
eljpax,gorkalonso1
eljpax,ValenLattanzio
eljpax,Santieejuarez
eljpax,RodrighoZz
eljpax,piluiswatching
eljpax,agustincolina
eljpax,camooaaa
eljpax,felip6969
eljpax,Rodrii___
eljpax,palopaz
eljpax,MAdrianPL
eljpax,finuli34
eljpax,Riba0
eljpax,marianomorita
eljpax,Joel_cba
eljpax,cristttobal
eljpax,AvalynWu
eljpax,francosiri
eljpax,kalil64
eljpax,arielish
eljpax,jjulialves
eljpax,mornellita
eljpax,ModernCahiers
eljpax,GustavoDavid
eljpax,paloma55
eljpax,GGaribaldi_
eljpax,CinemaParadigma
eljpax,alfajortriple
eljpax,Paulvon
eljpax,devilwearsvans
eljpax,A_Karerina
eljpax,FelipeBautista
eljpax,mirkof9
eljpax,nicogomezic
eljpax,santie11
eljpax,sofmcarden
eljpax,agus04
eljpax,davidd_g18
eljpax,facuufx
eljpax,richardweich
eljpax,diego_heredia_7
eljpax,AntoLosso
eljpax,Ramiro912
eljpax,mmgarnica
eljpax,AdrianVieitez
eljpax,Cupola
eljpax,DlONISIO
eljpax,Jere__
eljpax,a7etere
eljpax,comegatocanalla
eljpax,Marcos_M_Rom
eljpax,Lezcano
eljpax,darekk
eljpax,Kevinkjz
eljpax,guillehormigo
eljpax,PabloMarfa
eljpax,timeistheking
eljpax,will_llermo
eljpax,migblah
eljpax,sebas__
eljpax,diogoserafim
eljpax,Ditolungo
eljpax,alvySinger_
eljpax,burs
eljpax,agustinaval
eljpax,marquititos
eljpax,kaztiel666
eljpax,JosephineGloria
eljpax,Faure
eljpax,loveatdusk
eljpax,ppdroo
eljpax,Benicioala
eljpax,ffeder1co
eljpax,GordoMiraPelis
eljpax,Filipe_Furtado
eljpax,alonsodvt
eljpax,kosakt
eljpax,Licha01
eljpax,TheLedesma
eljpax,Thiago85
eljpax,lautgc
eljpax,imanolrod
eljpax,JorgeV96
eljpax,burbufilms
eljpax,LetterJuli
eljpax,pabloalazar
eljpax,hernanrp
eljpax,claudioyunge
eljpax,comrade_yui
eljpax,crisexeflores
eljpax,Jmabranda
eljpax,dioscorsese
eljpax,chicatolkien
eljpax,Tomasdvo
eljpax,negroklix
eljpax,facuuvarela
eljpax,Walmart372
eljpax,andrejade
eljpax,santiago_gomez
eljpax,eldeibik
eljpax,FacundoGalvan
eljpax,drmullholland
eljpax,paocastle
eljpax,joacocordero
eljpax,Agustinn__
eljpax,ronbrrzzz
eljpax,NotAgus_
eljpax,doppelzimp
eljpax,Midy
eljpax,GonzaloAvaria
eljpax,Ari97
eljpax,billetedecien
eljpax,Lucasmanuel9894
eljpax,ramiro29421
eljpax,axeltenaglia
eljpax,colistoteles
eljpax,kannarina
eljpax,obiwanjaz
eljpax,kevhndz
eljpax,julianleto
eljpax,sapillopillo
eljpax,beluregueraln
eljpax,aguscardello
eljpax,facundojp
eljpax,jpmclovin
eljpax,Augustozzz
eljpax,Antoxq
eljpax,Rickytorrado
eljpax,jndmrc
eljpax,Lrnzoo
eljpax,ElBaumo
eljpax,simonb11
eljpax,miligarciaa
eljpax,mianvqs
eljpax,pikntee
eljpax,Jo_Brennan
eljpax,fausto14
eljpax,Critic17_
eljpax,SilentDawn
eljpax,dezana
eljpax,nachosiciliano
eljpax,lukigsw
eljpax,Meetmecinema
eljpax,ezratrek
eljpax,m44rcy
eljpax,mcrisgonzalez
eljpax,Beatrizmd
eljpax,dee3fnee
eljpax,aryacollins
eljpax,kostbaar
eljpax,Miguelprime1
eljpax,luckyXluciano
eljpax,panasi
eljpax,dani_elly
eljpax,trinimontory
eljpax,Marixa_
eljpax,rosellmi
eljpax,hilagolann
eljpax,ribb0nsbabe
eljpax,taeiira
eljpax,Crystalkyky
eljpax,anijupiter
eljpax,deathekid011
eljpax,Brendansuper
eljpax,ruyrdr
eljpax,PODuff
eljpax,ayb1ke
eljpax,BAG1996
eljpax,avery0
eljpax,moonwith_a
eljpax,jcbusquet
eljpax,daviicrvlh
eljpax,bearriver99
eljpax,maryyyiu
eljpax,ontaniuos
eljpax,joshuagruft
eljpax,dojatanya
eljpax,amyscinema
eljpax,tonella
eljpax,NIKHIL_DAS
eljpax,atanap
eljpax,sarabeggin
eljpax,eiti_leda
eljpax,martuorque
eljpax,juanchogrellet
eljpax,19justagirll
eljpax,rexlk
eljpax,miguelgiltt
eljpax,drowninglove
eljpax,ManuelMamud
eljpax,sbluehour
eljpax,Mirkolicos
eljpax,Cinedelabestia
eljpax,juliofc25
eljpax,criticoycitrico
eljpax,3BBB
fleming22,jjm_24
fleming22,filmin
fleming22,kylemaclachlan_
fleming22,figmare
fleming22,Abu222
fleming22,topfilmtuiter
fleming22,Frikicines
fleming22,Yuna85
fleming22,FaildeGuionista
fleming22,AuroraNocte
fleming22,jal90
fleming22,MundoRath
fleming22,al1997
fleming22,Ninotchka
fleming22,noakrakatoa
fleming22,kaidoh
fleming22,IsolarH
fleming22,DanielEscaners
fleming22,Pelayo_Casanova
fleming22,Monchita
fleming22,Seigor
fleming22,Corboiser
fleming22,Caith_Sith
fleming22,FiliusdeFructus
fleming22,Cinemaadhoc
fleming22,Vicioinherente
fleming22,will_llermo
fleming22,JoN_TeN
fleming22,snaker555
fleming22,stephenlarsson
fleming22,NateFisher
fleming22,nilleta4ever
fleming22,aixa72
fleming22,Chozismo
fleming22,borjad91
fleming22,gatoskuro
fleming22,Isart
fleming22,Mann_Ohne_Namen
fleming22,firejuice
fleming22,RachelMyGod
fleming22,Madloco
fleming22,msolde
fleming22,adrianet93
fleming22,Ed_Wood
fleming22,DonEmi
fleming22,Faure
fleming22,Dragondave
HugoRomero,RK1968
HugoRomero,DepresedBergman
HugoRomero,blazyben
HugoRomero,newshores
HugoRomero,jjm_24
HugoRomero,AmaiaZufiaur
HugoRomero,paloma55
HugoRomero,hobbitillo
HugoRomero,AndresTM
HugoRomero,irca
HugoRomero,Batty
HugoRomero,VicenteMonroy
HugoRomero,harinef
HugoRomero,girlactress
HugoRomero,chronopictures
HugoRomero,itscharlibb
HugoRomero,AdrianVieitez
HugoRomero,Ninotchka
HugoRomero,topfilmtuiter
HugoRomero,DanielQuinn
HugoRomero,Lavigne1967
HugoRomero,misterminsoo
HugoRomero,citog
HugoRomero,gdw
HugoRomero,washington
HugoRomero,Richmond_Hill
HugoRomero,theriverjordan
HugoRomero,zoeblacklock
HugoRomero,ZoeRoseBryant
HugoRomero,TFF
HugoRomero,mscorsese
HugoRomero,DarrenCB
HugoRomero,filmsnoiraddict
HugoRomero,A_Karerina
HugoRomero,tarobabie
HugoRomero,wangtsuhsien
HugoRomero,jakeperalta
HugoRomero,mw83
HugoRomero,mikeluri
HugoRomero,filmin
HugoRomero,ChunkyDancer
HugoRomero,GFF
HugoRomero,DavidBlakeslee
HugoRomero,KiyoshiKurosawa
HugoRomero,DanaEcht
HugoRomero,JulianTowers
HugoRomero,bustinduy
HugoRomero,VocaloidMmiVice
HugoRomero,NickNewman
HugoRomero,Mitchell
HugoRomero,LaCinetek
HugoRomero,Lobo_Lopez
HugoRomero,Cinematofilo
HugoRomero,FilmFanStevie
HugoRomero,gbp_
HugoRomero,danielgreen
HugoRomero,sadmezcalita
HugoRomero,JenniOlsonSF
HugoRomero,IsabelSandoval
HugoRomero,screenslate
HugoRomero,scottbarleyfilm
HugoRomero,benotti
HugoRomero,MUBI
HugoRomero,Alonso25
HugoRomero,tuoto
HugoRomero,FalkonFace
HugoRomero,witchgaze
HugoRomero,Malvad
HugoRomero,liveandrew
HugoRomero,Borninflames
HugoRomero,jack
HugoRomero,ikanonakis
HugoRomero,jsfilmnyc
HugoRomero,katejeffrie
HugoRomero,straubbhuillet
HugoRomero,ianamurray
HugoRomero,glennkenny
HugoRomero,cmnewland
HugoRomero,bealoayza
HugoRomero,PamHutch
HugoRomero,JanusFilms
HugoRomero,Criterion
HugoRomero,cvall96
HugoRomero,Maties_TP
HugoRomero,Miguel_Marias
HugoRomero,Estrella5zul
HugoRomero,DiegoBatlle
HugoRomero,morningsnack_
HugoRomero,balnearios
HugoRomero,DukeMitchell
HugoRomero,veocine
HugoRomero,FilmLondon
HugoRomero,tiff_net
HugoRomero,BFI
HugoRomero,DeividDiGiel
HugoRomero,oscarisaacs
HugoRomero,IScreamIt
HugoRomero,cinefille
HugoRomero,JordanBrooks
HugoRomero,goliathreturns
HugoRomero,acabada
HugoRomero,noelceballos
HugoRomero,lysduval
HugoRomero,noakrakatoa
HugoRomero,OEG
HugoRomero,loureviews
HugoRomero,cautivodelmal
HugoRomero,fr_qr
HugoRomero,NeoBhatia
HugoRomero,darkpassage
HugoRomero,kristenyoonsoo
HugoRomero,coolmintpuffbar
HugoRomero,Lears
HugoRomero,mcastimovies
HugoRomero,melvillmatic
HugoRomero,lovetoad
HugoRomero,katiewalshstx
HugoRomero,ericallenhatch
HugoRomero,csaquinlan
HugoRomero,lobipes
HugoRomero,Nut_Hoskins
HugoRomero,_keeschalmers
HugoRomero,allicinema
HugoRomero,man_out_of_time
HugoRomero,IFFR
HugoRomero,alvySinger_
HugoRomero,FilmLinc
HugoRomero,jasondashbailey
HugoRomero,jdcronk
HugoRomero,V9733XA
HugoRomero,sergir
HugoRomero,micagiaconi
HugoRomero,jakepcole
HugoRomero,copticlight
HugoRomero,Sadology
HugoRomero,brat
HugoRomero,oscarkit316
HugoRomero,jrosenbaum2002
HugoRomero,feminaridens24
HugoRomero,MarieBardi
HugoRomero,IndieWire
HugoRomero,FilmLandEmpire
HugoRomero,suegruder
HugoRomero,LWLies
HugoRomero,ellakemp
HugoRomero,davidlsims
HugoRomero,BrianFormo
HugoRomero,Filipe_Furtado
HugoRomero,Vinnin
HugoRomero,KINODASEIN
HugoRomero,keithuhlich
HugoRomero,Malir
HugoRomero,antodelcore
HugoRomero,mallory_andrews
HugoRomero,ComandanteOso
HugoRomero,davidehrlich
HugoRomero,bradychilds
HugoRomero,lilfilm
HugoRomero,Caled0nia
HugoRomero,hershwin
HugoRomero,DaltonL
HugoRomero,RealRavenhurst
Jarsito,piledrivrrwaltz
Jarsito,DiegoH2000
Jarsito,RachelSynapses
Jarsito,littlemoshy
Jarsito,AzurehDreams
Jarsito,jaimelorite
Jarsito,Ruben0
Jarsito,gxnisson
Jarsito,luxlordan
Jarsito,jaimeac
Jarsito,Gemadc
Jarsito,caimancdc
Jarsito,Vareludo
Jarsito,AminVillalba
Jarsito,paulschradernot
Jarsito,tania19
Jarsito,wintercame
Jarsito,ann_trashh
Jarsito,Casiopea39
Jarsito,meodyle
Jarsito,Ged__
Jarsito,igortxu
Jarsito,darkatbo
Jarsito,luuciiaavg_
Jarsito,guillehormigo
Jarsito,synthemesco
Jarsito,qrandbudapest
Jarsito,irenarca
Jarsito,straubbhuillet
Jarsito,revista_lumiere
Jarsito,eternalmoon
Jarsito,albabopp
Jarsito,violettearhart
Jarsito,gorkalonso1
Jarsito,alettheia
Jarsito,irene_domingz
Jarsito,Borinot
Jarsito,saudaddy_
Jarsito,otherfinalgirl
Jarsito,Anxosoi
Jarsito,Rodri_Go
Jarsito,nachoalvarezgl
Jarsito,praseodymium
Jarsito,genzai_2
Jarsito,KatoG
Jarsito,DarckRevan
Jarsito,Inescraya
Jarsito,Marcos_M_Rom
Jarsito,Sirah_Wiedemann
Jarsito,estelagonzalez
Jarsito,Carlaam
Jarsito,ezequiel2517
Jarsito,Angryangie17
Jarsito,hobbitillo
Jarsito,JuanGL001
Jarsito,ainavaina
Jarsito,ermanakgul
Jarsito,stardvvst
Jarsito,jotaderos
Jarsito,sapalazz
Jarsito,carrmenbs
Jarsito,itsmerocio
Jarsito,clara_oscura
Jarsito,annxvillar
Jarsito,pollazoenlanuca
Jarsito,dicklaurenttt
Jarsito,Cristrike
Jarsito,figmare
Jarsito,inescalero
Jarsito,retabloo
Jarsito,aitanarc
Jarsito,killune
Jarsito,andreaemedeme
Jarsito,clabanq
Jarsito,Lor_alesar
Jarsito,jiajieyy
Jarsito,Clara1378
Jarsito,Helenabg
Jarsito,manueliss
Jarsito,spellerberg
Jarsito,IreneIMD
Jarsito,c1b3rc3lia
Jarsito,mscorsese
Jarsito,DiegoBatlle
Jarsito,Padimo02
Jarsito,carlatka
Jarsito,Jadzcor
Jarsito,Simonsds
Jarsito,Abu222
Jarsito,quber
Jarsito,celiakiedis
Jarsito,ricoque
Jarsito,CantStopTheBot
Jarsito,drowning_eyes
Jarsito,DanielQuinn
Jarsito,Spoorloos
Jarsito,josanjosan
Jarsito,alvySinger_
Jarsito,bergmantonioni
Jarsito,RachelMyGod
Jarsito,Colin_Maillard
Jarsito,anaorgana
Jarsito,marioquema
Jarsito,kaarlenberg
Jarsito,paloma55
Jarsito,topfilmtuiter
Jarsito,RogerCres96Bar
Jarsito,sandracv
Jarsito,luisaceitunop
Jarsito,spacealioddity
Jarsito,AlbertGC
Jarsito,jal90
Jarsito,totevaga
Jarsito,gothampay
Jarsito,jordigrifol
Jarsito,javvvvvvvvi
Jarsito,MensajeraMojave
Jarsito,Jorgenious
Jarsito,Films2Festivals
Jarsito,Nerviosdeacero
Jarsito,bobarossa
Jarsito,Nebre
Jarsito,alvarogrz_
Jarsito,JulioOs
Jarsito,GerardAparicio
Jarsito,redjor
Jarsito,erredeme
Jarsito,beetleboy11
Jarsito,robiomos
Jarsito,europaro
Jarsito,photoaddict
Jarsito,alfcasado
Jarsito,Javchas
Jarsito,baixauli83
Jarsito,martamrm
Jarsito,xemendy
Jarsito,MarioIglesias
Jarsito,elchampo
Jarsito,Puchinha
Jarsito,oljead
Jarsito,Asiergaua
Jarsito,Vicioinherente
Jarsito,AndBrightside
Jarsito,zorrademar
Jarsito,utges
Jarsito,_rakkk
Jarsito,cubanitabar
Jarsito,jjm_24
Jarsito,Faure
Jarsito,nataliabzp
Jarsito,pele_alvaro
Jarsito,javivalera
Jarsito,fshtravis
Jarsito,Maties_TP
Jarsito,will_llermo
Jarsito,jaimeestrela1
Jarsito,Ferrandis
Jarsito,carmencarrasco
Jarsito,Irati
Jarsito,gloriasla
Jarsito,polispol
Jarsito,NinesLza
Jarsito,CanijaChan
Jarsito,srtabelivet
Jarsito,Kirkis
Jarsito,BoostGuardian
Jarsito,carlotamosegui
Jarsito,teijekun
Jarsito,Colmener
Jarsito,Lux_Lisbon
Jarsito,croket
Jarsito,miguelyllo
Jarsito,Adam_Kadmon
Jarsito,JuansZ
Jarsito,Algomocu
Jarsito,JohnSoga
Jarsito,Batty
Jarsito,gaarci
Colmener,radanna
Colmener,irenarca
Colmener,ghostxd1
Colmener,sophialillisvs
Colmener,deliredamour
Colmener,Perswazja
Colmener,AleN99
Colmener,morikrygel
Colmener,francisfcoppola
Colmener,Malala
Colmener,Ged__
Colmener,jmrebollo
Colmener,paloma55
Colmener,delirederev
Colmener,mscorsese
Colmener,allicinema
Colmener,MayaRe
Colmener,utges
Colmener,edfilmfest
Colmener,nichedeath
Colmener,guiselita
Colmener,Abu222
Colmener,Magmax
Colmener,pilartaratoruga
Colmener,ezequiel2517
Colmener,Paula_Arantzazu
Colmener,uryenbg
Colmener,Bracero
Colmener,timemagazine
Colmener,Polarisim
Colmener,nahuutwm
Colmener,PUNQ
Colmener,axeman
Colmener,DanielQuinn
Colmener,pfunkboy
Colmener,ivymacevedo
Colmener,isabelfr_
Colmener,falgarin
Colmener,ikanonakis
Colmener,jal90
Colmener,bustinduy
Colmener,topfilmtuiter
Colmener,__Isi__
Colmener,Blanchot
Colmener,Tabigeraldo
Colmener,A_Karerina
Colmener,Javchas
Colmener,Cinematofilo
Colmener,filmin
Colmener,Seventh_Persona
Colmener,underrtheskinn
Colmener,Kikuchiyo7
Colmener,diabolicaldrz
Colmener,poetereau
Colmener,Filipe_Furtado
Colmener,luisaceitunop
Colmener,wokeahontas
Colmener,dirkbogarde
Colmener,aboutmonsters
Colmener,Ruben0
Colmener,Martinaevaeva
Colmener,MundoRath
Colmener,mpinkfloyd
Colmener,alonsodvt
Colmener,PezEspada
Colmener,Ninotchka
Colmener,platanodesombra
Colmener,synthemesco
Colmener,Ivan_Suarez
Colmener,davetcourt
Colmener,oscarkit316
Colmener,BoostGuardian
Colmener,iamcoffeeboy0
Colmener,mrsspoilers
Colmener,karstico
Colmener,OscarBDC
Colmener,Nekomesh
Colmener,toMb1
Colmener,Tutusaur
Colmener,automat
Colmener,DonJuanF
Colmener,Ensorcelor
Colmener,Koenig
Colmener,Andres_Rublev
Colmener,sorayagf
Colmener,Irati
Colmener,Yago_Paris
Colmener,quber
Colmener,xcascantex
Colmener,pike_97
Colmener,fshtravis
Colmener,itsmerocio
Colmener,JDoe
Colmener,JonSanSK8
Colmener,Maties_TP
Colmener,KINODASEIN
Colmener,ms_stardust
Colmener,ajpapas
Colmener,isaacbarragan
Colmener,Yuna85
Colmener,pele_alvaro
Colmener,AuroraNocte
Colmener,Lobo_Lopez
Colmener,lilfilm
Colmener,OzuTeapot
Colmener,mulholllandrive
Colmener,filmaticbby
Colmener,croket
Colmener,srtabelivet
Colmener,TheRealMattC
Colmener,Mas0204
Colmener,migblah
Colmener,selimrecai
Colmener,Anna099
Colmener,angelsegg
Colmener,Daniblacksmoke
Colmener,asilversnake
Colmener,gazzyg
Colmener,evolution_rex
Colmener,rupamateur
Colmener,Keith_Dwyer
Colmener,Faure
Colmener,lekenfest
Colmener,BT_H
Colmener,carlotamosegui
Colmener,firejuice
Colmener,Cinemaadhoc
Colmener,Vicioinherente
Colmener,Juanco
Colmener,gatoskuro
Colmener,DanielEscaners
Colmener,cineenserio
Colmener,Kirkis
Colmener,Saba1e7e
Colmener,AporelOscar
Colmener,RachelMyGod
Colmener,Kubrickiano
Colmener,devuelta
Colmener,Adam_Kadmon
Colmener,pablogafa
Colmener,euroboy
Colmener,gaarci
Colmener,Jarsito
Colmener,yojrb
Colmener,Lux_Lisbon
Colmener,chemajhg
Colmener,Algomocu
Colmener,ElMarcos
Colmener,Batty
utges,diogoserafim
utges,SamuelLaser
utges,SergioCamello
utges,Marcos_M_Rom
utges,Isart
utges,FvLluis
utges,Adam_Kadmon
utges,sandracv
utges,Doark13
utges,TaeSuk
utges,Sirah_Wiedemann
utges,gorkalonso1
utges,genzai_2
utges,fish_inn
utges,tonikaizen
utges,Joseantoni
utges,_Carlos_
utges,bennu
utges,arturocg93
utges,Diegoceprez
utges,falgarin
utges,matteoB
utges,guillehormigo
utges,HobbsEnd
utges,dessplanetada
utges,MarcBallesteros
utges,mrminio
utges,cartonet
utges,FilmotecaCat
utges,quber
utges,Saba1e7e
utges,retabloo
utges,Thomkeaton
utges,__Isi__
utges,EloyG8
utges,Not_JesusCortes
utges,FrancoRizzo
utges,Juniper_girl
utges,AdrianVieitez
utges,itsmerocio
utges,Ninotchka
utges,maciaflorit
utges,mscorsese
utges,violetaraykuaza
utges,adrianlousan
utges,AndresTM
utges,elenacf
utges,Ivan_Suarez
utges,igortxu
utges,FaildeGuionista
utges,Abu222
utges,Michelozzo
utges,bustinduy
utges,Glorfindel7567
utges,MarioIglesias
utges,Jarsito
utges,ezequiel2517
utges,jonasmekass
utges,UrbanoJ
utges,nesetel
utges,alvmb
utges,synthemesco
utges,rafaqc97
utges,DanielEscaners
utges,marioquema
utges,Didacus
utges,nichedeath
utges,MabuseCaligari
utges,ExplodingBoy
utges,Colin_Maillard
utges,paloma55
utges,straubbhuillet
utges,nonstated
utges,Vareludo
utges,mmgarnica
utges,ikanonakis
utges,hobbitillo
utges,S_Jon_
utges,1999_sohu
utges,Filipe_Furtado
utges,LMRN
utges,jal90
utges,chillgisela
utges,aitortkm
utges,topfilmtuiter
utges,Puchinha
utges,xosemfdez
utges,Pauixitador
utges,Batty
utges,FengYuxiang
utges,Javchas
utges,A_Karerina
utges,pele_alvaro
utges,Mann_Ohne_Namen
utges,uryenbg
utges,Miguel_Marias
utges,trebumia
utges,pablofdezperez
utges,Ruben0
utges,jjm_24
utges,AlbertoMilano
utges,will_llermo
utges,RogerCres96Bar
utges,evillights
utges,NeilBahadur
utges,Vicioinherente
utges,Lobo_Lopez
utges,DanielQuinn
utges,Isaac98tm
utges,al1997
utges,timeistheking
utges,Faure
utges,migblah
utges,RachelMyGod
Jorgemz,jan_lvka
Jorgemz,genzai_2
Jorgemz,comrade_yui
Jorgemz,The_horrorlove
Jorgemz,xoandsj
Jorgemz,Brivnxx
Jorgemz,aliciabravo_
Jorgemz,kylemaclachlan_
Jorgemz,Corazon_delator
Jorgemz,jotaderos
Jorgemz,saraj48
Jorgemz,Robertogc
Jorgemz,temsqui
Jorgemz,jacquesrivette_
Jorgemz,mrtasz
Jorgemz,zdravidz
Jorgemz,HunterCooper
Jorgemz,Pratssss
Jorgemz,cynthiadollx
Jorgemz,living_reminder
Jorgemz,inesde14
Jorgemz,James_Mikul
Jorgemz,utkubky
Jorgemz,hectorrc02
Jorgemz,mzfilm
Jorgemz,amordehaneke
Jorgemz,soyjonaguirre
Jorgemz,MapaCineLyC
Jorgemz,kbrinkmann
Jorgemz,malamuerte
Jorgemz,mariavalz_
Jorgemz,aloe_veeraa
Jorgemz,wolfierania
Jorgemz,rodrigux_
Jorgemz,otherfinalgirl
Jorgemz,katya_zamo
Jorgemz,Ruben0
Jorgemz,cristinafsanz
Jorgemz,linderuben
Jorgemz,walypala
Jorgemz,carlottasanz
Jorgemz,antoniocmpss
Jorgemz,zzzrico
Jorgemz,kndel_01
Jorgemz,jesusnomequiere
Jorgemz,Javchas
Jorgemz,fshtravis
Jorgemz,1999_sohu
Jorgemz,justabriefsmile
Jorgemz,marga_mm
Jorgemz,manimi
Jorgemz,eternalmoon
Jorgemz,coquesuncle
Jorgemz,BlueSue
Jorgemz,itscharlibb
Jorgemz,girlactress
Jorgemz,nachoalvarezgl
Jorgemz,quiquiriquique
Jorgemz,gorkalonso1
Jorgemz,estelagonzalez
Jorgemz,jawclick
Jorgemz,schlockvalue
Jorgemz,Nevermore1985
Jorgemz,Miguel_Marias
Jorgemz,AdrianVieitez
Jorgemz,ALEXSINMAS
Jorgemz,bethanyinfilm
Jorgemz,filmil_
Jorgemz,guillehormigo
Jorgemz,mikesmic
Jorgemz,migblah
Jorgemz,Ged__
Jorgemz,Simonsds
Jorgemz,flowerlov3r
Jorgemz,jmrebollo
Jorgemz,quijote_azul
Jorgemz,patoshyk
Jorgemz,xando1984
Jorgemz,Pablofaldao
Jorgemz,ameliapinillos
Jorgemz,anahaiku
Jorgemz,marioquema
Jorgemz,Ninotchka
Jorgemz,jjm_24
Jorgemz,DanielQuinn
Jorgemz,hobbitillo
Jorgemz,AndresTM
Jorgemz,Batty
Jorgemz,will_llermo
Jorgemz,maariaslg
Jorgemz,mscorsese
Jorgemz,bournefrompain
Jorgemz,paloma55
Jorgemz,straubbhuillet
Jorgemz,irca
Jorgemz,topfilmtuiter
Jorgemz,Faure
Jorgemz,longimanushark
Jorgemz,chandalf
Jorgemz,prrobarroquista
Jorgemz,manuelfrvd
Jorgemz,ReptilianRajoy
Jorgemz,Nicodn
Jorgemz,alexandrabtz
Jorgemz,jmfrances
Jorgemz,akerwoman
Jorgemz,HAYDENWELCH
Jorgemz,alvySinger_
Jorgemz,borjanandez
Jorgemz,mmgarnica
Jorgemz,NeilBahadur
Jorgemz,Padimo02
Jorgemz,alvargonzalez
Jorgemz,menmarrero
Jorgemz,deathproof
Jorgemz,juano2000
Jorgemz,kaarlenberg
Jorgemz,montsearagon
Jorgemz,EliHayes
Jorgemz,HiMyNameIsChris
Jorgemz,spheres
Jorgemz,xavipargon
Jorgemz,audrameda
Jorgemz,NicolasMG
Jorgemz,beetleboy11
Jorgemz,retabloo
Jorgemz,lilg_
Jorgemz,dani_leroux
Jorgemz,elipuxineli23
Jorgemz,ccaelesti
Jorgemz,miguelanjos
Jorgemz,mirandalacasa
Jorgemz,fkeplastictrees
Jorgemz,huer
Jorgemz,by_chispass
Jorgemz,lilfilm
Jorgemz,__Isi__
Jorgemz,AlfredoGM
Jorgemz,jorgeloser
Jorgemz,nitrospredator
Jorgemz,Aurxsm
Jorgemz,Colin_Maillard
Jorgemz,abhilash__
Jorgemz,Stayinbedclub
Jorgemz,AarnavOjha
Jorgemz,vrossique
Jorgemz,siguesiguepop
Jorgemz,davidehrlich
Jorgemz,bradenmcd
Jorgemz,jsancheznavarro
Jorgemz,Kiko
Jorgemz,bdhutch
Jorgemz,JoshuaCurtis
Jorgemz,TheOscarExpert
Jorgemz,MrPeanutButtter
Jorgemz,radmehr6rz
Jorgemz,316
Jorgemz,yshxkh
Jorgemz,strohmie13
Jorgemz,film_freakk
Jorgemz,Genatossio30001
Jorgemz,joexxandrews
Jorgemz,pedrojj
Jorgemz,Luisaberzo
Jorgemz,Cyeg12c
Jorgemz,FandomWire
Jorgemz,Realisator3000
Jorgemz,a_griffiths
Jorgemz,Brendonyu668
Jorgemz,carlaromano
Jorgemz,Alchemy97
Jorgemz,veocine
Jorgemz,MicaVieyra
Jorgemz,Jupiter2814
Jorgemz,asala
Jorgemz,SilentDawn
Jorgemz,trikitroko
Jorgemz,LaythTbaileh
Jorgemz,eamcinema
Jorgemz,sarahhawkinson
Jorgemz,Jitender
Jorgemz,LeoReviews
Jorgemz,thediegoandaluz
Jorgemz,aledraper
Jorgemz,soyunapringada_
Jorgemz,justmiaslife
Jorgemz,allicinema
Jorgemz,Ershadi
Jorgemz,marioeli
Jorgemz,mattvanta
Jorgemz,JaviM007
Jorgemz,g_emi
Jorgemz,ComandanteOso
Jorgemz,Luca2020
Jorgemz,CharlesYang
Jorgemz,Ferozzz
Jorgemz,andreaamedrano_
Jorgemz,animaldoctor
Jorgemz,saaracarrasco
Jorgemz,teoplanell
Jorgemz,rupertcadel
Jorgemz,BingerRacer
Marcos_M_Rom,vics75
Marcos_M_Rom,heelena9
Marcos_M_Rom,AndresTM
Marcos_M_Rom,estelagonzalez
Marcos_M_Rom,diogoserafim
Marcos_M_Rom,FernandezAM
Marcos_M_Rom,LILSHUTUP
Marcos_M_Rom,pilarrodenas
Marcos_M_Rom,mmgarnica
Marcos_M_Rom,perse77
Marcos_M_Rom,milalune
Marcos_M_Rom,Mixander
Marcos_M_Rom,Lrnzoo
Marcos_M_Rom,emir_ea
Marcos_M_Rom,Thiago9111
Marcos_M_Rom,viniciusbrandao
Marcos_M_Rom,DanielQuinn
Marcos_M_Rom,fgonzalezse
Marcos_M_Rom,AdrianVieitez
Marcos_M_Rom,Miguelitross
Marcos_M_Rom,chuuyant
Marcos_M_Rom,utges
Marcos_M_Rom,witchl3n_
Marcos_M_Rom,v4mp_mafer
Marcos_M_Rom,shamona
Marcos_M_Rom,RK1968
Marcos_M_Rom,mulhollandykeee
Marcos_M_Rom,genovevabeatriz
Marcos_M_Rom,keen_cabz
Marcos_M_Rom,ttomasjz
Marcos_M_Rom,charlitin
Marcos_M_Rom,diegucci_
Marcos_M_Rom,TaeSuk
Marcos_M_Rom,MarioIglesias
Marcos_M_Rom,zoet06
Marcos_M_Rom,david_lezher
Marcos_M_Rom,Alephbeth
Marcos_M_Rom,NestorDlaVi
Marcos_M_Rom,nanaohnana
Marcos_M_Rom,igorbtk
Marcos_M_Rom,EloyG8
Marcos_M_Rom,Lobo_Lopez
Marcos_M_Rom,maesepenin
Marcos_M_Rom,alemartin
Marcos_M_Rom,quber
Marcos_M_Rom,uwugorka
Marcos_M_Rom,fedr_andrs
Marcos_M_Rom,durefranco
Marcos_M_Rom,ffeder1co
Marcos_M_Rom,Kadu_Mendes0001
Marcos_M_Rom,guillehormigo
Marcos_M_Rom,will_llermo
Marcos_M_Rom,rosarioss
Marcos_M_Rom,kozmicblue_s
Marcos_M_Rom,kaztiel666
Marcos_M_Rom,santie11
Marcos_M_Rom,AntoLosso
Marcos_M_Rom,facuufx
Marcos_M_Rom,CinemaParadigma
Marcos_M_Rom,jjulialves
Marcos_M_Rom,ppdroo
Marcos_M_Rom,francosiri
Marcos_M_Rom,Riba0
Marcos_M_Rom,nicodeayer
Marcos_M_Rom,LaurieAnnFdez
Marcos_M_Rom,dcruzz99
Marcos_M_Rom,revphenomena
Marcos_M_Rom,cristologia
Marcos_M_Rom,Polotko
Marcos_M_Rom,sofibru
Marcos_M_Rom,arielish
Marcos_M_Rom,camooaaa
Marcos_M_Rom,Lubilder
Marcos_M_Rom,felip6969
Marcos_M_Rom,ValenLattanzio
Marcos_M_Rom,somdeii
Marcos_M_Rom,Cahiersensayos
Marcos_M_Rom,Santieejuarez
Marcos_M_Rom,CFT1977
Marcos_M_Rom,Rapote
Marcos_M_Rom,AretFrost
Marcos_M_Rom,pabloalazar
Marcos_M_Rom,rgdr7
Marcos_M_Rom,kalil64
Marcos_M_Rom,ayalablanco
Marcos_M_Rom,Critic17_
Marcos_M_Rom,mariilau
Marcos_M_Rom,Ynaqui
Marcos_M_Rom,diego_heredia_7
Marcos_M_Rom,CineclubGoy
Marcos_M_Rom,Sovietanjiro
Marcos_M_Rom,DanielOrate
Marcos_M_Rom,MAdrianPL
Marcos_M_Rom,GordoMiraPelis
Marcos_M_Rom,JesutinoHur
Marcos_M_Rom,jpmclovin
Marcos_M_Rom,criticoycitrico
Marcos_M_Rom,alfajortriple
Marcos_M_Rom,Ramiro912
Marcos_M_Rom,Jere__
Marcos_M_Rom,DlONISIO
Marcos_M_Rom,devilwearsvans
Marcos_M_Rom,sorein
Marcos_M_Rom,mirkof9
Marcos_M_Rom,Cupola
Marcos_M_Rom,davidd_g18
Marcos_M_Rom,semionato
Marcos_M_Rom,kesape
Marcos_M_Rom,_Carlos_Eduardo
Marcos_M_Rom,anakin_23
Marcos_M_Rom,PhilippeLeao
Marcos_M_Rom,simongil_
Marcos_M_Rom,a7etere
Marcos_M_Rom,Miguel_Marias
Marcos_M_Rom,Bracero
Marcos_M_Rom,lblancora
Marcos_M_Rom,FacundoGalvan
Marcos_M_Rom,FelipeBautista
Marcos_M_Rom,eljpax
Marcos_M_Rom,felpa
Marcos_M_Rom,KMF
Marcos_M_Rom,LadyHiroshima
Marcos_M_Rom,AndresGarza
Marcos_M_Rom,allenrue
Marcos_M_Rom,aichel_06
Marcos_M_Rom,imisha
Marcos_M_Rom,revista_lumiere
Marcos_M_Rom,loreclau
Marcos_M_Rom,marianomorita
Marcos_M_Rom,baripinti
Marcos_M_Rom,apicla
Marcos_M_Rom,israel1916
Marcos_M_Rom,cinemalismo
Marcos_M_Rom,manuelpeon
Marcos_M_Rom,vveverton
Marcos_M_Rom,Johnnk
Marcos_M_Rom,emilianogaeloj
Marcos_M_Rom,thalstrack
Marcos_M_Rom,kevArgudin
Marcos_M_Rom,cravero
Marcos_M_Rom,alfoonsso
Marcos_M_Rom,Agustinn__
Marcos_M_Rom,gaby13
Marcos_M_Rom,hyumiguel
Marcos_M_Rom,A_Karerina
Marcos_M_Rom,aguscestmoi
Marcos_M_Rom,burs
Marcos_M_Rom,Filipe_Furtado
Marcos_M_Rom,Jarsito
Marcos_M_Rom,newelsb
Marcos_M_Rom,facundojp
Marcos_M_Rom,Ditolungo
Marcos_M_Rom,ricardodvilches
Marcos_M_Rom,juanjocerero
Marcos_M_Rom,Borinot
Marcos_M_Rom,sofmcarden
Marcos_M_Rom,Zerale
Marcos_M_Rom,jenarenp
Marcos_M_Rom,onicz
Marcos_M_Rom,999calorias
Marcos_M_Rom,rssfdvdrive
Marcos_M_Rom,olivermayorga
Marcos_M_Rom,imanolrod
Marcos_M_Rom,ealex_torres
Marcos_M_Rom,ppzo
Marcos_M_Rom,malatesta19
Marcos_M_Rom,Vareludo
Marcos_M_Rom,ElCharlie___
Marcos_M_Rom,richardweich
Marcos_M_Rom,Faure
Marcos_M_Rom,PezEspada
Marcos_M_Rom,beetleboy11
Marcos_M_Rom,bl0ndek1d
Marcos_M_Rom,aitanarc
Marcos_M_Rom,timeistheking
Marcos_M_Rom,Sofi_nadsat
Marcos_M_Rom,Cineastacabron
Marcos_M_Rom,dogemainkra
Marcos_M_Rom,darioreyes10
Marcos_M_Rom,FabioCabrisas
Marcos_M_Rom,Mary_0303
Marcos_M_Rom,al98_67
Marcos_M_Rom,crew
Marcos_M_Rom,Lau_Fong
Marcos_M_Rom,oucharenkoo
Marcos_M_Rom,nachosiciliano
Marcos_M_Rom,ale_piq
Marcos_M_Rom,migblah
Marcos_M_Rom,eldeibik
Marcos_M_Rom,Niux03
Marcos_M_Rom,santos3002141
Marcos_M_Rom,coloradixx
Marcos_M_Rom,Air_Fryer_
Marcos_M_Rom,burbufilms
Marcos_M_Rom,alettheia
Marcos_M_Rom,linanay
Marcos_M_Rom,cristttobal
Marcos_M_Rom,acervorosso
Marcos_M_Rom,WesternDrive
Marcos_M_Rom,GermanRomero
Marcos_M_Rom,sourcherry28
Marcos_M_Rom,rohmersangsoo
Marcos_M_Rom,babyhaim
Marcos_M_Rom,87dance
Marcos_M_Rom,Lourcelles
Marcos_M_Rom,Joseantoni
Marcos_M_Rom,nahuutwm
Marcos_M_Rom,embalmingdrain
Marcos_M_Rom,ismaaaa_
Marcos_M_Rom,lxgabxl
Marcos_M_Rom,sweetzinhu
Marcos_M_Rom,Pompoarism0
Marcos_M_Rom,crisexeflores
Marcos_M_Rom,gondmayx
Marcos_M_Rom,Wnderlvst
Marcos_M_Rom,Doark13
Marcos_M_Rom,maki0x
Marcos_M_Rom,chelhbravo
Marcos_M_Rom,lostinoblivions
Marcos_M_Rom,annach0nic
Marcos_M_Rom,gorkalonso1
Marcos_M_Rom,vilibazmio
Marcos_M_Rom,movies46078
Marcos_M_Rom,centauross
Marcos_M_Rom,alonsodvt
Marcos_M_Rom,strawberryca
Marcos_M_Rom,sitgesfestival
Marcos_M_Rom,JanusFilms
Marcos_M_Rom,Criterion
Marcos_M_Rom,FilmCanet
Marcos_M_Rom,JoanCuadrado
Marcos_M_Rom,bernax24
Marcos_M_Rom,EfectoDelia
Marcos_M_Rom,AshWilliams92
Marcos_M_Rom,AminVillalba
Marcos_M_Rom,kylemaclachlan_
Marcos_M_Rom,jeaba
Marcos_M_Rom,STK5
Marcos_M_Rom,thejoshl
Marcos_M_Rom,DonJorge86
Marcos_M_Rom,bernax16
Marcos_M_Rom,theishiifilm
Marcos_M_Rom,JavierJValencia
Marcos_M_Rom,sapillopillo
Marcos_M_Rom,genzai_2
Marcos_M_Rom,LeroyFucik
Marcos_M_Rom,yieibi
Marcos_M_Rom,Persona06
Marcos_M_Rom,laurieelooo
Marcos_M_Rom,MrLombreeze
Marcos_M_Rom,TONITOSKY
Marcos_M_Rom,globalfilm
Marcos_M_Rom,wichip
Marcos_M_Rom,rachelbenittez
Marcos_M_Rom,FabioVG
Marcos_M_Rom,Fernando2004
Marcos_M_Rom,randymeeks
Marcos_M_Rom,Fabriizzio
Marcos_M_Rom,sebas__
Marcos_M_Rom,Chaly_48
Marcos_M_Rom,Terreneitor2000
Marcos_M_Rom,MocodePavo
Marcos_M_Rom,JorgeV96
Marcos_M_Rom,miguelaraiza
Marcos_M_Rom,stardvvst
Marcos_M_Rom,xzetaprobe
Marcos_M_Rom,akerwoman
Marcos_M_Rom,elMoltisanti
Marcos_M_Rom,TennesseeJoe
Marcos_M_Rom,jjm_24
Marcos_M_Rom,mr_blonde_00
Marcos_M_Rom,prodriale
Marcos_M_Rom,elasblue
Marcos_M_Rom,Colin_Maillard
Marcos_M_Rom,jotaknows
Marcos_M_Rom,SofinesG
Marcos_M_Rom,The_horrorlove
Marcos_M_Rom,retabloo
Marcos_M_Rom,Yanna_Ferrari
Marcos_M_Rom,Ali_Xiques
Marcos_M_Rom,odindaniel
Marcos_M_Rom,Odinpordios
Marcos_M_Rom,emedj
Marcos_M_Rom,luisvelasquez
Marcos_M_Rom,williamfaeleith
Marcos_M_Rom,ParalyticsTw
Marcos_M_Rom,boris_1992
Marcos_M_Rom,gabypetit
Marcos_M_Rom,Cinepatico
Marcos_M_Rom,usuarioallnight
Marcos_M_Rom,lechat_nua
Marcos_M_Rom,paloma55
Marcos_M_Rom,fausto14
Marcos_M_Rom,LeonRR97
Marcos_M_Rom,CinoscaRarities
Marcos_M_Rom,DavidWallace
Marcos_M_Rom,Juanky97
Marcos_M_Rom,elenacf
Marcos_M_Rom,AuroraNocte
Marcos_M_Rom,Paula_Arantzazu
Marcos_M_Rom,AleN99
Marcos_M_Rom,jal90
Marcos_M_Rom,lautaroblanco
Marcos_M_Rom,T0rn3r0
Marcos_M_Rom,Merlym
Marcos_M_Rom,topfilmtuiter
Borinot,TaeSuk
Borinot,Alegreto
Borinot,Doark13
Borinot,Keil
Borinot,atlantidafilm
Borinot,dafilmfestival
Borinot,sitgesfestival
Borinot,braysefe
Borinot,festival_cannes
Borinot,filmin
Borinot,gorkalonso1
Borinot,LarrySoj
Borinot,Carlos_
Borinot,MapaCineLyC
Borinot,Vareludo
Borinot,Bracero
Borinot,MabuseCaligari
Borinot,Criterion
Borinot,Batty
Borinot,genzai_2
Borinot,Garabatxs
Borinot,aestheticmovie
Borinot,FilmFestLocarno
Borinot,michaelmann
Borinot,francisfcoppola
Borinot,kylemaclachlan_
Borinot,wimwenders
Borinot,daniel_daranas
Borinot,Thephantomastic
Borinot,Cinepatico
Borinot,MrLombreeze
Borinot,horrorville
Borinot,will_llermo
Borinot,Lobo_Lopez
Borinot,Filmandera
Borinot,DanielQuinn
Borinot,martinto_013
Borinot,Simonsds
Borinot,AshWilliams92
Borinot,rosebudshears
Borinot,Grandine
Borinot,lilfilm
Borinot,Manuki
Borinot,urielmora
Borinot,Martincuesta
Borinot,Cry_Wolf
Borinot,Ally_Pitts
Borinot,gondmayx
Borinot,FlanaganFilm
Borinot,mscorsese
Borinot,elrau007
Borinot,Abu222
Borinot,neilbelieves
Borinot,ale_piq
Borinot,topfilmtuiter
Borinot,jjm_24
Borinot,MallmannRocks
Borinot,Alchemy97
Borinot,JoanCuadrado
Borinot,Asiateca
Borinot,MetforalL
Borinot,Ikisabi
Borinot,JosueSanche
Borinot,Daroet
Borinot,ToniGener
Borinot,martinnagaarcia
Borinot,Blanse
Borinot,adricollantex
Borinot,Lenny_Nero
Borinot,__Isi__
Borinot,Marinetti
Borinot,paloma55
Borinot,CinefiliaCult
Borinot,The_horrorlove
Borinot,Midegeneracion
Borinot,Fassbinder_71
Borinot,Noirtopia
Borinot,enayat
Borinot,Kikuchiyo7
Borinot,jal90
Borinot,Seigor
Borinot,Sarajeski
Borinot,Fendor
Borinot,CharlotteHarris
Borinot,Xavistwood
Borinot,IvanEpte
Borinot,Kosti
Borinot,stalker98
Borinot,Maties_TP
Borinot,Caith_Sith
Borinot,pere_j
Borinot,JonSanSK8
Borinot,ArnauMartin00
Borinot,Marshall4real
Borinot,AitorFMG
Borinot,Colin_Maillard
Borinot,Bernatus
Borinot,The_Counselor
Borinot,Luis02AP
Borinot,Zapaz
Borinot,1nnisfree
synthemesco,Hanesyd
synthemesco,equidistanta
synthemesco,gorkalonso1
synthemesco,paloma55
synthemesco,ihes
synthemesco,Pablo91Alf
synthemesco,davedathma
synthemesco,WriterForest
synthemesco,rssfdvdrive
synthemesco,Zoldyx
synthemesco,itscharlibb
synthemesco,uwugorka
synthemesco,mscorsese
synthemesco,hobbitillo
synthemesco,GAmengual
synthemesco,utges
synthemesco,jjm_24
synthemesco,DanielQuinn
synthemesco,carlatka
synthemesco,topfilmtuiter
synthemesco,bergmantonioni
synthemesco,ikanonakis
synthemesco,sylviars
synthemesco,straubbhuillet
synthemesco,pele_alvaro
synthemesco,Polak
synthemesco,bluespring
synthemesco,lawkriett
synthemesco,jorgeroca
synthemesco,itsmerocio
synthemesco,Nanita
synthemesco,nachomuermos
synthemesco,ArnauRubioRius
synthemesco,DaveCooper
synthemesco,uryenbg
synthemesco,dicapriostears
synthemesco,patriciahd
synthemesco,damequipleure
synthemesco,MargauxFilms
synthemesco,zahrada
synthemesco,opheliastears
synthemesco,Dent
synthemesco,agoreira
synthemesco,ildesillo
synthemesco,dogstarfran
synthemesco,Yukasai
synthemesco,Thomkeaton
synthemesco,DanielEscaners
synthemesco,gari123
synthemesco,FvLluis
synthemesco,piledrivrrwaltz
synthemesco,renneett
synthemesco,bettedaviseyes
synthemesco,msgatsby
synthemesco,nesetel
synthemesco,Ninotchka
synthemesco,AuroraNocte
synthemesco,Jadzcor
synthemesco,Diosglosia
synthemesco,IvanMiguez
synthemesco,notyouralien
synthemesco,tystnaden
synthemesco,Wilhie
synthemesco,davidmd
synthemesco,javieru
synthemesco,Kapustinskii
synthemesco,valde5a7
synthemesco,Afoguin
synthemesco,harvsi
synthemesco,mnhrzbrnnt
synthemesco,Chozismo
synthemesco,Isaac98tm
synthemesco,Sabry
synthemesco,Mann_Ohne_Namen
synthemesco,albertsyco_
synthemesco,Faure
luisru,alonsodvt
luisru,johntones
luisru,msalvadortato
luisru,__Isi__
luisru,cinelacion
luisru,revista_lumiere
luisru,gorkalonso1
luisru,Espejo3
luisru,genzai_2
luisru,Colin_Maillard
luisru,juanjocerero
luisru,aixa72
luisru,Mas0204
luisru,Kansas
luisru,aralonso
luisru,pele_alvaro
luisru,A_de_la_Hoz
luisru,zahrada
luisru,A_Karerina
luisru,JonSanSK8
luisru,RachelMyGod
luisru,osbrox
luisru,DiegoSalgado
luisru,Bracero
luisru,jjm_24
luisru,paloma55
luisru,DanielQuinn
luisru,makimono_cine
luisru,cinephile1980
luisru,topfilmtuiter
Pauixitador,peixet79
Pauixitador,RK1968
Pauixitador,zumzeigcoop
Pauixitador,irekoala
Pauixitador,vic_tgn
Pauixitador,paloma55
Pauixitador,Cahiersensayos
Pauixitador,xzetaprobe
Pauixitador,jaketropila
Pauixitador,cambafiction
Pauixitador,Miguel_Marias
Pauixitador,revista_lumiere
Pauixitador,Spoorloos
Pauixitador,jordi_vill_alb
Pauixitador,CardenalHerrera
Pauixitador,Batty
Pauixitador,Klepshydra
Pauixitador,afields9
Pauixitador,VicenteMonroy
Pauixitador,hiaaaa
Pauixitador,pollo200
Pauixitador,Diegoceprez
Pauixitador,jajilin
Pauixitador,Maties_TP
Pauixitador,FvLluis
Pauixitador,Colin_Maillard
Pauixitador,Filipe_Furtado
Pauixitador,Vareludo
Pauixitador,makimono_cine
Pauixitador,straubbhuillet
Pauixitador,jal90
Pauixitador,topfilmtuiter
Pauixitador,ikanonakis
Pauixitador,drowning_eyes
Pauixitador,A_Karerina
Pauixitador,NateFisher
Pauixitador,cinesinfin
Pauixitador,synthemesco
Pauixitador,Ninotchka
Pauixitador,ExplodingBoy
Pauixitador,antares_not
Pauixitador,pele_alvaro
Pauixitador,utges
Pauixitador,galimx
Pauixitador,1999_sohu
Pauixitador,jjm_24
Pauixitador,srtabelivet
Pauixitador,Vicioinherente
Pauixitador,robbito
Pauixitador,Faure
Pauixitador,alvySinger_
Pauixitador,DanielEscaners
Pauixitador,migblah
Pauixitador,Lobo_Lopez
Pauixitador,Ruben0
Pauixitador,RachelMyGod
Pauixitador,AuroraNocte
Pauixitador,guillehormigo
Pauixitador,Thomkeaton
Pauixitador,AdrianVieitez
Pauixitador,PezEspada
Pauixitador,mpinkfloyd
Pauixitador,uryenbg
Pauixitador,IvanMiguez
Pauixitador,DanielQuinn
Pauixitador,rafaqc97
Pauixitador,Javchas
Pauixitador,will_llermo
Pauixitador,ericallenhatch
will_llermo,alejandrobrien
will_llermo,teoplanell
will_llermo,guillemfgx
will_llermo,Juanky97
will_llermo,Marcos_M_Rom
will_llermo,AndresTM
will_llermo,antares_not
will_llermo,ErikDelRey
will_llermo,cenmar
will_llermo,Pewey
will_llermo,dieguidolcini
will_llermo,llesterday
will_llermo,NestorJuez
will_llermo,UnDetective
will_llermo,PedroMerchan
will_llermo,SergioArgueso
will_llermo,GatoEnTrinchera
will_llermo,undressmedina
will_llermo,Puchinha
will_llermo,A_Karerina
will_llermo,hectordoncell
will_llermo,Jarsito
will_llermo,Manuel_Sobron
will_llermo,jesuspascualsh
will_llermo,Reborivera
will_llermo,CineDreaming
will_llermo,uwugorka
will_llermo,jvanpe
will_llermo,nachoalvarezgl
will_llermo,victorfl97
will_llermo,VicenteMonroy
will_llermo,genzai_2
will_llermo,ppzo
will_llermo,timeistheking
will_llermo,MiguelRoman
will_llermo,JavieRomeo
will_llermo,theendofcinema
will_llermo,makimono_cine
will_llermo,Batty
will_llermo,ezequiel2517
will_llermo,zombivirtual
will_llermo,jaime_lda
will_llermo,Endika
will_llermo,Santimrey
will_llermo,1999_sohu
will_llermo,manumrtn
will_llermo,Lavigne1967
will_llermo,alonsodvt
will_llermo,Chuchin_MVD
will_llermo,paulschradernot
will_llermo,saudaddy_
will_llermo,gudrunpt
will_llermo,topfilmtuiter
will_llermo,vvvhannah
will_llermo,michaelmann
will_llermo,notpaulinekael
will_llermo,PolPjn
will_llermo,marcmartinezc
will_llermo,guillehormigo
will_llermo,gxnisson
will_llermo,ansans_
will_llermo,Jacenie
will_llermo,ChristianLDV
will_llermo,kylemaclachlan_
will_llermo,akerwoman
will_llermo,tanzedub
will_llermo,AlfredoSuarezP
will_llermo,AmaiaZufiaur
will_llermo,jorge_sevi
will_llermo,tania19
will_llermo,Rodri_Go
will_llermo,anaorgana
will_llermo,Munaiz
will_llermo,jaimeestrela1
will_llermo,AntonioMagnolia
will_llermo,sallitt
will_llermo,utges
will_llermo,paloma55
will_llermo,LaCaneli
will_llermo,DrDrakeRamoray
will_llermo,andresgarco
will_llermo,EloyG8
will_llermo,mtoscano
will_llermo,apeacefulguy
will_llermo,Colin_Maillard
will_llermo,proxy_gyal
will_llermo,albertobalsam
will_llermo,mscorsese
will_llermo,crisexeflores
will_llermo,taptup
will_llermo,Buesa7
will_llermo,Pamchu
will_llermo,Jo_Brennan
will_llermo,danielmmantilla
will_llermo,guxiguxi
will_llermo,Spectralobatux
will_llermo,JuanGL001
will_llermo,Peinado
will_llermo,pablo_munyoz
will_llermo,JorgR
will_llermo,violetaraykuaza
will_llermo,jaimelorite
will_llermo,JenniOlsonSF
will_llermo,jjm_24
will_llermo,migrodper
will_llermo,richi3112
will_llermo,straubbhuillet
will_llermo,Craften
will_llermo,msmaceta
will_llermo,Esaexperiencia
will_llermo,AminVillalba
will_llermo,kikujiro
will_llermo,xcascantex
will_llermo,ikanonakis
will_llermo,Spoorloos
will_llermo,fuzilfalcao
will_llermo,baranbozdag
will_llermo,Nicoconka
will_llermo,rubyrub
will_llermo,pele_alvaro
will_llermo,AlCorona
will_llermo,hobbitillo
will_llermo,cinesinfin
will_llermo,bustinduy
will_llermo,itsmerocio
will_llermo,Ferrandis
will_llermo,tipican
will_llermo,luisaceitunop
will_llermo,therubiew
will_llermo,Pauixitador
will_llermo,Caandamo
will_llermo,MrBike
will_llermo,alejandrorubb
will_llermo,AlexGreen24
will_llermo,igortxu
will_llermo,UrbanoJ
will_llermo,Gersio
will_llermo,davidpardi97
will_llermo,jorditrenzano
will_llermo,volharys
will_llermo,turbochavala
will_llermo,mmgarnica
will_llermo,marioquema
will_llermo,Filipe_Furtado
will_llermo,Javchas
will_llermo,DanielQuinn
will_llermo,SrEspectro
will_llermo,rafaqc97
will_llermo,albertvanden
will_llermo,elchampo
will_llermo,cadaververano
will_llermo,diegomoratalla
will_llermo,javivalera
will_llermo,Murillet
will_llermo,FrancoRizzo
will_llermo,AlbertoMarcos
will_llermo,uryenbg
will_llermo,IvanMiguez
will_llermo,Miguel_Marias
will_llermo,gari123
will_llermo,javikiddo
will_llermo,Siroguh
will_llermo,nesetel
will_llermo,Ninotchka
will_llermo,PezEspada
will_llermo,pablofisher
will_llermo,lysduval
will_llermo,slayerkinney
will_llermo,deborahgsm
will_llermo,Jimix
will_llermo,Vareludo
will_llermo,benotti
will_llermo,mpinkfloyd
will_llermo,Enolight
will_llermo,Casiopeaexpres
will_llermo,rocamadour
will_llermo,Salanova
will_llermo,creediidae
will_llermo,anthonymous
will_llermo,AdrianVieitez
will_llermo,SoyUnaGafapasta
will_llermo,JorgeAce
will_llermo,kaarlenberg
will_llermo,unjacinto
will_llermo,edgarfaber
will_llermo,Thomkeaton
will_llermo,JoN_TeN
will_llermo,DavidMingo
will_llermo,ivanfmula
will_llermo,quercusrobur_
will_llermo,davidgosu
will_llermo,MichNiehaus
will_llermo,alex8ymedio
will_llermo,Bishop7986
will_llermo,alsanxe
will_llermo,DonEmi
will_llermo,AuroraNocte
will_llermo,polym0rphing
will_llermo,RachelMyGod
will_llermo,Ruben0
will_llermo,lenju4
will_llermo,garles
will_llermo,Nachogrim
will_llermo,MarioIglesias
will_llermo,al1997
will_llermo,Lobo_Lopez
will_llermo,Omar_Deschain
will_llermo,renneett
will_llermo,snaker555
will_llermo,lashormigas
will_llermo,Jadzcor
will_llermo,tystnaden
will_llermo,migblah
will_llermo,CardenalHerrera
will_llermo,Auralblack
will_llermo,Koschei221
will_llermo,ferhood
will_llermo,msgatsby
will_llermo,Mann_Ohne_Namen
will_llermo,MiguelMSH
will_llermo,nilleta4ever
will_llermo,harvsi
will_llermo,rotlaust
will_llermo,FvLluis
will_llermo,albertocp
will_llermo,HiroOgs
will_llermo,sara1618
will_llermo,BeaClane
will_llermo,Javi_delaMorena
will_llermo,borjad91
will_llermo,CabelloRuiz
will_llermo,Viktoraki
will_llermo,punkelectro
will_llermo,DanielEscaners
will_llermo,toogeekfornames
will_llermo,irca
will_llermo,PinkMaqbara
will_llermo,Andres_Rublev
will_llermo,VOSrevista
will_llermo,Springeyes
will_llermo,carlesmc123
will_llermo,rodasons
will_llermo,Banacafalata
will_llermo,JesusTeatrero
will_llermo,richarsson
will_llermo,charliesimons
will_llermo,shimatetsuo
will_llermo,noakrakatoa
will_llermo,Angiolo
will_llermo,davidmd
will_llermo,fraKcturedgar
will_llermo,Isart
will_llermo,Isaac98tm
will_llermo,asm5sgr
will_llermo,NateFisher
will_llermo,Perro_Sanxe
will_llermo,Vicioinherente
will_llermo,javierpmar
will_llermo,alvaroramos
will_llermo,alain_pixar
will_llermo,Faure
will_llermo,alvySinger_
will_llermo,ccorleone
will_llermo,pabL0_mg
will_llermo,oyejuan
will_llermo,Cinemaadhoc
will_llermo,DanDraper
ExplodingBoy,Youquendo
ExplodingBoy,Dgstrmn64
ExplodingBoy,magepi
ExplodingBoy,gonrod
ExplodingBoy,nasimchik
ExplodingBoy,ahmedazema
ExplodingBoy,Mdemateo
ExplodingBoy,kurtzmagazine
ExplodingBoy,leiblied
ExplodingBoy,msergielk
ExplodingBoy,whirlwindrider
ExplodingBoy,carlotaalol
ExplodingBoy,ksan_chezk
ExplodingBoy,_tothegallows_
ExplodingBoy,Noemi94
ExplodingBoy,maloryclaro
ExplodingBoy,Eslinkie_timpie
ExplodingBoy,lnf
ExplodingBoy,avrilalvarez
ExplodingBoy,Zeovern
ExplodingBoy,verzoneenozrev
ExplodingBoy,davedathma
ExplodingBoy,nrh
ExplodingBoy,Blackcoffee
ExplodingBoy,bergmantonioni
ExplodingBoy,amanda629
ExplodingBoy,Simonsds
ExplodingBoy,Khaledbaloch
ExplodingBoy,ElPejesapo
ExplodingBoy,MrMajorTom
ExplodingBoy,_celine8
ExplodingBoy,lawyerstatus
ExplodingBoy,gazeoforpheus
ExplodingBoy,Filmgarten
ExplodingBoy,Trz_10
ExplodingBoy,JoaoGoro
ExplodingBoy,fabianarriaga5
ExplodingBoy,alimossi
ExplodingBoy,Cinemancia
ExplodingBoy,Niuk1
ExplodingBoy,FortunaNorte
ExplodingBoy,Suttungr
ExplodingBoy,nohiesque
ExplodingBoy,flappyguap
ExplodingBoy,SoyTanFeliz
ExplodingBoy,valmoz
ExplodingBoy,DingasMan
ExplodingBoy,SebastianMde
ExplodingBoy,halcie03
ExplodingBoy,Kahlua_John
ExplodingBoy,Dogshi795
ExplodingBoy,patasdeconejo
ExplodingBoy,Julianamr
ExplodingBoy,TheOrla
ExplodingBoy,yelenaaav_
ExplodingBoy,SamuelBel
ExplodingBoy,GusGardey
ExplodingBoy,Bressonian
ExplodingBoy,zzxime
ExplodingBoy,carolelombard
ExplodingBoy,PaulinaconP
ExplodingBoy,preciousthings
ExplodingBoy,ilneliss
ExplodingBoy,jessicadrummond
ExplodingBoy,isaeler
ExplodingBoy,P_G_C
ExplodingBoy,TK_Doreen
ExplodingBoy,eshoyosga
ExplodingBoy,24fpslvr
ExplodingBoy,elenacf
ExplodingBoy,irca
ExplodingBoy,afilmenjoyer
ExplodingBoy,helosoccerfan
ExplodingBoy,Air_Fryer_
ExplodingBoy,mikionaruse
ExplodingBoy,videodromology
ExplodingBoy,jamesdezi
ExplodingBoy,victormesa
ExplodingBoy,zandobrownie
ExplodingBoy,Tasabbir
ExplodingBoy,portoss
ExplodingBoy,itscharlibb
ExplodingBoy,zuhalbinice
ExplodingBoy,boa_noite
ExplodingBoy,MLingo
ExplodingBoy,johannkreisler
ExplodingBoy,ethan_weigelt
ExplodingBoy,JorgeFRocha
ExplodingBoy,GDark
ExplodingBoy,carlitosfoster
ExplodingBoy,CarlosVega
ExplodingBoy,Isabellapm1206
ExplodingBoy,Danipv29
ExplodingBoy,camirol98
ExplodingBoy,patacinema
ExplodingBoy,hamish_bruce
ExplodingBoy,Samrith
ExplodingBoy,cristianpulsara
ExplodingBoy,greggonzalezcas
ExplodingBoy,noroit
ExplodingBoy,gallaghier
ExplodingBoy,ezequiel2517
ExplodingBoy,Dunkkaccino
ExplodingBoy,koartr
ExplodingBoy,tuoto
ExplodingBoy,ramirovinagre
ExplodingBoy,Rafaaelpa
ExplodingBoy,mauriciohoyos
ExplodingBoy,cravan
ExplodingBoy,JimenaRoa
ExplodingBoy,_Chris731_
ExplodingBoy,FernandoChaves
ExplodingBoy,ismael92
ExplodingBoy,amatorskiego
ExplodingBoy,WolfmanWolfman
ExplodingBoy,ftorressalas
ExplodingBoy,deanthecreator
ExplodingBoy,mar___
ExplodingBoy,gfromcincinnati
ExplodingBoy,malufranca
ExplodingBoy,julienparis
ExplodingBoy,Ingmar
ExplodingBoy,andrescastru
ExplodingBoy,velascoropo
ExplodingBoy,sabzianbe
ExplodingBoy,capfly
ExplodingBoy,pedropinho
ExplodingBoy,hugopeters
ExplodingBoy,fertrbl
ExplodingBoy,minauno
ExplodingBoy,sgancineclube
ExplodingBoy,cinephile1980
ExplodingBoy,hagh__
ExplodingBoy,junglespycamp
ExplodingBoy,jaimefdez17
ExplodingBoy,GrumpyCinema
ExplodingBoy,ossilubitsch
ExplodingBoy,CinoscaRarities
ExplodingBoy,lIlIlIlIlIlIlIl
ExplodingBoy,alvarg
ExplodingBoy,Maartun
ExplodingBoy,davidwd
ExplodingBoy,Melocotonazo11
ExplodingBoy,Aninbus
ExplodingBoy,Lobo_Lopez
ExplodingBoy,bjsylvester
ExplodingBoy,markruffalo
ExplodingBoy,nnmore_films
ExplodingBoy,GayBeet
ExplodingBoy,msand1
ExplodingBoy,sarapordios
ExplodingBoy,ErikRt333
ExplodingBoy,anaszwahri
ExplodingBoy,mxsamaking
ExplodingBoy,salopetket
ExplodingBoy,Kukimalaya
ExplodingBoy,schop_j
ExplodingBoy,floepoei
ExplodingBoy,davidmoens
ExplodingBoy,LeoWillem
ExplodingBoy,Cobble
ExplodingBoy,Madphoon
ExplodingBoy,vernmetztli
ExplodingBoy,brunopicazo
ExplodingBoy,Abu222
ExplodingBoy,eriksutch
ExplodingBoy,msnydel
ExplodingBoy,Cespamogo
ExplodingBoy,apostasys
ExplodingBoy,Jacques_Rivette
ExplodingBoy,hasancemcal
ExplodingBoy,jakelong64
ExplodingBoy,Nan19
ExplodingBoy,masashikun
ExplodingBoy,franciscotg2000
ExplodingBoy,lsaturn
ExplodingBoy,adricollantex
ExplodingBoy,Rahil_Ehtesham
ExplodingBoy,fax0_max
ExplodingBoy,hobbitillo
ExplodingBoy,Gnaralie
ExplodingBoy,Gutzjen
ExplodingBoy,0Oldboy0
ExplodingBoy,Diegoceprez
ExplodingBoy,hosseinakbrynjd
ExplodingBoy,demeyer
ExplodingBoy,fil_octetes
ExplodingBoy,dadadavid
ExplodingBoy,Tam_Hamov
ExplodingBoy,AlanJeffrey
ExplodingBoy,johannesschade
ExplodingBoy,jonas_w
ExplodingBoy,Lohmi
ExplodingBoy,longpauses
ExplodingBoy,yoelmeranda
ExplodingBoy,favoriteflavor
ExplodingBoy,afonsomoreda
ExplodingBoy,sajood
ExplodingBoy,psga
ExplodingBoy,shanemp01
ExplodingBoy,reversecowgirl
ExplodingBoy,sebaynovuelve
ExplodingBoy,arrebatx
ExplodingBoy,Kapsberger
ExplodingBoy,victorsmith
ExplodingBoy,Ssssharonxd
ExplodingBoy,utges
ExplodingBoy,garbos
ExplodingBoy,jufernandz
ExplodingBoy,FrancoRizzo
ExplodingBoy,josetteandriot
ExplodingBoy,Paula_Arantzazu
ExplodingBoy,outkastatlast
ExplodingBoy,JHuedo
ExplodingBoy,JarvisBln
ExplodingBoy,zamilovanemaso
ExplodingBoy,Austrohungaro
ExplodingBoy,grtela
ExplodingBoy,jonathangraffe
ExplodingBoy,Dol_dol
ExplodingBoy,dolemite_d
ExplodingBoy,g_kala
ExplodingBoy,dirtylaundri
ExplodingBoy,Brenofurtado
ExplodingBoy,SanCowen
ExplodingBoy,kbrinkmann
ExplodingBoy,sofakingdumb
ExplodingBoy,cartonet
ExplodingBoy,MikeMeltzer
ExplodingBoy,paloma55
ExplodingBoy,BdgeDxn
ExplodingBoy,Camipotting
ExplodingBoy,mitologia
ExplodingBoy,waterlwoo
ExplodingBoy,Leguroz
ExplodingBoy,Ahmadraza
ExplodingBoy,katyaarakelyan
ExplodingBoy,scattacat
ExplodingBoy,JkstrHmstr
ExplodingBoy,felipefeerr
ExplodingBoy,honhonsuf
ExplodingBoy,alucinepuj
ExplodingBoy,totsss
ExplodingBoy,AhmadBadawi
ExplodingBoy,ollydicko
ExplodingBoy,akyyt
ExplodingBoy,Skylength
ExplodingBoy,carolvv
ExplodingBoy,AlejoBarrios
ExplodingBoy,Tampa_Bay
ExplodingBoy,pablo_munyoz
ExplodingBoy,ManuelaGiraldo
ExplodingBoy,Sebmtt
ExplodingBoy,Jess_1
ExplodingBoy,mobscur
ExplodingBoy,Jljunior
ExplodingBoy,Maurio
ExplodingBoy,Luoz
ExplodingBoy,James_
ExplodingBoy,_ac666
ExplodingBoy,amirhorror
ExplodingBoy,settima
ExplodingBoy,twodeadmagpies
ExplodingBoy,fonsecamatheus
ExplodingBoy,AugustoS
ExplodingBoy,dracjolye
ExplodingBoy,M_Penalosa
ExplodingBoy,ivangustoli
ExplodingBoy,sohakhojasteh
ExplodingBoy,revistamadonna
ExplodingBoy,Fassbinder_71
ExplodingBoy,Colin_Maillard
ExplodingBoy,carmen4
ExplodingBoy,Babylon4life
ExplodingBoy,RevistaLimite
ExplodingBoy,HAKern
ExplodingBoy,lella
ExplodingBoy,fannyspain
ExplodingBoy,fesmchick
ExplodingBoy,Giorgio13
ExplodingBoy,violencipaixao
ExplodingBoy,iotoole
ExplodingBoy,zenxiu
ExplodingBoy,velvit
ExplodingBoy,illyriac
ExplodingBoy,gibboanxious
ExplodingBoy,javilag
ExplodingBoy,Angalore
ExplodingBoy,straubbhuillet
ExplodingBoy,Isaac98tm
ExplodingBoy,NateFisher
ExplodingBoy,Kire
ExplodingBoy,Benavente
ExplodingBoy,crbrink
ExplodingBoy,FelipeSoares
ExplodingBoy,jopomp
ExplodingBoy,nilleta4ever
ExplodingBoy,Faure
ExplodingBoy,jal90
ExplodingBoy,vestidoscostura
ExplodingBoy,TodoEsBazofia
ExplodingBoy,JEGama
ExplodingBoy,NaturomDemonto
ExplodingBoy,topfilmtuiter
ExplodingBoy,mattstrohl99
ExplodingBoy,CadeWhitt
ExplodingBoy,bnwa
ExplodingBoy,morgenruff
ExplodingBoy,trashytravlr
ExplodingBoy,812filmreviews
ExplodingBoy,JohnLynn
ExplodingBoy,henryspencerirl
ExplodingBoy,mehmetsevinir
ExplodingBoy,ScottHBG
ExplodingBoy,roujin
ExplodingBoy,Tuliog
ExplodingBoy,MapSP
ExplodingBoy,Rezafadaei
ExplodingBoy,lunes14
ExplodingBoy,JimGerow
ExplodingBoy,l_meneses
ExplodingBoy,Francowasabi
ExplodingBoy,Sooza
ExplodingBoy,RogerCres96Bar
ExplodingBoy,rimmarlen
ExplodingBoy,Cinematofilo
ExplodingBoy,faithvoid
ExplodingBoy,JohnPluto88
ExplodingBoy,bastianop
ExplodingBoy,juanpamelo
ExplodingBoy,michelcvg
ExplodingBoy,NataliaChavarro
ExplodingBoy,thelifeofk
ExplodingBoy,MovieBuff5
ExplodingBoy,poetereau
ExplodingBoy,hesamrabie
ExplodingBoy,Poxo_2
ExplodingBoy,zFlowh
ExplodingBoy,AngusFilm
ExplodingBoy,LCTaylor54
ExplodingBoy,sarahryan
ExplodingBoy,HakimoBrahim
ExplodingBoy,braheem
ExplodingBoy,Pauixitador
ExplodingBoy,hartamlubis
ExplodingBoy,cbhersh
ExplodingBoy,lilydroeven
ExplodingBoy,SantiagoLMM
ExplodingBoy,cydoniia
ExplodingBoy,allergenicswan
ExplodingBoy,AndresGarza
ExplodingBoy,widad
ExplodingBoy,carolinahepa
ExplodingBoy,wilhelmve
ExplodingBoy,dreidog
ExplodingBoy,incinerrante
ExplodingBoy,jross
ExplodingBoy,sergiodiazo
ExplodingBoy,PatrickPrez
ExplodingBoy,FaildeGuionista
ExplodingBoy,Armanpyh
ExplodingBoy,ikanonakis
ExplodingBoy,niko23
ExplodingBoy,luzlazza_
ExplodingBoy,taketheatrain
ExplodingBoy,hamofwheat
ExplodingBoy,noctambulando
ExplodingBoy,hastizabihzadeh
ExplodingBoy,Mohamadfalahi
ExplodingBoy,tugce
ExplodingBoy,Pierrott
ExplodingBoy,drdang
ExplodingBoy,amechsner89
ExplodingBoy,nimishsarin
ExplodingBoy,vechica
ExplodingBoy,jackseibert
ExplodingBoy,lbrodsky
ExplodingBoy,minguel
ExplodingBoy,CahiersPT_BR
ExplodingBoy,vicavic
ExplodingBoy,tamdemes
ExplodingBoy,LynneSachs
ExplodingBoy,Willor
ExplodingBoy,aburnstine
ExplodingBoy,Carnezes
ExplodingBoy,hipsterdas11h
ExplodingBoy,Markowsky
ExplodingBoy,JC_Monteiro
ExplodingBoy,peco28
ExplodingBoy,Ivan_Suarez
ExplodingBoy,azwan124
ExplodingBoy,Estrella5zul
ExplodingBoy,suite1717
ExplodingBoy,bustinduy
ExplodingBoy,Giangtoddhaynes
ExplodingBoy,mechanicalalive
ExplodingBoy,coutinho
ExplodingBoy,notansobrio
ExplodingBoy,cabenavi
ExplodingBoy,milemiracosas
ExplodingBoy,tahiraltuntas
ExplodingBoy,tylandis
ExplodingBoy,arahiddleston
ExplodingBoy,Aminlumiere
ExplodingBoy,Communicants
ExplodingBoy,hernanchac
ExplodingBoy,possession1981
ExplodingBoy,JSJaimes
ExplodingBoy,AlonsoAguilar
ExplodingBoy,champignon
ExplodingBoy,fotoscarnet
ExplodingBoy,ItsKennethClark
ExplodingBoy,stemiraglia
ExplodingBoy,planet_queen
ExplodingBoy,SantiPp
ExplodingBoy,galimx
ExplodingBoy,antchassi
ExplodingBoy,redr3dwine
ExplodingBoy,sksofi
ExplodingBoy,robertapedrosa
ExplodingBoy,KiyoshiKurosawa
ExplodingBoy,lol_v_stein
ExplodingBoy,shomingeki
ExplodingBoy,CinephobeTVBot
ExplodingBoy,mlpv86
ExplodingBoy,YasserMac
ExplodingBoy,rnyzlfc
ExplodingBoy,tai_lung
ExplodingBoy,KurtZM
ExplodingBoy,juanarey99
ExplodingBoy,santiagoago
ExplodingBoy,hamza_h
ExplodingBoy,Matheuspaiva1
ExplodingBoy,lucasrod
ExplodingBoy,eslbnsrien
ExplodingBoy,bedioyskin
ExplodingBoy,philosopherouge
ExplodingBoy,juegomivida
ExplodingBoy,NeoBhatia
ExplodingBoy,gritosysusurro
ExplodingBoy,Circe_Giton
ExplodingBoy,jennaipcar
ExplodingBoy,diogoserafim
ExplodingBoy,Juniper_girl
ExplodingBoy,Lispectore
ExplodingBoy,kinojibaro
ExplodingBoy,Morganah_
ExplodingBoy,Malala
ExplodingBoy,sallitt
ExplodingBoy,damian1080
ExplodingBoy,kyotokiddo
ExplodingBoy,Batty
ExplodingBoy,teresamm64
ExplodingBoy,Veroxcs
ExplodingBoy,Occhiolism
ExplodingBoy,PenusBoy
ExplodingBoy,guadis
ExplodingBoy,rocamadour
ExplodingBoy,tokyosonata
ExplodingBoy,Fengcowboy
ExplodingBoy,ramirezdany27
ExplodingBoy,gplaza
ExplodingBoy,bercasi
ExplodingBoy,batangwestside
ExplodingBoy,glimmmertwins
ExplodingBoy,jacobstertz
ExplodingBoy,organictea
ExplodingBoy,rui_salvador
ExplodingBoy,perryshadow
ExplodingBoy,andrewpark86
ExplodingBoy,joseamores65
ExplodingBoy,glowingwabbit
ExplodingBoy,Jake_Oakes
ExplodingBoy,cronenbergfilm
ExplodingBoy,pele_alvaro
ExplodingBoy,ffbnchtt
ExplodingBoy,augieinspace
ExplodingBoy,CondeKaji
ExplodingBoy,ebenantar
ExplodingBoy,maxwolf333
ExplodingBoy,jjm_24
ExplodingBoy,sebaobab
ExplodingBoy,manuelk
ExplodingBoy,SolitaryParade
ExplodingBoy,b4ileymoore
ExplodingBoy,valerialock
ExplodingBoy,carlatka
ExplodingBoy,katnancy
ExplodingBoy,fermiguez
ExplodingBoy,simulacromag
ExplodingBoy,apeacefulguy
ExplodingBoy,crisexeflores
ExplodingBoy,MadsEmilWeibull
ExplodingBoy,gaybriel
ExplodingBoy,surreal786
ExplodingBoy,Ricoalchimim
ExplodingBoy,charulata
ExplodingBoy,BuenVivir
ExplodingBoy,jesusdalvarez
ExplodingBoy,DaveCooper
ExplodingBoy,minws
ExplodingBoy,isaacbarragan
ExplodingBoy,SergioPineda98
ExplodingBoy,Shujinaga
ExplodingBoy,Piotrr
ExplodingBoy,delphicbitch
ExplodingBoy,__susito
ExplodingBoy,itsmerocio
ExplodingBoy,Thomkeaton
ExplodingBoy,GustavoAl
ExplodingBoy,bettylamb05
ExplodingBoy,nicodegregorio
ExplodingBoy,ishaanbhatia
ExplodingBoy,LumeFilmes
ExplodingBoy,uryenbg
ExplodingBoy,jakepdfpng
ExplodingBoy,Mario_Melendez
ExplodingBoy,riamarialuiza
ExplodingBoy,TaxiFlyer
ExplodingBoy,ijcaro
ExplodingBoy,goldfed
ExplodingBoy,weerasethakul
ExplodingBoy,Brunovictorino
ExplodingBoy,Nicopneda
ExplodingBoy,daviraposo
ExplodingBoy,ange_pizo
ExplodingBoy,s_entertainment
ExplodingBoy,FranciscanRoad
ExplodingBoy,tainahn
ExplodingBoy,belovedsh
ExplodingBoy,EvansWetmore
ExplodingBoy,andres96tejeiro
ExplodingBoy,andreanigro
ExplodingBoy,dahans
ExplodingBoy,mmgarnica
ExplodingBoy,broneco
ExplodingBoy,fetogay
ExplodingBoy,ahmetkizil
ExplodingBoy,Hectorog
ExplodingBoy,strohmie13
ExplodingBoy,Asturcon
ExplodingBoy,316
ExplodingBoy,oswaldomontilla
ExplodingBoy,A_Karerina
ExplodingBoy,Gondo
ExplodingBoy,KuronoX
ExplodingBoy,cauby
ExplodingBoy,Cristian92
ExplodingBoy,roangelest
ExplodingBoy,JeranEnt
ExplodingBoy,ZaneTheDudeMan
ExplodingBoy,pedrojj
ExplodingBoy,sahba
ExplodingBoy,Benjaminicas
ExplodingBoy,Rakgsr
ExplodingBoy,MorrisMovieList
ExplodingBoy,salvadoramores
ExplodingBoy,mythos
ExplodingBoy,dromeroal
ExplodingBoy,mancub
ExplodingBoy,ah_um_cha
ExplodingBoy,bastardyouth
ExplodingBoy,MhLeFou
ExplodingBoy,alvmb
ExplodingBoy,feliciathegoat
ExplodingBoy,carmenceleste
ExplodingBoy,fapm
ExplodingBoy,tofuvegano
ExplodingBoy,Sepvira
ExplodingBoy,ManuMata
ExplodingBoy,dianelatv
ExplodingBoy,martamagotchi
ExplodingBoy,lr110979
ExplodingBoy,ReluctantJester
ExplodingBoy,os_manzano
ExplodingBoy,camila22
ExplodingBoy,marulene
ExplodingBoy,guzmannatalia_
ExplodingBoy,dudacavalcanti
ExplodingBoy,nicolassegura1
ExplodingBoy,icovelez
ExplodingBoy,elpidasmovies
ExplodingBoy,Josehuertas
ExplodingBoy,juday
ExplodingBoy,hawksquill
ExplodingBoy,SaruBaru
ExplodingBoy,zeagripino
ExplodingBoy,pedrootropedro
ExplodingBoy,EstherPizcore
ExplodingBoy,Homo_Maniacus
ExplodingBoy,Tapasco
ExplodingBoy,Cindy_J
ExplodingBoy,sigbnh
ExplodingBoy,Keith_Dwyer
ExplodingBoy,ragua
ExplodingBoy,Cocuaspa
ExplodingBoy,kristenyoonsoo
ExplodingBoy,velvetbanana
ExplodingBoy,SombraEletrica
ExplodingBoy,psychicentity
ExplodingBoy,_keeschalmers
ExplodingBoy,jrosenbaum2002
ExplodingBoy,omgjaye
ExplodingBoy,martasibo
ExplodingBoy,MariFerr
ExplodingBoy,Mumoo
ExplodingBoy,voz_off
ExplodingBoy,vulcanvader
ExplodingBoy,FishermanJohn
ExplodingBoy,Alonsuro
ExplodingBoy,siderrae
ExplodingBoy,sgsierra
ExplodingBoy,Lokeshpyrrhic
ExplodingBoy,elcobalto
ExplodingBoy,Eiraj
ExplodingBoy,conorskelly25
ExplodingBoy,dudavalente
ExplodingBoy,revistacinetica
ExplodingBoy,ajarrell1029
ExplodingBoy,arkheia
ExplodingBoy,tavarespedro
ExplodingBoy,AlejandroSuarez
ExplodingBoy,Martinaevaeva
ExplodingBoy,Carlos_
ExplodingBoy,Manu9727
ExplodingBoy,javierquintero
ExplodingBoy,Tombo
ExplodingBoy,vssmar
ExplodingBoy,limadwd
ExplodingBoy,Dkamphorst1994
ExplodingBoy,sirdrako
ExplodingBoy,villeneuvelynch
ExplodingBoy,violetazzz
ExplodingBoy,theendofcinema
ExplodingBoy,Hambrientos
ExplodingBoy,Syaoran
ExplodingBoy,AdrianVieitez
ExplodingBoy,Asil18
ExplodingBoy,zannennagara
ExplodingBoy,RenzzoGS
ExplodingBoy,jorgesjr
ExplodingBoy,fgonzalezse
ExplodingBoy,rreeves727
ExplodingBoy,moodsforlove
ExplodingBoy,lecapital
ExplodingBoy,uncannyvalley
ExplodingBoy,8chanfilm
ExplodingBoy,fluxus
ExplodingBoy,chechomejiag
ExplodingBoy,majopareja
ExplodingBoy,AndresMunoz
ExplodingBoy,jucoper
ExplodingBoy,christf
ExplodingBoy,dafnethais
ExplodingBoy,coreysfilms
ExplodingBoy,merricatt
ExplodingBoy,yinshi
ExplodingBoy,opiumk
ExplodingBoy,coralinecastell
ExplodingBoy,BenottoTorino
ExplodingBoy,unitedinflames
ExplodingBoy,reimestheboy
ExplodingBoy,Mikedeth
ExplodingBoy,todoesnada
ExplodingBoy,Juadoq
ExplodingBoy,mandita
ExplodingBoy,riveral
ExplodingBoy,dxnzwlx
ExplodingBoy,zaomattz
ExplodingBoy,Shohnny
ExplodingBoy,Syless
ExplodingBoy,sojudesoja
ExplodingBoy,lovetoad
ExplodingBoy,rgilbuetto
ExplodingBoy,Lucretiuz
ExplodingBoy,jodiefoster
ExplodingBoy,shikon_19
ExplodingBoy,311PERCENT
ExplodingBoy,ariesuno
ExplodingBoy,TorresMraPaula
ExplodingBoy,andorev
ExplodingBoy,evaladez
ExplodingBoy,AlejandroGR
ExplodingBoy,crispywarrior
ExplodingBoy,vrizov
ExplodingBoy,no_ser
ExplodingBoy,sebastiankno
ExplodingBoy,JiaoYou
ExplodingBoy,le_samourai_x
ExplodingBoy,JorgR
ExplodingBoy,Alsosprachzara
ExplodingBoy,victorialinares
ExplodingBoy,JhonKarWai
ExplodingBoy,ignaxiu
ExplodingBoy,Cley
ExplodingBoy,khaleidoscopes
ExplodingBoy,nelitudere
ExplodingBoy,hausu
ExplodingBoy,nicolasgiraldo
ExplodingBoy,ElCochran90
ExplodingBoy,labuzamovies
ExplodingBoy,nikp_
ExplodingBoy,Ivanvalenz
ExplodingBoy,wilder_zumaran
ExplodingBoy,gafonsecaa
ExplodingBoy,zeynepinan
ExplodingBoy,cehobarriga
ExplodingBoy,kuda
ExplodingBoy,samskeyti
ExplodingBoy,chuddchutney
ExplodingBoy,Nilmar_souza10
ExplodingBoy,joaovsimoes
ExplodingBoy,baranbozdag
ExplodingBoy,BrunoLD
ExplodingBoy,msicism
ExplodingBoy,LuisContreTous
ExplodingBoy,SarahMcMullanNZ
ExplodingBoy,ahmedabdelsalem
ExplodingBoy,nickwibert
ExplodingBoy,Mettralleta
ExplodingBoy,assivemattack
ExplodingBoy,rainsounds
ExplodingBoy,gemko
ExplodingBoy,Henriquealperes
ExplodingBoy,Kurtz
ExplodingBoy,tllzwotz
ExplodingBoy,mlriudoms
ExplodingBoy,ianfloodgate
ExplodingBoy,crystals
ExplodingBoy,AR90
ExplodingBoy,fredzipfel
ExplodingBoy,jasikedevicius
ExplodingBoy,fuzilfalcao
ExplodingBoy,pdroroma
ExplodingBoy,FilipStolpe
ExplodingBoy,fadhillamutiara
ExplodingBoy,midim
ExplodingBoy,manilazic
ExplodingBoy,1ch0
ExplodingBoy,anitacgoncalves
ExplodingBoy,juanmotoa
ExplodingBoy,alejandrodeci
ExplodingBoy,SimonVV
ExplodingBoy,martinisfather
ExplodingBoy,DanielQuinn
ExplodingBoy,Borninflames
ExplodingBoy,jaimegrijalba
ExplodingBoy,rosiebri23
ExplodingBoy,ChristianSoyYo
ExplodingBoy,Elextranjero
ExplodingBoy,drogaudix
ExplodingBoy,fermondi
ExplodingBoy,MorganaleFay
ExplodingBoy,lostchoi
ExplodingBoy,TrevEnjoysFilm
ExplodingBoy,RachelMyGod
ExplodingBoy,AuroraNocte
ExplodingBoy,joaopedrofaro
ExplodingBoy,Filipe_Furtado
ExplodingBoy,Carla_poa
ExplodingBoy,hllambis
ExplodingBoy,Andersoncaco
ExplodingBoy,Aztek
ExplodingBoy,lilfilm
ExplodingBoy,Mwvyan
ExplodingBoy,alejandros15
ExplodingBoy,sweetcapm
ExplodingBoy,fedr_andrs
ExplodingBoy,Spencew
ExplodingBoy,lxmci
ExplodingBoy,nichedeath
ExplodingBoy,ThoseEyebrows
ExplodingBoy,Ahmed_Maher
ExplodingBoy,zuggazug
ExplodingBoy,plasticocruel
ExplodingBoy,MrZombieEater
ExplodingBoy,mkmoviemaker
ExplodingBoy,mercedescavani
ExplodingBoy,Cinemaadhoc
ExplodingBoy,Adam_Kadmon
ExplodingBoy,liveforfilms
ExplodingBoy,Ninotchka
ExplodingBoy,sate
ExplodingBoy,JessyInChains
ExplodingBoy,caulfieldanna
ExplodingBoy,The_Protagonist
ExplodingBoy,gatoandaluz
ExplodingBoy,francylorena
ExplodingBoy,adrianaaa
ExplodingBoy,cgenro
ExplodingBoy,yousra_b
ExplodingBoy,renanromero
ExplodingBoy,HorrorBuff
ExplodingBoy,moekader
ExplodingBoy,Afracious
ExplodingBoy,gothyjackie
ExplodingBoy,filmmatique
ExplodingBoy,ErickRestrepo
ExplodingBoy,Spartan117
ExplodingBoy,louisholder
ExplodingBoy,honestjon
ExplodingBoy,gdw
ExplodingBoy,Daniel09
ExplodingBoy,felipe1917
ExplodingBoy,Shikhar29
ExplodingBoy,kira_pv
ExplodingBoy,FilmComment
ExplodingBoy,camivipla
ExplodingBoy,Migueldeunamano
ExplodingBoy,Rafzz
ExplodingBoy,checho_esteban
ExplodingBoy,diegoasiro
ExplodingBoy,GonzoPersona
ExplodingBoy,royal_dani
ExplodingBoy,Jeff_mb
ExplodingBoy,ComandanteOso
ExplodingBoy,gregmnewman
manuelsanbai,MabuseCaligari
manuelsanbai,Lobo_Lopez
manuelsanbai,MapaCineLyC
manuelsanbai,Cinepatico
manuelsanbai,topfilmtuiter
manuelsanbai,paloma55
manuelsanbai,Maties_TP
manuelsanbai,josetteandriot
alonsodvt,MarialeBernedo
alonsodvt,adritremp19
alonsodvt,sightsoundmag
alonsodvt,SLUMERICAN
alonsodvt,PietroCalace
alonsodvt,AlCorona
alonsodvt,RK1968
alonsodvt,Marcos_M_Rom
alonsodvt,archivocinecri
alonsodvt,Ankindol_j1
alonsodvt,PaulVecchiali
alonsodvt,ModernCahiers
alonsodvt,kinojibaro
alonsodvt,fuzilfalcao
alonsodvt,quber
alonsodvt,SamuelLaser
alonsodvt,MartialCantarel
alonsodvt,AmaiaZufiaur
alonsodvt,Batty
alonsodvt,AndresTM
alonsodvt,hobbitillo
alonsodvt,DanielQuinn
alonsodvt,Faure
alonsodvt,jjm_24
alonsodvt,marioquema
alonsodvt,Ninotchka
alonsodvt,paloma55
alonsodvt,straubbhuillet
alonsodvt,lund_carson
alonsodvt,Evan_Morgan
alonsodvt,NickNewman
alonsodvt,cmnewland
alonsodvt,NotDaveKehr
alonsodvt,FarranNehme
alonsodvt,InspectorTanner
alonsodvt,dirtylaundri
alonsodvt,nellalou
alonsodvt,earthpigment
alonsodvt,daniela_michelc
alonsodvt,sergio_y_cecy
alonsodvt,Ambulante_AC
alonsodvt,comrade_yui
alonsodvt,ArrowVideo
alonsodvt,pd187
alonsodvt,ficm
alonsodvt,greggerke
alonsodvt,ecuadoriangray
alonsodvt,Isaac98tm
alonsodvt,liber_maiden
alonsodvt,Metrograph
alonsodvt,MartaEstivill
alonsodvt,AleN99
alonsodvt,johnnyantuhap
alonsodvt,skythesheep
alonsodvt,reener
alonsodvt,PaolaParra
alonsodvt,Mishaelito
alonsodvt,zaomattz
alonsodvt,dunes508
alonsodvt,moocean
alonsodvt,Mark_Asch
alonsodvt,pele_alvaro
alonsodvt,xzetaprobe
alonsodvt,__Isi__
alonsodvt,genzai_2
alonsodvt,misterminsoo
alonsodvt,revista_lumiere
alonsodvt,joshuapeinado
alonsodvt,Lolek666
alonsodvt,Silvestrelpv
alonsodvt,AmDehesa
alonsodvt,ComandanteA
alonsodvt,gemko
alonsodvt,israel1916
alonsodvt,MeliGirasoli
alonsodvt,alvySinger_
alonsodvt,tohavenothold
alonsodvt,michelcvg
alonsodvt,GatoCinemaLala
alonsodvt,aindanao
alonsodvt,shvilishvili
alonsodvt,outskirtsmag
alonsodvt,materialghost
alonsodvt,saccard
alonsodvt,felipes
alonsodvt,dannnn21
alonsodvt,Chylpayate
alonsodvt,Communicants
alonsodvt,Newsnayr
alonsodvt,itsnotlynchian
alonsodvt,AvalynWu
alonsodvt,notandrewsarris
alonsodvt,theendofcinema
alonsodvt,zach_nabors
alonsodvt,HAKern
alonsodvt,guillehormigo
alonsodvt,joaquinlozano_
alonsodvt,afields9
alonsodvt,kimchimarx
alonsodvt,thejeremycorbyn
alonsodvt,gusottertrout
alonsodvt,kathrynmedina
alonsodvt,sofv
alonsodvt,ElPejesapo
alonsodvt,pedroavila
alonsodvt,Jettasccio
alonsodvt,KMF
alonsodvt,bjstreu513
alonsodvt,rai98
alonsodvt,C_Hochhaeusler
alonsodvt,jaimelorite
alonsodvt,yoidivichon
alonsodvt,julienparis
alonsodvt,notMarkopoulos
alonsodvt,jockrivette
alonsodvt,DiegoBatlle
alonsodvt,ferraniacolor
alonsodvt,MikelFernando23
alonsodvt,Aleja21
alonsodvt,satinmachine
alonsodvt,Jazztronauta
alonsodvt,marianoviza
alonsodvt,Julieth_Cicua
alonsodvt,Jart21
alonsodvt,kattrushkaa
alonsodvt,Luis_Toriello
alonsodvt,Not_JLAparicio
alonsodvt,GiovSA
alonsodvt,aprabrasil
alonsodvt,ale_piq
alonsodvt,mentecata_
alonsodvt,SebastianMolina
alonsodvt,Filipe_Furtado
alonsodvt,jivanmorales
alonsodvt,paulinacv
alonsodvt,rahv
alonsodvt,brofromanother
alonsodvt,gespindola
alonsodvt,Endika
alonsodvt,francisfcoppola
alonsodvt,cvall96
alonsodvt,wimwenders
alonsodvt,samwm
alonsodvt,irca
alonsodvt,devstarman
alonsodvt,IFFR
alonsodvt,Dana_Kovalchik
alonsodvt,Rta
alonsodvt,michaelmann
alonsodvt,P_G_C
alonsodvt,gurkmanator
alonsodvt,notbenard
alonsodvt,PalomaCabreraY
alonsodvt,pedropz
alonsodvt,udoredoframe
alonsodvt,ferfrias77
alonsodvt,PedroZenteno
alonsodvt,amybluecoast
alonsodvt,notfoco
alonsodvt,grtela
alonsodvt,will_llermo
alonsodvt,Cpj
alonsodvt,manilazic
alonsodvt,bustinduy
alonsodvt,danimal1
alonsodvt,Will_Sloan
alonsodvt,boudu_drowned
alonsodvt,Colin_Maillard
alonsodvt,CineDreaming
alonsodvt,armandoasis
alonsodvt,MarianaCeja
alonsodvt,Hrauda
alonsodvt,Amynavarro
alonsodvt,morikrygel
alonsodvt,dsparis
alonsodvt,labuzamovies
alonsodvt,joaquincatalano
alonsodvt,feridemercury
alonsodvt,KnotTheory
alonsodvt,Medioescritora
alonsodvt,shulie
alonsodvt,MapaCineLyC
alonsodvt,TFF
alonsodvt,mscorsese
alonsodvt,omars23
alonsodvt,Mouchette_23
alonsodvt,irinaboicu
alonsodvt,FilmFestLocarno
alonsodvt,Jacques_Rivette
alonsodvt,mattstrohl99
alonsodvt,sallitt
alonsodvt,BigBrand
alonsodvt,gabromerid
alonsodvt,crbrink
alonsodvt,Vidi
alonsodvt,nochaveznada
alonsodvt,Gnaralie
alonsodvt,dondelillo
alonsodvt,evillights
alonsodvt,ossilubitsch
alonsodvt,BFI
alonsodvt,timeistheking
alonsodvt,MAdrianPL
alonsodvt,Demian666
alonsodvt,danigcjrz
alonsodvt,pagusrendon
alonsodvt,fernandompena
alonsodvt,Cinematofilo
alonsodvt,Ruairi_McCann
alonsodvt,aelitademarte
alonsodvt,karenzgo
alonsodvt,M_Penalosa
alonsodvt,ragua
alonsodvt,Jo_Brennan
alonsodvt,novistenada
alonsodvt,augieinspace
alonsodvt,jlalibs
alonsodvt,IvanZgaib
alonsodvt,savinapetkova
alonsodvt,annagrajales
alonsodvt,paucherep
alonsodvt,NicolasPSetzer
alonsodvt,csmall
alonsodvt,eldeibik
alonsodvt,boris_1992
alonsodvt,Daniel_Torres
alonsodvt,freeztate
alonsodvt,Vitulis
alonsodvt,TomiGuarnaccia
alonsodvt,UnDetective
alonsodvt,topfilmtuiter
alonsodvt,Menas_Jokas
alonsodvt,Miguel_Marias
alonsodvt,jeronimoateho
alonsodvt,lilydroeven
alonsodvt,i717i
alonsodvt,Mat25
alonsodvt,AlanJeffrey
alonsodvt,Lencho_o_t_Apes
alonsodvt,Caosmosis3
alonsodvt,Maties_TP
alonsodvt,AuroraNocte
alonsodvt,MarieBardi
alonsodvt,uryenbg
alonsodvt,Lobo_Lopez
alonsodvt,NeilBahadur
alonsodvt,mattmansfield_
alonsodvt,PezEspada
alonsodvt,screenslate
alonsodvt,sergiodiazo
alonsodvt,LinaVazquez
alonsodvt,voyage1969
alonsodvt,JosephineGloria
alonsodvt,chuckpee
alonsodvt,migblah
alonsodvt,UrbanoJ
alonsodvt,glennkenny
alonsodvt,Mario_Melendez
alonsodvt,chidoguan
alonsodvt,ivanlipkies
alonsodvt,Criterion
alonsodvt,Deme0612
alonsodvt,that_victor
alonsodvt,oscardelatorre
alonsodvt,gritosysusurro
alonsodvt,Alan_Hoffman
alonsodvt,lovetoad
alonsodvt,teresamm64
alonsodvt,victorguimaraes
alonsodvt,mmgarnica
alonsodvt,Diegoceprez
alonsodvt,Mundo7
alonsodvt,ffbnchtt
alonsodvt,_ed1
alonsodvt,Repichas
alonsodvt,Atuc
alonsodvt,xany
alonsodvt,Criticademonica
alonsodvt,Hectorog
alonsodvt,chofischois
alonsodvt,oraleia
alonsodvt,samuel_lagunas
alonsodvt,simulacromag
alonsodvt,DesdeElBosque
alonsodvt,Juanacm
alonsodvt,danielkasman
alonsodvt,rodasons
alonsodvt,ColinLuis
alonsodvt,KareG6
alonsodvt,ateneam
alonsodvt,letempsquipasse
alonsodvt,Estefi_Op
alonsodvt,ValValencia
alonsodvt,JFrankensteiner
alonsodvt,jlrangel
alonsodvt,alerain
alonsodvt,carlatka
alonsodvt,AlonsoAguilar
alonsodvt,nickusen
alonsodvt,FabSantiago
alonsodvt,cesargalicia
alonsodvt,Conchobarre
alonsodvt,k_ferios
alonsodvt,andres96tejeiro
alonsodvt,azulartx
alonsodvt,salvadoramores
alonsodvt,monsenormike
alonsodvt,DanCampos
alonsodvt,Lau_lau
alonsodvt,A_Karerina
alonsodvt,enriquefa86
alonsodvt,Jools8
alonsodvt,Sharely
alonsodvt,dianelatv
alonsodvt,Mumoo
alonsodvt,enriquevazquez_
alonsodvt,AxlFI
alonsodvt,msicism
alonsodvt,ianamurray
alonsodvt,jdcronk
alonsodvt,Astrostic
alonsodvt,miksang
alonsodvt,jrosenbaum2002
alonsodvt,davidehrlich
alonsodvt,RomanRangel
alonsodvt,SolitaryParade
alonsodvt,tidedsued
alonsodvt,FilmLinc
alonsodvt,carlotamosegui
alonsodvt,rodrigogaray
alonsodvt,lilfilm
alonsodvt,Merakoe
alonsodvt,JJNC099
alonsodvt,llamil_mena
alonsodvt,francomos
alonsodvt,macsimiliano
alonsodvt,juesmc
alonsodvt,rhmedia
alonsodvt,BrunnoDuarte
alonsodvt,orlandoserrano
alonsodvt,maferfab17
alonsodvt,Diezmartinez
alonsodvt,JoanTDO
alonsodvt,danii_ardilla
alonsodvt,PennyOliva
alonsodvt,CCCMexico
alonsodvt,guidoac
alonsodvt,FilmComment
alonsodvt,Bilge
alonsodvt,sukiya
alonsodvt,Vieuxcapitaine
alonsodvt,Javier_Cordero
alonsodvt,philosopherouge
alonsodvt,AguilarArturo
alonsodvt,Xofele
alonsodvt,YossaGuz
alonsodvt,sabassbo
alonsodvt,elcastillo
alonsodvt,minimanimu
alonsodvt,andrearendon_
alonsodvt,aboutmonsters
alonsodvt,dlerer
alonsodvt,Occhiolism
xzetaprobe,zapatoconbarro
xzetaprobe,saintless_
xzetaprobe,IsaacPamPam
xzetaprobe,arbulinho
xzetaprobe,Tasabbir
xzetaprobe,lefitzgerald
xzetaprobe,Ahmad5656
xzetaprobe,umbralez
xzetaprobe,kurtzmagazine
xzetaprobe,tomcottey
xzetaprobe,uaxyy
xzetaprobe,chicocorchea
xzetaprobe,jjaassrr
xzetaprobe,Aliyja
xzetaprobe,luxinvariant
xzetaprobe,mairymohcnac
xzetaprobe,M0joJoj0
xzetaprobe,toingaf
xzetaprobe,hongos_cosmicos
xzetaprobe,Pauixitador
xzetaprobe,poderyempresas
xzetaprobe,JosephineGloria
xzetaprobe,postdream
xzetaprobe,vkxe25
xzetaprobe,unkunk
xzetaprobe,girlymagicalboy
xzetaprobe,john_dodge
xzetaprobe,danteminor
xzetaprobe,MaromeroPaez
xzetaprobe,ein_f
xzetaprobe,alonsodvt
xzetaprobe,humanmetro
xzetaprobe,aaisarcigs
xzetaprobe,riosminor
xzetaprobe,metalhorse
xzetaprobe,Mimikkar
xzetaprobe,C_Hochhaeusler
xzetaprobe,Kodoku_sho
xzetaprobe,SiyavashBelmont
xzetaprobe,trafff
xzetaprobe,Jcuevaeliz
xzetaprobe,clairdeterre
xzetaprobe,octoberrookie
xzetaprobe,InfiniteFlicker
xzetaprobe,el_guero_
xzetaprobe,jal90
xzetaprobe,arevsirius
xzetaprobe,DarckRevan
xzetaprobe,californiagrass
xzetaprobe,perrike
xzetaprobe,MaheshMidgeri
xzetaprobe,Shahranwski
xzetaprobe,ElPelifomano
xzetaprobe,AshKarr
xzetaprobe,lblancora
xzetaprobe,ElPejesapo
xzetaprobe,Artheleme
xzetaprobe,sacmersault
xzetaprobe,laylafterglow
xzetaprobe,ecovega_
xzetaprobe,jason99x
xzetaprobe,crustpunk
xzetaprobe,Tunturipollo
xzetaprobe,JesseJalonen
xzetaprobe,marknyc
xzetaprobe,cescuderom
xzetaprobe,pedroaburrido
xzetaprobe,amybluecoast
xzetaprobe,Silverlight
xzetaprobe,Conman5748
xzetaprobe,gloriosoucm
xzetaprobe,AmilcarBoetto
xzetaprobe,fedeberg
xzetaprobe,Sayko_
xzetaprobe,87dance
xzetaprobe,myra77
xzetaprobe,nikofco
xzetaprobe,maggieweee
xzetaprobe,grsmr
xzetaprobe,joritvg
xzetaprobe,EduardoEmmanuel
xzetaprobe,dogstarfran
xzetaprobe,ajiacoo
xzetaprobe,MartialCantarel
xzetaprobe,afields9
xzetaprobe,glumdalclitch
xzetaprobe,regularaugust
xzetaprobe,parraviccini
xzetaprobe,AlaskaF8
xzetaprobe,topfilmtuiter
xzetaprobe,dorribo
xzetaprobe,barrosss
xzetaprobe,jckkz
xzetaprobe,rhiz
xzetaprobe,vincentniek
xzetaprobe,jross
xzetaprobe,shovelt
xzetaprobe,mrzkva
xzetaprobe,TheChowKing
xzetaprobe,muscariaaa
xzetaprobe,Angryangie17
xzetaprobe,Mara_rabinara
xzetaprobe,LuisDaSilvz
xzetaprobe,gabigabigabi2
xzetaprobe,sam_prince
xzetaprobe,stuntgirl88
xzetaprobe,maracharliee
xzetaprobe,godleemarvin
xzetaprobe,dearlyriya
xzetaprobe,Alonsomadronal
xzetaprobe,Bugorski
xzetaprobe,fixedstars
xzetaprobe,EmilianoA2004
xzetaprobe,elifiyuv
xzetaprobe,Dunkielle
xzetaprobe,defkorr
xzetaprobe,alomir
xzetaprobe,lostnoctua
xzetaprobe,deeterjeet
xzetaprobe,filmfiga
xzetaprobe,brendalombaldo
xzetaprobe,MarcBallesteros
xzetaprobe,blackicecube
xzetaprobe,liivws
xzetaprobe,audioshock
xzetaprobe,tarashea
xzetaprobe,Hatethemorning
xzetaprobe,metalera_lesbi
xzetaprobe,NotteAnsia
xzetaprobe,marianoviza
xzetaprobe,Leosr
xzetaprobe,notgonnahappen
xzetaprobe,materialghost
xzetaprobe,mxngeclous
xzetaprobe,Luchadius
xzetaprobe,simulacromag
xzetaprobe,guapomarx
xzetaprobe,ER28_0652_09_86
xzetaprobe,MadalaFR
xzetaprobe,Roveroni
xzetaprobe,Ricoalchimim
xzetaprobe,cinefils
xzetaprobe,outskirtsmag
xzetaprobe,mathth
xzetaprobe,bichoazul
xzetaprobe,matmlo
xzetaprobe,caoscinefilo
xzetaprobe,nilleta4ever
xzetaprobe,maarrrtin
xzetaprobe,sirenaneptuno
xzetaprobe,marctorres
xzetaprobe,kbrinkmann
xzetaprobe,MOTARA
xzetaprobe,gatite
xzetaprobe,alvarobx
xzetaprobe,arturocg93
xzetaprobe,gonzalosoto
xzetaprobe,acalizb
xzetaprobe,MathiasAndersen
xzetaprobe,Ruben0
xzetaprobe,rarefilmsguy
xzetaprobe,MiguelAngel1
xzetaprobe,franbell1316
xzetaprobe,omarobles00
xzetaprobe,DavidManque
xzetaprobe,corduroygos
xzetaprobe,Nellydesu
xzetaprobe,KnotTheory
xzetaprobe,FatChecoD
xzetaprobe,willowtree03
xzetaprobe,kia2
xzetaprobe,Winnd
xzetaprobe,jujeune
xzetaprobe,berefleur
xzetaprobe,le_garra
xzetaprobe,vasilias
xzetaprobe,Lenny_long_legs
xzetaprobe,Cinema2puntocer
xzetaprobe,SetsukosTears
xzetaprobe,LarrySoj
xzetaprobe,Joanacarreira
xzetaprobe,PavoPavete
xzetaprobe,sm_oak_er
xzetaprobe,r0ktim
xzetaprobe,ecuadoriangray
xzetaprobe,capfly
xzetaprobe,witold84
xzetaprobe,raul8pm
xzetaprobe,nocturnalroads
xzetaprobe,rachelbenittez
xzetaprobe,Marcos_M_Rom
xzetaprobe,busquince
xzetaprobe,fractal211
xzetaprobe,ari_be
xzetaprobe,JCGavancho
xzetaprobe,ZofiaHumaj
xzetaprobe,Santiag0o
xzetaprobe,bomarmalady
xzetaprobe,Kai_CKul
xzetaprobe,dogeyeboy
xzetaprobe,danbrowne
xzetaprobe,jangantanya
xzetaprobe,flunkygohard
xzetaprobe,saliettiwestern
xzetaprobe,Nelson_75
xzetaprobe,kasrakarbasi
xzetaprobe,JigDor
xzetaprobe,Carlosgtf21
xzetaprobe,gonrod
xzetaprobe,Rooy
xzetaprobe,Flamenquines
xzetaprobe,AdryaNFL
xzetaprobe,Joe_Y
xzetaprobe,ccnconnell
xzetaprobe,Ramona_A_Stone
xzetaprobe,kaspar_h
xzetaprobe,Tatiana_Gamarra
xzetaprobe,Ariadna_Islas
xzetaprobe,iakidesantos
xzetaprobe,migueldomng
xzetaprobe,roygebive
xzetaprobe,JoseluVS
xzetaprobe,gorkalonso1
xzetaprobe,Batty
xzetaprobe,stilllight
xzetaprobe,Bardamu2024
xzetaprobe,Monstro
xzetaprobe,djekki
xzetaprobe,IrregularNihil
xzetaprobe,tabledogwater
xzetaprobe,Txarito
xzetaprobe,cinamanda
xzetaprobe,GrantTempleton
xzetaprobe,Guille11x
xzetaprobe,ramses_luna
xzetaprobe,daidouji
xzetaprobe,portoss
xzetaprobe,nrvzn
xzetaprobe,_dool
xzetaprobe,EfectoDelia
xzetaprobe,whalenschmalen
xzetaprobe,Ivan_Suarez
xzetaprobe,segun_joselo
xzetaprobe,garciaypico
xzetaprobe,RamiroMatas
xzetaprobe,mozqueda
xzetaprobe,Alejandropolus
xzetaprobe,mariataliachoy
xzetaprobe,vics75
xzetaprobe,munshun
xzetaprobe,genzai_2
xzetaprobe,stephenbroomer
xzetaprobe,thainamaria
xzetaprobe,AilinPaul
xzetaprobe,gmartineza
xzetaprobe,Diegoceprez
xzetaprobe,lanamtotriste
xzetaprobe,ciotog1
xzetaprobe,EdvardCes
xzetaprobe,paloma55
xzetaprobe,fridalin
xzetaprobe,Benjisamazing
xzetaprobe,n11aa
xzetaprobe,alexa405
xzetaprobe,Aramx
xzetaprobe,Mc5
xzetaprobe,nickklxxa
xzetaprobe,DelaineyRae
xzetaprobe,CriticalLemon97
xzetaprobe,ariasterfilm
xzetaprobe,directedbyphia
xzetaprobe,R4Kogoya
xzetaprobe,maczdona
xzetaprobe,ahmed155
xzetaprobe,whozivxn
xzetaprobe,AlexDaShepherd
xzetaprobe,jixsaa
xzetaprobe,josephhagan75
xzetaprobe,augustkeller
xzetaprobe,BrunoStarring
xzetaprobe,francomos
xzetaprobe,alicecc7
xzetaprobe,antolinprieto
xzetaprobe,locloco
xzetaprobe,gokuln
xzetaprobe,bott89
xzetaprobe,GreenArrow777
xzetaprobe,DaleRanger
xzetaprobe,RCParrode
xzetaprobe,JSP9
xzetaprobe,egdolphin
xzetaprobe,jillian_ruz
xzetaprobe,filmasian
xzetaprobe,aindanao
xzetaprobe,ChivasLad
xzetaprobe,mads88
xzetaprobe,acuevas
xzetaprobe,amirss96
xzetaprobe,L3checondensada
xzetaprobe,carlatka
xzetaprobe,littlebirdliv
xzetaprobe,rominatoc
xzetaprobe,cadurmoura
xzetaprobe,valmoz
xzetaprobe,felipezvenegas
xzetaprobe,Antonio92
xzetaprobe,Anyeuh
xzetaprobe,Fery
xzetaprobe,Sheybert
xzetaprobe,Melocotonazo11
xzetaprobe,gomadeborrar_
xzetaprobe,Filipe_Furtado
xzetaprobe,Mehedi_hasan
xzetaprobe,ngastuloladines
xzetaprobe,IFFR
xzetaprobe,fuzilfalcao
xzetaprobe,A_Karerina
xzetaprobe,dianelatv
Mat25,Kropkan
Mat25,jjm_24
Mat25,topfilmtuiter
Mat25,Ivan_Mapi118
Mat25,israel1916
Mat25,marcoaguilar
Mat25,cine_mexicano
Mat25,joseangel_gd
Mat25,leiloqui
Mat25,arrebatx
Mat25,FabSantiago
Mat25,rafaelmtzgarcia
Mat25,olivermayorga
Mat25,loungeymartinis
Mat25,Prieto_boy_2000
Mat25,academiacinemx
Mat25,Makekko
Mat25,xyron
Mat25,_fujur
Mat25,alvareztostado
Mat25,Maties_TP
Mat25,Atuc
Mat25,Repichas
Mat25,TFF
Mat25,mscorsese
Mat25,bnwa
Mat25,Juniper_girl
Mat25,paloma55
Mat25,dianelatv
Mat25,patricioes
Mat25,rai98
Mat25,Mettralleta
Mat25,Criterion
Mat25,crew
Mat25,eldeibik
Mat25,Colin_Maillard
Mat25,ElJuarez68
Mat25,iamjacome
Mat25,Occhiolism
Mat25,cartoo
Mat25,Lobo_Lopez
Mat25,oyefuentes
Mat25,LaCaneli
Mat25,angelicardzm
Mat25,alonsodvt
Mat25,bkrewind
Mat25,DiegoBatlle
Mat25,danielmmantilla
Vareludo,ElCobertizo
Vareludo,Jarsito
Vareludo,genzai_2
Vareludo,trinityss
Vareludo,alvySinger_
Vareludo,RodriManri
Vareludo,paloma55
Vareludo,DanielQuinn
Vareludo,wingseed
Vareludo,Klepshydra
Vareludo,portoss
Vareludo,mateomg12
Vareludo,Rdosdedos
Vareludo,alaneitor
Vareludo,Batty
Vareludo,santosnem13
Vareludo,Abu222
Vareludo,Mann_Ohne_Namen
Vareludo,hobbitillo
Vareludo,Ninotchka
Vareludo,Puchinha
Vareludo,franotero
Vareludo,RachelMyGod
Vareludo,straubbhuillet
Vareludo,FrancoRizzo
Vareludo,utges
Vareludo,Pauixitador
Vareludo,kikujiro
Vareludo,LMRN
Vareludo,Colin_Maillard
Vareludo,Isaac98tm
Vareludo,Daviidro98
Vareludo,1999_sohu
Vareludo,jal90
Vareludo,falgarin
Vareludo,topfilmtuiter
Vareludo,ikanonakis
Vareludo,jarode
Vareludo,tystnaden
Vareludo,Rom7
Vareludo,_fanecabrava_
Vareludo,JC_Monteiro
Vareludo,srtabelivet
Vareludo,sratlantico
Vareludo,Faure
Vareludo,mmgarnica
Vareludo,Ciglesiaslosada
Vareludo,Aron98
Vareludo,Travis76
Vareludo,uryenbg
Vareludo,timeistheking
Vareludo,jjm_24
Vareludo,violetaraykuaza
Vareludo,AdrianVieitez
Vareludo,NateFisher
Vareludo,guillehormigo
Vareludo,NeilBahadur
Vareludo,noguris
Vareludo,Rikireview007
Vareludo,Thomkeaton
Vareludo,notbenard
Vareludo,JoN_TeN
Vareludo,Ferreteiro
Vareludo,pele_alvaro
Vareludo,Maties_TP
Vareludo,saraarjones
Vareludo,LukeZoso
Vareludo,SalvaPe
Vareludo,MDLT
Vareludo,igortxu
Vareludo,migblah
Vareludo,daninovoa
Vareludo,Fresita69
Vareludo,therockenbici
Vareludo,will_llermo
Vareludo,Daxter2000
Vareludo,quantum_albo
Vareludo,brnrdzzz
Vareludo,Jullpz
Vareludo,Vicioinherente
Vareludo,BeaFdz
Vareludo,Miguel_Marias
Vareludo,PARRAKIMICHI
Vareludo,agawar
Vareludo,helios1321
Vareludo,miguelglyz
marioquema,cucaraxet
marioquema,Ivan_Suarez
marioquema,guxiguxi
marioquema,Faure
marioquema,anaybarrad
marioquema,alvySinger_
marioquema,iriscyta
marioquema,robeacero1
marioquema,cesarandrz
marioquema,Ankindol_j1
marioquema,Jarsito
marioquema,Sarita90
marioquema,stalker98
marioquema,makimono_cine
marioquema,pele_alvaro
marioquema,delamano
marioquema,Simonsds
marioquema,Mann_Ohne_Namen
marioquema,StarcoVision
marioquema,paloma55
marioquema,bergmantonioni
marioquema,topfilmtuiter
marioquema,_alvarocampoy_
marioquema,guillehormigo
marioquema,BadLuckCharls
marioquema,Kosti
marioquema,peybol94
marioquema,gabiifp15
marioquema,Jarrete320
marioquema,ReneFlowers
marioquema,stephenlarsson
marioquema,Cagewho
marioquema,onavmar
marioquema,will_llermo
marioquema,KennyLee
marioquema,suite1717
marioquema,migblah
marioquema,fer1705
marioquema,alessandra_kr
marioquema,carlapbenitez
marioquema,DionarHD
marioquema,direrocker
marioquema,Eloisa94
marioquema,VistoR
marioquema,Danilugoce
marioquema,tolonjay
marioquema,Vicioinherente
marioquema,charlyr2d2
marioquema,living_reminder
marioquema,wilhelmve
marioquema,JonSanSK8
marioquema,rodrifdmdz
marioquema,FTAwards_CHCT
marioquema,Cinematictalk
marioquema,Pewey
marioquema,italo_medelg
marioquema,kaarlenberg
marioquema,AdrianVieitez
marioquema,Selasor
marioquema,Seba_roar_
marioquema,NoneXIV
marioquema,NachoH
marioquema,carlostagarro99
marioquema,Meleth
marioquema,subsahaaron
marioquema,CopydeCopy
marioquema,aitorgallego16
marioquema,artplusmind1
marioquema,Bishop7986
marioquema,abator
marioquema,Fitts
marioquema,alex8ymedio
marioquema,iamyeeezus
marioquema,lilfilm
marioquema,chinemusic
marioquema,mulholllandrive
marioquema,Todd_Gaines
marioquema,RadioactiveJawa
marioquema,davidehrlich
marioquema,Pablofluiters
marioquema,Dani1Medina
marioquema,nauzetmelian
marioquema,doctorindy
FabioVG,official
FabioVG,SergioCamello
FabioVG,cp_alexandros
FabioVG,dcruzz99
FabioVG,atgigi
FabioVG,Miguel_Marias
FabioVG,AimeeVMB
FabioVG,tedsmovies
FabioVG,itscharlibb
FabioVG,broke_myfredo
FabioVG,KMF
FabioVG,topfilmtuiter
FabioVG,paloma55
FabioVG,999calorias
FabioVG,annach0nic
FabioVG,tonyllo
FabioVG,beatriz1202
FabioVG,davidehrlich
FabioVG,antropimal
FabioVG,ElCochran90
FabioVG,gaby13
FabioVG,jjm_24
FabioVG,sebas__
FabioVG,PedroJLB
FabioVG,darioreyes10
FabioVG,dylantmz
FabioVG,Smer
FabioVG,crew
FabioVG,al98_67
FabioVG,in3sdbv
FabioVG,LucasC7575
FabioVG,amycabrerav
FabioVG,nattiehdz
FabioVG,rachelbenittez
FabioVG,Marcos_M_Rom
FabioVG,paulschradernot
FabioVG,Orlando_Mora
FabioVG,Aaaalf
FabioVG,leoama2r
FabioVG,Marilla___
FabioVG,francisfcoppola
FabioVG,lilfilm
FabioVG,mscorsese
FabioVG,michaelmann
FabioVG,wimwenders
FabioVG,kylemaclachlan_
FabioVG,CallMeMrsCamus
FabioVG,morffezzz
FabioVG,shylatorres
FabioVG,Mary_0303
FabioVG,Ali_Xiques
FabioVG,Terreneitor2000
FabioVG,miakhalifa93
FabioVG,mannahatta
FabioVG,elasblue
FabioVG,ceciliacisneros
FabioVG,Ajela
FabioVG,kennyshm
FabioVG,MickeyKnox_
FabioVG,_isellita
FabioVG,EfectoDelia
FabioVG,_lessnape_
FabioVG,loreclau
FabioVG,LeonRR97
FabioVG,AykePereza
FabioVG,carlos_javierv
FabioVG,gabeto_x_street
FabioVG,diego_muro
FabioVG,yieibi
FabioVG,sev7n98
FabioVG,apaulinea
FabioVG,Liany
FabioVG,theberserk
FabioVG,nikolito
FabioVG,Anti_gona
FabioVG,Arm979
FabioVG,diputado
FabioVG,Jafet_Angulo
FabioVG,ErisMar
FabioVG,Shxzzer
FabioVG,TommyRaddatz
FabioVG,solenisa
FabioVG,NestorDlaVi
FabioVG,porcelainpearl
FabioVG,IKivary
FabioVG,francella
FabioVG,ggalvanr
FabioVG,CamiloMRT
FabioVG,teexander
FabioVG,TonatiuhAyax
FabioVG,Enzocg
FabioVG,Alberto_Barrera
FabioVG,jonrivero
FabioVG,Mikescott1998
FabioVG,Kevin_Jane
FabioVG,josep_cu
FabioVG,MadeInThe90s
FabioVG,cubancinema
pele_alvaro,curuxa
pele_alvaro,elenacorbi
pele_alvaro,chicocorchea
pele_alvaro,s4rafernandez
pele_alvaro,PJOut
pele_alvaro,cuerpoxceleste
pele_alvaro,berto96
pele_alvaro,adrianst7
pele_alvaro,NeoSxrpiente
pele_alvaro,silv2
pele_alvaro,simgarmal
pele_alvaro,migrms
pele_alvaro,alonsodvt
pele_alvaro,inesdevicente
pele_alvaro,notfoco
pele_alvaro,fcinemateca
pele_alvaro,revista_lumiere
pele_alvaro,Candelamiraz
pele_alvaro,RafaNasal
pele_alvaro,equidistanta
pele_alvaro,antiaa__
pele_alvaro,eeevviii
pele_alvaro,vfaaaa
pele_alvaro,albalpzz2
pele_alvaro,xoelllpzzz_28
pele_alvaro,Mauricos
pele_alvaro,Filipe_Furtado
pele_alvaro,saravalledor
pele_alvaro,bruno_arias
pele_alvaro,gaychujang
pele_alvaro,anadiplose_
pele_alvaro,NandoAFI
pele_alvaro,LaSolucion
pele_alvaro,luuciiaavg_
pele_alvaro,papayita1
pele_alvaro,leivass
pele_alvaro,caarmenmato
pele_alvaro,manugra6
pele_alvaro,Irea
pele_alvaro,tinch0
pele_alvaro,gonzalez1917
pele_alvaro,andresgl
pele_alvaro,nachoalvarezgl
pele_alvaro,xabeleiva
pele_alvaro,machecine
pele_alvaro,MrFirefox
pele_alvaro,miguiagarel
pele_alvaro,AminVillalba
pele_alvaro,naoglauber
pele_alvaro,lucaasmartinez
pele_alvaro,ranielaraniela
pele_alvaro,sinycoschcachin
pele_alvaro,lobo_lamour
pele_alvaro,sararariruss
pele_alvaro,P_G_C
pele_alvaro,cibran
pele_alvaro,rolinhoo
pele_alvaro,paulapiu
pele_alvaro,mtoscano
pele_alvaro,Tristan_____
pele_alvaro,0y3siri
pele_alvaro,ainsaxd
pele_alvaro,Haxart
pele_alvaro,ezequiel2517
pele_alvaro,asegurado
pele_alvaro,firletes
pele_alvaro,velocitatrix
pele_alvaro,sinsol
pele_alvaro,mattegrb
pele_alvaro,VicenteMonroy
pele_alvaro,felgmzz
pele_alvaro,lauracgens
pele_alvaro,MLopezGolan
pele_alvaro,jlorenzo
pele_alvaro,genzai_2
pele_alvaro,canosa9910
pele_alvaro,thomas_garo
pele_alvaro,PBC1917
pele_alvaro,saanta_mariaa
pele_alvaro,vvvhannah
pele_alvaro,Paula_Arantzazu
pele_alvaro,ciberdario
pele_alvaro,Khunv
pele_alvaro,cestinajero
pele_alvaro,mollychild
pele_alvaro,sivil
pele_alvaro,albacestmoi
pele_alvaro,albagferrin
pele_alvaro,despeiteada
pele_alvaro,sbantiago
pele_alvaro,CondeKaji
pele_alvaro,mbuxan
pele_alvaro,migueldomng
pele_alvaro,Glorfindel7567
pele_alvaro,Bastardaco
pele_alvaro,elbruzas
pele_alvaro,asterluz
pele_alvaro,sofritofrito
pele_alvaro,luckthing
pele_alvaro,ishwi
pele_alvaro,_sanml
pele_alvaro,alantembleque
pele_alvaro,LeTommy
pele_alvaro,hegelmanda
pele_alvaro,bea_bbm
pele_alvaro,elsofacama
pele_alvaro,marpacificos
pele_alvaro,kndel_01
pele_alvaro,mymoongold
pele_alvaro,Padimo02
pele_alvaro,martinsalernx
pele_alvaro,fish_inn
pele_alvaro,liia
pele_alvaro,piscis
pele_alvaro,MiguelRoman
pele_alvaro,isaacsoscar
pele_alvaro,JuanGL001
pele_alvaro,literalquien69
pele_alvaro,eusinmais
pele_alvaro,muyrgheal
pele_alvaro,nataliabzp
pele_alvaro,mariamoran
pele_alvaro,EloyG8
pele_alvaro,luflies
pele_alvaro,morote
pele_alvaro,AlbaPastor
pele_alvaro,_Carlos_
pele_alvaro,diegoguada
pele_alvaro,JoanPamiesLl
pele_alvaro,xoaninha
pele_alvaro,andre_bazin_
pele_alvaro,luc_moullet
pele_alvaro,ericrohmer_
pele_alvaro,franco_truffaut
pele_alvaro,jacquesrivette_
pele_alvaro,MapaCineLyC
pele_alvaro,Klepshydra
pele_alvaro,mllvfrp
pele_alvaro,marmtrdz
pele_alvaro,Inescraya
pele_alvaro,AnxoBugarin
pele_alvaro,xosebrum
pele_alvaro,bibibergman
pele_alvaro,marctorres
pele_alvaro,aeronaveadolesc
pele_alvaro,carmi
pele_alvaro,saudaddy_
pele_alvaro,DasFP
pele_alvaro,paloma55
pele_alvaro,rebeasdf
pele_alvaro,NoaC
pele_alvaro,ilkevcl
pele_alvaro,izabellaxd
pele_alvaro,ariadnasc
pele_alvaro,jeanluc_godard
pele_alvaro,Jacques_Rivette
pele_alvaro,zombivirtual
pele_alvaro,xoanalopez
pele_alvaro,AmaiaZufiaur
pele_alvaro,Nazare
pele_alvaro,Caandamo
pele_alvaro,jaimelorite
pele_alvaro,falgarin
pele_alvaro,MabuseCaligari
pele_alvaro,nichedeath
pele_alvaro,AndresTM
pele_alvaro,makimono_cine
pele_alvaro,marioquema
pele_alvaro,paulapintoff
pele_alvaro,carmenarcos
pele_alvaro,tazdukla
pele_alvaro,raqueldff
pele_alvaro,pepitololin
pele_alvaro,Ivan_Suarez
pele_alvaro,tanzedub
pele_alvaro,marialouzan
pele_alvaro,paulavieitez
pele_alvaro,Colin_Maillard
pele_alvaro,MateoCU
pele_alvaro,Manuel_Asin
pele_alvaro,Dani1Medina
pele_alvaro,masmariansita
pele_alvaro,blackpineapple
pele_alvaro,Yukasai
pele_alvaro,eadeeva
pele_alvaro,topfilmtuiter
pele_alvaro,MarioIglesias
pele_alvaro,violetaraykuaza
pele_alvaro,eleruelo
pele_alvaro,bergmantonioni
pele_alvaro,Jarsito
pele_alvaro,Vitulis
pele_alvaro,Rdosdedos
pele_alvaro,lsaturn
pele_alvaro,sprietoc
pele_alvaro,nargual
pele_alvaro,Daviidro98
pele_alvaro,Martinaevaeva
pele_alvaro,saracarrera
pele_alvaro,breogan_xague
pele_alvaro,sabalde
pele_alvaro,timeistheking
pele_alvaro,pablofdezperez
pele_alvaro,ikanonakis
pele_alvaro,Anastasia28
pele_alvaro,josanjosan
pele_alvaro,straubbhuillet
pele_alvaro,eze1986
pele_alvaro,MyluPorta
pele_alvaro,albertsyco_
pele_alvaro,alpargatagazer
pele_alvaro,xosemfdez
pele_alvaro,Pauixitador
pele_alvaro,DiegoH2000
pele_alvaro,hobbitillo
pele_alvaro,Blackcoffee
pele_alvaro,labaru
pele_alvaro,JC_Monteiro
pele_alvaro,bustinduy
pele_alvaro,Not_JesusCortes
pele_alvaro,apelelistas
pele_alvaro,SalvaPe
pele_alvaro,AndreuMarves
pele_alvaro,Melocotonazo11
pele_alvaro,Jadzcor
pele_alvaro,tania19
pele_alvaro,samuelgrem
pele_alvaro,notTagGallagher
pele_alvaro,pkmorla
pele_alvaro,UnDetective
pele_alvaro,AlejandroGR
pele_alvaro,davidmd
pele_alvaro,Leguroz
pele_alvaro,alecxps
pele_alvaro,uwugorka
pele_alvaro,Nanita
pele_alvaro,UrbanoJ
pele_alvaro,julianglezg
pele_alvaro,efebatlle
pele_alvaro,igortxu
pele_alvaro,albertobalsam
pele_alvaro,irca
pele_alvaro,sratlantico
pele_alvaro,utges
pele_alvaro,Carlos_
pele_alvaro,Encar
pele_alvaro,DaveCooper
pele_alvaro,DIOchino
pele_alvaro,NeilBahadur
pele_alvaro,A_Karerina
pele_alvaro,asm5sgr
pele_alvaro,ExplodingBoy
pele_alvaro,FvLluis
pele_alvaro,CardenalHerrera
pele_alvaro,albagargantilla
pele_alvaro,msgatsby
pele_alvaro,Spoorloos
pele_alvaro,jjm_24
pele_alvaro,Muirguen
pele_alvaro,Irati
pele_alvaro,benotti
pele_alvaro,deborahgsm
pele_alvaro,Vicioinherente
pele_alvaro,guillehormigo
pele_alvaro,al1997
pele_alvaro,SrUlloa
pele_alvaro,turbochavala
pele_alvaro,martamagotchi
pele_alvaro,Adam_Kadmon
pele_alvaro,notbenard
pele_alvaro,carlatka
pele_alvaro,Ruben0
pele_alvaro,novistenada
pele_alvaro,Daniblacksmoke
pele_alvaro,rafaqc97
pele_alvaro,Maties_TP
pele_alvaro,srtabelivet
pele_alvaro,korin
pele_alvaro,Vareludo
pele_alvaro,tystnaden
pele_alvaro,drogaudix
pele_alvaro,gonzaloalper
pele_alvaro,Puchinha
pele_alvaro,slayerkinney
pele_alvaro,Javchas
pele_alvaro,Ninotchka
pele_alvaro,Diegoceprez
pele_alvaro,albertcd17
pele_alvaro,lysduval
pele_alvaro,AdrianVieitez
pele_alvaro,copticlight
pele_alvaro,letempsquipasse
pele_alvaro,Jimix
pele_alvaro,uryenbg
pele_alvaro,SimonVV
pele_alvaro,PezEspada
pele_alvaro,Francis87
pele_alvaro,BeaFdz
pele_alvaro,miguelglyz
pele_alvaro,IvanMiguez
pele_alvaro,soymiri
pele_alvaro,guilledc
pele_alvaro,mpinkfloyd
pele_alvaro,Miguel_Marias
pele_alvaro,antares_not
pele_alvaro,Siroguh
pele_alvaro,Faure
pele_alvaro,eamcinema
pele_alvaro,synthemesco
pele_alvaro,1999_sohu
pele_alvaro,juanchomntr
pele_alvaro,itsmerocio
pele_alvaro,Mann_Ohne_Namen
pele_alvaro,RachelMyGod
pele_alvaro,will_llermo
pele_alvaro,Isaac98tm
pele_alvaro,mrtoldo
pele_alvaro,Travis76
pele_alvaro,Adrio
pele_alvaro,alvySinger_
pele_alvaro,MiguelMSH
pele_alvaro,mmgarnica
pele_alvaro,DanielEscaners
pele_alvaro,Batty
pele_alvaro,martaganza
pele_alvaro,nesetel
pele_alvaro,Martincuesta
pele_alvaro,ndeignacio
pele_alvaro,habia_rabia
pele_alvaro,Thomkeaton
pele_alvaro,AuroraNocte
pele_alvaro,luiscalles9
pele_alvaro,Lobo_Lopez
pele_alvaro,CarlosRevi
pele_alvaro,migblah
pele_alvaro,Isart
pele_alvaro,Chozismo
pele_alvaro,acalacedo
pele_alvaro,Colmener
pele_alvaro,laragundin
pele_alvaro,jorgepm91
pele_alvaro,DanielQuinn
pele_alvaro,davidpardi97
heelena9,zachmwix
heelena9,nilleta4ever
heelena9,will_llermo
heelena9,Marcos_M_Rom
heelena9,jjm_24
heelena9,EloyG8
heelena9,paloma55
heelena9,topfilmtuiter
heelena9,TomReviewsFilmz
heelena9,mapus_sytaste
heelena9,hetchy
heelena9,tevanglism
heelena9,Imberetumbra
heelena9,OsoAmargado
heelena9,AulaCineUCO
heelena9,derosaslagrimas
heelena9,LoloFrieza
heelena9,katya_zamo
heelena9,Juanka_rs
heelena9,ivancohe
heelena9,claudiacst
heelena9,Air_Fryer_
heelena9,Uve54
heelena9,avvvena
heelena9,FJ_GM_cinema_04
heelena9,IVANVIU
heelena9,guillemfgx
heelena9,cinamoongrl
heelena9,TheLordOfWine
heelena9,Danse_
heelena9,dogemainkra
heelena9,crisjm
heelena9,katerinakontog
heelena9,crucifixd
heelena9,ManisMyName
heelena9,aogur0ihysteria
heelena9,stefania22
heelena9,kylemaclachlan_
heelena9,KayBunga
heelena9,barbiqiu
heelena9,lauraaldc
heelena9,josezenin
heelena9,la_amy_caro
heelena9,pakkkkkka
heelena9,Jorge_Trece
heelena9,negratomatera
heelena9,MarcNev
heelena9,lusofer
heelena9,alvasmata
heelena9,genzai_2
heelena9,mscorsese
heelena9,gleefantic
heelena9,girlactress
heelena9,oberal
heelena9,taniaturner
heelena9,Alaitz
heelena9,naradlpozo
heelena9,moyito
heelena9,Miquel_PDH
heelena9,Juanky97
AlbertoMilano,aileoN2000
AlbertoMilano,ClaudiaHC02
AlbertoMilano,MagnificoManto
AlbertoMilano,Damnitsandrew
AlbertoMilano,CeliaMora
AlbertoMilano,jorgeosso
AlbertoMilano,paloma55
AlbertoMilano,SaraOniria
AlbertoMilano,Tilonorinco
AlbertoMilano,lsett
AlbertoMilano,dekan_flm
AlbertoMilano,carool_1003
AlbertoMilano,andrescarpiio
AlbertoMilano,irenekava
AlbertoMilano,tuberculosis00
AlbertoMilano,topfilmtuiter
AlbertoMilano,Liaa99
AlbertoMilano,Kurcius
AlbertoMilano,pabloqc
AlbertoMilano,JMaquiavello
AlbertoMilano,clarasuno
AlbertoMilano,alvarocc97
AlbertoMilano,Harzac
AlbertoMilano,Almudaina
AlbertoMilano,SergioGregorio
AlbertoMilano,rafaqc97
AlbertoMilano,jjm_24
Paula_Arantzazu,Film_Ideal
Paula_Arantzazu,Cloesinhache
Paula_Arantzazu,lecinemaclub
Paula_Arantzazu,ElCobertizo
Paula_Arantzazu,absiched
Paula_Arantzazu,amanda629
Paula_Arantzazu,atalante_cinema
Paula_Arantzazu,Spoorloos
Paula_Arantzazu,Endika
Paula_Arantzazu,eamcinema
Paula_Arantzazu,juanmaruizp
Paula_Arantzazu,CineDreaming
Paula_Arantzazu,SEMINCI
Paula_Arantzazu,__Isi__
Paula_Arantzazu,Filmandera
Paula_Arantzazu,Systematicer
Paula_Arantzazu,cinematecapt
Paula_Arantzazu,revista_lumiere
Paula_Arantzazu,JavierJValencia
Paula_Arantzazu,Reborivera
Paula_Arantzazu,pauladeamigos
Paula_Arantzazu,Glorfindel7567
Paula_Arantzazu,Chulita
Paula_Arantzazu,cinemaritrovato
Paula_Arantzazu,Guarner
Paula_Arantzazu,mtoscano
Paula_Arantzazu,Rdosdedos
Paula_Arantzazu,MaboroshiMirage
Paula_Arantzazu,festival_cannes
Paula_Arantzazu,elaguainmovil
Paula_Arantzazu,garloso
Paula_Arantzazu,lilfilm
Paula_Arantzazu,ricard_mamblona
Paula_Arantzazu,davidmd
Paula_Arantzazu,pele_alvaro
Paula_Arantzazu,FilmotecaCat
Paula_Arantzazu,CinemathequeFR
Paula_Arantzazu,MarinaQ
Paula_Arantzazu,Andres_Sorokin
Paula_Arantzazu,cjcinema
Paula_Arantzazu,luciarormero
Paula_Arantzazu,poluxlisbon
Paula_Arantzazu,paulschradernot
Paula_Arantzazu,michaelmann
Paula_Arantzazu,sunsetelsa
Paula_Arantzazu,santialveru
Paula_Arantzazu,MoMAFilm
Paula_Arantzazu,xosemfdez
Paula_Arantzazu,Abu222
Paula_Arantzazu,AntonioMagnolia
Paula_Arantzazu,fabregatto
Paula_Arantzazu,pablo_iv
Paula_Arantzazu,XaviRoca66
Paula_Arantzazu,Lavigne1967
Paula_Arantzazu,sgila
Paula_Arantzazu,flabernardez
Paula_Arantzazu,jrosenbaum2002
Paula_Arantzazu,mscorsese
Paula_Arantzazu,pepablanes
Paula_Arantzazu,Tensin
Paula_Arantzazu,Fran_Abandonad
Paula_Arantzazu,tomhansen
Paula_Arantzazu,Jacques_Rivette
Paula_Arantzazu,nadiabronte
Paula_Arantzazu,ESCAC_
Paula_Arantzazu,raizdevaleriana
Paula_Arantzazu,DianaXebe
Paula_Arantzazu,TFF
Paula_Arantzazu,xabieralonso
Paula_Arantzazu,Colmener
Paula_Arantzazu,hr_baehr
Paula_Arantzazu,ExplodingBoy
Paula_Arantzazu,Colin_Maillard
Paula_Arantzazu,rodasons
Paula_Arantzazu,jal90
Paula_Arantzazu,Ivan_Suarez
Paula_Arantzazu,bookofchimeras
Paula_Arantzazu,elsaes
Paula_Arantzazu,PJPOVEDA
Paula_Arantzazu,bandsaboutmovie
Paula_Arantzazu,maneldominguez
Paula_Arantzazu,martaarmengou
Paula_Arantzazu,anicate
Paula_Arantzazu,guxiguxi
Paula_Arantzazu,Umbracle
Paula_Arantzazu,Piotrr
Paula_Arantzazu,xcascantex
Paula_Arantzazu,msicism
Paula_Arantzazu,JMGonzalez
Paula_Arantzazu,rosana_h
Paula_Arantzazu,devuelta
Paula_Arantzazu,laaventuracine
Paula_Arantzazu,ivanconte
Paula_Arantzazu,tjp03
Paula_Arantzazu,oyejuan
Paula_Arantzazu,silentvalerio
Paula_Arantzazu,IFFR
Paula_Arantzazu,FilmLinc
Paula_Arantzazu,Criterion
Paula_Arantzazu,BFI
Paula_Arantzazu,collabjapan
Paula_Arantzazu,Kahlua_John
Paula_Arantzazu,jross
Paula_Arantzazu,mrtoldo
Paula_Arantzazu,Miguel_Marias
Paula_Arantzazu,partaura
Paula_Arantzazu,atolladero
Paula_Arantzazu,dafilmfestival
Paula_Arantzazu,edissa
Paula_Arantzazu,caoscinefilo
Paula_Arantzazu,ezequiel2517
Paula_Arantzazu,ikanonakis
Paula_Arantzazu,dafnethais
Paula_Arantzazu,topfilmtuiter
Juanky97,jal90
Juanky97,skieser
Juanky97,apricitydrea
Juanky97,ttodayissunny
Juanky97,mariasangalli
Juanky97,emmaclaudette
Juanky97,jasikedevicius
Juanky97,MarioIglesias
Juanky97,Filmestock
Juanky97,gabsldd
Juanky97,Kuri04
Juanky97,Warlock347
Juanky97,cherryontop999
Juanky97,elgwi
Juanky97,bibibergman
Juanky97,quenolisaqueno
Juanky97,santos3002141
Juanky97,Miguelitross
Juanky97,melynaxxo
Juanky97,ChicoOstra57
Juanky97,alettheia
Juanky97,A_Karerina
Juanky97,climax_yes
Juanky97,JuleeFloating
Juanky97,Vera_Amat
Juanky97,AdrianVieitez
Juanky97,TarkovskyWorld
Juanky97,Cartace
Juanky97,ZaraBane
Juanky97,Slintt
Juanky97,Steinbruno
Juanky97,mon_fsr
Juanky97,hdmi333
Juanky97,alfoonsso
Juanky97,TaeSuk
Juanky97,ezequiel2517
Juanky97,FilmCanet
Juanky97,gorkalonso1
Juanky97,Imberetumbra
Juanky97,OsoAmargado
Juanky97,shookone
Juanky97,Hildy_Johnson_
Juanky97,AulaCineUCO
Juanky97,nataenbutaca
Juanky97,will_llermo
Juanky97,Elenasomething
Juanky97,DoranMartell
Juanky97,The_horrorlove
Juanky97,luxiecated
Juanky97,carmenlunaa
Juanky97,carlottasanz
Juanky97,juanjocerero
Juanky97,mhm8
Juanky97,Hirominatsume19
Juanky97,SayTheTitle
Juanky97,k_atia
Juanky97,paunovak
Juanky97,elenadiaz_01
Juanky97,vikaaxsh
Juanky97,Marcos_M_Rom
Juanky97,Bernatus
Juanky97,Eneak
Juanky97,emeku11
Juanky97,pakkkkkka
Juanky97,TheJohnDemetry
Juanky97,BenPatten02
Juanky97,comrade_yui
Juanky97,aixa72
Juanky97,EfectoDelia
Juanky97,NeilBahadur
Juanky97,Colin_Maillard
Juanky97,Faure
Juanky97,Paula_Arantzazu
Juanky97,edgarfaber
Juanky97,itsmerocio
Juanky97,Air_Fryer_
Juanky97,AndresTM
Juanky97,marioquema
Juanky97,jjm_24
Juanky97,EloyG8
Juanky97,DanielQuinn
Juanky97,Batty
Juanky97,lidiawright
Juanky97,Carli94
Juanky97,WBurnneck
Juanky97,claveriamiguel
Juanky97,iiraa
Juanky97,Sotocu
Juanky97,Corrdobaaa
Juanky97,bapstarzz
Juanky97,marinaam696
Juanky97,topfilmtuiter
Juanky97,_jvs05
Juanky97,ElissaApocalypt
Juanky97,DonFome
Juanky97,bettyty
Juanky97,DancerInTheDar
Juanky97,hemorragia
Juanky97,zzzmary
Juanky97,Alvaromm00
Juanky97,FJ_GM_cinema_04
Juanky97,idkcrxs
Juanky97,celiakiwilliams
Juanky97,AndreNDR
Juanky97,luispad
Juanky97,CRRNQUE
Juanky97,amargadaaaaaa
Juanky97,retabloo
Juanky97,peterriviera
Juanky97,jcordoba
Juanky97,Manex_mf
Juanky97,SEez112
Juanky97,nereidaa
Juanky97,francisfcoppola
Juanky97,gbaquerofilms
Juanky97,Danse_
Juanky97,akerwoman
Juanky97,guillemfgx
Juanky97,ladyglesia
Juanky97,lusofer
Juanky97,barbiqiu
Juanky97,la_amy_caro
Juanky97,dogemainkra
Juanky97,guimartins
Juanky97,alexavilao
Juanky97,paloma55
Juanky97,minvarp
Juanky97,SofinesG
Juanky97,gvstlsh
Juanky97,SilentDawn
Juanky97,ibrahim_mitjans
Juanky97,LouisDeCyphre
Juanky97,Mies_Croto
Juanky97,Nmcay
Juanky97,InfiniteLoop88
Juanky97,lauvalya
Juanky97,Marcela_
Juanky97,juankenobi
Juanky97,derosaslagrimas
Juanky97,diavolik
Juanky97,zenxiu
Juanky97,Enei
Juanky97,DaleUnBeso
Juanky97,mscorsese
Juanky97,kylemaclachlan_
Juanky97,cborrallx
Juanky97,abcdawn
Juanky97,musikdramen
Juanky97,boleros
Juanky97,e1000ia
Juanky97,Laeliusss
Juanky97,sarahpereiraa
Juanky97,juanom5
Juanky97,LasMarianas
Juanky97,CinoscaRarities
Juanky97,pomadita
Juanky97,Cineastacabron
Juanky97,LoloFrieza
Juanky97,Ire_land
Juanky97,nauzetmelian
Juanky97,bernax16
Juanky97,patosinfiltrar
Juanky97,WlRED_
Juanky97,marcmartinezc
Juanky97,gnosisi
Juanky97,liinowo
Juanky97,marnotratstvo
Juanky97,laloquiralte
Juanky97,Jjdbs03
Juanky97,The_Kenny
Juanky97,yarkov
Juanky97,Paulface30
Juanky97,sergiortt3
Juanky97,jordan666x
Juanky97,Attesitoo
Juanky97,DaniBena20
Juanky97,Rutgerus86
Juanky97,mjkmiguel
Juanky97,sbantiago
Juanky97,TheWriter
Juanky97,Lerele
Juanky97,Uve54
Juanky97,juanito_opio
Juanky97,Henshin_25
Juanky97,IVANVIU
Juanky97,JonSanSK8
Juanky97,Bocadillodelomo
Juanky97,Kleiven
Juanky97,genzai_2
Juanky97,S3b4st14h
Juanky97,Dz1ga
Juanky97,trieri4
Juanky97,oberal
Juanky97,migblah
Juanky97,seblimon
Juanky97,robeg4llardo
Juanky97,14ura
Juanky97,AberrantGhoul
Juanky97,Kalarular
Juanky97,beetleboy11
Juanky97,Sandy
Juanky97,Alaitz
Juanky97,atopepaco
Juanky97,naradlpozo
Juanky97,alegencaz
Juanky97,Alberto1804
Juanky97,hadrilara
Juanky97,lifeasfiction
Juanky97,s0lanin
Juanky97,dessvelvet
Juanky97,Miquel_PDH
Juanky97,Gladus2
Juanky97,mary_310
Juanky97,ScreeningNotes
Juanky97,EjlersenDK
Juanky97,moyito
Juanky97,taniaturner
Juanky97,emehachero_
Juanky97,Albertocoxk
Juanky97,heelena9
Juanky97,Spikima
Juanky97,McBiggus
Juanky97,MarcNev
Juanky97,capitana
Juanky97,Ajay_Kokatsu
Juanky97,oscarkit316
Juanky97,wheredtruthlies
Juanky97,MrNobody94
Juanky97,MrSasaki
Juanky97,mattyDraps
Juanky97,satashi2
Juanky97,tonyterror
Juanky97,DI_AX
Juanky97,sgt_murasaki
Juanky97,Polyethylene34
Juanky97,KINODASEIN
Juanky97,JaJl
Juanky97,Leif
Juanky97,JulianGiuliani
Juanky97,nezukokamado
Juanky97,CUCAFERRETI
Juanky97,ElClorox
Juanky97,TuconityNick
Juanky97,MarkMiller
Juanky97,juangutierrezzz
Juanky97,BrandonHabes
Juanky97,JoestarDME
Juanky97,praseodymium
DanielQuinn,Marcos_M_Rom
DanielQuinn,albertvanden
DanielQuinn,javivalera
DanielQuinn,fifoleCFC
DanielQuinn,JoanCuadrado
DanielQuinn,luisru
DanielQuinn,genzai_2
DanielQuinn,kndel_01
DanielQuinn,Padimo02
DanielQuinn,Hildy_Johnson_
DanielQuinn,ezequiel2517
DanielQuinn,Rodri_Go
DanielQuinn,LaWatchlist
DanielQuinn,saudaddy_
DanielQuinn,violetaraykuaza
DanielQuinn,jal90
DanielQuinn,elenacf
DanielQuinn,m0liner
DanielQuinn,olivermayorga
DanielQuinn,sr_traun
DanielQuinn,cinefils
DanielQuinn,lilfilm
DanielQuinn,jeanluc_godard
DanielQuinn,ericrohmer_
DanielQuinn,jacquesrivette_
DanielQuinn,irenefmartin
DanielQuinn,tania19
DanielQuinn,Ivan_Suarez
DanielQuinn,JuanGL001
DanielQuinn,davidpardi97
DanielQuinn,Jarsito
DanielQuinn,AntonioMagnolia
DanielQuinn,elaguainmovil
DanielQuinn,luciachicheri
DanielQuinn,mscorsese
DanielQuinn,crisexeflores
DanielQuinn,AndresTM
DanielQuinn,ariadnasc
DanielQuinn,dirtylaundri
DanielQuinn,carmenmcab
DanielQuinn,akerwoman
DanielQuinn,spuas
DanielQuinn,crismahe
DanielQuinn,P_G_C
DanielQuinn,Saba1e7e
DanielQuinn,AmaiaZufiaur
DanielQuinn,jaimelorite
DanielQuinn,DarckRevan
DanielQuinn,Simonsds
DanielQuinn,fshtravis
DanielQuinn,Colin_Maillard
DanielQuinn,Batty
DanielQuinn,utges
DanielQuinn,synthemesco
DanielQuinn,JonSanSK8
DanielQuinn,paloma55
DanielQuinn,PezEspada
DanielQuinn,slayerkinney
DanielQuinn,1999_sohu
DanielQuinn,ExplodingBoy
DanielQuinn,hobbitillo
DanielQuinn,kaarlenberg
DanielQuinn,Mann_Ohne_Namen
DanielQuinn,ikanonakis
DanielQuinn,Javchas
DanielQuinn,edissa
DanielQuinn,jjm_24
DanielQuinn,topfilmtuiter
DanielQuinn,msgatsby
DanielQuinn,Ruben0
DanielQuinn,CristinaYG
DanielQuinn,EL_NOT4
DanielQuinn,pablo_munyoz
DanielQuinn,anaorgana
DanielQuinn,straubbhuillet
DanielQuinn,PolPjn
DanielQuinn,uryenbg
DanielQuinn,MabuseCaligari
DanielQuinn,timeistheking
DanielQuinn,Salanova
DanielQuinn,Miguel_Marias
DanielQuinn,julianglezg
DanielQuinn,will_llermo
DanielQuinn,Caandamo
DanielQuinn,A_Karerina
DanielQuinn,Alberto87FR
DanielQuinn,nickland
DanielQuinn,Cenital
DanielQuinn,Austrohungaro
DanielQuinn,MiguelMSH
DanielQuinn,jobafa
DanielQuinn,AdrianVieitez
DanielQuinn,Beatase
DanielQuinn,igortxu
DanielQuinn,itsmerocio
DanielQuinn,turbochavala
DanielQuinn,Francis87
DanielQuinn,mmgarnica
DanielQuinn,guillehormigo
DanielQuinn,robgordon
DanielQuinn,novistenada
DanielQuinn,pele_alvaro
DanielQuinn,Adam_Kadmon
DanielQuinn,A_de_la_Hoz
DanielQuinn,alvySinger_
DanielQuinn,AuroraNocte
DanielQuinn,Ninotchka
DanielQuinn,NateFisher
DanielQuinn,mpinkfloyd
DanielQuinn,Thomkeaton
DanielQuinn,erredeme
DanielQuinn,ananula
DanielQuinn,LBaena
DanielQuinn,Yukasai
DanielQuinn,drogaudix
DanielQuinn,nesetel
DanielQuinn,bergmantonioni
DanielQuinn,Isaac98tm
DanielQuinn,Cesaretto
DanielQuinn,FaildeGuionista
DanielQuinn,cristianlopez
DanielQuinn,srtabelivet
DanielQuinn,militarpancho
DanielQuinn,MarioIglesias
DanielQuinn,Endika
DanielQuinn,ventura111
DanielQuinn,irca
DanielQuinn,juanchomntr
DanielQuinn,DanielEscaners
DanielQuinn,Kansas
DanielQuinn,jasikedevicius
DanielQuinn,Vicioinherente
DanielQuinn,aixa72
DanielQuinn,Faure
DanielQuinn,Lobo_Lopez
DanielQuinn,RachelMyGod
DanielQuinn,atekarri
DanielQuinn,mrtoldo
DanielQuinn,migblah
Simonsds,MarialeBernedo
Simonsds,diogoserafim
Simonsds,Lobo_Lopez
Simonsds,Dr_Akkar
Simonsds,Kiko
Simonsds,sightsoundmag
Simonsds,Twi99let
Simonsds,RawbPeople
Simonsds,Marcos_Inc
Simonsds,consdesalvaje
Simonsds,pshycoticbeats
Simonsds,literalquien69
Simonsds,bennu
Simonsds,chinemusic
Simonsds,Muntaner
Simonsds,begopmds
Simonsds,charlsrf
Simonsds,xilvi
Simonsds,Hitchcosis
Simonsds,lafuentealex
Simonsds,NYHeraldTribune
Simonsds,Tiberio_
Simonsds,Javiju
Simonsds,ngladape
Simonsds,ReyTrillana
Simonsds,Denise32
Simonsds,Faure
Simonsds,DanielEscaners
Simonsds,Vicioinherente
Simonsds,Blackcoffee
Simonsds,Air_Fryer_
Simonsds,fabregatto
Simonsds,AlbertoMilano
Simonsds,firejuice
Simonsds,bustinduy
Simonsds,Isaac98tm
Simonsds,marctorres
Simonsds,parhelic
Simonsds,Juanky97
Simonsds,jorgepm91
Simonsds,Dani1Medina
Simonsds,Sirah_Wiedemann
Simonsds,jaimeac
Simonsds,MartialCantarel
Simonsds,maximo_
Simonsds,otrolopez
Simonsds,Natamonc
Simonsds,eusse
Simonsds,tiredan89
Simonsds,gemaloop
Simonsds,joofe11
Simonsds,MapaCineLyC
Simonsds,Keithmaco
Simonsds,carlosnavarrosu
Simonsds,Metehan18
Simonsds,DoranMartell
Simonsds,shadow98
Simonsds,batsebas
Simonsds,viicard
Simonsds,Krismodeus
Simonsds,kbrinkmann
Simonsds,cpizzignacco
Simonsds,JavierZxs
Simonsds,HansSchneider
Simonsds,nickharty
Simonsds,mencialpzsan
Simonsds,csant7up
Simonsds,Not_JLAparicio
Simonsds,nashra_
Simonsds,leo_nobody
Simonsds,Davigalli
Simonsds,alemartin
Simonsds,majiwo
Simonsds,smuca
Simonsds,Rdosdedos
Simonsds,Martincuesta
Simonsds,jasikedevicius
Simonsds,miridbr
Simonsds,MrBike
Simonsds,ExplodingBoy
Simonsds,AmaiaZufiaur
Simonsds,_Carlos_
Simonsds,jorditrenzano
Simonsds,Alberto87FR
Simonsds,NestorJuez
Simonsds,nauzetmelian
Simonsds,Lukinha_crispim
Simonsds,Vladimirovsky
Simonsds,dondelillo
Simonsds,adri_5003
Simonsds,itsmerocio
Simonsds,huer
Simonsds,TaeSuk
Simonsds,LICM0
Simonsds,Zurro85
Simonsds,davidmd
Simonsds,Mas0204
Simonsds,laurafornelio
Simonsds,Rauuulcg
Simonsds,Christof88
Simonsds,Rudorado
Simonsds,PauBoxOffice
Simonsds,OscarRus
Simonsds,encadenados
Simonsds,Beat_Phil
Simonsds,OxfordComma
Simonsds,trolleyfreak
Simonsds,ObscurHollywood
Simonsds,PedroMoral
Simonsds,MattLewis
Simonsds,LocnarPDX
Simonsds,schratzi
Simonsds,goliathreturns
Simonsds,DeeRock
Simonsds,Nistaler
Simonsds,aliercivan
Simonsds,fredtsui
Simonsds,kylemaclachlan_
Simonsds,cokitofreskito
Simonsds,StaggerLee42
Simonsds,jlalibs
Simonsds,mmirones7
Simonsds,dogemainkra
Simonsds,Kritik_de_Robin
Simonsds,javisomoza
Simonsds,sexycritico
Simonsds,MrLombreeze
Simonsds,sakurass
Simonsds,Gymnopedie
Simonsds,eternalitytan
Simonsds,grin_organa
Simonsds,Kazeik
Simonsds,The_horrorlove
Simonsds,Ari_Kvikmyndson
Simonsds,solidaritycine
Simonsds,francisfcoppola
Simonsds,Espejo3
Simonsds,FilmCanet
Simonsds,jiajieyy
Simonsds,Hildy_Johnson_
Simonsds,ezequiel2517
Simonsds,nichedeath
Simonsds,Doark13
Simonsds,arturocg93
Simonsds,genzai_2
Simonsds,ManuelIniesta
Simonsds,emedj
Simonsds,sunsetelsa
Simonsds,bigvague
Simonsds,salvador01_
Simonsds,Laparadadelcine
Simonsds,ale1299
Simonsds,zapruderpics
Simonsds,Manuki
Simonsds,rosebudshears
Simonsds,gorkalonso1
Simonsds,SergiodelCampo
Simonsds,Intrepid815
Simonsds,davidsansun
Simonsds,cloudbusting_
Simonsds,zpowell28
Simonsds,SirWilfrid
Simonsds,pablooo011
Simonsds,Josdospin
Simonsds,rafalv
Simonsds,retro_walton
Simonsds,sowrender
Simonsds,lamorsa
Simonsds,DavidNP78
Simonsds,bernax16
Simonsds,jmromanos
Simonsds,DavidGS90
Simonsds,krlosierra
Simonsds,lauraflorezc_ob
Simonsds,A_de_la_Hoz
Simonsds,Borinot
Simonsds,edgarfaber
Simonsds,fshtravis
Simonsds,RachelMyGod
Simonsds,figmare
Simonsds,MabuseCaligari
Simonsds,Saba1e7e
Simonsds,Malala
Simonsds,bergmantonioni
Simonsds,Javchas
Simonsds,aixa72
Simonsds,MarioIglesias
Simonsds,paloma55
Simonsds,Mann_Ohne_Namen
Simonsds,fleming22
Simonsds,rodasons
Simonsds,Ivan_Cheyenne
Simonsds,Lubilder
Simonsds,AndreuMarves
Simonsds,elenacf
Simonsds,uryenbg
Simonsds,Jarsito
Simonsds,jal90
Simonsds,Jorgemz
Simonsds,Padimo02
Simonsds,MundoRath
Simonsds,FrancoRizzo
Simonsds,utges
Simonsds,davidpardi97
Simonsds,carmenmcab
Simonsds,will_llermo
Simonsds,m0liner
Simonsds,manuelsanbai
Simonsds,jjm_24
Simonsds,Diegoceprez
Simonsds,Filmandera
Simonsds,bander7
Simonsds,LaCaneli
Simonsds,JuanGL001
Simonsds,straubbhuillet
Simonsds,Batty
Simonsds,rafaqc97
Simonsds,antares_not
Simonsds,kndel_01
Simonsds,Ninotchka
Simonsds,CinefiliaCult
Simonsds,bernax24
Simonsds,Adriii
Simonsds,Lavigne1967
Simonsds,merel_al
Simonsds,TelloTelloTello
Simonsds,topfilmtuiter
Simonsds,XIII_Tiggy
Simonsds,malkorsakov
Simonsds,BollyFolly
Simonsds,mscorsese
Simonsds,adriaSimon
Simonsds,pablouribe
Simonsds,pepablanes
Simonsds,lusrec
Simonsds,KerryMaxwell
Simonsds,lateralus12501
Simonsds,Aktiu
Simonsds,PUNQ
Simonsds,AragornX151
Simonsds,cineurbe
Simonsds,DSmith724
Simonsds,ZubinShy
Simonsds,citoyen
Simonsds,sakana1
Simonsds,miqueldg
Simonsds,S_Lap
Simonsds,Pacoplaza
Simonsds,helosoccerfan
Simonsds,GFilms
Simonsds,cinemapoodle
Simonsds,nejolin
Simonsds,luisaceitunop
Simonsds,22puddings
Simonsds,comrade_yui
Simonsds,mothrowlands
Simonsds,DanielQuinn
Simonsds,NickNewman
Simonsds,gemko
Simonsds,Callisto
Simonsds,cortinhas
Simonsds,JT9908
Simonsds,adricollantex
Simonsds,frankharmonica_
Simonsds,MatteoClassicF
Simonsds,ArnauMartin00
Simonsds,Alonso13
Simonsds,Vikander10
Simonsds,Fnnrtz
Simonsds,xab_Brannigan
Simonsds,Johnwbell109
Simonsds,JacolineMaes
Simonsds,ChicoFireman
Simonsds,SlasherReviews
Simonsds,MiyakIssey
Simonsds,JoanCuadrado
Simonsds,profetaloko
Simonsds,mattegrb
Simonsds,LauraCBel
Simonsds,SamWise747
Simonsds,_Lluis_
Simonsds,repulsivecream
Simonsds,viedeflavie
Simonsds,marioquema
Simonsds,ragua
Simonsds,alexfblasco
Simonsds,underrtheskinn
Simonsds,Alebeyron
Simonsds,Hochibochi
Simonsds,serkancaliskan
Simonsds,JohnPluto88
Simonsds,sabinazaman
Simonsds,fybrevis
Simonsds,DavidGMino
Simonsds,breakit
Simonsds,guxiguxi
Simonsds,mosshippo
Simonsds,jdbrecords
Simonsds,uncon_film_nerd
Simonsds,jeremyheilman
Simonsds,The_Counselor
Simonsds,DaniDelCasar
Simonsds,Ikisabi
Simonsds,chantelblake
Simonsds,Jean_des_Forets
Simonsds,samcmac
Simonsds,F8D
Simonsds,chase_reed
Simonsds,deepdarque
Simonsds,Jay96
Simonsds,ersycodelia
Simonsds,Shao_liu_ringon
Simonsds,Jblanch
Simonsds,pimkoz
Simonsds,acboff88
Simonsds,Reborivera
Simonsds,enfantdusiecle
Simonsds,ivanfmula
Simonsds,bunnygloves
Simonsds,reassurance
Simonsds,Beita
Simonsds,drjonty
Simonsds,Txe_Lop
Simonsds,thenumbers
Simonsds,Mehdiomidvari
Simonsds,DeadParrotMatt
Simonsds,Lencho_o_t_Apes
Simonsds,hayal12
Simonsds,BBeksinski
Simonsds,Badboy_AP
Simonsds,McBiggus
Simonsds,voyage1969
Simonsds,Kun
Simonsds,BFI
Simonsds,Hibiscus
Simonsds,jacobmazur
Simonsds,mikeb1
Simonsds,bearsarecoming
Simonsds,luisavilaz
Simonsds,Jaden2798
Simonsds,AaronRuttenberg
Simonsds,kaarlenberg
Simonsds,lubber
Simonsds,_AHuff
Simonsds,honeylogan
Simonsds,Unyolo
Simonsds,PowWow
Simonsds,joseluisruizcla
Simonsds,EdgarBurgos
Simonsds,wilhelmve
Simonsds,KennyLee
Simonsds,jennaipcar
Simonsds,guillehormigo
Simonsds,jakeperalta
Simonsds,Colin_Maillard
Simonsds,jmrebollo
Simonsds,Filmalternative
Simonsds,Carlos_
Simonsds,lewiswarner10
Simonsds,charlyr2d2
Simonsds,jaredmobarak
Simonsds,natkram927
Simonsds,luquitiqui
Simonsds,Spoorloos
Simonsds,SaborDeSoledad
Simonsds,albertofarina
Simonsds,CarmeloLeonardi
Simonsds,rjrfelix
Simonsds,RRJavi
Simonsds,blackdiesel
Simonsds,Josebarrientos
Simonsds,FrankRitz
Simonsds,JaQ1979
Simonsds,cesarandrz
Simonsds,framely
Simonsds,HozH
Simonsds,alvySinger_
Simonsds,teaew
Simonsds,Tumbletoppel
Simonsds,juano2000
Simonsds,Didacus
Simonsds,Deivith
Simonsds,Noecitos
Simonsds,FernandoChaves
Simonsds,actionberg
Simonsds,Assploitation
Simonsds,clarasll
Simonsds,MarquisDeSuave
Simonsds,bibianitododo
Simonsds,Ferreteiro
Simonsds,rX
Simonsds,NoneXIV
Simonsds,AxelKuschevatzk
Simonsds,jmsenkbile
Simonsds,Criterion
Simonsds,Aapje
Simonsds,Markelretu
Simonsds,AdamArmstrong
Simonsds,yugohexe
Simonsds,A_Karerina
Simonsds,migblah
Simonsds,m0rningsafter
Simonsds,AndReUU
Simonsds,fbootz
Simonsds,Gizzu
Simonsds,schlockvalue
Simonsds,mondodigital
Simonsds,RupertPupkinn
Simonsds,javiturrion
Simonsds,pedroandgo
Simonsds,sethbgvt
Simonsds,cupofcoffinjoe
Simonsds,ElCochran90
Simonsds,EvrenZeybek
Simonsds,LuisContreTous
Simonsds,svkvrv
Simonsds,GarrickD
Simonsds,Milan_Todorovic
Simonsds,Selasor
Simonsds,97zs
Simonsds,jehorowitz
Simonsds,gjardar
Simonsds,neilmaclean
Simonsds,ailtonmonteiro
Simonsds,NeoBhatia
Simonsds,barbsalv
Simonsds,__Isi__
Simonsds,Cineroyale
Simonsds,4kOasis
Simonsds,ModelCitizen
Simonsds,Mauriciobm
Simonsds,RezaSKhan
Simonsds,Sbsulliv
Simonsds,bmwhitlock
Simonsds,sinister
Simonsds,Onibabapapa
Simonsds,SJNoland
Simonsds,Kieckhefer
Simonsds,Ziglet_mir
Simonsds,santadog
Simonsds,britthuff
Simonsds,TheOperator
Simonsds,OSiddharta
Simonsds,arturo03_
Simonsds,bradleywats
Simonsds,sneezeghost
Simonsds,VioletaMoon
Simonsds,albertodlr
Simonsds,emilopez
Simonsds,gimenadeshelark
Simonsds,oscarberto
Simonsds,alvaroibapefa
Simonsds,delfincannibal
Simonsds,Belien_12
Simonsds,JavierSC
Simonsds,hauteprincesses
Simonsds,Fat_Alberta
Simonsds,MaikeIlona
Simonsds,Evilbjork
Simonsds,JonSanSK8
Simonsds,RaulC
Simonsds,PeacefulAnarchy
Simonsds,omalleyg
Simonsds,lebleuchris
Simonsds,Rivango
Simonsds,nightraincity
Simonsds,CameronSemple
Simonsds,CineFan2049
Simonsds,clarogm
Simonsds,Vadekawa
Simonsds,pietromilazzo
Simonsds,tristanfrench
Simonsds,zmcfilms
Simonsds,coleya
Simonsds,zach_nabors
Simonsds,carloscatenac
Simonsds,alecxps
Simonsds,LostInFilm_
Simonsds,ForrestC
Simonsds,Filipe_Furtado
Simonsds,slayerkinney
Simonsds,EyebrowCinema
Simonsds,tomneedsaglass
Simonsds,CorleyOnThShore
Simonsds,Inspector
Simonsds,The_Shape_
Simonsds,victorab
Simonsds,MafaldaAlegre
Simonsds,lucyoctopvssy
Simonsds,Craigz23
Simonsds,christianmrtnz
Simonsds,katejeffrie
Simonsds,MarianaVazano
Simonsds,thediegoandaluz
Simonsds,danny94
Simonsds,leahdemers
Simonsds,ianamurray
Simonsds,FoofDeckman
Simonsds,ptacekethx
Simonsds,CLAPPERltd
Simonsds,variety
Simonsds,JonMG
Simonsds,Krisholmes
Simonsds,apeacefulguy
Simonsds,nicotete
Simonsds,ahbr
Simonsds,shimatetsuo
Simonsds,Jitender
Simonsds,savinapetkova
Simonsds,pcdevitt
Simonsds,matteomori
Simonsds,Hemmerzael
Simonsds,Lancherstark
Simonsds,cheroreowitz
Simonsds,nickygra97
Simonsds,AdrianVieitez
Simonsds,dlerer
Simonsds,southernvision
Simonsds,gingar
Simonsds,RanchoTuVu
Simonsds,yassermedinam
Simonsds,kenru
Simonsds,lermontov1948
Simonsds,manuelk
Simonsds,dahans
Simonsds,ThoseEyebrows
Simonsds,Maties_TP
Simonsds,frankie_ts
Simonsds,L0ngu1
Simonsds,javinm29
Simonsds,oswaldomontilla
Simonsds,IRYM
Simonsds,lukasisasleep
Simonsds,ryuqueer
Simonsds,andredenervaux
Simonsds,landonschu
Simonsds,Luca2020
Simonsds,AlexZ
Simonsds,SilentJoe13
Simonsds,hamfruitcake
Simonsds,Filmspotting
Simonsds,WraithApe
Simonsds,dirkh
Simonsds,thejoshl
Simonsds,exidor
Simonsds,otterss
Simonsds,eazyStreeT9968
Simonsds,brendanmichaels
Simonsds,catelyn
Simonsds,ferhood
Simonsds,germanmtz
Simonsds,Michaelc3
Simonsds,admrlmaus
Simonsds,bogeiger75
Simonsds,ZigoAbsent
Simonsds,bresfilms41
Simonsds,johnparetti
Simonsds,Mondo_Cinema
Simonsds,Englishpsycho
Simonsds,Naughty
Simonsds,msicism
Simonsds,ScottNye
Simonsds,jakepcole
Simonsds,O_SeRKaN_O
Simonsds,feliciathegoat
Simonsds,SovietUnion
Simonsds,Endika
Simonsds,eastanglia
Simonsds,Obligatory
Simonsds,madskv
Simonsds,juanamita
Simonsds,alain_pixar
Simonsds,vincibles
Simonsds,BilboBallin
Simonsds,jimmascarenhas
Simonsds,elpidasmovies
Simonsds,nino98
Simonsds,steele98
Simonsds,rawbehr
Simonsds,pilihp
Simonsds,ChrisCarr1
Simonsds,SublimeKen
Simonsds,EarthsTaylor
Simonsds,CEL
Simonsds,Tarek007
Simonsds,JLPickguard
Simonsds,firstshowing
Simonsds,walypala
Simonsds,KhalidQudus
Simonsds,kvela
Simonsds,nikitos
Simonsds,merkinmuffley22
Simonsds,angelasanchez
Simonsds,REMOVETHEINSIDE
Simonsds,Haize
Simonsds,Syaoran
Simonsds,Clough11
Simonsds,complexity
Simonsds,MathZilla
Simonsds,JimmyXin
Simonsds,Macarena
Simonsds,Belenapadget
Simonsds,Txarles
Simonsds,mattyDraps
Simonsds,alpinefrost
Simonsds,Mattwalk
Simonsds,marilynaffair
Simonsds,throb_bennett
Simonsds,sgila
Simonsds,Panelli14
Simonsds,viniciusbrandao
Simonsds,dallashaldune
Simonsds,Tripley
Simonsds,jeferson3barbos
Simonsds,fightclubitis
Simonsds,basketcasejoel
Simonsds,TwoCineasts
Simonsds,bradychilds
Simonsds,Punctum
Simonsds,_keeschalmers
Simonsds,paraturtle
Simonsds,albertvanden
Simonsds,jbarler
Simonsds,javiroiz
Simonsds,ChrisBennett
Simonsds,patrickhwillems
Simonsds,mulholllandrive
Simonsds,aliciabc5
Simonsds,WaltonReviews
Simonsds,Gabbriel
Simonsds,nisargkhatri
Simonsds,DaveBowman
Simonsds,christo1
Simonsds,JC_Stewart89
Simonsds,westerly148
Simonsds,serivs
Simonsds,PamHutch
Simonsds,Nanisimo
Simonsds,florueta
Simonsds,danielmmantilla
Simonsds,nadiabronte
Simonsds,CarlosRevi
Simonsds,JesusTeatrero
Simonsds,peterbradshaw_
Simonsds,carlotamosegui
Simonsds,Tobi196
Simonsds,noelceballos
Simonsds,asala
Simonsds,Palen78
Simonsds,oyejuan
Simonsds,breiXo
Simonsds,mag11
Simonsds,MichelSabbe
Simonsds,jeroendumoulein
Simonsds,daveyjenkins
Simonsds,AndreasG
Simonsds,p_maqueda
Simonsds,discomystic
Simonsds,graciela_
Simonsds,Bilge
Simonsds,sashajames
Simonsds,SilentDawn
Simonsds,FilmComment
Simonsds,CriterionCast
Simonsds,SilverShamRoock
Simonsds,FilmStruck
Simonsds,davidehrlich
Simonsds,lilfilm
Simonsds,dennisdictus
RachelMyGod,RK1968
RachelMyGod,jjm_24
RachelMyGod,pablocine1
RachelMyGod,revista_lumiere
RachelMyGod,notfoco
RachelMyGod,Marias_in_Eng
RachelMyGod,Jarsito
RachelMyGod,Lautaro_A
RachelMyGod,cytril
RachelMyGod,ojoseroberto
RachelMyGod,cartonet
RachelMyGod,fifoleCFC
RachelMyGod,germasters
RachelMyGod,Klepshydra
RachelMyGod,Sirah_Wiedemann
RachelMyGod,Alvaro_souvlaki
RachelMyGod,cinepoema
RachelMyGod,ManuelIniesta
RachelMyGod,AP_Schoolwork
RachelMyGod,CineExposure
RachelMyGod,JonSanSK8
RachelMyGod,Glorfindel7567
RachelMyGod,Guarner
RachelMyGod,M_Penalosa
RachelMyGod,ezequiel2517
RachelMyGod,Carlos_
RachelMyGod,alvySinger_
RachelMyGod,pablo_iv
RachelMyGod,zahrada
RachelMyGod,post_duchowy
RachelMyGod,A_Karerina
RachelMyGod,Batty
RachelMyGod,straubbhuillet
RachelMyGod,makimono_cine
RachelMyGod,fgonzalezse
RachelMyGod,Yorda
RachelMyGod,Abu222
RachelMyGod,Not_JesusCortes
RachelMyGod,dirtylaundri
RachelMyGod,fabregatto
RachelMyGod,falgarin
RachelMyGod,Colin_Maillard
RachelMyGod,MarioIglesias
RachelMyGod,percolatorfish
RachelMyGod,DaleUnBeso
RachelMyGod,paloma55
RachelMyGod,A_de_la_Hoz
RachelMyGod,Ivan_Ruiz
RachelMyGod,DepresedBergman
RachelMyGod,MabuseCaligari
RachelMyGod,fuzilfalcao
RachelMyGod,pele_alvaro
RachelMyGod,Ivan_Suarez
RachelMyGod,Depunto
RachelMyGod,Diegoceprez
RachelMyGod,figmare
RachelMyGod,bergmantonioni
RachelMyGod,topfilmtuiter
RachelMyGod,Malala
RachelMyGod,linjitah
RachelMyGod,Cinematofilo
RachelMyGod,aralonso
RachelMyGod,novistenada
RachelMyGod,lilabronte
RachelMyGod,Juniper_girl
RachelMyGod,itsmerocio
RachelMyGod,as5as
RachelMyGod,almacorsaria
RachelMyGod,uryenbg
RachelMyGod,Francis87
RachelMyGod,HobbsEnd
RachelMyGod,Javchas
RachelMyGod,Adriii
RachelMyGod,Miguel_Marias
RachelMyGod,juanchomntr
RachelMyGod,pablofdezperez
RachelMyGod,oneflyride
RachelMyGod,Alberto87FR
RachelMyGod,propercio
RachelMyGod,cinefils
RachelMyGod,lucbapt
RachelMyGod,arkheia
RachelMyGod,ariadnasc
RachelMyGod,Adam_Kadmon
RachelMyGod,OzuTeapot
RachelMyGod,WaltonReviews
RachelMyGod,turalcavad
RachelMyGod,victormesa
RachelMyGod,_Carlos_
RachelMyGod,NeilBahadur
RachelMyGod,ananula
RachelMyGod,jesus_b
RachelMyGod,ExplodingBoy
RachelMyGod,AuroraNocte
RachelMyGod,will_llermo
RachelMyGod,DaraScully
RachelMyGod,nilleta4ever
RachelMyGod,DanielQuinn
RachelMyGod,BorNaPe
RachelMyGod,alain_pixar
RachelMyGod,SrLansky
RachelMyGod,rodasons
RachelMyGod,garles
RachelMyGod,tiagocosta32
RachelMyGod,timeistheking
RachelMyGod,FaildeGuionista
RachelMyGod,Loloaka
RachelMyGod,nesetel
RachelMyGod,mmgarnica
RachelMyGod,Isaac98tm
RachelMyGod,LBaena
RachelMyGod,MundoRath
RachelMyGod,Nureyev
RachelMyGod,MiguelMSH
RachelMyGod,Ed_Wood
RachelMyGod,CitizenBill
RachelMyGod,LoganDA1208
RachelMyGod,Mr_Manuel_V
RachelMyGod,Arancha_Norris
RachelMyGod,al1997
RachelMyGod,leelacolorado
RachelMyGod,jal90
RachelMyGod,Tensin
RachelMyGod,drogaudix
RachelMyGod,alaventure
RachelMyGod,estelacebrian
RachelMyGod,cineenserio
RachelMyGod,cristianlopez
RachelMyGod,filmerditelle
RachelMyGod,Kansas
RachelMyGod,PierceMundy
RachelMyGod,davidmd
RachelMyGod,Mas0204
RachelMyGod,Antonioni
RachelMyGod,Colmener
RachelMyGod,Seigor
RachelMyGod,JaviOsuna
RachelMyGod,ChemaAR
RachelMyGod,jasikedevicius
RachelMyGod,delamano
RachelMyGod,fleming22
RachelMyGod,DonEmi
RachelMyGod,Lobo_Lopez
RachelMyGod,pablogafa
RachelMyGod,Vicioinherente
RachelMyGod,alicecc7
RachelMyGod,mrtoldo
RachelMyGod,Ninotchka
RachelMyGod,danielpamies
RachelMyGod,nichedeath
RachelMyGod,migblah
RachelMyGod,irca
RachelMyGod,efebatlle
RachelMyGod,bralgrc
RachelMyGod,IsolarH
RachelMyGod,richarsson
RachelMyGod,devuelta
RachelMyGod,Faure
RachelMyGod,Cinemaadhoc
RachelMyGod,JoN_TeN
RachelMyGod,Isart
RachelMyGod,aixa72
jal90,Juanky97
jal90,Sor98
jal90,pirracas
jal90,blue_reverie
jal90,woo5026
jal90,cazapajas
jal90,elkevinesc
jal90,cisceron
jal90,ElPelifomano
jal90,HazeEstebanUt03
jal90,The_Ikari
jal90,Joselu98
jal90,Rivel88
jal90,ShermanWallaby
jal90,Brunoxete
jal90,Mr_Tixba
jal90,505andre
jal90,hirai
jal90,mcguire27
jal90,Blond3
jal90,martincornejo
jal90,Movielover5629
jal90,Jesus06
jal90,chasing00
jal90,lazarus
jal90,OrsonHepburn
jal90,Rivettian
jal90,ecotonoperdido
jal90,Paradis
jal90,thanhbinh2695
jal90,a9p3Karakalpaks
jal90,lrvg
jal90,cinemafiles
jal90,Letarg
jal90,igorbtk
jal90,angelgs_2904
jal90,nitrate74
jal90,nimimerkillinen
jal90,maxwelldeux
jal90,panax
jal90,roberawards
jal90,JesutinoHur
jal90,Antony_
jal90,JuanGL001
jal90,Alegreto
jal90,Wolfgang124
jal90,Marshall4real
jal90,Roger88
jal90,hawkinsj977
jal90,a_world_of_blue
jal90,MartinBrown123
jal90,ElPejesapo
jal90,fifoleCFC
jal90,Doark13
jal90,Manuki
jal90,virtx
jal90,matmlo
jal90,elsayed19
jal90,Layden87
jal90,jdbrecords
jal90,CanailleBleue
jal90,mike161106
jal90,C_Hochhaeusler
jal90,Sammylanister
jal90,pablocine1
jal90,xzetaprobe
jal90,LuisDavid_8
jal90,lelopelo
jal90,Lastwarfare753
jal90,Rana04
jal90,JoanCuadrado
jal90,Bracero
jal90,LarrySoj
jal90,Air_Fryer_
jal90,LMMDC
jal90,lblancora
jal90,VacantJoy
jal90,eihya
jal90,RedgraveHepburn
jal90,HeyNorge
jal90,Jaliscus
jal90,SaraAllorn
jal90,Luc
jal90,DanyA
jal90,Ned_Rifle
jal90,MorganaleFay
jal90,afilmcionado
jal90,AHiddenEnthu
jal90,rafaelbernal
jal90,DeadParrotMatt
jal90,Peteee
jal90,SpiritMeAway
jal90,EoinDaly
jal90,JeffBeachnau
jal90,filmnoirlover98
jal90,cedietan
jal90,mhynson27
jal90,rorschach
jal90,manus8
jal90,grdeeva
jal90,jookidonato
jal90,joyboyz
jal90,juanjocerero
jal90,bajolapantalla
jal90,containMULT2DES
jal90,DavidMazarro
jal90,kbrinkmann
jal90,Rjjbradbury
jal90,Conzo_o
jal90,Nikixn
jal90,cartonet
jal90,Vodka_Tonyque
jal90,alettheia
jal90,TaranofPrydain
jal90,ghostmafia
jal90,pochipapu
jal90,McTeague
jal90,FrancoRizzo
jal90,pamikeli
jal90,Simba63
jal90,Marcos_M_Rom
jal90,ituuu
jal90,Takoma11
jal90,minervasz
jal90,EduBueso
jal90,Jfsterman
jal90,_Galleg0
jal90,Alioli90
jal90,sharklover3000
jal90,lostcardigann
jal90,Cyclepaint
jal90,EVILSCRE4M
jal90,WILLYPELIS
jal90,EfectoDelia
jal90,madisqnn
jal90,HorrorSyndrome
jal90,Lukinha_crispim
jal90,Damasquina
jal90,Hetsox
jal90,derinctn
jal90,criticoycitrico
jal90,Dmitr_Jango
jal90,soulxj
jal90,_armenta
jal90,fausto14
jal90,breu_
jal90,picolandia
jal90,metasboc
jal90,LonkPlays
jal90,Fernando2004
jal90,RubenDylan
jal90,JorgVicente
jal90,rafemesqui15
jal90,DiogoFraga17
jal90,zpider_zoom
jal90,Bailey_Adams
jal90,___haziel____
jal90,Rowland
jal90,luchofraga
jal90,vridian4luna
jal90,cesarandrz
jal90,CronicasDeckard
jal90,mcromance
jal90,gorkalonso1
jal90,edgarfaber
jal90,TaeSuk
jal90,AleN99
jal90,Unabomber
jal90,ehrenkm
jal90,beasterne7
jal90,joachim_t
jal90,joewhelan
jal90,equidistanta
jal90,ryuqueer
jal90,genzai_2
jal90,Pedrollz
jal90,mahoudeer
jal90,POEman553
jal90,olivermayorga
jal90,Sc_elly
jal90,ElCinecritico
jal90,toro913
jal90,RankingRibosome
jal90,bronco_calambre
jal90,Holamund0
jal90,IH88
jal90,hownos
jal90,Nikan_
jal90,Thief12
jal90,MovieGuyisMe
jal90,Sedai
jal90,Mr_Blond
jal90,MovieFan1988
jal90,GRWeston
jal90,Joshhhq
jal90,valenpalomino
jal90,opus111
jal90,Alena_03
jal90,Mauriliovich
jal90,fynokkya
jal90,Rdosdedos
jal90,Lavigne1967
jal90,SnakeGondor
jal90,dispianto
jal90,JavierLG
jal90,CookieCat
jal90,yourlittlepupa
jal90,mlpv86
jal90,rhesser
jal90,MrE2Me
jal90,PopcornReviews0
jal90,Luisuwu
jal90,z_hia_6
jal90,DepresedBergman
jal90,vilana
jal90,Espejo3
jal90,Olivexx_
jal90,mihaela_sim
jal90,PADMadrid
jal90,Cuauhtemoc
jal90,TxemaS
jal90,liantener
jal90,MetforalL
jal90,lauraflorezc_ob
jal90,deiros
jal90,MaboroshiMirage
jal90,ismasesi
jal90,arju25
jal90,SrEspectro
jal90,elrau007
jal90,AshWilliams92
jal90,EzNaiz_
jal90,Cilocibe
jal90,rosebudshears
jal90,Big_T
jal90,iwarenyou
jal90,Clarentinoo
jal90,Grandine
jal90,Lenny_Nero
jal90,Laruaoscura
jal90,half_star
jal90,ftorressalas
jal90,deanthecreator
jal90,LainGelion
jal90,PennLand
jal90,latirdecine
jal90,hugopeters
jal90,Ged__
jal90,pilartaratoruga
jal90,sann__g
jal90,Simonsds
jal90,DonJorge86
jal90,alvmb
jal90,Saba1e7e
jal90,elenacf
jal90,AlbertoMilano
jal90,Toshiro15
jal90,cdwalter226
jal90,AndresTM
jal90,EloyG8
jal90,plasticwater
jal90,S3b4st14h
jal90,josetteandriot
jal90,Psychofrog7
jal90,Souffmg_
jal90,marcmartinezc
jal90,Knotted
jal90,aflickering
jal90,uncannyvalley
jal90,OllyBishop
jal90,linaromay
jal90,BattleNug
jal90,visualtraining
jal90,leom1
jal90,evelynrose
jal90,cdgray
jal90,kioravisakat
jal90,cinesmith
jal90,Anees_Naveed
jal90,DavidGS90
jal90,Phiro_
jal90,arantzan
jal90,DavidGMino
jal90,JohnMilton
jal90,Danilugoce
jal90,Carloss_04
jal90,Andre888
jal90,Saulf37
jal90,randymeeks
jal90,MPo
jal90,Diego_JT
jal90,WlRED_
jal90,luciiaord
jal90,Gracia_Ulises
jal90,cicutaxx
jal90,youngbarber
jal90,Glio
jal90,aitanarc
jal90,MarkJf
jal90,NilArana
jal90,jorgeelm
jal90,efebatlle
jal90,mscorsese
jal90,TattedDidactic
jal90,amechsner89
jal90,xosemexuto
jal90,Rutgerus86
jal90,AlbertoCthulhu
jal90,ale_piq
jal90,Ivan0716
jal90,Jarsito
jal90,UrbanoJ
jal90,mclovinvns
jal90,ezequias_ads
jal90,keeganwalker15
jal90,brunopicazo
jal90,anaorgana
jal90,NestorJuez
jal90,Rob3rtolm
jal90,Yvonnelim99
jal90,akerwoman
jal90,RnDmJF
jal90,robviews
jal90,ShaggyZE
jal90,GonzyChan
jal90,jaredlazz
jal90,the_actress
jal90,nicovegadiez
jal90,JaviOsuna
jal90,zombivirtual
jal90,kaculler
jal90,Cinematofilo
jal90,DanMetcalfFilms
jal90,comrade_yui
jal90,tim2460
jal90,mightysparks
jal90,Leandro_Rod
jal90,Abu222
jal90,fruitilly
jal90,emmalmarie
jal90,MDHTV
jal90,poluxlisbon
jal90,agusizquierdo8
jal90,LuciferXam
jal90,villoo
jal90,batcho_
jal90,PeacefulAnarchy
jal90,venusasdead
jal90,herzogjake
jal90,lukejenkins
jal90,bander7
jal90,maruki_hurakami
jal90,Paula_Arantzazu
jal90,ezequiel2517
jal90,_alvarocampoy_
jal90,jpnunez
jal90,JHuedo
jal90,mohamedboram7
jal90,SolitaryParade
jal90,labuzamovies
jal90,Davidark
jal90,UnFrikiInculto
jal90,Ulysses97
jal90,JJNC099
jal90,matovafi
jal90,lucindajane
jal90,jaimelorite
jal90,Cry_Wolf
jal90,A_de_la_Hoz
jal90,kally33
jal90,beetleboy11
jal90,manuroma
jal90,jorgeloser
jal90,Pelusas
jal90,ManInElevator
jal90,mitologia
jal90,Steven_Clarke
jal90,BiWinning
jal90,Claaaaaaau_
jal90,collab93
jal90,ivancastell
jal90,ali4mee
jal90,LaSalaOscura
jal90,ALAMLEDP
jal90,Alexander29
jal90,colistoteles
jal90,sillaz
jal90,calliop3
jal90,cxlebear
jal90,abbell
jal90,15stepper
jal90,77_Gianluca_88
jal90,trieri4
jal90,PunkinSpice39
jal90,darwin2008
jal90,BrunoTR73
jal90,Colin_Maillard
jal90,Tato_Ruiz
jal90,The_Counselor
jal90,MirosPena
jal90,natiferovsky
jal90,maferfab17
jal90,AnaMedicina
jal90,PegadoALaButaca
jal90,desiria
jal90,Quemese
jal90,rigoayala
jal90,vickybelivet
jal90,nrh
jal90,fshtravis
jal90,sakana1
jal90,SombraEletrica
jal90,lamedwufnik
jal90,Juanka_rs
jal90,adricollantex
jal90,Minkin
jal90,Systematicer
jal90,honkydoodle
jal90,Diego_N08
jal90,BuckySchuyler
jal90,Lubilder
jal90,AminVillalba
jal90,EdoardoElric
jal90,Pewey
jal90,makimono_cine
jal90,oyejuan
jal90,pere_j
jal90,Thephantomastic
jal90,GruesomeTwosome
jal90,pablo_munyoz
jal90,Documen
jal90,Bernatus
jal90,Borinot
jal90,TropicalPenguin
jal90,velvit
jal90,gibboanxious
jal90,SrPurpura
jal90,theriverjordan
jal90,MAF93
jal90,magnusbe
jal90,kameronsteigh
jal90,Melvelet
jal90,DudeLanez
jal90,burneyfan
jal90,AnonymousFemme
jal90,PauVedri
jal90,pablopandolfi
jal90,nicolatauri
jal90,paloma55
jal90,Filmandera
jal90,msolde
jal90,Blackcoffee
jal90,dafnethais
jal90,Francis87
jal90,AmaiaZufiaur
jal90,danielpamies
jal90,Dani1Medina
jal90,Pauixitador
jal90,AlCorona
jal90,turbochavala
jal90,AndreuMarves
jal90,Hectorog
jal90,lol_v_stein
jal90,davidpardi97
jal90,boris_1992
jal90,novistenada
jal90,fuzilfalcao
jal90,hobbitillo
jal90,SrUlloa
jal90,albertsyco_
jal90,aelitademarte
jal90,DiegoH2000
jal90,utges
jal90,Vitulis
jal90,Endika
jal90,dogstarfran
jal90,Alberto87FR
jal90,Mr_Manuel_V
jal90,Vareludo
jal90,ExplodingBoy
jal90,mrtoldo
jal90,Carlos_
jal90,marioquema
jal90,rafaqc97
jal90,ikanonakis
jal90,topfilmtuiter
jal90,Ivan_Suarez
jal90,bergmantonioni
jal90,Colmener
jal90,Diegoceprez
jal90,bustinduy
jal90,figmare
jal90,MrDurden_06
jal90,NamakoTeam
jal90,lucas_salvi
jal90,MarMG
jal90,TakisChampion
jal90,JaviFett
jal90,Selasor
jal90,JavierelPuma
jal90,Mikio_Fassberma
jal90,hesamrabie
jal90,Peymand
jal90,Talebi
jal90,BhSaeed
jal90,alikarimnia
jal90,CineDreaming
jal90,Elaghica
jal90,wallen0803
jal90,MacButu
jal90,HelenWelonmelon
jal90,UnDetective
jal90,jaimegrijalba
jal90,underrtheskinn
jal90,ambusched94
jal90,brocolisebacon
jal90,southrob1231
jal90,larstryhard
jal90,meliimcfly
jal90,HarrietTheSpaz
jal90,Eletrust
jal90,Kira_Zinnecker
jal90,lastjosh
jal90,vubaominh
jal90,nebularias
jal90,jjm_24
jal90,straubbhuillet
jal90,rutag
jal90,Toppa
jal90,Lencho_o_t_Apes
jal90,Chamizoplissken
jal90,danifilmer
jal90,l_meneses
jal90,lineuphere
jal90,A_Karerina
jal90,Innocent
jal90,vegetai
jal90,ryutaroo
jal90,merrickagain
jal90,ArnauMartin00
jal90,Yarjka
jal90,nikp_
jal90,gdcb
jal90,IvanMiguez
jal90,Pau_on
jal90,Wahrhaftig
jal90,SirWilfrid
jal90,mpinkfloyd
jal90,volharys
jal90,CaudePaimei
jal90,hartamlubis
jal90,EvilParsley
jal90,IvanVega99
jal90,diogoserafim
jal90,dselwyns
jal90,Jimix
jal90,ms_stardust
jal90,igortxu
jal90,Milkzey
jal90,stephenlarsson
jal90,Ikisabi
jal90,Sharely
jal90,victorfl97
jal90,lefujunior
jal90,cinesinfin
jal90,pele_alvaro
jal90,Ferreteiro
jal90,TheAnalyzer
jal90,Inescraya
jal90,Krach
jal90,maliktechnique
jal90,Jozhster
jal90,Spokane
jal90,matt_jennings
jal90,KennelDistrict
jal90,raven_fggt
jal90,monkeyonparole
jal90,itsmanggo
jal90,Lakigigar
jal90,solh
jal90,Fassbinder_71
jal90,bajilshafeen
jal90,RINDER
jal90,LU1GI
jal90,pratik_badhiya
jal90,zzzorf
jal90,Nopros
jal90,Sean31415
jal90,Txarles
jal90,DiegoSalgado
jal90,Ardwyw
jal90,noakrakatoa
jal90,Remake_Movies
jal90,davidmd
jal90,champignon
jal90,Preachee
jal90,Bailey_F
jal90,polromero
jal90,FabiG94
jal90,adriaaprietoo_
jal90,tocsin
jal90,estridulacion
jal90,PhilKerck
jal90,HobbsEnd
jal90,Miss_Vicky
jal90,ddanieldh
jal90,BarrySpawn88
jal90,calexico_ramire
jal90,ElUltimoCritico
jal90,anapau_villa
jal90,Juanacm
jal90,lilydroeven
jal90,JoeytheBrit
jal90,brotherdeacon
jal90,Tumbletoppel
jal90,CameronSemple
jal90,digglottis
jal90,organictea
jal90,valentin643
jal90,Hozeluih
jal90,Yago_Paris
jal90,Ambiffy
jal90,javipalarcon
jal90,guillehormigo
jal90,lunes14
jal90,LNeiva
jal90,EpicSaxGuy
jal90,Candevig
jal90,riveroux
jal90,AdrianVieitez
jal90,Teproc
jal90,JulienDebaker
jal90,Richi_Wallace
jal90,Chacko_JM
jal90,Aixa193
jal90,rumpige
jal90,liquidnature
jal90,arkheia
jal90,Borja_Ibrahim
jal90,grabmymask
jal90,MabuseCaligari
jal90,pablost23
jal90,Alchemy97
jal90,kagura00
jal90,IvanEpte
jal90,JCensor
jal90,jmryan8
jal90,S1WEL
jal90,therouxxx
jal90,routine_nomad
jal90,EvansWetmore
jal90,gusottertrout
jal90,Brian_Davisson
jal90,jiri_nvk
jal90,MikelPelaez
jal90,MonsieurArkadin
jal90,greennui
jal90,FLABREZU
jal90,roujin
jal90,MrCarmady
jal90,perryshadow
jal90,Mister_Ezekiel
jal90,alexthetrex
jal90,PaulieCashews
jal90,jacobstertz
jal90,HumblJeff
jal90,omalleyg
jal90,carlatka
jal90,FunkyDandy
jal90,manolon67
jal90,Nightmare020
jal90,carlosmartinez
jal90,twodeadmagpies
jal90,Kubrickiano
jal90,manuelk
jal90,elbernal
jal90,FlipTrotsky
jal90,TaxiFlyer
jal90,Cristian92
jal90,Cheddar13
jal90,icmforum
jal90,copticlight
jal90,uryenbg
jal90,JonSanSK8
jal90,hugoroyobala
jal90,Zotis
jal90,Filipe_Furtado
jal90,confuseddog
jal90,shookone
jal90,mmgarnica
jal90,WiseSiddy
jal90,Frikicines
jal90,Cocomasa
jal90,rowleyfan3620
jal90,oswaldomontilla
jal90,Sergiomc90
jal90,therealtpac
jal90,JonathanFarrar
jal90,IRYM
jal90,Lord_Potato11
jal90,PezEspada
jal90,damoner
jal90,Ayleens
jal90,AlbertoAbuin
jal90,Saitoh_314
jal90,Ivan_Cheyenne
jal90,Malala
jal90,carmencarrasco
jal90,quber
jal90,JoseCarlosCrow
jal90,NoneXIV
jal90,ToniGener
jal90,lupalomonieto
jal90,mspinto92
jal90,BigDabi
jal90,ceduro
jal90,Gabriel00
jal90,AlejandroGR
jal90,PUNQ
jal90,Maties_TP
jal90,Fran_Maestra
jal90,Fergenaprido
jal90,connordenney
jal90,NeilBahadur
jal90,LuisRakin
jal90,alvySinger_
jal90,Daion7
jal90,kaarlenberg
jal90,Rosolinski
jal90,Geno3x3
jal90,Onderhond
jal90,John_Connor_
jal90,PGonzalez
jal90,SovietUnion
jal90,Sepvira
jal90,Murau
jal90,CinoscaRarities
jal90,ningunserhumano
jal90,Zelda
jal90,goliathreturns
jal90,The_Shape_
jal90,Fitts
jal90,slayerkinney
jal90,FvLluis
jal90,hexe
jal90,TynanBrooks
jal90,dreki
jal90,molkovita
jal90,CineAmateur
jal90,jasikedevicius
jal90,Onixperado
jal90,theendofcinema
jal90,bigalex97
jal90,Stanstyn
jal90,VonSnuff
jal90,Grinralt
jal90,SaintzGC1
jal90,Maquiavella
jal90,isaacbarragan
jal90,Paradox_9
jal90,filmbantha
jal90,ZephSilver
jal90,AndoCommando
jal90,Literaturenerd8
jal90,grey
jal90,XiPseTsu
jal90,Yam12
jal90,SeanMovie
jal90,TomsMovieLog
jal90,Ripley87
jal90,jennivier
jal90,itsmerocio
jal90,Knaldskalle
jal90,wayofthecass
jal90,arisukiss
jal90,Mann_Ohne_Namen
jal90,Antun234
jal90,tobitaku
jal90,zachzeidenberg
jal90,nyloraced
jal90,TwoCineasts
jal90,Pixi
jal90,BrandMau
jal90,AnnabelleLC
jal90,Ahmed_jalil
jal90,Syaoran
jal90,zoknimano
jal90,MichNiehaus
jal90,IgnacioPRico
jal90,maxidango
jal90,AnaVega
jal90,lvcifer
jal90,Kikuchiyo7
jal90,ilkevcl
jal90,DarckRevan
jal90,parhelic
jal90,BoostGuardian
jal90,dannez
jal90,danp8888
jal90,Lisianthus
jal90,gcavalcanti
jal90,nesetel
jal90,antares_not
jal90,Sugoimente
jal90,Skogsdotter
jal90,Garana
jal90,Bloodyprincess
jal90,sabalde
jal90,AlvaroMortem
jal90,Midegeneracion
jal90,Ugla
jal90,margin_walker
jal90,DanielRoca
jal90,Clough11
jal90,beamsboy
jal90,69
jal90,TokeZa
jal90,dab_tsog
jal90,antoniobret
jal90,Faelyan
jal90,MichkoMart
jal90,epigramatica
jal90,BlueSue
jal90,devuelta
jal90,Namreg77
jal90,apodictive
jal90,hothotchoc
jal90,AuroraNocte
jal90,Nachogrim
jal90,nindeblack
jal90,ErikJordan
jal90,1999_sohu
jal90,ImawaMayka
jal90,Trill
jal90,KaiTony
jal90,MagemiLennon
jal90,Parry_Hotter
jal90,BorNaPe
jal90,dadgumblah
jal90,Kieckhefer
jal90,SNanin
jal90,r053
jal90,Nokhi
jal90,kerstray
jal90,alyss
jal90,Aitor_Maiden
jal90,RhysBelding
jal90,Holymanm
jal90,Movieyana
jal90,HashtagBrownies
jal90,SergioCast
jal90,YossaGuz
jal90,BB99
jal90,GabPasternak
jal90,CardenalHerrera
jal90,thegeeksofiaris
jal90,MarioIglesias
jal90,drogaudix
jal90,bure
jal90,Ruben0
jal90,LBaena
jal90,caulfieldanna
jal90,drowning_eyes
jal90,FelisChaus
jal90,YTuPadreQTalMea
jal90,AnthonyAndFilm
jal90,yeda
jal90,ohheyjoe
jal90,manelou
jal90,MrFilmkritik
jal90,allicinema
jal90,hllambis
jal90,razortongue
jal90,Berberino
jal90,Chaplintarkovsk
jal90,aburrido354
jal90,mulholllandrive
jal90,SimonVV
jal90,DanielQuinn
jal90,Thomkeaton
jal90,__Isi__
jal90,MarioGaborovic
jal90,platanodesombra
jal90,M_Penalosa
jal90,nbatman
jal90,garles
jal90,hotsake
jal90,SaborDeSoledad
jal90,Irati
jal90,Daniblacksmoke
jal90,DanielEscaners
jal90,mohdhz
jal90,Camarel
jal90,Kiteman
jal90,Lobo_Lopez
jal90,AutieTeleDex
jal90,Adam_Kadmon
jal90,Nanisimo
jal90,ferrugas
jal90,8chanfilm
jal90,CDXX
jal90,snaker555
jal90,andredenervaux
jal90,Doctor_Mario
jal90,Doriando
jal90,Shankey_8
jal90,Jensensville
jal90,Truong78
jal90,Lightide
jal90,rauldc14
jal90,jiraffejustin
jal90,macabre87
jal90,Yesterday95
jal90,Mas0204
jal90,galimx
jal90,carlotamosegui
jal90,edissa
jal90,BryanBraay
jal90,synthemesco
jal90,alain_pixar
jal90,msgatsby
jal90,Travis76
jal90,Isaac98tm
jal90,FaildeGuionista
jal90,JEWbees12
jal90,semss46
jal90,nela
jal90,EddieWhiteJr
jal90,Silga
jal90,kanafani
jal90,James_
jal90,pabz
jal90,WBA
jal90,rischka
jal90,inmate
jal90,Redwell
jal90,Maex
jal90,mrminio
jal90,Lumh
jal90,seanc
jal90,MovieMeditation
jal90,MovieGal
jal90,Sam_Doyle
jal90,Bruno2225
jal90,Yuna85
jal90,al1997
jal90,DonEmi
jal90,Ed_Wood
jal90,loco8
jal90,Madloco
jal90,Nureyev
jal90,MundoRath
jal90,TheDerpMan
jal90,Hias
jal90,dietmango
jal90,Ducat_Revel
jal90,Aurica
jal90,Jody32
jal90,Ventris
jal90,AngelsArcanum
jal90,Simo000
jal90,cadillacdesert
jal90,Rothy
jal90,Kokko
jal90,Feaor
jal90,Ckan
jal90,PoeticJustice
jal90,JoN_TeN
jal90,Fendor
jal90,Kosti
jal90,Xavistwood
jal90,Inferir
jal90,firejuice
jal90,Blitzkrieg
jal90,marta_blaauw
jal90,Dragondave
jal90,Dooman
jal90,gatoskuro
jal90,DanDraper
jal90,fleming22
jal90,adrianet93
jal90,acalacedo
jal90,bajonasmekas
jal90,Faure
jal90,Seigor
jal90,ZeroMoon95
jal90,Batty
jal90,IsolarH
jal90,MiguelMSH
jal90,RachelMyGod
jal90,jmarcosso
jal90,Monchita
jal90,Vicioinherente
jal90,will_llermo
jal90,Jadzcor
jal90,irca
jal90,tystnaden
jal90,GuilleKH
jal90,NateFisher
jal90,Fleibur
jal90,harvsi
jal90,Perro_Sanxe
jal90,aixa72
jal90,Tensin
jal90,ferhood
jal90,rodasons
jal90,JesusTeatrero
jal90,Isart
jal90,Javchas
jal90,Ninotchka
jal90,rocamadour
jal90,Rubberflesh
jal90,xavipargon
jal90,deborahgsm
jal90,migblah
jal90,Payika
jal90,nichedeath
Ninotchka,rmmrr
Ninotchka,Malala
Ninotchka,lilydroeven
Ninotchka,DavidGS90
Ninotchka,Didacus
Ninotchka,SamuelLaser
Ninotchka,alonsodvt
Ninotchka,Orlak
Ninotchka,MabuseCaligari
Ninotchka,AcervoFilmico
Ninotchka,Mat25
Ninotchka,cinelacion
Ninotchka,Ivan_Ruiz
Ninotchka,gorkalonso1
Ninotchka,Sirah_Wiedemann
Ninotchka,GoopyBagha
Ninotchka,pmartorias
Ninotchka,akyyt
Ninotchka,alvmb
Ninotchka,P_G_C
Ninotchka,beniciosousa
Ninotchka,afields9
Ninotchka,aitortkm
Ninotchka,MartialCantarel
Ninotchka,_Carlos_
Ninotchka,AP_Schoolwork
Ninotchka,genzai_2
Ninotchka,arturocg93
Ninotchka,Diegoceprez
Ninotchka,misterminsoo
Ninotchka,yuubopp
Ninotchka,AndresTM
Ninotchka,qadr
Ninotchka,EloyG8
Ninotchka,nickland
Ninotchka,makimono_cine
Ninotchka,insomniacsogo
Ninotchka,EricB_
Ninotchka,joaopabdala
Ninotchka,maxwolf333
Ninotchka,rafaelfeitosa
Ninotchka,babaemahiwaga
Ninotchka,NeilBahadur
Ninotchka,HobbsEnd
Ninotchka,RONCKY
Ninotchka,UrbanoJ
Ninotchka,MarcBallesteros
Ninotchka,jiajieyy
Ninotchka,Spectralobatux
Ninotchka,jmrebollo
Ninotchka,ezequiel2517
Ninotchka,Amfortas
Ninotchka,carmenmcab
Ninotchka,elenacf
Ninotchka,MisterColo93
Ninotchka,utges
Ninotchka,parkregu
Ninotchka,wingseed
Ninotchka,JorgR
Ninotchka,guillehormigo
Ninotchka,alexanderraborn
Ninotchka,M_Penalosa
Ninotchka,deusivenatura
Ninotchka,augieinspace
Ninotchka,topfilmtuiter
Ninotchka,fuzilfalcao
Ninotchka,kuboa
Ninotchka,swim
Ninotchka,zDX
Ninotchka,unrepresent
Ninotchka,Lita_films7
Ninotchka,sleza
Ninotchka,fabianpena
Ninotchka,Glorfindel7567
Ninotchka,irmavep
Ninotchka,Berlirina
Ninotchka,chernobyl21
Ninotchka,bergmantonioni
Ninotchka,Cry_Wolf
Ninotchka,Bracero
Ninotchka,josetteandriot
Ninotchka,novistenada
Ninotchka,Ivan_Cheyenne
Ninotchka,paloma55
Ninotchka,csmall
Ninotchka,Cryana
Ninotchka,slayerkinney
Ninotchka,saccard
Ninotchka,fshtravis
Ninotchka,Not_JesusCortes
Ninotchka,SimonVV
Ninotchka,jacobmazur
Ninotchka,sodr2
Ninotchka,Ivan_Suarez
Ninotchka,Selasor
Ninotchka,Vareludo
Ninotchka,turbochavala
Ninotchka,Colin_Maillard
Ninotchka,noakrakatoa
Ninotchka,sratlantico
Ninotchka,honooy
Ninotchka,mydyingbride
Ninotchka,El_Sobrante
Ninotchka,amirhorror
Ninotchka,IvanMiguez
Ninotchka,zenxiu
Ninotchka,hobbitillo
Ninotchka,Pauixitador
Ninotchka,bnwa
Ninotchka,falgarin
Ninotchka,Evilbjork
Ninotchka,salvadoramores
Ninotchka,adrianlousan
Ninotchka,jjm_24
Ninotchka,Maverick_Nguyen
Ninotchka,Mann_Ohne_Namen
Ninotchka,straubbhuillet
Ninotchka,MacarenaB
Ninotchka,MrMajorTom
Ninotchka,cinesinfin
Ninotchka,rnyzlfc
Ninotchka,ius
Ninotchka,Batty
Ninotchka,lunamxdness
Ninotchka,lacie
Ninotchka,yorichi
Ninotchka,silent
Ninotchka,blueskymaiden
Ninotchka,collabjapan
Ninotchka,matteoB
Ninotchka,PlaguDocta
Ninotchka,Phantasmes
Ninotchka,sulizhen
Ninotchka,Juniper_girl
Ninotchka,A_Karerina
Ninotchka,timeistheking
Ninotchka,Clariexplains
Ninotchka,8432910
Ninotchka,popsbaron
Ninotchka,uryenbg
Ninotchka,_ed1
Ninotchka,yinshi
Ninotchka,diogoserafim
Ninotchka,harvsi
Ninotchka,mittrei
Ninotchka,catnaper
Ninotchka,galimx
Ninotchka,surreal786
Ninotchka,oregairu
Ninotchka,yasujirozu
Ninotchka,dessplanetada
Ninotchka,ijcaro
Ninotchka,SolitaryParade
Ninotchka,habia_rabia
Ninotchka,Spoorloos
Ninotchka,will_llermo
Ninotchka,XiPseTsu
Ninotchka,AdrianVieitez
Ninotchka,Carlos_
Ninotchka,MarioIglesias
Ninotchka,javadzabihi
Ninotchka,hill_valley
Ninotchka,mrtoldo
Ninotchka,Minoru_Isamu
Ninotchka,pele_alvaro
Ninotchka,Miguel_Marias
Ninotchka,copticlight
Ninotchka,Paperinukke
Ninotchka,itsmerocio
Ninotchka,lebelagonisant
Ninotchka,danadanger
Ninotchka,casualwastrel
Ninotchka,MonsoonChowder
Ninotchka,Ezequiel_CnD
Ninotchka,jodiefoster
Ninotchka,thi_bot
Ninotchka,CondeKaji
Ninotchka,Filipe_Furtado
Ninotchka,latinramen
Ninotchka,newarchive
Ninotchka,Kincharraco
Ninotchka,Vinicius_Romero
Ninotchka,dogstarfran
Ninotchka,NateFisher
Ninotchka,pablost23
Ninotchka,letempsquipasse
Ninotchka,Yukasai
Ninotchka,DanielQuinn
Ninotchka,Rak_Zombie
Ninotchka,enfantdusiecle
Ninotchka,Thomkeaton
Ninotchka,1999_sohu
Ninotchka,synthemesco
Ninotchka,jrosenbaum2002
Ninotchka,ExplodingBoy
Ninotchka,antares_not
Ninotchka,Ruben0
Ninotchka,MagemiLennon
Ninotchka,ikanonakis
Ninotchka,ba_radetski
Ninotchka,aixa72
Ninotchka,LilikoZoldyck
Ninotchka,FelisChaus
Ninotchka,JessyInChains
Ninotchka,muriloandrade
Ninotchka,Ed_Wood
Ninotchka,LazilyLethargic
Ninotchka,DonEmi
Ninotchka,FaildeGuionista
Ninotchka,kerstray
Ninotchka,AuroraNocte
Ninotchka,utsushimi
Ninotchka,DaraScully
Ninotchka,Adam_Kadmon
Ninotchka,mailaul
Ninotchka,devuelta
Ninotchka,thedoppelganger
Ninotchka,zulawskis
Ninotchka,EliHayes
Ninotchka,clonkalonka
Ninotchka,eduardo_savella
Ninotchka,garles
Ninotchka,drowning_eyes
Ninotchka,quermesse
Ninotchka,migblah
Ninotchka,jasikedevicius
Ninotchka,filmerditelle
Ninotchka,Brian_Davisson
Ninotchka,HumanGrief
Ninotchka,Ben_Turnbull
Ninotchka,MundoRath
Ninotchka,mmgarnica
Ninotchka,LBaena
Ninotchka,Movieyana
Ninotchka,charulata
Ninotchka,Rta
Ninotchka,bbbBbB
Ninotchka,SmokingPizza
Ninotchka,_tw
Ninotchka,EricNBarroso
Ninotchka,nesetel
Ninotchka,jal90
Ninotchka,supostatka
Ninotchka,Chaplintarkovsk
Ninotchka,calexico_ramire
Ninotchka,BishBosch
Ninotchka,irca
Ninotchka,zahrada
Ninotchka,Koubrish
Ninotchka,juleskickflip
Ninotchka,Communicants
Ninotchka,SimBelm
Ninotchka,romysvx
Ninotchka,nikp_
Ninotchka,marulene
Ninotchka,hideko
Ninotchka,Brood_Star
Ninotchka,Vadekawa
Ninotchka,acalacedo
Ninotchka,Lobo_Lopez
Ninotchka,OzuTeapot
Ninotchka,davidmd
Ninotchka,carlotamosegui
Ninotchka,Synt
Ninotchka,wkw
Ninotchka,Alsosprachzara
Ninotchka,cinexus
Ninotchka,Isart
Ninotchka,lol_v_stein
Ninotchka,arkheia
Ninotchka,rischka
Ninotchka,CiggyPoo
Ninotchka,nosa_
Ninotchka,Amaranth
Ninotchka,Kansas
Ninotchka,AlvaroMortem
Ninotchka,ab
Ninotchka,andera
Ninotchka,thegeeksofiaris
Ninotchka,efebatlle
Ninotchka,fleming22
Ninotchka,vini_rossitto
Ninotchka,tomas
Ninotchka,IsolarH
Ninotchka,brotherdeacon
Ninotchka,brunomarra
Ninotchka,Seigor
Ninotchka,lsaturn
Ninotchka,sata11
Ninotchka,el_grillo
Ninotchka,sandraghosn
Ninotchka,Vicioinherente
Ninotchka,August
Ninotchka,jorgepm91
Ninotchka,WAXMASK
Ninotchka,nilleta4ever
Ninotchka,srtabelivet
Ninotchka,Isaac98tm
Ninotchka,msgatsby
Ninotchka,Blackcoffee
Ninotchka,qpulm
Ninotchka,BorNaPe
Ninotchka,nichedeath
Ninotchka,MrArashi
Ninotchka,Shipwreck
Ninotchka,Javchas
Ninotchka,JoN_TeN
Ninotchka,mrminio
Ninotchka,PezEspada
Ninotchka,KungfuTarkovsky
Ninotchka,GolubGluhan
Ninotchka,karamashi
Ninotchka,drogaudix
Ninotchka,firejuice
Ninotchka,cuspe
Ninotchka,LeoWillem
Ninotchka,MiguelMSH
Ninotchka,Altarwise
Ninotchka,Mothravka
Ninotchka,al1997
Ninotchka,Faure
Ninotchka,Anastasia28
Ninotchka,gritosysusurro
Ninotchka,Tensin
Ninotchka,Aquieu
Ninotchka,chaarusu
Ninotchka,RachelMyGod
Ninotchka,kazaaam
Ninotchka,antihead
Bracero,The_Counselor
Bracero,Colin_Maillard
Bracero,cinelaquimera
Bracero,latorredirigido
Bracero,Hitchcosis
Bracero,JoanCuadrado
Bracero,malatesta19
Bracero,Turturro11
Bracero,capispaulding
Bracero,alvarop99
Bracero,xela1
Bracero,jal90
Bracero,DamnedMartian
Bracero,Filmandera
Bracero,genzai_2
Bracero,fifoleCFC
Bracero,jjm_24
Bracero,Hernando
Bracero,Lobo_Lopez
Bracero,fshtravis
Bracero,A_de_la_Hoz
Bracero,crisexeflores
Bracero,stalker98
Bracero,gondmayx
Bracero,joanmoret
Bracero,quber
Bracero,Ruben0
Bracero,Ninotchka
Bracero,JaviLHP
Bracero,Ivan_Cheyenne
Bracero,AGDeNiro
Bracero,Mikio_Fassberma
Bracero,Kr4
Bracero,astarloa
Bracero,RogerCres96Bar
Bracero,rodasons
Bracero,topfilmtuiter
Bracero,Alexotos
Bracero,SrPurpura
Bracero,SergiG
Bracero,ElPelifomano
Bracero,LaQuimeraCult
Bracero,Gitanesque
Bracero,int1980
Bracero,jondarru
Bracero,McBelda
Bracero,elrau007
Bracero,MariaRomancera
genzai_2,jdrlulu
genzai_2,angeljimennez
genzai_2,ElJovenCineasta
genzai_2,axoloteapolineo
genzai_2,charlievlo
genzai_2,siirkee
genzai_2,estelaTOM
genzai_2,Txonia
genzai_2,ilec
genzai_2,Paumonzz
genzai_2,jordaanaa
genzai_2,wintercame
genzai_2,evaescarmiento
genzai_2,eternalmoon
genzai_2,el3n4_
genzai_2,ruthiinaaa
genzai_2,paulavimi
genzai_2,vmarinaas_
genzai_2,Zakzzz
genzai_2,anuskiplz
genzai_2,dianitaadi
genzai_2,nooveciientoos
genzai_2,yosolomequejo
genzai_2,uwugorka
genzai_2,alvaroolorence
genzai_2,jessmbtv
genzai_2,m4rinaaa
genzai_2,luciaahs
genzai_2,lukass1020__
genzai_2,lucadinho
genzai_2,timeistheking
genzai_2,vrenoyg
genzai_2,petisuiis
genzai_2,nilleta4ever
genzai_2,GAmengual
genzai_2,k_atia
genzai_2,paulaaamr9
genzai_2,Jjdbs03
genzai_2,sofmcarden
genzai_2,compostatge
genzai_2,FelipeBautista
genzai_2,Joeru_
genzai_2,Burocratico
genzai_2,spiritualbaddie
genzai_2,Lobo_Lopez
genzai_2,capispaulding
genzai_2,ouiouicris
genzai_2,kkeita1111
genzai_2,climax_yes
genzai_2,derosaslagrimas
genzai_2,xabeleiva
genzai_2,Encar
genzai_2,kiriozecla
genzai_2,AJ_Navarro
genzai_2,litaaa__
genzai_2,hdmi333
genzai_2,SilentDawn
genzai_2,teterax
genzai_2,carmendelavega
genzai_2,ireneaguilr
genzai_2,pedropam
genzai_2,1999_sohu
genzai_2,Analomar12
genzai_2,Jose_cv7
genzai_2,Halesito
genzai_2,aljimegue
genzai_2,mateoburgoslove
genzai_2,Vareludo
genzai_2,Kiko_deJuan
genzai_2,Thetrophy
genzai_2,alettheia
genzai_2,marcmartinezc
genzai_2,pabloalazar
genzai_2,ALosaRoa
genzai_2,revista_lumiere
genzai_2,hugoogarciaaa
genzai_2,PedroAccioly
genzai_2,willowtree03
genzai_2,MiltonOuha
genzai_2,BertoArmas
genzai_2,Kix03
genzai_2,marialiilairam
genzai_2,M_Penalosa
genzai_2,Lazafussant
genzai_2,AulaCineUCO
genzai_2,JC_Monteiro
genzai_2,bennu
genzai_2,violetaraykuaza
genzai_2,luisru
genzai_2,Vadekawa
genzai_2,Blackcoffee
genzai_2,percolatorfish
genzai_2,novistenada
genzai_2,Not_JesusCortes
genzai_2,crisexeflores
genzai_2,Jo_Brennan
genzai_2,WalterFriendly
genzai_2,NateFisher
genzai_2,moyito
genzai_2,alvySinger_
genzai_2,Spoorloos
genzai_2,atopepaco
genzai_2,raphissss
genzai_2,gabrielism0
genzai_2,iakidesantos
genzai_2,rvgolzarri
genzai_2,UrbanoJ
genzai_2,SergioArgueso
genzai_2,Craften
genzai_2,davidpardi97
genzai_2,myriamm_mn
genzai_2,A_Karerina
genzai_2,slowcap
genzai_2,delaisla
genzai_2,marctorres
genzai_2,sebastianht
genzai_2,Rupover
genzai_2,rahv
genzai_2,nesetel
genzai_2,NewLolita
genzai_2,israel1916
genzai_2,alonsodvt
genzai_2,fabianarriaga5
genzai_2,Hitchcosis
genzai_2,Marcos71
genzai_2,luciasinpelo62
genzai_2,Linkk
genzai_2,qqqqu
genzai_2,JosephineGloria
genzai_2,descafeinao
genzai_2,cadaververano
genzai_2,jorgeeepuey
genzai_2,agusizquierdo8
genzai_2,Filipe_Furtado
genzai_2,anaalaraa_
genzai_2,P_G_C
genzai_2,tanquedelech
genzai_2,gatodeperry
genzai_2,rmesonec
genzai_2,Darmel
genzai_2,jorgeordas
genzai_2,bacierooliva
genzai_2,MarMG
genzai_2,AdrianVieitez
genzai_2,JABayona
genzai_2,MapaCineLyC
genzai_2,Bracero
genzai_2,Sophotype
genzai_2,ezequiel2517
genzai_2,Nameisbenjamin
genzai_2,FoxHound_
genzai_2,guillehormigo
genzai_2,Vicioinherente
genzai_2,HobbsEnd
genzai_2,diavolik
genzai_2,LarrySoj
genzai_2,by_chispass
genzai_2,GatoEnTrinchera
genzai_2,pablillo04
genzai_2,odm77
genzai_2,Marcos_M_Rom
genzai_2,HakimoBrahim
genzai_2,paulschradernot
genzai_2,MiseryMinister
genzai_2,exmachine
genzai_2,diogoserafim
genzai_2,natseccar
genzai_2,carmenlunaa
genzai_2,Lynchenthusiast
genzai_2,will_llermo
genzai_2,justcriss
genzai_2,AmaiaZufiaur
genzai_2,estelagonzalez
genzai_2,Raigz
genzai_2,bibibergman
genzai_2,pkmorla
genzai_2,machecine
genzai_2,JuanGL001
genzai_2,eduugranados_
genzai_2,aaqqqhhhh
genzai_2,jesusrg
genzai_2,notbenard
genzai_2,nataenbutaca
genzai_2,IgorSanz
genzai_2,Imberetumbra
genzai_2,_luciagm7
genzai_2,gbaquerofilms
genzai_2,moodles
genzai_2,caarmenmato
genzai_2,SEez112
genzai_2,re2
genzai_2,kaydallsv
genzai_2,ele_bn_bn
genzai_2,kNS303
genzai_2,nachoalvarezgl
genzai_2,devuelta
genzai_2,gosalbez
genzai_2,mmgarnica
genzai_2,clarasuarzz
genzai_2,den_eynde
genzai_2,snowed
genzai_2,Josefe23
genzai_2,RachelMyGod
genzai_2,blrwv
genzai_2,OsoAmargado
genzai_2,aitanarc
genzai_2,AshWilliams92
genzai_2,gorkalonso1
genzai_2,darkatbo
genzai_2,bapstarzz
genzai_2,Dani1Medina
genzai_2,jal90
genzai_2,elMoltisanti
genzai_2,Miguel_Marias
genzai_2,pele_alvaro
genzai_2,AlexValentine96
genzai_2,qiankunflower
genzai_2,IVANVIU
genzai_2,migblah
genzai_2,amargadaaaaaa
genzai_2,Corrdobaaa
genzai_2,fshtravis
genzai_2,Bernatus
genzai_2,Sotocu
genzai_2,The_horrorlove
genzai_2,bettyty
genzai_2,straubbhuillet
genzai_2,eldeibik
genzai_2,533estudios
genzai_2,MateoCU
genzai_2,JonSanSK8
genzai_2,mise_en_seer
genzai_2,pacoluciernaga
genzai_2,carlatka
genzai_2,laloquiralte
genzai_2,m0liner
genzai_2,leauddevotee
genzai_2,nereidaa
genzai_2,guillemfgx
genzai_2,Agu95
genzai_2,mariagarbau
genzai_2,Igoros
genzai_2,SamuelLaser
genzai_2,4ndrs
genzai_2,carlohfem
genzai_2,WilliamGP
genzai_2,vela44
genzai_2,WBurnneck
genzai_2,Doviathan
genzai_2,zzzmary
genzai_2,jiajieyy
genzai_2,tonikaizen
genzai_2,MarioIglesias
genzai_2,outloa
genzai_2,jorgeloser
genzai_2,luismeh
genzai_2,topfilmtuiter
genzai_2,Doark13
genzai_2,utges
genzai_2,EloyG8
genzai_2,jjm_24
genzai_2,marioquema
genzai_2,Ninotchka
genzai_2,paloma55
genzai_2,Batty
genzai_2,Noah_Skiotis
genzai_2,Simonsds
genzai_2,justabriefsmile
genzai_2,PiterTeslas
genzai_2,Colin_Maillard
genzai_2,amandoelcine
genzai_2,CRRNQUE
genzai_2,TaeSuk
genzai_2,dogemainkra
genzai_2,cineronin
genzai_2,retabloo
genzai_2,voyage1969
genzai_2,etern6lsunshine
genzai_2,kkotlyarova
genzai_2,Josemamedina98
genzai_2,mariaa_marcelo
genzai_2,pifostio
genzai_2,lauuuuva
genzai_2,xabierhabana
genzai_2,celiakiwilliams
genzai_2,Alegreto
genzai_2,TitiElMejor
genzai_2,robeg4llardo
genzai_2,akerwoman
genzai_2,Cristo67
genzai_2,gnosisi
genzai_2,sebas__
genzai_2,cinemalismo
genzai_2,ladyglesia
genzai_2,atttlas
genzai_2,LopezRX
genzai_2,Manuki
genzai_2,Manex_mf
genzai_2,luispad
genzai_2,AHutchinson
genzai_2,davidehrlich
genzai_2,lilfilm
genzai_2,Paulface30
genzai_2,Bruhdollan
genzai_2,cuedro
genzai_2,heelena9
genzai_2,comrade_yui
genzai_2,jordan666x
genzai_2,ALEXSINMAS
genzai_2,nicovegadiez
genzai_2,sbantiago
genzai_2,menslayer999
genzai_2,lidiawright
genzai_2,beetleboy11
genzai_2,zalaro27
genzai_2,FlanaganFilm
genzai_2,Danse_
genzai_2,Cineastacabron
genzai_2,Leews28
genzai_2,Huronsito
genzai_2,Miquel_PDH
genzai_2,Juanky97
genzai_2,MarcNev
genzai_2,LoloFrieza
genzai_2,martavq
genzai_2,Diego_16
genzai_2,nur_1306
genzai_2,CrossG
genzai_2,PabloSoler
migblah,israel1916
migblah,Indicatorseries
migblah,alvmb
migblah,cinemaritrovato
migblah,Ivan_Suarez
migblah,ezequiel2517
migblah,A_Karerina
migblah,mtoscano
migblah,RadianceFilms
migblah,Daniods
migblah,topfilmtuiter
migblah,P_G_C
migblah,IagoMendez
migblah,edissa
migblah,sratlantico
migblah,Miguel_Marias
migblah,lucbapt
migblah,casaveteiro
migblah,Exileonmainst
migblah,HobbsEnd
migblah,DanielQuinn
migblah,atekarri
migblah,mrtoldo
migblah,loganstuart
migblah,timeistheking
migblah,RachelMyGod
migblah,KurtWalker
migblah,Lobo_Lopez
migblah,NeilBahadur
Filmandera,juano2000
Filmandera,clairacurtis
Filmandera,STK5
Filmandera,noelceballos
Filmandera,jjm_24
Filmandera,soyunapringada_
Filmandera,cinefilisax
Filmandera,itscharlibb
Filmandera,Casiopeaexpres
Filmandera,RachelMyGod
Filmandera,Paula_Arantzazu
Filmandera,Bracero
Filmandera,FrancoRizzo
Filmandera,DavidBizarro
Filmandera,pkmorla
Filmandera,ramonicahall1
Filmandera,coucouerika
Filmandera,luciacoronado_
Filmandera,kill_bill
Filmandera,CGRunyon
Filmandera,Elementarii
Filmandera,franhoepfner
Filmandera,JamieSherry
Filmandera,Darkitos
Filmandera,Rauuulcg
Filmandera,Manuki
Filmandera,jtora
Filmandera,LaCaneli
Filmandera,PeterLopez
Filmandera,oraleia
Filmandera,Green_Texas
Filmandera,jsancheznavarro
Filmandera,teenapocalypse
Filmandera,BenvsTheMovies
Filmandera,paulschradernot
Filmandera,cesarandrz
Filmandera,AleN99
Filmandera,Sealish
Filmandera,novistenada
Filmandera,Robgom
Filmandera,pele_alvaro
Filmandera,Bernatus
Filmandera,wolfears
Filmandera,loungeymartinis
Filmandera,veronicalakes
Filmandera,oldfilmsflicker
Filmandera,gorkalonso1
Filmandera,olivermayorga
Filmandera,eduardobarreto
Filmandera,Lettucce
Filmandera,Lavigne1967
Filmandera,waterlwoo
Filmandera,Evilbjork
Filmandera,The_horrorlove
Filmandera,ale_piq
Filmandera,raviolez
Filmandera,XaviSanchezPons
Filmandera,babyhaim
Filmandera,MrLombreeze
Filmandera,BigDabi
Filmandera,carlatka
Filmandera,Borinot
Filmandera,TaeSuk
Filmandera,josezenin
Filmandera,pityzepam
Filmandera,luwuisi
Filmandera,deliciadete
Filmandera,elegantfood
Filmandera,fairycinema_
Filmandera,idiblue
Filmandera,unicronloev
Filmandera,evanoseque
Filmandera,annaprats
Filmandera,DonJorge86
Filmandera,bradleyjkornish
Filmandera,darcofi
Filmandera,kndel_01
Filmandera,anaorgana
Filmandera,NB7
Filmandera,morikrygel
Filmandera,slayerkinney
Filmandera,huer
Filmandera,CinoscaRarities
Filmandera,AmaiaZufiaur
Filmandera,carlotamosegui
Filmandera,k3lise
Filmandera,clarajarl
Filmandera,Jackofblades87
Filmandera,radioholic
Filmandera,nataliabzp
Filmandera,topfilmtuiter
Filmandera,MacarenaB
Filmandera,wangtsuhsien
Filmandera,marcosdiiez
Filmandera,adrian19sg
Filmandera,FelipeIMM
Filmandera,vampirelovers
Filmandera,Marshall4real
Filmandera,ginnyandthejets
Filmandera,damequipleure
Filmandera,miladymanzarek
Filmandera,akerwoman
Filmandera,Cinepatico
Filmandera,sinsol
Filmandera,DarckRevan
Filmandera,jlbarckly
Filmandera,lautarodelrey
Filmandera,paulaot
Filmandera,FerHerce
Filmandera,brunopicazo
Filmandera,ashmatxx
Filmandera,peeira
Filmandera,galadrielise
Filmandera,LaSalaOscura
Filmandera,Ella2392
Filmandera,DEMYGOD
Filmandera,aldairnazareth
Filmandera,abruzzz
Filmandera,TripleS
Filmandera,anxviety
Filmandera,aitanarc
Filmandera,xleanor
Filmandera,assala
Filmandera,cliterioncloset
Filmandera,lunes14
Filmandera,juliagaitano
Filmandera,vv4nte
Filmandera,elena_detroya
Filmandera,mariagarbau
Filmandera,juliaturner
Filmandera,DaysOfJules
Filmandera,boris_1992
Filmandera,Shaun_Shine
Filmandera,peybol94
Filmandera,filmin
Filmandera,bongjoonhos
Filmandera,otherfinalgirl
Filmandera,mitologia
Filmandera,Meyoan
Filmandera,ethan_lecter
Filmandera,DanielPSeg
Filmandera,micagiaconi
Filmandera,Thephantomastic
Filmandera,Helengrx
Filmandera,bethanyinfilm
Filmandera,mov_by
Filmandera,lovelltrin
Filmandera,NestorDlaVi
Filmandera,anacla29
Filmandera,PauVedri
Filmandera,emii_mq
Filmandera,alex_onov
Filmandera,bearsarecoming
Filmandera,jal90
Filmandera,kawaiigoff
Filmandera,olearysreellife
Filmandera,The_Counselor
Filmandera,JanusFilms
Filmandera,ArnauMartin00
Filmandera,Cesar93
Filmandera,BriAnimator_
Filmandera,waterlilae
Filmandera,Jb_Flanagan
Filmandera,kathbertt
Filmandera,suspiraserhead
Filmandera,CondeKaji
Filmandera,cychedelic
Filmandera,TebyPerez
Filmandera,coiraclara
Filmandera,pauupita
Filmandera,DelfiGentilini
Filmandera,coloradixx
Filmandera,borjanandez
Filmandera,elen16
Filmandera,danixrochelle
Filmandera,brat
Filmandera,mitskiclit
Filmandera,sapphicquinn
Filmandera,Nekomesh
Filmandera,MareaNocturna
Filmandera,blissfullymaje
Filmandera,ErikDelRey
Filmandera,Ruubyn_
Filmandera,Tarod
Filmandera,leppetitsoldat
Filmandera,JuanXD
Filmandera,gambitswift
Filmandera,diegocean3000
Filmandera,jxxlxx
Filmandera,Maties_TP
Filmandera,Agvsfilm
Filmandera,ianOff
Filmandera,Nubiadacruz
Filmandera,ManInElevator
Filmandera,underrtheskinn
Filmandera,cuqui
Filmandera,shaunaohh
Filmandera,danifilmer
Filmandera,marmtrdz
Filmandera,diegosimon_
Filmandera,AuroraNocte
Filmandera,JReciosa
Filmandera,CaudePaimei
Filmandera,esternchen
Filmandera,madeofmal
Filmandera,violetaraykuaza
Filmandera,soymjlg
Filmandera,AlCorona
Filmandera,MetforalL
Filmandera,frankharmonica_
Filmandera,bernax24
Filmandera,Blackcrow1980
Filmandera,Rinctoya
Filmandera,MrNobody94
Filmandera,evamosamorir
Filmandera,paloma55
Filmandera,Angeloll
Filmandera,danigcjrz
Filmandera,nninot
Filmandera,RubenGM
Filmandera,JoanCuadrado
Filmandera,gnosisi
Filmandera,Colin_Maillard
Filmandera,Ivan_Suarez
Filmandera,lovacaine
Filmandera,mariete2007_
Filmandera,beetleboy11
Filmandera,ezequiel2517
Filmandera,NicoCar18
Filmandera,mmgarnica
Filmandera,Malala
Filmandera,aparajito316
Filmandera,lilfilm
Filmandera,adriaaprietoo_
Filmandera,jah776
Filmandera,megbitchell
Filmandera,Ankindol_j1
Filmandera,kristenyoonsoo
Filmandera,LiluLopes
Filmandera,gorybmovie
Filmandera,Asiateca
Filmandera,Filipaw
Filmandera,luquitiqui
Filmandera,cohenschmoen
Filmandera,alevica
Filmandera,fatimaalvaradoh
Filmandera,joaquincatalano
Filmandera,gondmayx
Filmandera,macaronpralin
Filmandera,RinconCine1235
Filmandera,Fnnrtz
Filmandera,warm3wind
Filmandera,Zaidam96
Filmandera,Alchemy97
Filmandera,IgnacioPRico
Filmandera,Kiko
Filmandera,CarmenPrietoB
Filmandera,Adrianrc_6
Filmandera,luisfranceschi
Filmandera,mariangelaeb
Filmandera,__Isi__
Filmandera,Hampus_Wersen
Filmandera,SrWarnimont
Filmandera,jondarru
Filmandera,belenmarc15
Filmandera,TaxiFlyer
Filmandera,josephhagan75
Filmandera,Pilindrajos
Filmandera,amirhorror
Filmandera,XIII_Tiggy
Filmandera,antodelcore
Filmandera,manijapones
Filmandera,DaniBer
Filmandera,laiahdz
Filmandera,Lordinvernalia
Filmandera,Vickloz
Filmandera,Ay_LaCaneli
Filmandera,mrfurious
Filmandera,lucvalli
Filmandera,zonzamas
Filmandera,nuovocparadiso
Filmandera,florroncayoli
Filmandera,xavipargon
Filmandera,SamanthaDesachy
Filmandera,Cocomasa
Filmandera,marc_domenech
Filmandera,borgiefilms
Filmandera,Selasor
Filmandera,mrtoldo
Filmandera,lupalomonieto
Filmandera,yassermedinam
Filmandera,kaarlenberg
Filmandera,PRPP
Filmandera,retabloo
Filmandera,Luisin9
Filmandera,Cinefila_91
Filmandera,direrocker
Filmandera,living_reminder
Filmandera,DrakTV
Filmandera,RubenSuke
Filmandera,joanponsart
Filmandera,Elizas
Filmandera,juancruz2000
Filmandera,Cinedelabestia
Filmandera,LopezRX
Filmandera,JonSanSK8
Filmandera,quber
Filmandera,chivancillo
Filmandera,Hel27
Filmandera,jorgeloser
Filmandera,johntones
Filmandera,mspinto92
Filmandera,Ferranmx
Filmandera,CronicasDeckard
Filmandera,Bloodyprincess
Filmandera,ReverendoWilson
Filmandera,paula_gcastro
Filmandera,TichKhan
Filmandera,vikkander
Filmandera,Chicaevildead
Filmandera,Harzac
Filmandera,Nuriko1412
Filmandera,Seba_roar_
Filmandera,ms_stardust
Batty,RK1968
Batty,hirai
Batty,fcinemateca
Batty,latorredirigido
Batty,Cahiersensayos
Batty,EricB_
Batty,elenacf
Batty,jasikedevicius
Batty,Bjorksbxtch
Batty,FortunaNorte
Batty,MapaCineLyC
Batty,genzai_2
Batty,Spectralobatux
Batty,Lourcelles
Batty,misterminsoo
Batty,Kansas
Batty,teo_hernandez
Batty,notMarkopoulos
Batty,RoofCoogar
Batty,silent
Batty,fax0_max
Batty,Pauixitador
Batty,clairdeterre
Batty,xzetaprobe
Batty,cumpana
Batty,eh_huh_meh_bah
Batty,NotSusanSontag
Batty,seokchangpo
Batty,solidaritycine
Batty,FilmotecaCat
Batty,dogstarfran
Batty,_Carlos_
Batty,MarcBallesteros
Batty,Vareludo
Batty,WolfmanWolfman
Batty,saccard
Batty,CantStopTheBot
Batty,guillehormigo
Batty,Klepshydra
Batty,IvanMiguez
Batty,bedioyskin
Batty,AndresTM
Batty,VERTIGOdizzy
Batty,hobbitillo
Batty,Mann_Ohne_Namen
Batty,bjork_shoegaze
Batty,TerenceYiBo
Batty,Abu222
Batty,joshuapeinado
Batty,cinesinfin
Batty,MarioDA
Batty,notfoco
Batty,ba_radetski
Batty,Evilbjork
Batty,Francis87
Batty,NateFisher
Batty,pedro_en_bateau
Batty,dalpizzolo
Batty,keshifilms
Batty,wangtsuhsien
Batty,eslbnsrien
Batty,Carlos_
Batty,AuroraNocte
Batty,patriciahd
Batty,toniponix
Batty,P_G_C
Batty,edissa
Batty,sratlantico
Batty,evillights
Batty,lucbapt
Batty,casaveteiro
Batty,Exileonmainst
Batty,HobbsEnd
Batty,atekarri
Batty,loganstuart
Batty,mrtoldo
Batty,KurtWalker
Batty,jaimegrijalba
Batty,Isaac98tm
Batty,jorgepm91
Batty,SolitaryParade
Batty,novistenada
Batty,peterzhang
Batty,alvmb
Batty,falgarin
Batty,AdrianVieitez
Batty,ExeDavid
Batty,PezEspada
Batty,nesetel
Batty,kinojibaro
Batty,Tomgaar
Batty,frnndlcs
Batty,makimono_cine
Batty,Colin_Maillard
Batty,Therealone1
Batty,bergmantonioni
Batty,paloma55
Batty,topfilmtuiter
Batty,Malala
Batty,Brunovictorino
Batty,valelx9sm
Batty,ikanonakis
Batty,bustinduy
Batty,KiyoshiKurosawa
Batty,Xator_Nova
Batty,MiguelMSH
Batty,lsaturn
Batty,cadaververano
Batty,DiegoH2000
Batty,notTagGallagher
Batty,notbenard
Batty,JedPressgrove
Batty,dadafi
Batty,Evan_Morgan
Batty,AxlFI
Batty,Zint
Batty,EdSmith
Batty,AlanJeffrey
Batty,tania19
Batty,ghostman10
Batty,Ninotchka
Batty,Sophy
Batty,Arsaib
Batty,NeilBahadur
Batty,santoguille
Batty,Kipik
Batty,Ardwyw
Batty,GotThatWMD
Batty,Ivan_Suarez
Batty,straubbhuillet
Batty,DanielEscaners
Batty,Koenig
Batty,augieinspace
Batty,lol_v_stein
Batty,Dani1Medina
Batty,FvLluis
Batty,teresamm64
Batty,carlatka
Batty,utges
Batty,mmgarnica
Batty,JC_Monteiro
Batty,edwardmccarry
Batty,suite1717
Batty,Not_JesusCortes
Batty,davidc888
Batty,beso00
Batty,Ruben0
Batty,RachelMyGod
Batty,Isart
Batty,AlejandroGR
Batty,uryenbg
Batty,honhonsuf
Batty,ExplodingBoy
Batty,hipsterdas11h
Batty,mrminio
Batty,FoxHound_
Batty,respirateur
Batty,rafaqc97
Batty,kerstray
Batty,Filipe_Furtado
Batty,pele_alvaro
Batty,wobewww
Batty,EvansWetmore
Batty,Remy_Renault
Batty,arkheia
Batty,Moteiza
Batty,bbbBbB
Batty,drowning_eyes
Batty,timeistheking
Batty,fuzilfalcao
Batty,gazpachin
Batty,will_llermo
Batty,jjm_24
Batty,Javchas
Batty,nichedeath
Batty,Maties_TP
Batty,Blackcoffee
Batty,JoN_TeN
Batty,post_duchowy
Batty,Brantovich
Batty,Smokinbir
Batty,Martinaevaeva
Batty,Carnaval
Batty,letempsquipasse
Batty,Trueno
Batty,copticlight
Batty,carolynmichelle
Batty,Miguel_Marias
Batty,DanielQuinn
Batty,firejuice
Batty,Alberto87FR
Batty,adrianascarpin
Batty,brunomarra
Batty,eduardo_savella
Batty,scottbarleyfilm
Batty,Amzer
Batty,Thomkeaton
Batty,diogoserafim
Batty,Vishnevetsky
Batty,brettww65
Batty,tystnaden
Batty,FlipTrotsky
Batty,Sc_elly
Batty,greennui
Batty,kanafani
Batty,rischka
Batty,itsmerocio
Batty,Mr_Manuel_V
Batty,__susito
Batty,James_
Batty,Brian_Davisson
Batty,M_Penalosa
Batty,FelisChaus
Batty,FaildeGuionista
Batty,BorNaPe
Batty,parhelic
Batty,antares_not
Batty,migblah
Batty,fshtravis
Batty,1999_sohu
Batty,srtabelivet
Batty,Ira_zone
Batty,BeetBeatBit
Batty,alexeysmolin
Batty,lvcifer
Batty,Loloaka
Batty,snaker555
Batty,msgatsby
Batty,Nokhi
Batty,harvsi
Batty,LaudabilisAltus
Batty,Vicioinherente
Batty,Double_Dubs
Batty,rinv
Batty,aixa72
Batty,al1997
Batty,garles
Batty,jal90
Batty,BoostGuardian
Batty,Lobo_Lopez
Batty,jrosenbaum2002
Batty,nosa_
Batty,SexualAmbulance
Batty,tsar
Batty,Marcissus
Batty,Psycho_DioXx
Batty,Vince_DiMeglio
Batty,Kubrickiano
Batty,gaafgaaf
Batty,pileofcrowns
Batty,Faure
Batty,Dragondave
Batty,Aquieu
Batty,Adam_Kadmon
Batty,Kirkis
Batty,euroboy
Batty,Colmener
Batty,kenji1
Batty,Gylfi
Batty,Vieuxcapitaine
Batty,brotherdeacon
Batty,Cani
Batty,thingstocome
Batty,Lencho_o_t_Apes
Batty,Lux_Lisbon
Batty,Col
Batty,wormwould
Batty,croket
Batty,Amaranth
Batty,luciarmida
Batty,BBeksinski
Batty,PUNQ
Batty,Alvaroquinn
Batty,CatGoblin5
Batty,fwifo
Batty,KYLE95
Batty,sprizzle
Batty,Ferrandis
Batty,elevenpointz
Batty,MatthewTodd1
Batty,Karst
Batty,Cinemaadhoc
Batty,Caith_Sith
Batty,miguelyllo
Batty,JuansZ
Batty,JohnSoga
Batty,WonderfulCinema
Batty,sufiyana
Batty,ElCochran90
Batty,gaarci
Batty,Jarsito
Batty,Matius
Batty,Algomocu
Batty,alphonse
Batty,Ingmar
