Usuario,Follower
paloma55,SantanaYork
paloma55,heelena9
paloma55,XimoAra
paloma55,soymele
paloma55,Dgstrmn64
paloma55,TigerYogi
paloma55,Cauto___
paloma55,MarialeBernedo
paloma55,danimal1
paloma55,droneevil
paloma55,Pablo91Alf
paloma55,EMTV27
paloma55,Nistaler
paloma55,Isra
paloma55,rigoayala
paloma55,joofe11
paloma55,siouxsiesiouxs
paloma55,__aaxeell__
paloma55,aveoboryoku
paloma55,barrabaja
paloma55,The_Krogvin
paloma55,xurdonovski
paloma55,natalopitecus
paloma55,ifrnb
paloma55,OscarBDC
paloma55,alvarocc97
paloma55,TuristaEnTuPelo
paloma55,irenarca
paloma55,rchristiann
paloma55,mrzkiirmdhan21
paloma55,subrogado
paloma55,deoIenton
paloma55,movies46078
paloma55,lslas
paloma55,ChrisRamirez09
paloma55,PavoPavete
paloma55,And35
paloma55,ricardoacr
paloma55,Quentingas
paloma55,Ardwyw
paloma55,KG007
paloma55,ralch2
paloma55,drew93
paloma55,synthemesco
paloma55,M_Penalosa
paloma55,hdmi333
paloma55,IsaacMinaya
paloma55,putablo
paloma55,Lemo7
paloma55,comdesconhecido
paloma55,IsaacPamPam
paloma55,Allessik
paloma55,Mariano
paloma55,__Isi__
paloma55,verzoneenozrev
paloma55,_ru
paloma55,rodasons
paloma55,alonsodvt
paloma55,literalquien69
paloma55,uwugorka
paloma55,edcontrasena
paloma55,onicz
paloma55,JuanluSportello
paloma55,angel0__0
paloma55,LoteriaLucas
paloma55,MarcosPinhanez
paloma55,Indalo
paloma55,JheanCampomanes
paloma55,CinemaParadigma
paloma55,Pauixitador
paloma55,lunablnc
paloma55,diegoagdi
paloma55,kerstray
paloma55,xabeleiva
paloma55,mbrando24
paloma55,Tobpon
paloma55,sebasrap
paloma55,dedededeleted99
paloma55,ihes
paloma55,garloso
paloma55,thisforthat
paloma55,cinelacion
paloma55,pablooo011
paloma55,notmerii
paloma55,Ivan_Ruiz
paloma55,andreselpenas
paloma55,Encar
paloma55,Gustaah
paloma55,rohmersangsoo
paloma55,eljpax
paloma55,Rapote
paloma55,JesutinoHur
paloma55,thim4le
paloma55,equidistanta
paloma55,Razorkaen
paloma55,glvuppglup
paloma55,sorayagf
paloma55,AnaAvellaneda
paloma55,ahuitzespinal
paloma55,esnapur
paloma55,els4rl
paloma55,lucaasmartinez
paloma55,albertsyco_
paloma55,Daneane
paloma55,anitaselenita
paloma55,Alegreto
paloma55,felgmzz
paloma55,marquititos
paloma55,pom1811
paloma55,vernell
paloma55,edgarfaber
paloma55,Mitsuhirato
paloma55,beedo
paloma55,hugogag
paloma55,frederikruysch
paloma55,santos3002141
paloma55,violettearhart
paloma55,pabloirot
paloma55,matmlo
paloma55,Egugl23
paloma55,HugoRomero
paloma55,sebas__
paloma55,FabioVG
paloma55,XTomc
paloma55,DiegoH2000
paloma55,ElFrikiCanario
paloma55,cristinafsanz
paloma55,Xator_Nova
paloma55,fena
paloma55,GerardMF
paloma55,double_bill
paloma55,polyalloy
paloma55,pkmorla
paloma55,precastzero180
paloma55,Santiag0o
paloma55,AcervoFilmico
paloma55,JuananSalmeron
paloma55,gonrod
paloma55,biatxch
paloma55,Terenci
paloma55,Cilocibe
paloma55,Ariane23
paloma55,Pratssss
paloma55,zamilovanemaso
paloma55,antoniocmpss
paloma55,sofi_a2a
paloma55,DoranMartell
paloma55,psicanzuelo
paloma55,Thecursedwitch
paloma55,edreese
paloma55,Alexis_S
paloma55,SoupSlam
paloma55,liooon
paloma55,danny13_
paloma55,bebo123
paloma55,BarryLyndon
paloma55,xiu_shoegaze
paloma55,PabloAlex97
paloma55,en__passant___
paloma55,lenakoleno
paloma55,gmartineza
paloma55,hagh__
paloma55,LMMDC
paloma55,juanjocerero
paloma55,miiguelrubiio
paloma55,ForExLoversOnly
paloma55,zapatoconbarro
paloma55,angel_gfi
paloma55,pmartorias
paloma55,cat28096
paloma55,Zwei_Eigermann
paloma55,applecherrytree
paloma55,Haaveilija
paloma55,Srhoudini
paloma55,martapalmer
paloma55,neilerua_
paloma55,caryscute
paloma55,lily_tiger
paloma55,todayismarc
paloma55,bustin_uli
paloma55,Cutetoastheroad
paloma55,pablocine1
paloma55,igorbtk
paloma55,leauddevotee
paloma55,ppzo
paloma55,focustl
paloma55,derosaslagrimas
paloma55,CarlosEirin
paloma55,tallercineyfilo
paloma55,luisru
paloma55,JohnnyFavourite
paloma55,Banlieues
paloma55,davidwd
paloma55,Casiopea39
paloma55,napaulice
paloma55,diegomoratalla
paloma55,nocturnalroads
paloma55,profetaloko
paloma55,gonalzaibar
paloma55,palopaz
paloma55,miguel_v0
paloma55,muktaa_
paloma55,G0RDY
paloma55,ghostmafia
paloma55,MiseryMinister
paloma55,kbrinkmann
paloma55,lucasreges1
paloma55,possessions
paloma55,RamonHSosa
paloma55,GabrielNnz
paloma55,gillygaloo
paloma55,Egmanda__
paloma55,nina_janani
paloma55,hectordoncell
paloma55,carmencarrasco
paloma55,AxlRowser
paloma55,Ada0rArdor
paloma55,Rinctoya
paloma55,piscis
paloma55,inefeiyku
paloma55,scolubi96
paloma55,frisesomorum
paloma55,vics75
paloma55,jonrivero
paloma55,effeci1983
paloma55,javisomoza
paloma55,Lapalabrade
paloma55,zahrada
paloma55,kotasy
paloma55,Marcos_M_Rom
paloma55,Marcos_M_Romero
paloma55,sleza
paloma55,cytril
paloma55,jaimelorite
paloma55,anavp
paloma55,ChrisGC27
paloma55,JavierZxs
paloma55,batsebas
paloma55,hootao
paloma55,JohnCharet
paloma55,yosolomequejo
paloma55,pablo_iv
paloma55,GAmengual
paloma55,rmmrr
paloma55,LICM0
paloma55,SamuelLaser
paloma55,loremip
paloma55,vela44
paloma55,pirracas
paloma55,mariamx3
paloma55,ChicoOstra57
paloma55,maesepenin
paloma55,klinfilm
paloma55,_Carlos_
paloma55,FrancoRizzo
paloma55,anri0320
paloma55,mrtoldo
paloma55,xoandsj
paloma55,alexpma31
paloma55,AshWilliams92
paloma55,marctorres
paloma55,endcometoosoon
paloma55,Vareludo
paloma55,3even3even
paloma55,delaisla
paloma55,EfectoDelia
paloma55,thefemalemalady
paloma55,elchampo
paloma55,DesEsseintes89
paloma55,SrPurpura
paloma55,RubenZzero
paloma55,BoomLight06
paloma55,AP_Schoolwork
paloma55,adriaangn
paloma55,Danse_
paloma55,Carlosgtf21
paloma55,Kai_CKul
paloma55,Hectorog
paloma55,manuelsanbai
paloma55,Dr_Akkar
paloma55,wrnecht
paloma55,MatteGherardini
paloma55,victormelenedez
paloma55,Irea
paloma55,CinemaBrainFuk
paloma55,mispeliculas_
paloma55,micu_arici
paloma55,synulia
paloma55,fermedmal
paloma55,FortunaNorte
paloma55,freeztate
paloma55,ivancohe
paloma55,Marce_
paloma55,LookingFore
paloma55,Hasan_Atef
paloma55,griggs79
paloma55,rubenmontero
paloma55,albeertoobrr
paloma55,AlbertoMilano
paloma55,seemily_play
paloma55,capfly
paloma55,Natamonc
paloma55,Quilombo
paloma55,rubenqk
paloma55,silvaezequiel
paloma55,Estherserrat
paloma55,junior_2
paloma55,figmare
paloma55,Thalakamasinodu
paloma55,MadeInHongKong
paloma55,xzetaprobe
paloma55,nacho1925
paloma55,fgonzalezse
paloma55,stolethesun
paloma55,AuroraNocte
paloma55,Air_Fryer_
paloma55,chatterxbox
paloma55,AlejandroGR
paloma55,PigeWithNoName
paloma55,LaQuimeraCult
paloma55,Alvaro_souvlaki
paloma55,Fovi
paloma55,Kirkis
paloma55,MrMisingno
paloma55,jasikedevicius
paloma55,calexico_ramire
paloma55,davidmd
paloma55,josanjosan
paloma55,whirlwindrider
paloma55,Sommarlaten
paloma55,CtrlAltL
paloma55,jaimeac
paloma55,Yorda
paloma55,LBaena
paloma55,bennu
paloma55,kaizenthecave
paloma55,vvvhannah
paloma55,uskiss
paloma55,chicocorchea
paloma55,garciaa__11
paloma55,SergioVC
paloma55,chaarusu
paloma55,YacineNcr
paloma55,AleV1lla
paloma55,isra12
paloma55,eeva_
paloma55,AlCorona
paloma55,Andres_Sorokin
paloma55,nothumanbeing
paloma55,EzNaiz_
paloma55,clarabuencampo
paloma55,JuanmaGutierrez
paloma55,loungeymartinis
paloma55,T3quila_Suns3t
paloma55,Miguel_003
paloma55,GusGardey
paloma55,gfmellado
paloma55,HobbsEnd
paloma55,Rdosdedos
paloma55,m0liner
paloma55,wikijarfaiter
paloma55,Trueno
paloma55,Bassian
paloma55,FloresDeRovello
paloma55,neptronus
paloma55,maledizione
paloma55,melcascabelo
paloma55,nachou_
paloma55,unicronloev
paloma55,estelagonzalez
paloma55,Rosa9653
paloma55,MartialCantarel
paloma55,ukazioa
paloma55,bobbaboobalate
paloma55,metalhorse
paloma55,janpv10
paloma55,ramonmtnez
paloma55,quiquiriquique
paloma55,JoanitoAD
paloma55,Sirah_Wiedemann
paloma55,MrLombreeze
paloma55,Jacenie
paloma55,The_Counselor
paloma55,viniaranha
paloma55,FilmGuy_69
paloma55,Corrdobaaa
paloma55,radioholic
paloma55,Crisbataller
paloma55,violetaraykuaza
paloma55,Juanky97
paloma55,s1eg
paloma55,mauromachado3
paloma55,nandoconde
paloma55,Therealone1
paloma55,angvvm
paloma55,iagxss
paloma55,nichedeath
paloma55,MarcBallesteros
paloma55,jiajieyy
paloma55,Roybattyforever
paloma55,mistofeles
paloma55,xzentro
paloma55,thischarminman
paloma55,ElPelifomano
paloma55,CineExposure
paloma55,Shohnny
paloma55,jesusrg
paloma55,apeacefulguy
paloma55,nesetel
paloma55,genzai_2
paloma55,axltl_o
paloma55,roanokebrooks
paloma55,guxiguxi
paloma55,malatesta19
paloma55,DanielKarlsson
paloma55,MaboroshiMirage
paloma55,dayiel
paloma55,marze2
paloma55,olivermayorga
paloma55,BullLee
paloma55,fish_inn
paloma55,HoldenArg
paloma55,ainsit0
paloma55,beloki79
paloma55,SandrinoPZ
paloma55,cinefagota
paloma55,Mies_Croto
paloma55,Navbrand
paloma55,Hitchcosis
paloma55,zalaro27
paloma55,xilvi
paloma55,AmaiaZufiaur
paloma55,MrMajorTom
paloma55,guerrero_70
paloma55,marselus
paloma55,aixa72
paloma55,bnwa
paloma55,codeine
paloma55,Destrapo
paloma55,BigDabi
paloma55,Luciano5to78
paloma55,gorkalonso1
paloma55,bjsylvester
paloma55,brunomilan
paloma55,CondeKaji
paloma55,egggio
paloma55,Nyph
paloma55,rawyalhakayat
paloma55,WillGuinati
paloma55,Juanye
paloma55,alfoonsso
paloma55,Craften
paloma55,delacuca
paloma55,Clarentinoo
paloma55,CronicasDeckard
paloma55,AleN99
paloma55,rodrigocaris
paloma55,thomasblock3
paloma55,Shazy
paloma55,hill_valley
paloma55,adrian19sg
paloma55,bander7
paloma55,guillehormigo
paloma55,Leguroz
paloma55,sinsol
paloma55,josezenin
paloma55,PedroKanblue
paloma55,VictorFresno
paloma55,CantStopTheBot
paloma55,Laparadadelcine
paloma55,FilmCanet
paloma55,shonenbatto
paloma55,manuroma
paloma55,Lubilder
paloma55,Simonsds
paloma55,cinephile1980
paloma55,Alberto87FR
paloma55,Toshiro15
paloma55,jmrebollo
paloma55,Eu_transcedente
paloma55,drb11404
paloma55,paulus90
paloma55,DavidGS90
paloma55,MondoClift
paloma55,r0ktim
paloma55,akerwoman
paloma55,Madphoon
paloma55,Solina1871
paloma55,Ebube710
paloma55,AminVillalba
paloma55,barrenillusion
paloma55,gabo4747
paloma55,Aninbus
paloma55,mlpv86
paloma55,Ged__
paloma55,cabayo
paloma55,Colmener
paloma55,Magdaleno
paloma55,Tuco23
paloma55,aitanarc
paloma55,arturocg93
paloma55,Hiei
paloma55,acasillas
paloma55,criticaleyes
paloma55,ingrima11
paloma55,MiguelMSH
paloma55,apoloIX
paloma55,sowrender
paloma55,anaorgana
paloma55,JuanGL001
paloma55,uynkkca
paloma55,ManInElevator
paloma55,anuaralcubo
paloma55,LucianoCDL
paloma55,an_t_ar
paloma55,retabloo
paloma55,KurtZM
paloma55,ErikDelRey
paloma55,elaguainmovil
paloma55,Dani1Medina
paloma55,Haxart
paloma55,becevi
paloma55,idiotacontento
paloma55,ferPessoa
paloma55,LucasFajardo199
paloma55,Santaina
paloma55,EloyG8
paloma55,TaeSuk
paloma55,nataliabzp
paloma55,ikanonakis
paloma55,rafaqc97
paloma55,will_llermo
paloma55,roangelest
paloma55,chemafrnndz
paloma55,some_bruno
paloma55,marpacificos
paloma55,LaCaneli
paloma55,Ramses50
paloma55,FaildeGuionista
paloma55,borjavargas
paloma55,ali_almannnai
paloma55,alemartin
paloma55,xcascantex
paloma55,Joe_Gandolfini
paloma55,tania101
paloma55,elenacf
paloma55,Alchemy97
paloma55,DiegoGlenn
paloma55,DanielEscaners
paloma55,trikuxabi
paloma55,Notehagas
paloma55,jlorenzo
paloma55,oconde
paloma55,AdryaNFL
paloma55,Kr4
paloma55,Ragasovich
paloma55,Toxwiki96
paloma55,maciaflorit
paloma55,astarloa
paloma55,gondmayx
paloma55,emiemuemo
paloma55,PunpunOnodera95
paloma55,centauross
paloma55,NestorDlaVi
paloma55,Javchas
paloma55,aitortkm
paloma55,Doark13
paloma55,Midegeneracion
paloma55,Jorgemz
paloma55,mattegrb
paloma55,txismo
paloma55,Jarsito
paloma55,Rutgerus86
paloma55,hobbitillo
paloma55,daniallue
paloma55,Manuki
paloma55,Ruben0
paloma55,AndresTM
paloma55,Mat25
paloma55,pele_alvaro
paloma55,uryenbg
paloma55,accalvo
paloma55,pjthereal
paloma55,korin
paloma55,christianlaw
paloma55,Didacus
paloma55,MabuseCaligari
paloma55,Mario23
paloma55,RogerCres96Bar
paloma55,UrbanoJ
paloma55,mmgarnica
paloma55,BarrySpawn88
paloma55,viriathus181
paloma55,Mann_Ohne_Namen
paloma55,marcmartinezc
paloma55,bandinisvevo
paloma55,YolandaPatina
paloma55,ale_piq
paloma55,PerroDeLaCalle
paloma55,pau_ba98
paloma55,DarckRevan
paloma55,lunes14
paloma55,vrnrs
paloma55,carmenmcab
paloma55,Tensin
paloma55,MarioIglesias
paloma55,anthonymous
paloma55,DarthKaze
paloma55,_Daniel_H
paloma55,igortxu
paloma55,YeraiM
paloma55,marioquema
paloma55,Glorfindel7567
paloma55,Abu222
paloma55,Alejandroyael
paloma55,skatonny
paloma55,Saba1e7e
paloma55,EmeQuintero
paloma55,ALazyCommunist
paloma55,BeetBeatBit
paloma55,LynxTO
paloma55,Juniper_girl
paloma55,xosemfdez
paloma55,bergmantonioni
paloma55,Lobo_Lopez
paloma55,Faure
paloma55,poetereau
paloma55,FerHerce
paloma55,Vicioinherente
paloma55,SalvatoreToto
paloma55,jlbarckly
paloma55,jufernandz
paloma55,utges
paloma55,Labr0mainfinita
paloma55,Thomkeaton
paloma55,slrz
paloma55,mariavvss
paloma55,cinestaar
paloma55,itsqalid
paloma55,topfilmtuiter
paloma55,ezequiel2517
paloma55,Ninotchka
paloma55,nilleta4ever
paloma55,jjm_24
paloma55,DanielQuinn
paloma55,ExplodingBoy
paloma55,A_Karerina
paloma55,JonSanSK8
paloma55,fshtravis
paloma55,Kekemac
paloma55,amirhorror
paloma55,mql21
paloma55,ynyssiative
paloma55,RayER
paloma55,valeriagomezdr
paloma55,bustinduy
paloma55,Galennon
paloma55,huer
paloma55,frankharmonica_
paloma55,adricollantex
paloma55,gbmc
paloma55,hardtimesz
paloma55,adrianet93
paloma55,alseidex
paloma55,JoanCuadrado
paloma55,RachelMyGod
paloma55,nnachom
paloma55,peterpayne
paloma55,CarlosEnriqueWs
paloma55,emnasoph
paloma55,dllobet10
paloma55,gnobre
paloma55,bogartiano
paloma55,RinconCine1235
paloma55,Marshall4real
paloma55,Borinot
paloma55,margita
paloma55,JMGonzalez
paloma55,The_horrorlove
paloma55,acugalde
paloma55,Thephantomastic
paloma55,Ksnv
paloma55,debategod
paloma55,HelenWelonmelon
paloma55,paezlzcz
paloma55,CameronSemple
paloma55,lilg_
paloma55,Isaac98tm
paloma55,Ivan_Suarez
paloma55,jal90
paloma55,Bernatus
paloma55,Batty
paloma55,bernax24
paloma55,Cinemanicomio
paloma55,LopezRX
paloma55,Colin_Maillard
paloma55,Cry_Wolf
paloma55,Itsasoylavida
paloma55,caleidoscopica
paloma55,AlbertoAbuin
paloma55,Frobe
paloma55,l45r4
paloma55,quber
paloma55,jimbergson
paloma55,Ikisabi
paloma55,Filmandera
paloma55,Selasor
paloma55,Mikio_Fassberma
paloma55,agusagustin
paloma55,snowweisz
paloma55,kaarlenberg
paloma55,Kosti
paloma55,Malala
paloma55,straubbhuillet
paloma55,organictea
paloma55,Tvecinofavorito
paloma55,shinybeast
paloma55,musageta
paloma55,redbird96
paloma55,Maties_TP
paloma55,paula_gcastro
paloma55,Vegto389
paloma55,Jimix
paloma55,1HombreSnPiedad
paloma55,pablprz
paloma55,bernax16
paloma55,christo1
paloma55,TwoCineasts
paloma55,miridbr
paloma55,JMBrandt
paloma55,sacrificial_ram
paloma55,Jesse_Wroe
paloma55,WaltonReviews
paloma55,El_Edua
paloma55,ugh_fm
paloma55,claudiapereda
paloma55,simpsonsipod17
paloma55,Naughty
paloma55,tailsandferb4
paloma55,iamapsycho
MarioIglesias,Mr_Porter
MarioIglesias,Juanky97
MarioIglesias,ra4varda
MarioIglesias,amanda629
MarioIglesias,rodavresbo
MarioIglesias,bisbi_
MarioIglesias,Marcos_M_Rom
MarioIglesias,Marchiaro
MarioIglesias,Air_Fryer_
MarioIglesias,AlfonsoGCanadas
MarioIglesias,matmlo
MarioIglesias,AndresTM
MarioIglesias,PavoPavete
MarioIglesias,endcometoosoon
MarioIglesias,atrashorrasjr
MarioIglesias,cinefils
MarioIglesias,uskiss
MarioIglesias,Casiopea39
MarioIglesias,amybluecoast
MarioIglesias,awzaq
MarioIglesias,westernoir
MarioIglesias,GLMorlanes
MarioIglesias,Lukinha_crispim
MarioIglesias,AP_Schoolwork
MarioIglesias,mispeliculas_
MarioIglesias,garloso
MarioIglesias,frankHz86
MarioIglesias,jaimeac
MarioIglesias,aniann_
MarioIglesias,arthousecanon3
MarioIglesias,sigras
MarioIglesias,figmare
MarioIglesias,aindanao
MarioIglesias,ChangeLater_
MarioIglesias,ansans_
MarioIglesias,Hitchcosis
MarioIglesias,genzai_2
MarioIglesias,ElPelifomano
MarioIglesias,MaboroshiMirage
MarioIglesias,tania19
MarioIglesias,fmorato
MarioIglesias,AlbertoVicente_
MarioIglesias,zarafilm
MarioIglesias,Ged__
MarioIglesias,Simonsds
MarioIglesias,cinephile1980
MarioIglesias,Malala
MarioIglesias,Hayatem
MarioIglesias,carlosnavarrosu
MarioIglesias,elaguainmovil
MarioIglesias,AntonioMagnolia
MarioIglesias,ahmed155
MarioIglesias,lucasguillamas
MarioIglesias,RogerCres96Bar
MarioIglesias,aitortkm
MarioIglesias,ells13
MarioIglesias,jgdreg
MarioIglesias,luciachicheri
MarioIglesias,Andres_Sorokin
MarioIglesias,Colin_Maillard
MarioIglesias,HAKern
MarioIglesias,manuelmarquez
MarioIglesias,Hectorog
MarioIglesias,utges
MarioIglesias,Jarsito
MarioIglesias,quber
MarioIglesias,Brunovictorino
MarioIglesias,Abu222
MarioIglesias,SpongeBobAndPat
MarioIglesias,fabregatto
MarioIglesias,ricardoandric
MarioIglesias,Oraj
MarioIglesias,JAB_uy
MarioIglesias,octavchelaru
MarioIglesias,jjm_24
MarioIglesias,ezequiel2517
MarioIglesias,jakesfilmss
MarioIglesias,anxvi
MarioIglesias,paloma55
MarioIglesias,Labr0mainfinita
MarioIglesias,thiagofilardi
MarioIglesias,Cinematofilo
MarioIglesias,RachelMyGod
MarioIglesias,kleinbaud
MarioIglesias,mariopascual
MarioIglesias,slayerkinney
MarioIglesias,qSanto
MarioIglesias,jtora
MarioIglesias,Jadzcor
MarioIglesias,pikitorl
MarioIglesias,HelenWelonmelon
MarioIglesias,Manuel_Asin
MarioIglesias,Tripley
MarioIglesias,Daniel_Torres
MarioIglesias,UnEspectador
MarioIglesias,ALazyCommunist
MarioIglesias,edissa
MarioIglesias,zachzeidenberg
MarioIglesias,fshtravis
MarioIglesias,MabuseCaligari
MarioIglesias,topfilmtuiter
MarioIglesias,FengYuxiang
MarioIglesias,baconbear123
MarioIglesias,pele_alvaro
MarioIglesias,Mumoo
MarioIglesias,bergmantonioni
MarioIglesias,AleV1lla
MarioIglesias,Blanchot
MarioIglesias,Lispectore
MarioIglesias,amirhorror
MarioIglesias,DoranMartell
MarioIglesias,Mikio_Fassberma
MarioIglesias,kopinaxd
MarioIglesias,DanielEscaners
MarioIglesias,bustinduy
MarioIglesias,Chucho91
MarioIglesias,adrianet93
MarioIglesias,Tugaland
MarioIglesias,uexhibitionist
MarioIglesias,Caandamo
MarioIglesias,antonio_mo
MarioIglesias,matiasec
MarioIglesias,CrescendoHouse
MarioIglesias,straubbhuillet
MarioIglesias,militarpancho
MarioIglesias,critconc
MarioIglesias,ryutaroo
MarioIglesias,Cristian92
MarioIglesias,fotoscarnet
MarioIglesias,valentinf
MarioIglesias,DarkNavax
MarioIglesias,hananfysl98
MarioIglesias,PolPjn
MarioIglesias,stottiain
MarioIglesias,violetaraykuaza
MarioIglesias,Leguroz
MarioIglesias,fadygeorge
MarioIglesias,FrancoRizzo
MarioIglesias,organictea
MarioIglesias,ComandanteOso
MarioIglesias,igortxu
MarioIglesias,Celuloide
MarioIglesias,NestorJuez
MarioIglesias,Wilhie
MarioIglesias,frnndlcs
MarioIglesias,Gonzalocamara
MarioIglesias,oblomov314
MarioIglesias,andreanoceda
MarioIglesias,qadr
MarioIglesias,DiegoSobrado
MarioIglesias,ClarkQueta
MarioIglesias,Soprano13
MarioIglesias,luucoress
MarioIglesias,isaacbarragan
MarioIglesias,stornina
MarioIglesias,hellohelen
MarioIglesias,jesusdalvarez
MarioIglesias,Austrohungaro
MarioIglesias,charlyr2d2
MarioIglesias,JoN_TeN
MarioIglesias,Ninotchka
MarioIglesias,GordoMongo
MarioIglesias,MiguelMSH
MarioIglesias,pablo_iv
MarioIglesias,alfredomzf
MarioIglesias,Frodriguez29
MarioIglesias,post_duchowy
MarioIglesias,alex8ymedio
MarioIglesias,SrUlloa
MarioIglesias,JuanZino
MarioIglesias,palabrasmasmns
MarioIglesias,MikiCano
MarioIglesias,alain_pixar
MarioIglesias,aliciaperez1719
MarioIglesias,rocamadour
MarioIglesias,morgenruff
MarioIglesias,tomhansen
MarioIglesias,angelasanchez
MarioIglesias,FvLluis
MarioIglesias,bigalex97
MarioIglesias,Ivan_Suarez
MarioIglesias,JesusTeatrero
MarioIglesias,christo1
MarioIglesias,rigoayala
MarioIglesias,O_Reeh
MarioIglesias,azwan124
MarioIglesias,JorgeAce
MarioIglesias,AdrianVieitez
MarioIglesias,Hernando
MarioIglesias,caldosknorr
MarioIglesias,JurgenUrena
MarioIglesias,Barnett
MarioIglesias,nesetel
MarioIglesias,JeffSteep
MarioIglesias,NateFisher
MarioIglesias,letipe
MarioIglesias,novistenada
MarioIglesias,mpinkfloyd
MarioIglesias,Daniblacksmoke
MarioIglesias,AuroraNocte
MarioIglesias,AndresRoss
MarioIglesias,Yago_Paris
MarioIglesias,guillehormigo
MarioIglesias,DetlefSierck
MarioIglesias,JonayArmas
MarioIglesias,ugh_fm
MarioIglesias,jbjb99
MarioIglesias,LBaena
MarioIglesias,katsuben
MarioIglesias,kikujiro
MarioIglesias,Thomkeaton
MarioIglesias,Phalaen0psis
MarioIglesias,Pacostado
MarioIglesias,kerstray
MarioIglesias,alsanxe
MarioIglesias,drogaudix
MarioIglesias,Siberian
MarioIglesias,alvySinger_
MarioIglesias,jal90
MarioIglesias,Isaac98tm
MarioIglesias,flaneur9999
MarioIglesias,almeron
MarioIglesias,mahone9now9
MarioIglesias,PUNQ
MarioIglesias,Rulalc
MarioIglesias,mmgarnica
MarioIglesias,rodasons
MarioIglesias,carlotamosegui
MarioIglesias,snaker555
MarioIglesias,ferhood
MarioIglesias,rubyrub
MarioIglesias,will_llermo
MarioIglesias,Nachogrim
MarioIglesias,irca
MarioIglesias,Vicioinherente
MarioIglesias,DanielQuinn
MarioIglesias,Lobo_Lopez
jasikedevicius,bayram_tr
jasikedevicius,ElPelifomano
jasikedevicius,MikeMeltzer
jasikedevicius,Mr_Porter
jasikedevicius,jjm_24
jasikedevicius,MaximErkin12345
jasikedevicius,Mumoo
jasikedevicius,Juanky97
jasikedevicius,erfansarshar78
jasikedevicius,Klimesova
jasikedevicius,psycha121
jasikedevicius,emanonon
jasikedevicius,batsebas
jasikedevicius,sosatb
jasikedevicius,Danane
jasikedevicius,quber
jasikedevicius,slayerrrr
jasikedevicius,sebdvvv
jasikedevicius,metalhorse
jasikedevicius,omarznari
jasikedevicius,Rehearsals
jasikedevicius,Nico123RR
jasikedevicius,Batty
jasikedevicius,Aerakis
jasikedevicius,SchoolboyQueue
jasikedevicius,s1111t
jasikedevicius,VVShalomov
jasikedevicius,LLLauraa_x
jasikedevicius,gray__cat
jasikedevicius,SanVolteir
jasikedevicius,DodoDorian
jasikedevicius,larsonista
jasikedevicius,baratsu
jasikedevicius,Leeland
jasikedevicius,deeria
jasikedevicius,ninthart
jasikedevicius,becevi
jasikedevicius,KursatGng
jasikedevicius,bassilisco
jasikedevicius,leo78anakin
jasikedevicius,Simonsds
jasikedevicius,michelangelovq
jasikedevicius,murd0x
jasikedevicius,xxBeingTherexx
jasikedevicius,figmare
jasikedevicius,bander7
jasikedevicius,davi44116621
jasikedevicius,paloma55
jasikedevicius,Colin_Maillard
jasikedevicius,FortunaNorte
jasikedevicius,kerstray
jasikedevicius,thefemalemalady
jasikedevicius,cortina_
jasikedevicius,babysleech
jasikedevicius,hcpaula
jasikedevicius,sergeantwilson
jasikedevicius,Sanic
jasikedevicius,Knotai
jasikedevicius,alemartin
jasikedevicius,MaboroshiMirage
jasikedevicius,OMAR_AMEEN
jasikedevicius,noodels
jasikedevicius,botanicallydead
jasikedevicius,due_chilligence
jasikedevicius,diego6simone
jasikedevicius,cloner_simpson
jasikedevicius,cinephile1980
jasikedevicius,andre_alexandre
jasikedevicius,Klepshydra
jasikedevicius,SvrreaIitsmo
jasikedevicius,lilyorcomet
jasikedevicius,fabregatto
jasikedevicius,Regush
jasikedevicius,javyelow
jasikedevicius,AquaSlasher
jasikedevicius,karim1992
jasikedevicius,topfilmtuiter
jasikedevicius,Jorgegris
jasikedevicius,JICH77
jasikedevicius,squaredface
jasikedevicius,Abu222
jasikedevicius,DavidPanoso
jasikedevicius,DanzTheName
jasikedevicius,SuzanneMaria
jasikedevicius,demeyer
jasikedevicius,shrill_falsetto
jasikedevicius,VeronikaH1
jasikedevicius,mechanicalalive
jasikedevicius,brad25m
jasikedevicius,Alasondro
jasikedevicius,_Dashiell
jasikedevicius,atrashorrasjr
jasikedevicius,adrianet93
jasikedevicius,Baleuka
jasikedevicius,Username07
jasikedevicius,RamiroMatas
jasikedevicius,muchacho23
jasikedevicius,CAVAL_____
jasikedevicius,bigalex97
jasikedevicius,abenasayag
jasikedevicius,RogerCres96Bar
jasikedevicius,AlexLXXVI
jasikedevicius,annahara
jasikedevicius,Poxo_2
jasikedevicius,GaurangWadhwa
jasikedevicius,esternchen
jasikedevicius,Maribelah
jasikedevicius,aralonso
jasikedevicius,arruiname
jasikedevicius,Froschfilme
jasikedevicius,MHA1138
jasikedevicius,critconc
jasikedevicius,CabaretVoltaire
jasikedevicius,balnearios
jasikedevicius,AlitaMcFly
jasikedevicius,dashenko
jasikedevicius,stottiain
jasikedevicius,silentmandible
jasikedevicius,jiri_nvk
jasikedevicius,JeffSteep
jasikedevicius,lagunasunrise
jasikedevicius,irca
jasikedevicius,nesetel
jasikedevicius,paulvs
jasikedevicius,aguijon
jasikedevicius,ratasix
jasikedevicius,alyxbelt
jasikedevicius,noctambulando
jasikedevicius,Tasabbir
jasikedevicius,luisdecoss
jasikedevicius,Minoru_Isamu
jasikedevicius,andyg433
jasikedevicius,lettercoxd
jasikedevicius,jal90
jasikedevicius,LoloKopicki
jasikedevicius,ananula
jasikedevicius,Sans_Soleil
jasikedevicius,Faeton
jasikedevicius,Ferilune
jasikedevicius,Bienheureux
jasikedevicius,gabifs
jasikedevicius,mlriudoms
jasikedevicius,ExplodingBoy
jasikedevicius,McInterest
jasikedevicius,mmgarnica
jasikedevicius,KarimIsmail
jasikedevicius,KelzorHL
jasikedevicius,kattmoon
jasikedevicius,AuroraNocte
jasikedevicius,LBaena
jasikedevicius,botibol
jasikedevicius,efebatlle
jasikedevicius,caulfieldanna
jasikedevicius,drogaudix
jasikedevicius,Ferreteiro
jasikedevicius,drowning_eyes
jasikedevicius,Ninotchka
jasikedevicius,PezEspada
jasikedevicius,DanielQuinn
jasikedevicius,TreIkovsky
jasikedevicius,MundoRath
jasikedevicius,filmerditelle
jasikedevicius,RachelMyGod
jasikedevicius,edissa
jasikedevicius,ReySol
jasikedevicius,JovoCop
jasikedevicius,nikp_
jasikedevicius,Vegto389
jasikedevicius,NickyD
jasikedevicius,Kansas
jasikedevicius,aixa72
MabuseCaligari,thomasblock3
MabuseCaligari,RonnieFarfan
MabuseCaligari,trecevelas
MabuseCaligari,joemoviearchive
MabuseCaligari,Muntaner
MabuseCaligari,tomala_
MabuseCaligari,cristobal96
MabuseCaligari,Erjesule
MabuseCaligari,lbma01
MabuseCaligari,aliciaboza
MabuseCaligari,Mariano
MabuseCaligari,verzoneenozrev
MabuseCaligari,malatesta19
MabuseCaligari,Ninotchka
MabuseCaligari,kerstray
MabuseCaligari,ItzEbani
MabuseCaligari,Alvaro_souvlaki
MabuseCaligari,BarrySpawn88
MabuseCaligari,AnaAvellaneda
MabuseCaligari,mdecameron
MabuseCaligari,josecasale
MabuseCaligari,Errante
MabuseCaligari,hugogag
MabuseCaligari,JuanluSportello
MabuseCaligari,gymnopdia
MabuseCaligari,Rosende
MabuseCaligari,ezeray
MabuseCaligari,Aleja21
MabuseCaligari,catalyna
MabuseCaligari,insomnia107
MabuseCaligari,manuelsanbai
MabuseCaligari,sunkensunset7
MabuseCaligari,fer006
MabuseCaligari,mrobin125
MabuseCaligari,marcoherrera
MabuseCaligari,Morsini
MabuseCaligari,Aussieargie
MabuseCaligari,xoandsj
MabuseCaligari,Carlosgtf21
MabuseCaligari,JuananSalmeron
MabuseCaligari,XaguarGZ
MabuseCaligari,Apz
MabuseCaligari,apoz
MabuseCaligari,drb11404
MabuseCaligari,Ramigf
MabuseCaligari,matmlo
MabuseCaligari,guillotehuber
MabuseCaligari,fifoleCFC
MabuseCaligari,Nando64
MabuseCaligari,Zapaz
MabuseCaligari,mangelvivas
MabuseCaligari,jookidonato
MabuseCaligari,endcometoosoon
MabuseCaligari,Casiopea39
MabuseCaligari,Borinot
MabuseCaligari,edonjuan
MabuseCaligari,CinemaManifesto
MabuseCaligari,JefreySPineda
MabuseCaligari,SrPurpura
MabuseCaligari,blancichi
MabuseCaligari,qSanto
MabuseCaligari,pirracas
MabuseCaligari,klinfilm
MabuseCaligari,AP_Schoolwork
MabuseCaligari,Lamu
MabuseCaligari,Josu99
MabuseCaligari,nankel77
MabuseCaligari,RaphusHunsecker
MabuseCaligari,CinemaBrainFuk
MabuseCaligari,Carlos_Rios
MabuseCaligari,radem
MabuseCaligari,witold84
MabuseCaligari,Quilombo
MabuseCaligari,Racing1913
MabuseCaligari,andresdaly
MabuseCaligari,jacintario
MabuseCaligari,Natamonc
MabuseCaligari,maria_moreno12
MabuseCaligari,byrjynya
MabuseCaligari,yassermedinam
MabuseCaligari,codeine
MabuseCaligari,discorigido
MabuseCaligari,OkupaRC
MabuseCaligari,RogerCres96Bar
MabuseCaligari,izan_docx3
MabuseCaligari,dororo7
MabuseCaligari,JoanCuadrado
MabuseCaligari,malick7
MabuseCaligari,Erszis
MabuseCaligari,ahmed155
MabuseCaligari,aindanao
MabuseCaligari,ArielU
MabuseCaligari,Arnoud_Evenhuis
MabuseCaligari,Leogufe
MabuseCaligari,FacuMondaca
MabuseCaligari,alesodre
MabuseCaligari,elenacf
MabuseCaligari,rbedoya
MabuseCaligari,nomfals
MabuseCaligari,MaboroshiMirage
MabuseCaligari,ElPelifomano
MabuseCaligari,olivermayorga
MabuseCaligari,Jorge_Luis
MabuseCaligari,Ged__
MabuseCaligari,dani_mirallas
MabuseCaligari,Simonsds
MabuseCaligari,cinephile1980
MabuseCaligari,Ivan_Suarez
MabuseCaligari,k_ferios
MabuseCaligari,aior
MabuseCaligari,willy_small
MabuseCaligari,Keitherson
MabuseCaligari,Rostagno
MabuseCaligari,mmgarnica
MabuseCaligari,mondeyv
MabuseCaligari,MauPeBo
MabuseCaligari,mlilibeth
MabuseCaligari,lautaroblanco
MabuseCaligari,VeronikaH1
MabuseCaligari,Michelozzo
MabuseCaligari,PANKeeki
MabuseCaligari,estefanyv
MabuseCaligari,esartificial
MabuseCaligari,Cazorlab
MabuseCaligari,Itxoiten
MabuseCaligari,mmtnz22
MabuseCaligari,olodir
MabuseCaligari,anuaralcubo
MabuseCaligari,AdAstra_
MabuseCaligari,andera
MabuseCaligari,alexmaucas
MabuseCaligari,miopiafilmica
MabuseCaligari,sowrender
MabuseCaligari,Joserubio
MabuseCaligari,Jesusinho74
MabuseCaligari,RamiroMatas
MabuseCaligari,Thug_Life
MabuseCaligari,angildm
MabuseCaligari,dvodvo
MabuseCaligari,palmacitizen
MabuseCaligari,Super8pop
MabuseCaligari,EzNaiz_
MabuseCaligari,profetaloko
MabuseCaligari,vics75
MabuseCaligari,secretcinema123
MabuseCaligari,Hellsville
MabuseCaligari,dnesh34
MabuseCaligari,cryswatchedthat
MabuseCaligari,salvasupongo
MabuseCaligari,catali73
MabuseCaligari,ninasans
MabuseCaligari,redbandit
MabuseCaligari,efectofer4
MabuseCaligari,Andres_Sorokin
MabuseCaligari,Ankindol_j1
MabuseCaligari,daniel_daranas
MabuseCaligari,bernardrieux
MabuseCaligari,CinemasRaros
MabuseCaligari,DavidSagredo
MabuseCaligari,tallercineyfilo
MabuseCaligari,fjmanero
MabuseCaligari,Nistaler
MabuseCaligari,mistofeles
MabuseCaligari,tibudani
MabuseCaligari,ClaudioRCesK
MabuseCaligari,Luckas24
MabuseCaligari,LordAuron
MabuseCaligari,ALizana
MabuseCaligari,cinefagota
MabuseCaligari,Toshiro15
MabuseCaligari,juanvillegas
MabuseCaligari,Trophonius
MabuseCaligari,Ruben0
MabuseCaligari,joiyu
MabuseCaligari,ScoutyL
MabuseCaligari,Klepshydra
MabuseCaligari,SergioKaplan
MabuseCaligari,Isaias13
MabuseCaligari,FallenBlue
MabuseCaligari,riosminor
MabuseCaligari,quenofnostalgia
MabuseCaligari,Salchitatu
MabuseCaligari,Cabero
MabuseCaligari,adricollantex
MabuseCaligari,caoscinefilo
MabuseCaligari,dariomorelli
MabuseCaligari,Francis87
MabuseCaligari,cokin80
MabuseCaligari,bandinisvevo
MabuseCaligari,hobbitillo
MabuseCaligari,peymusic4
MabuseCaligari,Nymis
MabuseCaligari,joseomar_18
MabuseCaligari,Jondre
MabuseCaligari,Oraj
MabuseCaligari,leomisleh
MabuseCaligari,Abu222
MabuseCaligari,AlexHLopez
MabuseCaligari,boris_1992
MabuseCaligari,YeraiM
MabuseCaligari,3ta
MabuseCaligari,utges
MabuseCaligari,istareth
MabuseCaligari,rodasons
MabuseCaligari,ezequiel2517
MabuseCaligari,Artyom17
MabuseCaligari,Arzu89
MabuseCaligari,Glorfindel7567
MabuseCaligari,AlexLopez97
MabuseCaligari,RayER
MabuseCaligari,pele_alvaro
MabuseCaligari,armandoasis
MabuseCaligari,Cinematofilo
MabuseCaligari,LuisPMar
MabuseCaligari,silentvalerio
MabuseCaligari,paloma55
MabuseCaligari,mesiasmecanico
MabuseCaligari,valeriagomezdr
MabuseCaligari,sebagitier
MabuseCaligari,berelios
MabuseCaligari,TrueGodkiller
MabuseCaligari,sigurrosmca
MabuseCaligari,Manex20
MabuseCaligari,IvanVega99
MabuseCaligari,Ivan_Ruiz
MabuseCaligari,Grijando
MabuseCaligari,chacardenasca
MabuseCaligari,chernobyl21
MabuseCaligari,Julio
MabuseCaligari,marcelltoproust
MabuseCaligari,RubenGarcia88
MabuseCaligari,FranSantana
MabuseCaligari,Antonio92
MabuseCaligari,emiliobedecu
MabuseCaligari,Escalopez
MabuseCaligari,jorgeosso
MabuseCaligari,George_d_Hcnddo
MabuseCaligari,fetema1987
MabuseCaligari,Cry_Wolf
MabuseCaligari,MataTurin
MabuseCaligari,Vimoga
MabuseCaligari,CinefiliaCult
MabuseCaligari,Thephantomastic
MabuseCaligari,jguerr
MabuseCaligari,HelenWelonmelon
MabuseCaligari,JoelArcherFilms
MabuseCaligari,n_amis
MabuseCaligari,flolefilm
MabuseCaligari,esternchen
MabuseCaligari,RachelMyGod
MabuseCaligari,MarioIglesias
MabuseCaligari,Cinepatico
MabuseCaligari,topfilmtuiter
MabuseCaligari,maciaflorit
MabuseCaligari,ALazyCommunist
MabuseCaligari,bernardjleman
MabuseCaligari,malc305
MabuseCaligari,CAVAL_____
MabuseCaligari,EdMorgan
MabuseCaligari,aralonso
MabuseCaligari,mgmfanatic
MabuseCaligari,Toxwiki96
MabuseCaligari,MartinAlbillos
MabuseCaligari,DanielQuinn
MabuseCaligari,javiserpico
MabuseCaligari,bertodelatorre
MabuseCaligari,velvetkarmen
MabuseCaligari,Alexotos
MabuseCaligari,AlbertoAbuin
MabuseCaligari,jjm_24
MabuseCaligari,christianmrtnz
MabuseCaligari,adrianet93
MabuseCaligari,marielofish
MabuseCaligari,SalvatoreToto
MabuseCaligari,_Jedrek_
MabuseCaligari,cvalle2001
MabuseCaligari,KurtZM
MabuseCaligari,salvador01_
MabuseCaligari,AuroraNocte
MabuseCaligari,ILasierra
MabuseCaligari,AlexAldomar
MabuseCaligari,fedemuchogusto
MabuseCaligari,Alnoni
MabuseCaligari,mikecineflio
MabuseCaligari,Borja_Ibrahim
MabuseCaligari,fshtravis
MabuseCaligari,JossArguelles
MabuseCaligari,Itzl
MabuseCaligari,rodrigocaris
MabuseCaligari,Colin_Maillard
MabuseCaligari,milegooo
MabuseCaligari,littlebab
MabuseCaligari,lilg_
MabuseCaligari,twodeadmagpies
MabuseCaligari,rubenqk
MabuseCaligari,straubbhuillet
MabuseCaligari,Barish
MabuseCaligari,jmrebollo
MabuseCaligari,MarcosJiGon
MabuseCaligari,jakobbusk
MabuseCaligari,Mikio_Fassberma
MabuseCaligari,mjuarezg
MabuseCaligari,Screenland
MabuseCaligari,Hulkgazt13
MabuseCaligari,Selasor
MabuseCaligari,UrbanoJ
MabuseCaligari,nitrate74
MabuseCaligari,GerVedder
MabuseCaligari,jal90
MabuseCaligari,gondmayx
MabuseCaligari,Bspinoza1677
MabuseCaligari,Itsasoylavida
MabuseCaligari,Espolar
MabuseCaligari,jesus117
MabuseCaligari,PattieClapSaga
MabuseCaligari,naqme
MabuseCaligari,Bomarzo22
MabuseCaligari,MARC_REQUENA
MabuseCaligari,danifutb
MabuseCaligari,mspinto92
MabuseCaligari,linkinperks
MabuseCaligari,damoner
MabuseCaligari,TinaCasal
MabuseCaligari,asierheredia
MabuseCaligari,trillomartillo
MabuseCaligari,Jorge_Trece
MabuseCaligari,riot_cinephile
MabuseCaligari,jondarru
MabuseCaligari,Lobo_Lopez
MabuseCaligari,FireflyJr
MabuseCaligari,EGKhira
MabuseCaligari,martinese
MabuseCaligari,Malala
MabuseCaligari,Luisin9
MabuseCaligari,andrewpark86
MabuseCaligari,isaac1046
MabuseCaligari,Tripley
MabuseCaligari,Rene03
MabuseCaligari,Sulkhani
MabuseCaligari,rameau
MabuseCaligari,caligarismo
MabuseCaligari,illet33
MabuseCaligari,matcarvalho
MabuseCaligari,mbrando24
MabuseCaligari,Ivan_Cheyenne
MabuseCaligari,Vacuo
MabuseCaligari,prodriale
MabuseCaligari,Orlak
MabuseCaligari,Daniblacksmoke
MabuseCaligari,bagelcoria
MabuseCaligari,militarpancho
MabuseCaligari,Maties_TP
MabuseCaligari,Thegrancharly
MabuseCaligari,Peizzo
MabuseCaligari,Austrohungaro
MabuseCaligari,Morksuc
MabuseCaligari,DoranMartell
MabuseCaligari,Swimming_bird
MabuseCaligari,JoN_TeN
MabuseCaligari,Thomas__
MabuseCaligari,mbonaldi_
MabuseCaligari,JuanmaGutierrez
MabuseCaligari,JonSanSK8
MabuseCaligari,oscarphai
MabuseCaligari,BenitezLeonelR
MabuseCaligari,AGDeNiro
MabuseCaligari,LibroGusano
MabuseCaligari,CriticAburridas
MabuseCaligari,damiandoval
MabuseCaligari,quber
ezequiel2517,SamuelClayton
ezequiel2517,cinephile_1530
ezequiel2517,bellelis
ezequiel2517,Abiliodias
ezequiel2517,joao_soares1809
ezequiel2517,St_Lumos
ezequiel2517,carlosbm87
ezequiel2517,samuelfonseca_
ezequiel2517,rodri7498
ezequiel2517,PelayoAlVil12
ezequiel2517,MidnightFilmPod
ezequiel2517,piscis
ezequiel2517,picolandia
ezequiel2517,muulaturkuazi
ezequiel2517,diegomoratalla
ezequiel2517,Caandamo
ezequiel2517,Abdou_cinephile
ezequiel2517,turbochavala
ezequiel2517,Gatodebalcon
ezequiel2517,javiier97
ezequiel2517,valmoz
ezequiel2517,JuSiBo
ezequiel2517,Caua7B
ezequiel2517,PabloLebowski
ezequiel2517,levythree
ezequiel2517,mmirones7
ezequiel2517,javiersanfer_
ezequiel2517,ali_badyan
ezequiel2517,LouMovies
ezequiel2517,lucas____
ezequiel2517,Yeah_its_me
ezequiel2517,equidistanta
ezequiel2517,me_toca_los_c
ezequiel2517,00000000000000A
ezequiel2517,iyansl
ezequiel2517,Scotian_Doomer
ezequiel2517,JoniGamer1996
ezequiel2517,michelento
ezequiel2517,mariorossellini
ezequiel2517,schoppheineken
ezequiel2517,adrianonetto
ezequiel2517,javisomoza
ezequiel2517,robertanthony25
ezequiel2517,maaaxii
ezequiel2517,SrPurpura
ezequiel2517,Fervaz198
ezequiel2517,salemgus
ezequiel2517,jma2k
ezequiel2517,turntechGodhedd
ezequiel2517,Rinctoya
ezequiel2517,request_healing
ezequiel2517,pasticcere
ezequiel2517,donsosa
ezequiel2517,MauriceR
ezequiel2517,well27
ezequiel2517,dwdalt_
ezequiel2517,romantinski
ezequiel2517,dtn_rt
ezequiel2517,yocoolll
ezequiel2517,Eduromma
ezequiel2517,alpargatagazer
ezequiel2517,Pblmreo
ezequiel2517,marderosas
ezequiel2517,Distant_Voices
ezequiel2517,oscarcomalho_
ezequiel2517,Epistemusing93
ezequiel2517,Manuel_Asin
ezequiel2517,flxsynergy
ezequiel2517,NickTheSick
ezequiel2517,pedrovivan
ezequiel2517,Paul_Benis
ezequiel2517,BillyJoy
ezequiel2517,pudgymccabe
ezequiel2517,AdamsawAfilm
ezequiel2517,jonesdougie
ezequiel2517,bulex
ezequiel2517,Maartun
ezequiel2517,RuIshmael
ezequiel2517,anandumadhu__
ezequiel2517,gabrischez
ezequiel2517,grpcine_
ezequiel2517,JoseluVS
ezequiel2517,molinajimena
ezequiel2517,serevato
ezequiel2517,aquiestoychaval
ezequiel2517,hirai
ezequiel2517,joaodedeus
ezequiel2517,zidimc2411
ezequiel2517,alimerka
ezequiel2517,Incrivel
ezequiel2517,Rotzank
ezequiel2517,guicomelli33
ezequiel2517,batsebas
ezequiel2517,66elder
ezequiel2517,siemprepayaso
ezequiel2517,DarthKaze
ezequiel2517,stoqi
ezequiel2517,Eyvnd
ezequiel2517,havenwindsor
ezequiel2517,PROTEUS4000
ezequiel2517,t_ho_mas
ezequiel2517,Jakob_625
ezequiel2517,angelohp
ezequiel2517,ogcinemaclub
ezequiel2517,zahc
ezequiel2517,st3333ly
ezequiel2517,lcmpst
ezequiel2517,Tapten
ezequiel2517,aurak
ezequiel2517,sublime_objeto
ezequiel2517,jacqueslefou
ezequiel2517,LucasC7575
ezequiel2517,0vven
ezequiel2517,verzoneenozrev
ezequiel2517,bryantminier
ezequiel2517,jpjpablo
ezequiel2517,elandim
ezequiel2517,jgarlandwinn
ezequiel2517,jgs729
ezequiel2517,CassiusBaruc
ezequiel2517,dykeneyhouston
ezequiel2517,Cassio999
ezequiel2517,lupij
ezequiel2517,Dietrico
ezequiel2517,igortxu
ezequiel2517,Alexa_BTD
ezequiel2517,Kadu_Mendes0001
ezequiel2517,earthpigment
ezequiel2517,broncobilly6666
ezequiel2517,paadiego
ezequiel2517,josemdz
ezequiel2517,BearsVideo
ezequiel2517,lufamelli
ezequiel2517,Nicoconka
ezequiel2517,juliagarblan
ezequiel2517,gabilardo
ezequiel2517,cechdez
ezequiel2517,ireneromero
ezequiel2517,Puchinha
ezequiel2517,Gaston_Avalos
ezequiel2517,anaorgana
ezequiel2517,JosephineGloria
ezequiel2517,tubifex
ezequiel2517,brjxton
ezequiel2517,pedrochacht
ezequiel2517,pestilence
ezequiel2517,Wesley_SPFC
ezequiel2517,AlfonsNaidenov
ezequiel2517,AcervoFilmico
ezequiel2517,InakiEiga
ezequiel2517,Miguelitross
ezequiel2517,doughnuts787
ezequiel2517,carlaadl
ezequiel2517,cinemascope
ezequiel2517,WrikiKamen
ezequiel2517,augieinspace
ezequiel2517,awetnhafash
ezequiel2517,hansbeibel
ezequiel2517,Gaston_Aparicio
ezequiel2517,nairunch
ezequiel2517,MartaHerceS
ezequiel2517,larsonista
ezequiel2517,pierrotlegrim
ezequiel2517,AdrianVieitez
ezequiel2517,Ed_Wood
ezequiel2517,MrGrossi
ezequiel2517,lolxd
ezequiel2517,jordiapple
ezequiel2517,andferreiramos
ezequiel2517,esnapur
ezequiel2517,Pedro_G_Barbosa
ezequiel2517,jonao
ezequiel2517,lesfilmsdemavie
ezequiel2517,burntziti
ezequiel2517,DrJauge
ezequiel2517,ikanonakis
ezequiel2517,nettl69
ezequiel2517,Juanky97
ezequiel2517,maritdr
ezequiel2517,wofraser
ezequiel2517,Amirh_V
ezequiel2517,gabrielism0
ezequiel2517,ElPejesapo
ezequiel2517,timetolive
ezequiel2517,1luv1jahx
ezequiel2517,Faure
ezequiel2517,Gui_Vieira
ezequiel2517,newshores
ezequiel2517,Dulika_C_Herath
ezequiel2517,TheoVivas
ezequiel2517,CaptND
ezequiel2517,marctorres
ezequiel2517,ze_piriquitin
ezequiel2517,gmbx
ezequiel2517,merigs
ezequiel2517,d4vidl0pz
ezequiel2517,fUrelha
ezequiel2517,ilonkaann
ezequiel2517,jorgeroca
ezequiel2517,AHackFraud
ezequiel2517,RomaSchaefer
ezequiel2517,CapivaraCareca
ezequiel2517,artefr
ezequiel2517,ryguy1000
ezequiel2517,alexdecine
ezequiel2517,LICM0
ezequiel2517,lukemogan
ezequiel2517,thelifeofk
ezequiel2517,paulacavalcanti
ezequiel2517,alberto20lee
ezequiel2517,moovely
ezequiel2517,nettoaster
ezequiel2517,Konstantin_Ch
ezequiel2517,willowtree03
ezequiel2517,hiitsskully
ezequiel2517,extravagnt
ezequiel2517,egjones
ezequiel2517,sofiatorval
ezequiel2517,mattozo
ezequiel2517,3even3even
ezequiel2517,lilheine
ezequiel2517,nachoalvarezgl
ezequiel2517,andresgl
ezequiel2517,Mitragueria
ezequiel2517,shoegazeAlpaca
ezequiel2517,elsensibol
ezequiel2517,s4uull
ezequiel2517,kerstray
ezequiel2517,NachoCarra
ezequiel2517,Dana_Kovalchik
ezequiel2517,Mariano
ezequiel2517,iyanabroch
ezequiel2517,amatadeliciae
ezequiel2517,MBarcellos93
ezequiel2517,riquelmeee
ezequiel2517,ronaldperrone
ezequiel2517,lecorsairesatan
ezequiel2517,utsuerai
ezequiel2517,Haarotkolnua
ezequiel2517,nabiruu
ezequiel2517,lucasrgccosta
ezequiel2517,alanvictor
ezequiel2517,Joanacarreira
ezequiel2517,Pelagius
ezequiel2517,qqch
ezequiel2517,tolobore74
ezequiel2517,vndresilva
ezequiel2517,helosantana
ezequiel2517,lagafas
ezequiel2517,els4rl
ezequiel2517,pabloirot
ezequiel2517,rafaeldornellas
ezequiel2517,mariilau
ezequiel2517,LexKonjedic
ezequiel2517,4rturon
ezequiel2517,anderuribarri
ezequiel2517,etan_weisfogel
ezequiel2517,joao_mendes47
ezequiel2517,itsamefede
ezequiel2517,viclue
ezequiel2517,santospedro
ezequiel2517,AaronRR
ezequiel2517,burk26
ezequiel2517,Arksane
ezequiel2517,ceroabsoluto
ezequiel2517,LuisLS
ezequiel2517,hildalvz
ezequiel2517,alvaroap
ezequiel2517,Cataganu
ezequiel2517,Marciojrs15
ezequiel2517,Zombiego2006
ezequiel2517,reicleiton
ezequiel2517,qernardo
ezequiel2517,Filipemmiguel
ezequiel2517,Japandroid
ezequiel2517,Txusolito
ezequiel2517,lucasriov
ezequiel2517,liluppi
ezequiel2517,WBA
ezequiel2517,applecherrytree
ezequiel2517,Upote
ezequiel2517,Srhoudini
ezequiel2517,jkj9
ezequiel2517,w3nkz
ezequiel2517,gaby_zokinha
ezequiel2517,dalpizzolo
ezequiel2517,IsraelCruz
ezequiel2517,ojoseroberto
ezequiel2517,genzai_2
ezequiel2517,jnz34
ezequiel2517,MikeHarry16
ezequiel2517,merucuplus
ezequiel2517,andonimaz
ezequiel2517,Osama4
ezequiel2517,aridemileto
ezequiel2517,napaulice
ezequiel2517,nathanagra
ezequiel2517,watashiwasara
ezequiel2517,nectairina
ezequiel2517,husmano
ezequiel2517,apaloseco
ezequiel2517,mariiiaaatoby64
ezequiel2517,Jarsito
ezequiel2517,gussgusgus
ezequiel2517,Dani1Medina
ezequiel2517,elsofacama
ezequiel2517,Brick0161
ezequiel2517,Ttee14
ezequiel2517,sinllyn
ezequiel2517,duncan1964
ezequiel2517,javieru
ezequiel2517,ambarurrutia
ezequiel2517,yogurslavia
ezequiel2517,sanhugus
ezequiel2517,crvseia
ezequiel2517,Bosco10
ezequiel2517,jovenausente
ezequiel2517,fish_inn
ezequiel2517,GabrielNnz
ezequiel2517,guizinhumildade
ezequiel2517,Bobo4750
ezequiel2517,mrminio
ezequiel2517,gianlucacorrea
ezequiel2517,GrahamCarter
ezequiel2517,n_i_t_f_l_e_x
ezequiel2517,LMMDC
ezequiel2517,Nikolas000
ezequiel2517,crisexeflores
ezequiel2517,maryamzz
ezequiel2517,nitecorealbania
ezequiel2517,PedroMaia
ezequiel2517,kbrinkmann
ezequiel2517,alvmb
ezequiel2517,maesepenin
ezequiel2517,twiceaman
ezequiel2517,mise_en_seer
ezequiel2517,arrosado
ezequiel2517,decrepitud
ezequiel2517,Diego_Sensei
ezequiel2517,carosolucas
ezequiel2517,MizoFord
ezequiel2517,Gabriel_42
ezequiel2517,umieramie
ezequiel2517,krisx_
ezequiel2517,misoleu
ezequiel2517,ALazyCommunist
ezequiel2517,Salanova
ezequiel2517,Aviraaj
ezequiel2517,Luctero
ezequiel2517,AlexValentine96
ezequiel2517,chiafm
ezequiel2517,jjm_24
ezequiel2517,adit_am
ezequiel2517,samueltenorio
ezequiel2517,imchris
ezequiel2517,willowybeing
ezequiel2517,saudaddy_
ezequiel2517,Rodri_Go
ezequiel2517,ih8tem0viesate
ezequiel2517,carvp_o
ezequiel2517,WithoutWords
ezequiel2517,iker911
ezequiel2517,Air_Fryer_
ezequiel2517,igorlaine
ezequiel2517,_belendp
ezequiel2517,Kordian86
ezequiel2517,hitchclock
ezequiel2517,do1phin
ezequiel2517,Mimikkar
ezequiel2517,Fredeance
ezequiel2517,vics75
ezequiel2517,Narcobarbiee
ezequiel2517,ElliottA
ezequiel2517,dcsanches
ezequiel2517,Alaminos
ezequiel2517,C_Hochhaeusler
ezequiel2517,SergioArgueso
ezequiel2517,ReiGhost
ezequiel2517,Lannoyer
ezequiel2517,idktheus
ezequiel2517,tavooo
ezequiel2517,Manuelhevia
ezequiel2517,DRDL81
ezequiel2517,novistenada
ezequiel2517,blueblueblueme
ezequiel2517,will_llermo
ezequiel2517,Saket18
ezequiel2517,albertcd17
ezequiel2517,WalterKaramazov
ezequiel2517,jamiemmm
ezequiel2517,Colin_Maillard
ezequiel2517,arturocg93
ezequiel2517,beedo
ezequiel2517,itamik
ezequiel2517,pablocine1
ezequiel2517,elenacf
ezequiel2517,dervanus
ezequiel2517,corcul
ezequiel2517,gatonaranja_
ezequiel2517,Cutetoastheroad
ezequiel2517,gabriel_nunessz
ezequiel2517,joao6
ezequiel2517,GatoEnTrinchera
ezequiel2517,sebauclair
ezequiel2517,ebsilva151
ezequiel2517,fauth08
ezequiel2517,qSanto
ezequiel2517,carsonwww
ezequiel2517,scemo
ezequiel2517,icaro19
ezequiel2517,Acordiss
ezequiel2517,exochorian
ezequiel2517,machecine
ezequiel2517,sammyrayy
ezequiel2517,boa_noite
ezequiel2517,timeistheking
ezequiel2517,Vladimirovsky
ezequiel2517,le_friauche34
ezequiel2517,nepotisma
ezequiel2517,M_Penalosa
ezequiel2517,fouraaaa96
ezequiel2517,WesternDrive
ezequiel2517,matmlo
ezequiel2517,pelismateu
ezequiel2517,migueldomng
ezequiel2517,ilm
ezequiel2517,AP_Schoolwork
ezequiel2517,Kubrick129
ezequiel2517,Lautaro_A
ezequiel2517,luizf_lipe
ezequiel2517,m4ilsi
ezequiel2517,DouglasMattaus
ezequiel2517,Mghfjfjfkf
ezequiel2517,MondoClift
ezequiel2517,lucacd
ezequiel2517,yuya_takahashi
ezequiel2517,pele_alvaro
ezequiel2517,dormiloncin
ezequiel2517,PinedayAguilar1
ezequiel2517,Limoncinn
ezequiel2517,xabeleiva
ezequiel2517,evertonmq
ezequiel2517,amanda629
ezequiel2517,florolino
ezequiel2517,jprocyon
ezequiel2517,renan_rf
ezequiel2517,Gui_Durand
ezequiel2517,Elabrzodelcine
ezequiel2517,Milena23bowie
ezequiel2517,sweetzinhu
ezequiel2517,zappazppa
ezequiel2517,popecarfromcars
ezequiel2517,wil1mcmorran
ezequiel2517,MikeTeErre
ezequiel2517,omarhadi
ezequiel2517,rodrigojunior
ezequiel2517,ZoeyHogan
ezequiel2517,samwm
ezequiel2517,Diegoquaglia
ezequiel2517,freeztate
ezequiel2517,MateoCU
ezequiel2517,crispf
ezequiel2517,manolon67
ezequiel2517,ferraniacolor
ezequiel2517,jaquez
ezequiel2517,Gavin_No_Salads
ezequiel2517,merino14
ezequiel2517,artupa
ezequiel2517,cinelaquimera
ezequiel2517,albmoyano
ezequiel2517,josanjosan
ezequiel2517,JJNC099
ezequiel2517,Apoloribeiro
ezequiel2517,steviebbb
ezequiel2517,Pandamonium
ezequiel2517,Virtuewill
ezequiel2517,danilocraveiro
ezequiel2517,JustCaetano
ezequiel2517,Saulo192
ezequiel2517,guillehormigo
ezequiel2517,youngbarber
ezequiel2517,susavf
ezequiel2517,devstarman
ezequiel2517,UrbanoJ
ezequiel2517,heavenly_joi
ezequiel2517,lenaknzvc
ezequiel2517,MonsterVision
ezequiel2517,DanielQuinn
ezequiel2517,whirlwindrider
ezequiel2517,ygorgouvea
ezequiel2517,FrancoRizzo
ezequiel2517,Ber99
ezequiel2517,santiagol007
ezequiel2517,knixon_haan
ezequiel2517,Martinaevaeva
ezequiel2517,seKKer
ezequiel2517,24flvps
ezequiel2517,luciaadirs
ezequiel2517,Madphoon
ezequiel2517,TheOficial
ezequiel2517,chaotic_hugo
ezequiel2517,dondelillo
ezequiel2517,Emmag_
ezequiel2517,moaipapi
ezequiel2517,wyllilop
ezequiel2517,fellsonito
ezequiel2517,renan_pessoa
ezequiel2517,sambajazz
ezequiel2517,vwkt
ezequiel2517,tiagoaon
ezequiel2517,NomiMeTangere
ezequiel2517,NicoCar17
ezequiel2517,Sergio_bickle
ezequiel2517,biaggiom
ezequiel2517,migblah
ezequiel2517,davidwd
ezequiel2517,Al_____Neri
ezequiel2517,EduardoConde
ezequiel2517,Nexus68
ezequiel2517,nestormm2005
ezequiel2517,ingmarbergas
ezequiel2517,HeitorHissao
ezequiel2517,dstrangelove
ezequiel2517,jlrangel
ezequiel2517,mads88
ezequiel2517,xmiguelinx
ezequiel2517,jvloureiro
ezequiel2517,joaopabdala
ezequiel2517,BoomLight06
ezequiel2517,jlgglj
ezequiel2517,OllyBishop
ezequiel2517,somethingman19
ezequiel2517,cliffordsimak
ezequiel2517,clairdeterre
ezequiel2517,P_G_C
ezequiel2517,KimJongDos
ezequiel2517,hepaviti
ezequiel2517,JosephGrimault
ezequiel2517,Valle_24
ezequiel2517,ehrnique
ezequiel2517,NicoBilbao
ezequiel2517,DiegoGlenn
ezequiel2517,busin
ezequiel2517,uryenbg
ezequiel2517,manuelk
ezequiel2517,marcosvcarvalho
ezequiel2517,AlirezaFatehii
ezequiel2517,BrunoAnthony
ezequiel2517,bathyry
ezequiel2517,elenix_
ezequiel2517,robbgc
ezequiel2517,claudioyunge
ezequiel2517,_Alejoo
ezequiel2517,AlejoR
ezequiel2517,Francis87
ezequiel2517,HenriDanglard
ezequiel2517,nichedeath
ezequiel2517,thinwhiteduke__
ezequiel2517,MJ1994
ezequiel2517,MaboroshiMirage
ezequiel2517,Varun_Vijay
ezequiel2517,raul8pm
ezequiel2517,aixa72
ezequiel2517,andreabonanit
ezequiel2517,Simonsds
ezequiel2517,laresadeiconti
ezequiel2517,luquitiqui
ezequiel2517,Munaiz
ezequiel2517,itshenriqueg
ezequiel2517,zach_nabors
ezequiel2517,inigoGRG
ezequiel2517,diegw1
ezequiel2517,TobiNeiraKohl
ezequiel2517,kinojibaro
ezequiel2517,jvtcosta
ezequiel2517,bott89
ezequiel2517,Mikio_Fassberma
ezequiel2517,kingkirktha3rd
ezequiel2517,crep_per
ezequiel2517,cytril
ezequiel2517,Pedrollz
ezequiel2517,saulo36
ezequiel2517,spude
ezequiel2517,sr_pabloqueiroz
ezequiel2517,marcelo009
ezequiel2517,mlpv86
ezequiel2517,leodisseia
ezequiel2517,CosmicDude
ezequiel2517,Lucasmrc2
ezequiel2517,ExplodingBoy
ezequiel2517,HideakiAnnoFan
ezequiel2517,TakisChampion
ezequiel2517,Colenci
ezequiel2517,Aninbus
ezequiel2517,Vnncard
ezequiel2517,FoxHound_
ezequiel2517,emerichricardo
ezequiel2517,ScreenplayClub
ezequiel2517,KurtZM
ezequiel2517,Lubilder
ezequiel2517,_Carlos_Eduardo
ezequiel2517,1999_sohu
ezequiel2517,Niagos
ezequiel2517,pedrorebelomaia
ezequiel2517,silvaezequiel
ezequiel2517,vitorrr0
ezequiel2517,Tibaru
ezequiel2517,jackyboymilmil
ezequiel2517,gugg
ezequiel2517,JEGama
ezequiel2517,cartonet
ezequiel2517,danimal1
ezequiel2517,uskiss
ezequiel2517,DaniMcfly
ezequiel2517,madnessin
ezequiel2517,YuriLopes
ezequiel2517,Clough11
ezequiel2517,nugevira
ezequiel2517,1conradorosa
ezequiel2517,YCCD
ezequiel2517,thonynho
ezequiel2517,Ciskiko
ezequiel2517,euunmiroir
ezequiel2517,algumapoesia
ezequiel2517,GreenArrow777
ezequiel2517,A_Karerina
ezequiel2517,Nameisbenjamin
ezequiel2517,Glorfindel7567
ezequiel2517,Daniel066606
ezequiel2517,fi_figueiredo
ezequiel2517,komornik
ezequiel2517,tohavenothold
ezequiel2517,hunrior
ezequiel2517,GiovSA
ezequiel2517,sratlantico
ezequiel2517,maximeproulx
ezequiel2517,rengar18
ezequiel2517,brnrddn
ezequiel2517,jpgomes
ezequiel2517,victorcastro
ezequiel2517,nicolathebutler
ezequiel2517,Blackcoffee
ezequiel2517,foolykod
ezequiel2517,bautigodoy
ezequiel2517,lynchberg
ezequiel2517,Ford1987
ezequiel2517,GuidoTornaghi
ezequiel2517,guigogfc
ezequiel2517,diogoserafim
ezequiel2517,RachelMyGod
ezequiel2517,Ged__
ezequiel2517,cinephile1980
ezequiel2517,quber
ezequiel2517,angy18
ezequiel2517,qieroni
ezequiel2517,LBaena
ezequiel2517,Trueno
ezequiel2517,__gratisfaction
ezequiel2517,nesetel
ezequiel2517,chico_cine
ezequiel2517,daavidgro
ezequiel2517,Ninotchka
ezequiel2517,barrenillusion
ezequiel2517,minguel
ezequiel2517,JoanCuadrado
ezequiel2517,aeiouava
ezequiel2517,pochipapu
ezequiel2517,davifricks
ezequiel2517,MiriaMRampante
ezequiel2517,charas
ezequiel2517,joaopedrofaro
ezequiel2517,joaosil9
ezequiel2517,bjsylvester
ezequiel2517,NicolasSaada
ezequiel2517,mmgarnica
ezequiel2517,tiagocosta32
ezequiel2517,John_Palhares
ezequiel2517,pgallagher
ezequiel2517,OliveiraJohnny
ezequiel2517,ananula
ezequiel2517,PezEspada
ezequiel2517,enekotz
ezequiel2517,barthes777
ezequiel2517,pedropinho
ezequiel2517,thomas_ollem
ezequiel2517,victorfbruno
ezequiel2517,lbraver
ezequiel2517,BoostGuardian
ezequiel2517,fesmchick
ezequiel2517,silvanocosta
ezequiel2517,fax0_max
ezequiel2517,MacDePablo
ezequiel2517,franciscon
ezequiel2517,Spectralobatux
ezequiel2517,pifostio
ezequiel2517,juankenobi
ezequiel2517,paloma55
ezequiel2517,Ruben0
ezequiel2517,DeAssisJonathan
ezequiel2517,Trotsky97
ezequiel2517,Lechuguilla
ezequiel2517,Lobo_Lopez
ezequiel2517,LIONEL505
ezequiel2517,EricIdlePedro
ezequiel2517,HobbsEnd
ezequiel2517,nachou_
ezequiel2517,itamaralves
ezequiel2517,gabritg
ezequiel2517,Earthile
ezequiel2517,tracyfdez
ezequiel2517,Abu222
ezequiel2517,straubbhuillet
ezequiel2517,utges
ezequiel2517,jpglaarh
ezequiel2517,meetshahx
ezequiel2517,bandinisvevo
ezequiel2517,chichulingo
ezequiel2517,mario_acu21
ezequiel2517,pink_puma
ezequiel2517,joseluisforte
ezequiel2517,pstumpo
ezequiel2517,WARREN_GOATSE
ezequiel2517,marcelomnc
ezequiel2517,AndresTM
ezequiel2517,nellito
ezequiel2517,vlademirlazo
ezequiel2517,vestidoscostura
ezequiel2517,Colmener
ezequiel2517,Agu95
ezequiel2517,mohhq
ezequiel2517,outkastatlast
ezequiel2517,jal90
ezequiel2517,Thomkeaton
ezequiel2517,fshtravis
ezequiel2517,Alberto87FR
ezequiel2517,Kotyrus
ezequiel2517,MathiasAndersen
ezequiel2517,hobbitillo
ezequiel2517,topfilmtuiter
ezequiel2517,letempsquipasse
ezequiel2517,jordiizquierdo
ezequiel2517,jpRodrigues
ezequiel2517,Shafeer_
ezequiel2517,adolfojoser
ezequiel2517,mytasteistrash
ezequiel2517,andre_alexandre
ezequiel2517,pkmorla
ezequiel2517,Ivan_Suarez
ezequiel2517,fidlar_wz
ezequiel2517,_federicodaniel
ezequiel2517,Andrle
ezequiel2517,xosemfdez
ezequiel2517,LeCharlton
ezequiel2517,Term2nator
ezequiel2517,ashtray__girl
ezequiel2517,Fnnrtz
ezequiel2517,Paula_Arantzazu
ezequiel2517,Jmtamayog
ezequiel2517,Gymnopedie
ezequiel2517,camerontzky
ezequiel2517,EmilioGFO
ezequiel2517,_Lluis_
ezequiel2517,Thomask01
ezequiel2517,standrew
ezequiel2517,Wilder4Films
ezequiel2517,josephhagan75
ezequiel2517,Pedrosa_CR7
ezequiel2517,LopezRX
ezequiel2517,Tigress30
ezequiel2517,pablocp
ezequiel2517,tiberiomora2
ezequiel2517,Maties_TP
ezequiel2517,chusins
ezequiel2517,matthewzeitoun
ezequiel2517,anibalsmalls
ezequiel2517,Sammylanister
ezequiel2517,ddc95
ezequiel2517,JReciosa
ezequiel2517,Mr_Hollywood
ezequiel2517,AymanFayez
ezequiel2517,damoner
ezequiel2517,Piri88
ezequiel2517,THEBREXT
ezequiel2517,ASeM_Fletcher
ezequiel2517,JMGonzalez
ezequiel2517,luisavilaz
ezequiel2517,CallateGodard
ezequiel2517,Filmandera
ezequiel2517,beetleboy11
ezequiel2517,NicoCar18
ezequiel2517,TadAlen
ezequiel2517,freakenstein
ezequiel2517,Diegoch26
ezequiel2517,Falcongreix
ezequiel2517,maokk
ezequiel2517,hjc2244
ezequiel2517,adriaaprietoo_
ezequiel2517,Jcuevaeliz
ezequiel2517,TonyBlondeOrtiz
ezequiel2517,mariete2007_
ezequiel2517,ARB1996
ezequiel2517,Enid26
ezequiel2517,Even_Steven
ezequiel2517,chantuks
ezequiel2517,Roy_Batty
ezequiel2517,Adriarcas2004
ezequiel2517,Brendonyu668
ezequiel2517,RyLanFilms
ezequiel2517,cautivodelmal
ezequiel2517,Ryanbingham
ezequiel2517,MarlonDM
ezequiel2517,toniroig
ezequiel2517,Iannsus
ezequiel2517,shaunc1978
ezequiel2517,MDM967
ezequiel2517,annajasonhicks_
ezequiel2517,movie556
ezequiel2517,annaa_
ezequiel2517,Shrek4Underated
ezequiel2517,BubbasHoTep
ezequiel2517,IssacRodriguez
ezequiel2517,agozy2000
ezequiel2517,Unwary_65
ezequiel2517,JaredTravisW
ezequiel2517,Cyeg12c
ezequiel2517,Breewolf
ezequiel2517,SamuelFilms_
ezequiel2517,tom1pv
ezequiel2517,SpongeBobAndPat
ezequiel2517,pedrojj
ezequiel2517,hoku_hoku
gorkalonso1,Youquendo
gorkalonso1,psychedelicvici
gorkalonso1,soymele
gorkalonso1,igorbtk
gorkalonso1,lumpipuppy
gorkalonso1,mikejhonson
gorkalonso1,alicecc7
gorkalonso1,__susito
gorkalonso1,carlosmundi
gorkalonso1,lojadaesquina
gorkalonso1,jazminnaliaga
gorkalonso1,delfincannibal
gorkalonso1,bogartiano
gorkalonso1,droneevil
gorkalonso1,calexico_ramire
gorkalonso1,DanielEscaners
gorkalonso1,manuelmarquez
gorkalonso1,C4rvo
gorkalonso1,Hatethemorning
gorkalonso1,MatheusMagre
gorkalonso1,3s_1
gorkalonso1,RogerCres96Bar
gorkalonso1,jonesdougie
gorkalonso1,EMTV27
gorkalonso1,ShizukaShimizu
gorkalonso1,rigoayala
gorkalonso1,cheskita
gorkalonso1,SergiBarnet
gorkalonso1,obscenery
gorkalonso1,aprofile
gorkalonso1,marbal
gorkalonso1,GPSK
gorkalonso1,chr1szoldyck
gorkalonso1,Mies_Croto
gorkalonso1,synthemesco
gorkalonso1,ra420ge
gorkalonso1,vics75
gorkalonso1,IboCine
gorkalonso1,Carlos_Rios
gorkalonso1,Mista_BS
gorkalonso1,JosueCarvajal
gorkalonso1,MJ1994
gorkalonso1,EloyG8
gorkalonso1,SOLRACOTOC
gorkalonso1,JC_Tenahua
gorkalonso1,pablotas
gorkalonso1,Patricio_GA
gorkalonso1,GAmengual
gorkalonso1,Dani1Medina
gorkalonso1,DrDrakeRamoray
gorkalonso1,oihan_e________
gorkalonso1,Dyer_Wick
gorkalonso1,quber
gorkalonso1,kerstray
gorkalonso1,Somantras
gorkalonso1,RamonHSosa
gorkalonso1,HazeEstebanUt03
gorkalonso1,andreuvilar
gorkalonso1,aquietman
gorkalonso1,Mariano
gorkalonso1,FraterHerrMann
gorkalonso1,jaimeascasoo_
gorkalonso1,SirWilfrid
gorkalonso1,vernell
gorkalonso1,vincenttruong
gorkalonso1,cirilola
gorkalonso1,todayismarc
gorkalonso1,Alvaroquinn
gorkalonso1,batsebas
gorkalonso1,axoloteapolineo
gorkalonso1,alvySinger_
gorkalonso1,SunbeamOfEzra
gorkalonso1,holymoney
gorkalonso1,ElPejesapo
gorkalonso1,isaidgie
gorkalonso1,cristttobal
gorkalonso1,gifndz
gorkalonso1,EmilioLuna
gorkalonso1,janpv10
gorkalonso1,davidpiizarro
gorkalonso1,DarthKaze
gorkalonso1,_ru
gorkalonso1,burbufilms
gorkalonso1,eljpax
gorkalonso1,FrancoRizzo
gorkalonso1,Ornitomante
gorkalonso1,Man_lazy
gorkalonso1,Fuser2904
gorkalonso1,lucam02
gorkalonso1,alexegabino
gorkalonso1,faheem11
gorkalonso1,pablooobv
gorkalonso1,asiersalvo
gorkalonso1,axethemax
gorkalonso1,DOMO_A
gorkalonso1,marcmartinezc
gorkalonso1,Natamonc
gorkalonso1,AminVillalba
gorkalonso1,Rapote
gorkalonso1,MetforalL
gorkalonso1,Markeel
gorkalonso1,rachel_098
gorkalonso1,NilAymat
gorkalonso1,closada
gorkalonso1,__carlosccl
gorkalonso1,SamuelLaser
gorkalonso1,fernandojulian
gorkalonso1,eleneto_20
gorkalonso1,damianfii
gorkalonso1,Kiko_deJuan
gorkalonso1,Jarsito
gorkalonso1,mathislogic
gorkalonso1,JCGarcia15
gorkalonso1,mjo500desmond
gorkalonso1,dormiloncin
gorkalonso1,iarizex
gorkalonso1,Sirah_Wiedemann
gorkalonso1,ElJovenCineasta
gorkalonso1,natseccar
gorkalonso1,rubenmontero
gorkalonso1,Didacus
gorkalonso1,Xellence
gorkalonso1,Ninotchka
gorkalonso1,jaimeac
gorkalonso1,Faure
gorkalonso1,elenacf
gorkalonso1,utges
gorkalonso1,Danse_
gorkalonso1,paulelliott0316
gorkalonso1,Mann_Ohne_Namen
gorkalonso1,elenambarreto
gorkalonso1,Sivakumar1988
gorkalonso1,spiirits
gorkalonso1,Dani_kata98
gorkalonso1,lfaos
gorkalonso1,jopatur
gorkalonso1,luisru
gorkalonso1,Juanky97
gorkalonso1,olivermayorga
gorkalonso1,carrmenbs
gorkalonso1,__aaxeell__
gorkalonso1,ismaelrs3
gorkalonso1,borjanandez
gorkalonso1,marcosgradp
gorkalonso1,encadenados
gorkalonso1,leila888
gorkalonso1,Miguelitross
gorkalonso1,santa26
gorkalonso1,angelgs_2904
gorkalonso1,Borinot
gorkalonso1,DoranMartell
gorkalonso1,nicovegadiez
gorkalonso1,Strudent
gorkalonso1,LuisVeaz
gorkalonso1,TheCerebellum
gorkalonso1,Joselu98
gorkalonso1,Arzu89
gorkalonso1,blrwv
gorkalonso1,miiguelrubiio
gorkalonso1,clauuschz
gorkalonso1,raziocini0
gorkalonso1,Lavigne1967
gorkalonso1,francojoelp
gorkalonso1,alfoonsso
gorkalonso1,MarcNev
gorkalonso1,mrturbn
gorkalonso1,Casiopea39
gorkalonso1,ciliciosdeneon
gorkalonso1,emilybk
gorkalonso1,Megabpro
gorkalonso1,Tralaracritical
gorkalonso1,xilvi
gorkalonso1,mrmikefox
gorkalonso1,c_zoDeViaje
gorkalonso1,pmombaers
gorkalonso1,rafaelordaya1
gorkalonso1,DavidGS90
gorkalonso1,Carli94
gorkalonso1,che19
gorkalonso1,kbrinkmann
gorkalonso1,sergiobox
gorkalonso1,freakenstein
gorkalonso1,mgunhilda
gorkalonso1,alettheia
gorkalonso1,mistersuke
gorkalonso1,thischarminman
gorkalonso1,Marcos_M_Rom
gorkalonso1,tonikaizen
gorkalonso1,Marcos_M_Romero
gorkalonso1,aitanarc
gorkalonso1,figmare
gorkalonso1,C_slide
gorkalonso1,TaxiDriver123
gorkalonso1,Pakitafilms
gorkalonso1,Air_Fryer_
gorkalonso1,klinfilm
gorkalonso1,afterrequiem
gorkalonso1,MabuseCaligari
gorkalonso1,malatesta19
gorkalonso1,Kasdor
gorkalonso1,ppzo
gorkalonso1,braineater87
gorkalonso1,ElPelifomano
gorkalonso1,Ivan_Suarez
gorkalonso1,eeva_
gorkalonso1,yosolomequejo
gorkalonso1,davidcinefilia
gorkalonso1,vv4nte
gorkalonso1,JPerez_
gorkalonso1,UX10
gorkalonso1,xzetaprobe
gorkalonso1,kadaverdunangel
gorkalonso1,AndrewBlunt
gorkalonso1,genzai_2
gorkalonso1,elkevinesc
gorkalonso1,ahmed155
gorkalonso1,akerwoman
gorkalonso1,tunyco
gorkalonso1,Mejer_
gorkalonso1,martincrnj
gorkalonso1,jmo78
gorkalonso1,carlatka
gorkalonso1,jal90
gorkalonso1,bernax24
gorkalonso1,poluxlisbon
gorkalonso1,lauratnb
gorkalonso1,pirracas
gorkalonso1,Jorgemz
gorkalonso1,nateula
gorkalonso1,juvefan01
gorkalonso1,Jb_Flanagan
gorkalonso1,cmtoribio4
gorkalonso1,hugogag
gorkalonso1,Thaisrfr
gorkalonso1,Bernatus
gorkalonso1,Vaelico
gorkalonso1,Ikisabi
gorkalonso1,Filmandera
gorkalonso1,DarichBlack
gorkalonso1,Roybattyforever
gorkalonso1,IdeasCutres
gorkalonso1,javibotella
gorkalonso1,lucaasmanuel
gorkalonso1,jjm_24
gorkalonso1,ecoscu
gorkalonso1,globalfilm
gorkalonso1,Cinepatico
gorkalonso1,Manuki
gorkalonso1,miridbr
gorkalonso1,MaboroshiMirage
gorkalonso1,Carlosgtf21
gorkalonso1,jiajieyy
gorkalonso1,ManColl93
gorkalonso1,pablooo011
gorkalonso1,ale1299
gorkalonso1,natalygrz
gorkalonso1,fedeelho
gorkalonso1,pelisdepinguino
gorkalonso1,aladsto
gorkalonso1,javierpp00
gorkalonso1,rosebudshears
gorkalonso1,kamaros
gorkalonso1,rodrigocaris
gorkalonso1,Simonsds
gorkalonso1,Corrdobaaa
gorkalonso1,mlando
gorkalonso1,Rafa_Rod
gorkalonso1,paloma55
gorkalonso1,Javirc
gorkalonso1,TaeSuk
gorkalonso1,larrypv97
gorkalonso1,bonexpensive
gorkalonso1,m0liner
gorkalonso1,mm_saez
gorkalonso1,monarig
gorkalonso1,Pablo91Alf
gorkalonso1,JoanCuadrado
gorkalonso1,Javiermania
gorkalonso1,beetleboy11
gorkalonso1,pozakko
gorkalonso1,adrianjbad
gorkalonso1,SRGd
gorkalonso1,BullLee
gorkalonso1,PabloDaniel
gorkalonso1,Margueritte
gorkalonso1,vela44
gorkalonso1,JonSanSK8
gorkalonso1,karenswiftie
gorkalonso1,sofimonago
gorkalonso1,genari777
gorkalonso1,Tantalos
gorkalonso1,yinzlip
gorkalonso1,Ari_28_
gorkalonso1,Karltroubles
gorkalonso1,MariaPuerto
gorkalonso1,celessste
gorkalonso1,javierconce
gorkalonso1,orangeclockw0rk
gorkalonso1,latirdecine
gorkalonso1,Luciaever21
gorkalonso1,amirhorror
gorkalonso1,DASKAP
gorkalonso1,josuechavolla
gorkalonso1,invento_
gorkalonso1,Juliorm10
gorkalonso1,MatiMonti
gorkalonso1,Eugenius99
gorkalonso1,ArribasGalaJL
gorkalonso1,julietagarciams
gorkalonso1,pesiosd
gorkalonso1,The_horrorlove
gorkalonso1,Elbarto1123
gorkalonso1,milliares
gorkalonso1,guxiguxi
gorkalonso1,Doark13
gorkalonso1,MocodePavo
gorkalonso1,Azureasfilms
gorkalonso1,kmp219
gorkalonso1,Jesusinho74
gorkalonso1,elemariab_
gorkalonso1,MariaGabs
gorkalonso1,miquisaurio
gorkalonso1,mazek13
gorkalonso1,Pablomediinaa
gorkalonso1,albeertoobrr
gorkalonso1,AshWilliams92
gorkalonso1,jmmupra
gorkalonso1,notselflara
gorkalonso1,pilinletterb
gorkalonso1,topfilmtuiter
gorkalonso1,yagogibello
gorkalonso1,marti33
gorkalonso1,laurahj28
Mann_Ohne_Namen,ramthaion
Mann_Ohne_Namen,droneevil
Mann_Ohne_Namen,Markeel
Mann_Ohne_Namen,alizule1919
Mann_Ohne_Namen,javiier97
Mann_Ohne_Namen,batsebas
Mann_Ohne_Namen,ndona22
Mann_Ohne_Namen,Klepshydra
Mann_Ohne_Namen,Pav1o
Mann_Ohne_Namen,fragilcomomundo
Mann_Ohne_Namen,HLProductions
Mann_Ohne_Namen,sito26
Mann_Ohne_Namen,lefazo
Mann_Ohne_Namen,gorkalonso1
Mann_Ohne_Namen,lexatin
Mann_Ohne_Namen,Foremma13
Mann_Ohne_Namen,yuis
Mann_Ohne_Namen,simonamariasr
Mann_Ohne_Namen,Zuleema
Mann_Ohne_Namen,Xarga
Mann_Ohne_Namen,burk26
Mann_Ohne_Namen,MissKnowItAll
Mann_Ohne_Namen,AliSoonami
Mann_Ohne_Namen,Meshkat
Mann_Ohne_Namen,raquelskuur
Mann_Ohne_Namen,dariopicon
Mann_Ohne_Namen,hectordoncell
Mann_Ohne_Namen,Air_Fryer_
Mann_Ohne_Namen,MartialCantarel
Mann_Ohne_Namen,juninhojuan
Mann_Ohne_Namen,AlirezaFatehii
Mann_Ohne_Namen,Bressonian
Mann_Ohne_Namen,renemacone
Mann_Ohne_Namen,mispeliculas_
Mann_Ohne_Namen,javisomoza
Mann_Ohne_Namen,irenage
Mann_Ohne_Namen,SamuelLaser
Mann_Ohne_Namen,jmrebollo
Mann_Ohne_Namen,vvvhannah
Mann_Ohne_Namen,uwugorka
Mann_Ohne_Namen,nachomuermos
Mann_Ohne_Namen,pedralon97
Mann_Ohne_Namen,Clough11
Mann_Ohne_Namen,thoriel93
Mann_Ohne_Namen,mdeminkova
Mann_Ohne_Namen,sinsol
Mann_Ohne_Namen,Ged__
Mann_Ohne_Namen,Simonsds
Mann_Ohne_Namen,cinephile1980
Mann_Ohne_Namen,quber
Mann_Ohne_Namen,Gabrielp26
Mann_Ohne_Namen,gondmayx
Mann_Ohne_Namen,Vareludo
Mann_Ohne_Namen,Dennielle
Mann_Ohne_Namen,villa_92
Mann_Ohne_Namen,Javchas
Mann_Ohne_Namen,Salchitatu
Mann_Ohne_Namen,Agu95
Mann_Ohne_Namen,FISHO
Mann_Ohne_Namen,Abu222
Mann_Ohne_Namen,viriathus181
Mann_Ohne_Namen,paloma55
Mann_Ohne_Namen,brunopicazo
Mann_Ohne_Namen,Batty
Mann_Ohne_Namen,Saba1e7e
Mann_Ohne_Namen,JulioBel
Mann_Ohne_Namen,Ruben0
Mann_Ohne_Namen,OldFriend2
Mann_Ohne_Namen,pingala
Mann_Ohne_Namen,marioquema
Mann_Ohne_Namen,Glorfindel7567
Mann_Ohne_Namen,bander7
Mann_Ohne_Namen,erenierte
Mann_Ohne_Namen,A_Karerina
Mann_Ohne_Namen,veerlevdb
Mann_Ohne_Namen,lilg_
Mann_Ohne_Namen,JenyRivera
Mann_Ohne_Namen,anxvi
Mann_Ohne_Namen,peeira
Mann_Ohne_Namen,Nightwing_17
Mann_Ohne_Namen,OlviRojas
Mann_Ohne_Namen,arantzan
Mann_Ohne_Namen,CMatilla
Mann_Ohne_Namen,retabloo
Mann_Ohne_Namen,MataTurin
Mann_Ohne_Namen,Labr0mainfinita
Mann_Ohne_Namen,straubbhuillet
Mann_Ohne_Namen,lulili
Mann_Ohne_Namen,Colin_Maillard
Mann_Ohne_Namen,Romi20
Mann_Ohne_Namen,AminVillalba
Mann_Ohne_Namen,ale_piq
Mann_Ohne_Namen,bustinduy
Mann_Ohne_Namen,adrianet93
Mann_Ohne_Namen,kelvs
Mann_Ohne_Namen,MuzWot
Mann_Ohne_Namen,DanielQuinn
Mann_Ohne_Namen,hobbitillo
Mann_Ohne_Namen,isaacbarragan
Mann_Ohne_Namen,elchampo
Mann_Ohne_Namen,figmare
Mann_Ohne_Namen,mbrando24
Mann_Ohne_Namen,topfilmtuiter
Mann_Ohne_Namen,Destrapo
Mann_Ohne_Namen,_alvarocampoy_
Mann_Ohne_Namen,pablo73636
Mann_Ohne_Namen,ikanonakis
Mann_Ohne_Namen,Ninotchka
Mann_Ohne_Namen,Ivan_Suarez
Mann_Ohne_Namen,poetereau
Mann_Ohne_Namen,anjuet
Mann_Ohne_Namen,xosemfdez
Mann_Ohne_Namen,Estrella5zul
Mann_Ohne_Namen,kaarlenberg
Mann_Ohne_Namen,caracas
Mann_Ohne_Namen,balnearios
Mann_Ohne_Namen,Tugaland
Mann_Ohne_Namen,luisdementia
Mann_Ohne_Namen,Melbaip8
Mann_Ohne_Namen,GioTheRico
Mann_Ohne_Namen,amirhorror
Mann_Ohne_Namen,Anastasia28
Mann_Ohne_Namen,FengYuxiang
Mann_Ohne_Namen,DrunkGiraffe
Mann_Ohne_Namen,__susito
Mann_Ohne_Namen,zsozsi6
Mann_Ohne_Namen,soyconfeso
Mann_Ohne_Namen,Ne0nImpala
Mann_Ohne_Namen,KatiaM
Mann_Ohne_Namen,igortxu
Mann_Ohne_Namen,organictea
Mann_Ohne_Namen,utges
Mann_Ohne_Namen,uryenbg
Mann_Ohne_Namen,Galatea
Mann_Ohne_Namen,andrewpark86
Mann_Ohne_Namen,Faure
Mann_Ohne_Namen,Sarar
Mann_Ohne_Namen,chaotic_hugo
Mann_Ohne_Namen,raqueenx
Mann_Ohne_Namen,javiblxnco
Mann_Ohne_Namen,antodelcore
Mann_Ohne_Namen,nickland
Mann_Ohne_Namen,alfredomzf
Mann_Ohne_Namen,itsmerocio
Mann_Ohne_Namen,Cinocino
Mann_Ohne_Namen,jessicasmirror
Mann_Ohne_Namen,post_duchowy
Mann_Ohne_Namen,FatJow
Mann_Ohne_Namen,chokherbalyy
Mann_Ohne_Namen,clintito
Mann_Ohne_Namen,antares_not
Mann_Ohne_Namen,guillehormigo
Mann_Ohne_Namen,estellac
Mann_Ohne_Namen,pele_alvaro
Mann_Ohne_Namen,bradychilds
Mann_Ohne_Namen,christo1
Mann_Ohne_Namen,Angiolo
Mann_Ohne_Namen,Dent
Mann_Ohne_Namen,NateFisher
Mann_Ohne_Namen,zahraamey
Mann_Ohne_Namen,g0f10n
Mann_Ohne_Namen,jal90
Mann_Ohne_Namen,TwoCineasts
Mann_Ohne_Namen,Redcalliope
Mann_Ohne_Namen,rafaqc97
Mann_Ohne_Namen,mrsoroush
Mann_Ohne_Namen,SeriesConvos
Mann_Ohne_Namen,bipbop13
Mann_Ohne_Namen,DiegoH2000
Mann_Ohne_Namen,zulbro
Mann_Ohne_Namen,ladykiki
Mann_Ohne_Namen,josedluffy1997
Mann_Ohne_Namen,Siroguh
Mann_Ohne_Namen,mpinkfloyd
Mann_Ohne_Namen,ugh_fm
Mann_Ohne_Namen,FvLluis
Mann_Ohne_Namen,DaveCooper
Mann_Ohne_Namen,nataliabzp
Mann_Ohne_Namen,jjm_24
Mann_Ohne_Namen,Parry_Hotter
Mann_Ohne_Namen,steevo
Mann_Ohne_Namen,patpupi
Mann_Ohne_Namen,kerstray
Mann_Ohne_Namen,Thomkeaton
Mann_Ohne_Namen,diego_mellag
Mann_Ohne_Namen,IvanMiguez
Mann_Ohne_Namen,calexico_ramire
Mann_Ohne_Namen,miausaurio
Mann_Ohne_Namen,cbrichmond
Mann_Ohne_Namen,Ricimero
Mann_Ohne_Namen,alvySinger_
Mann_Ohne_Namen,PTA_Meeting
Mann_Ohne_Namen,Chaplintarkovsk
Mann_Ohne_Namen,YTuPadreQTalMea
Mann_Ohne_Namen,Daniblacksmoke
Mann_Ohne_Namen,thegeeksofiaris
Mann_Ohne_Namen,DanielEscaners
Mann_Ohne_Namen,asm5sgr
Mann_Ohne_Namen,ferhood
Mann_Ohne_Namen,kurazaybo
Mann_Ohne_Namen,jorgepm91
Mann_Ohne_Namen,tystnaden
Mann_Ohne_Namen,Auralblack
Mann_Ohne_Namen,valde5a7
Mann_Ohne_Namen,Payika
Mann_Ohne_Namen,fleming22
Mann_Ohne_Namen,msgatsby
Mann_Ohne_Namen,Jadzcor
Mann_Ohne_Namen,will_llermo
Mann_Ohne_Namen,jjm4596
Mann_Ohne_Namen,Isart
Mann_Ohne_Namen,Travis76
Mann_Ohne_Namen,Sanrojas
Mann_Ohne_Namen,MiguelMSH
Mann_Ohne_Namen,firejuice
Mann_Ohne_Namen,alejandros15
Mann_Ohne_Namen,irca
Mann_Ohne_Namen,Perro_Sanxe
Mann_Ohne_Namen,Marinajejejiji
Mann_Ohne_Namen,Vicioinherente
Mann_Ohne_Namen,harvsi
Mann_Ohne_Namen,Sabry
Mann_Ohne_Namen,rotlaust
Mann_Ohne_Namen,fraKcturedgar
Mann_Ohne_Namen,acalacedo
Mann_Ohne_Namen,Isaac98tm
Mann_Ohne_Namen,synthemesco
Mann_Ohne_Namen,albertsyco_
Mann_Ohne_Namen,shimatetsuo
Mann_Ohne_Namen,DavithLecter
Mann_Ohne_Namen,A_R
Mann_Ohne_Namen,nilleta4ever
bergmantonioni,C4rvo
bergmantonioni,ElCobertizo
bergmantonioni,verzoneenozrev
bergmantonioni,pirracas
bergmantonioni,jaimeac
bergmantonioni,Kansas
bergmantonioni,ExplodingBoy
bergmantonioni,juanjocerero
bergmantonioni,miguel_ele
bergmantonioni,AuroraNocte
bergmantonioni,figmare
bergmantonioni,hecatr
bergmantonioni,CineExposure
bergmantonioni,Ged__
bergmantonioni,jmrebollo
bergmantonioni,Simonsds
bergmantonioni,ventura111
bergmantonioni,xosemfdez
bergmantonioni,cinephile1980
bergmantonioni,smartbull
bergmantonioni,glogar_
bergmantonioni,elaguainmovil
bergmantonioni,Jarsito
bergmantonioni,MarcelMarx_
bergmantonioni,Memento_11
bergmantonioni,ETTAHSEDIK
bergmantonioni,Labr0mainfinita
bergmantonioni,Isaac98tm
bergmantonioni,poetereau
bergmantonioni,quber
bergmantonioni,MiguelMSH
bergmantonioni,Mikio_Fassberma
bergmantonioni,msgatsby
bergmantonioni,RogerCres96Bar
bergmantonioni,nickland
bergmantonioni,omnieya
bergmantonioni,Paul_Benis
bergmantonioni,DarthKaze
bergmantonioni,marioquema
bergmantonioni,unicronloev
bergmantonioni,Abu222
bergmantonioni,paloma55
bergmantonioni,Ninotchka
bergmantonioni,jjm_24
bergmantonioni,Faure
bergmantonioni,ALazyCommunist
bergmantonioni,alfredomzf
bergmantonioni,ezequiel2517
bergmantonioni,straubbhuillet
bergmantonioni,zamilovanemaso
bergmantonioni,notansobrio
bergmantonioni,petridrea
bergmantonioni,amirhorror
bergmantonioni,Kirkis
bergmantonioni,raul8pm
bergmantonioni,aixa72
bergmantonioni,Colin_Maillard
bergmantonioni,Blanchot
bergmantonioni,davidmd
bergmantonioni,isaacbarragan
bergmantonioni,fshtravis
bergmantonioni,Batty
bergmantonioni,caoscinefilo
bergmantonioni,SrLansky
bergmantonioni,jal90
bergmantonioni,mmgarnica
bergmantonioni,RachelMyGod
bergmantonioni,mbrando24
bergmantonioni,topfilmtuiter
bergmantonioni,MarioIglesias
bergmantonioni,Ivan_Suarez
bergmantonioni,pele_alvaro
bergmantonioni,synthemesco
bergmantonioni,chaotic_hugo
bergmantonioni,DanielQuinn
Dr_Akkar,kerstray
Dr_Akkar,Simonsds
Dr_Akkar,mansoor67
Dr_Akkar,KarinaKaar
Dr_Akkar,verzoneenozrev
Dr_Akkar,quber
Dr_Akkar,La_Nuit_Je_Mens
Dr_Akkar,Air_Fryer_
Dr_Akkar,irca
Dr_Akkar,Hectorog
Dr_Akkar,topfilmtuiter
Dr_Akkar,Faure
Dr_Akkar,paloma55
Dr_Akkar,EloyG8
Dr_Akkar,AndresTM
Dr_Akkar,roseyasteroid
Dr_Akkar,FortunaNorte
Dr_Akkar,BRosenzweig
Dr_Akkar,ExeDavid
Dr_Akkar,gummi_mage
Dr_Akkar,SpongeBobAndPat
Dr_Akkar,OmkarSirikonda
Dr_Akkar,VICEStaff
Dr_Akkar,AcervoFilmico
Dr_Akkar,outkastatlast
Dr_Akkar,sofakingdumb
Dr_Akkar,orivpp
Dr_Akkar,eduardogab
Dr_Akkar,jmoralon
Dr_Akkar,SrpingDay
Dr_Akkar,rubenmg
Dr_Akkar,HobbsEnd
Dr_Akkar,Luisgpam
Dr_Akkar,Poxo_2
Dr_Akkar,phybrah
Dr_Akkar,yaz_ro_rys
Dr_Akkar,Adrian8539
Dr_Akkar,Feralejandri
Dr_Akkar,johnpach
Dr_Akkar,Loerism
Dr_Akkar,mmtnz22
Dr_Akkar,chaotic_hugo
Dr_Akkar,Ricky_QD82
Dr_Akkar,veocine
Dr_Akkar,Daniel45
Dr_Akkar,verosanzb
Dr_Akkar,PrietitaDimitro
Dr_Akkar,Tarrkovsky
Dr_Akkar,araujoemi
Dr_Akkar,teasing
Dr_Akkar,vestidoscostura
Dr_Akkar,Matheuspaiva1
Dr_Akkar,manueloide
Dr_Akkar,I_L
Dr_Akkar,wobewww
Dr_Akkar,Ardwyw
Dr_Akkar,horseheadfrank
Dr_Akkar,Isbelop
Dr_Akkar,ddedario
Dr_Akkar,aharris4
Dr_Akkar,Bohden
Dr_Akkar,RainerGaudi
Dr_Akkar,FrancoRizzo
Dr_Akkar,Trueno
Dr_Akkar,JBorja105
Dr_Akkar,FlashGordonsApe
Dr_Akkar,santoguille
Dr_Akkar,gomesdudis
Dr_Akkar,FernandoBasterd
Dr_Akkar,AlanJeffrey
Dr_Akkar,GFilms
Dr_Akkar,ZeroDarkGamer
Dr_Akkar,Martinaevaeva
Dr_Akkar,LiContes
Dr_Akkar,BeetBeatBit
Dr_Akkar,Kipik
Dr_Akkar,ivb
Dr_Akkar,Ira_zone
Dr_Akkar,__susito
Dr_Akkar,Soro93
figmare,CineCAmbiental
figmare,batsebas
figmare,verzoneenozrev
figmare,Anita_bm
figmare,nati0607007
figmare,frrrrdoit
figmare,juanjocerero
figmare,jinxxxx
figmare,itsivibabee
figmare,nichedeath
figmare,widal22
figmare,ivancohe
figmare,bvritica
figmare,davidmd
figmare,Baldonedo
figmare,Carlos_
figmare,Jarsito
figmare,Hectorog
figmare,anthonymous
figmare,NateFisher
figmare,paloma55
figmare,MiguelMSH
figmare,ManColl93
figmare,marianoNC
figmare,Air_Fryer_
figmare,AuroraNocte
figmare,Isaac98tm
figmare,MaboroshiMirage
figmare,Ged__
figmare,Simonsds
figmare,cinephile1980
figmare,quber
figmare,fleming22
figmare,fshtravis
figmare,kronorium
figmare,bandinisvevo
figmare,Selasor
figmare,Maincinema
figmare,Oraj
figmare,Abu222
figmare,aixa72
figmare,Ripley87
figmare,mermecolion
figmare,Ricimero
figmare,Esme_Heartilly
figmare,mbrando24
figmare,MMKZB
figmare,isaacbarragan
figmare,IvanMiguez
figmare,topfilmtuiter
figmare,JoN_TeN
figmare,Maties_TP
figmare,latirdecine
figmare,Ed_Wood
figmare,al1997
figmare,Ghostface1993
figmare,MundoRath
figmare,jal90
figmare,Seigor
figmare,RachelMyGod
figmare,Tristan_MeyerH
figmare,msolde
figmare,Hickeystyle
figmare,Mann_Ohne_Namen
Lobo_Lopez,michaleen
Lobo_Lopez,hakovz
Lobo_Lopez,simeoret
Lobo_Lopez,moure
Lobo_Lopez,TigerYogi
Lobo_Lopez,MarialeBernedo
Lobo_Lopez,gustavoryanb
Lobo_Lopez,Simonsds
Lobo_Lopez,SantanaYork
Lobo_Lopez,eljpax
Lobo_Lopez,taptup
Lobo_Lopez,Mr_Porter
Lobo_Lopez,rnkdkskskdkdk
Lobo_Lopez,MaximErkin12345
Lobo_Lopez,JimAWR
Lobo_Lopez,9tjay
Lobo_Lopez,Niks_94
Lobo_Lopez,jjm_24
Lobo_Lopez,MarcBallesteros
Lobo_Lopez,otherplanet
Lobo_Lopez,kleinbaud
Lobo_Lopez,deivis_gabriel_
Lobo_Lopez,NadrojLikesFilm
Lobo_Lopez,ManuelOliveira1
Lobo_Lopez,fountainhead
Lobo_Lopez,maia_smaia
Lobo_Lopez,RonnieFarfan
Lobo_Lopez,slint_1900
Lobo_Lopez,geovannabrito
Lobo_Lopez,RafaelRamagem
Lobo_Lopez,f1lmbug
Lobo_Lopez,rdudda
Lobo_Lopez,rairabap
Lobo_Lopez,lcmpst
Lobo_Lopez,IsaqueJacques
Lobo_Lopez,luvshxt
Lobo_Lopez,Filmcriticism
Lobo_Lopez,rafaelordaya1
Lobo_Lopez,dtn_rt
Lobo_Lopez,sunysuny
Lobo_Lopez,Mohammad_S
Lobo_Lopez,Babbenco
Lobo_Lopez,natai
Lobo_Lopez,Sopa_de_Gato
Lobo_Lopez,adrianonetto
Lobo_Lopez,yuriils
Lobo_Lopez,MaxMaximusX
Lobo_Lopez,Tefmaki
Lobo_Lopez,dwdalt_
Lobo_Lopez,zhionaggabao
Lobo_Lopez,AdamsawAfilm
Lobo_Lopez,jkjkjkjkjkjkjkj
Lobo_Lopez,su_kempu
Lobo_Lopez,mrierap
Lobo_Lopez,pedrorrcl
Lobo_Lopez,request_healing
Lobo_Lopez,stimtrigger
Lobo_Lopez,HighlifeCinema
Lobo_Lopez,matheus_fukuda
Lobo_Lopez,javih
Lobo_Lopez,LeuMarktt
Lobo_Lopez,Monassa
Lobo_Lopez,stupidsums
Lobo_Lopez,kosame_
Lobo_Lopez,gaby16
Lobo_Lopez,Epistemusing93
Lobo_Lopez,Miguelitross
Lobo_Lopez,loulogioreviews
Lobo_Lopez,mattozo
Lobo_Lopez,reener
Lobo_Lopez,DouglasMattaus
Lobo_Lopez,Garrix5000
Lobo_Lopez,BillyJoy
Lobo_Lopez,SurrenderDoroty
Lobo_Lopez,GLMorlanes
Lobo_Lopez,quispe23
Lobo_Lopez,thomazsa
Lobo_Lopez,yrty
Lobo_Lopez,MoonSato
Lobo_Lopez,cypherino
Lobo_Lopez,duduhuah
Lobo_Lopez,JessieMJ
Lobo_Lopez,anandumadhu__
Lobo_Lopez,linsfarias
Lobo_Lopez,Paolanaomi
Lobo_Lopez,paulasinb
Lobo_Lopez,mamahhtmg
Lobo_Lopez,joaovfs
Lobo_Lopez,ArielHerondale
Lobo_Lopez,brandont12
Lobo_Lopez,miguelkkjkjk
Lobo_Lopez,AquaSlasher
Lobo_Lopez,JoseluVS
Lobo_Lopez,miguel_lacerda
Lobo_Lopez,Ford1987
Lobo_Lopez,uaxyy
Lobo_Lopez,Eyvnd
Lobo_Lopez,obscenery
Lobo_Lopez,bilenoire
Lobo_Lopez,imnotlidia
Lobo_Lopez,gasparmfiadeiro
Lobo_Lopez,dannyr_stc
Lobo_Lopez,Sergi_ll
Lobo_Lopez,Danse_
Lobo_Lopez,genzai_2
Lobo_Lopez,batsebas
Lobo_Lopez,MartaEstivill
Lobo_Lopez,Nyxrae
Lobo_Lopez,yellprearo
Lobo_Lopez,IkerS
Lobo_Lopez,Octav1us
Lobo_Lopez,bossanovafanboy
Lobo_Lopez,goosetambo
Lobo_Lopez,Caua7B
Lobo_Lopez,ikicgm
Lobo_Lopez,asenhoradanoite
Lobo_Lopez,Nikoloz369
Lobo_Lopez,grpcine_
Lobo_Lopez,farenheit
Lobo_Lopez,Mariano
Lobo_Lopez,verzoneenozrev
Lobo_Lopez,siah_s0t0
Lobo_Lopez,ChinoFett04
Lobo_Lopez,Salanova
Lobo_Lopez,tororu
Lobo_Lopez,indenait
Lobo_Lopez,topiasnatynki
Lobo_Lopez,anyerka
Lobo_Lopez,MichelMourlet
Lobo_Lopez,migueldomng
Lobo_Lopez,eliangoudard
Lobo_Lopez,ronhoffmanjr
Lobo_Lopez,jpjpablo
Lobo_Lopez,Marcos_M_Rom
Lobo_Lopez,burk26
Lobo_Lopez,strawberririi
Lobo_Lopez,vitorramalho
Lobo_Lopez,Pegotoso3
Lobo_Lopez,alicethibes
Lobo_Lopez,elandim
Lobo_Lopez,StefaaTe
Lobo_Lopez,skrrrrrrrt
Lobo_Lopez,kino_pravda21
Lobo_Lopez,aigroegs
Lobo_Lopez,mashaclark
Lobo_Lopez,carvp_o
Lobo_Lopez,Pedrosoeiro
Lobo_Lopez,gee1958
Lobo_Lopez,gzgluuuz
Lobo_Lopez,AndreLopes
Lobo_Lopez,rooommate
Lobo_Lopez,Jotasoeiro
Lobo_Lopez,Kadu_Mendes0001
Lobo_Lopez,hoodsterne
Lobo_Lopez,paadiego
Lobo_Lopez,Mizuker
Lobo_Lopez,roberawards
Lobo_Lopez,DeAssisJonathan
Lobo_Lopez,loveuiihateu
Lobo_Lopez,adeasia
Lobo_Lopez,Austenleuze
Lobo_Lopez,diegoagdi
Lobo_Lopez,Kraik_
Lobo_Lopez,PROTEUS4000
Lobo_Lopez,xoandsj
Lobo_Lopez,dedpeng
Lobo_Lopez,LookingFore
Lobo_Lopez,lubn_s
Lobo_Lopez,LuizFigueiredo
Lobo_Lopez,Fuser2904
Lobo_Lopez,_lylavenir
Lobo_Lopez,malkuthketer
Lobo_Lopez,_willneverstop
Lobo_Lopez,raheelahsaqib
Lobo_Lopez,manuelrz
Lobo_Lopez,maxicaca
Lobo_Lopez,ibnuprofen
Lobo_Lopez,Borkodo
Lobo_Lopez,CabaretVoltaire
Lobo_Lopez,ju4njose
Lobo_Lopez,daniefranceschi
Lobo_Lopez,Kungfukabab
Lobo_Lopez,Marchiaro
Lobo_Lopez,tubifex
Lobo_Lopez,BabacaCamarada
Lobo_Lopez,earthpigment
Lobo_Lopez,discorigido
Lobo_Lopez,drifting
Lobo_Lopez,bruno1cinefilia
Lobo_Lopez,ra4varda
Lobo_Lopez,lucasreges1
Lobo_Lopez,cognoabod
Lobo_Lopez,manoguss
Lobo_Lopez,FilipeGG
Lobo_Lopez,rsipionh
Lobo_Lopez,_aleeeee
Lobo_Lopez,danielisadog
Lobo_Lopez,lunaguerrero
Lobo_Lopez,pestilence
Lobo_Lopez,schoppheineken
Lobo_Lopez,woojuoh
Lobo_Lopez,Gonzabostero
Lobo_Lopez,realitas
Lobo_Lopez,Konstantin_Ch
Lobo_Lopez,Raheem7
Lobo_Lopez,wattter
Lobo_Lopez,bymarques0
Lobo_Lopez,sebastianht
Lobo_Lopez,irenelolen
Lobo_Lopez,diegorecoba
Lobo_Lopez,oxymandiasz
Lobo_Lopez,VanKaneski
Lobo_Lopez,petalo_de_sal
Lobo_Lopez,KailanSpier
Lobo_Lopez,amybluecoast
Lobo_Lopez,lucadinho
Lobo_Lopez,dreamp0lice
Lobo_Lopez,fuklestar6tem
Lobo_Lopez,jaimeascasoo_
Lobo_Lopez,Gavin_No_Salads
Lobo_Lopez,nnevvurr
Lobo_Lopez,XuZejie1997
Lobo_Lopez,corduroygos
Lobo_Lopez,manuelsanbai
Lobo_Lopez,diego37
Lobo_Lopez,SLGC
Lobo_Lopez,MundoRath
Lobo_Lopez,orchids000
Lobo_Lopez,jaimeac
Lobo_Lopez,1luv1jahx
Lobo_Lopez,ririyg
Lobo_Lopez,Dulika_C_Herath
Lobo_Lopez,TheoVivas
Lobo_Lopez,CaptND
Lobo_Lopez,likeaglock
Lobo_Lopez,tpachano
Lobo_Lopez,MHLGross
Lobo_Lopez,Fiano
Lobo_Lopez,Colenci
Lobo_Lopez,safa_sigaroudi
Lobo_Lopez,guilhermemiq
Lobo_Lopez,rafaelmoreardi
Lobo_Lopez,AcervoFilmico
Lobo_Lopez,gabrielism0
Lobo_Lopez,reicleiton
Lobo_Lopez,ilonkaann
Lobo_Lopez,RomaSchaefer
Lobo_Lopez,Andr913
Lobo_Lopez,milne00
Lobo_Lopez,jacqueslefou
Lobo_Lopez,VVShalomov
Lobo_Lopez,mise_en_seer
Lobo_Lopez,nabiruu
Lobo_Lopez,juankiK
Lobo_Lopez,artefr
Lobo_Lopez,omov
Lobo_Lopez,Ferausquin
Lobo_Lopez,katmbc
Lobo_Lopez,oscardelatorre
Lobo_Lopez,Mateussc
Lobo_Lopez,Alephbeth
Lobo_Lopez,Francis87
Lobo_Lopez,maartaaeaa
Lobo_Lopez,wcarolc
Lobo_Lopez,placidoct
Lobo_Lopez,Amirh_V
Lobo_Lopez,beedo
Lobo_Lopez,lluuuccaassss
Lobo_Lopez,Apoloribeiro
Lobo_Lopez,fankyko
Lobo_Lopez,narratologica
Lobo_Lopez,suburbanborja
Lobo_Lopez,willowtree03
Lobo_Lopez,matmataraperos
Lobo_Lopez,PearlySpencer
Lobo_Lopez,Cientefilo
Lobo_Lopez,BrenoNegreiros
Lobo_Lopez,DeriMeriSheli
Lobo_Lopez,davidwd
Lobo_Lopez,Marce1Proust
Lobo_Lopez,egjones
Lobo_Lopez,Al_____Neri
Lobo_Lopez,joaopedrosc
Lobo_Lopez,paulocipis
Lobo_Lopez,Quintilindo
Lobo_Lopez,claudioyunge
Lobo_Lopez,JosephineGloria
Lobo_Lopez,iamPT
Lobo_Lopez,Alien_passenger
Lobo_Lopez,fidlar_wz
Lobo_Lopez,cajuh
Lobo_Lopez,TheOficial
Lobo_Lopez,axe_mufc_rd
Lobo_Lopez,malick7
Lobo_Lopez,axapvov
Lobo_Lopez,dmoney8
Lobo_Lopez,ElizabethRegina
Lobo_Lopez,MinahilK
Lobo_Lopez,krishnanda
Lobo_Lopez,CLAUDE_CHABROL
Lobo_Lopez,Dk_S
Lobo_Lopez,ze_piriquitin
Lobo_Lopez,shizomodernist
Lobo_Lopez,_eden
Lobo_Lopez,Cerafa
Lobo_Lopez,otherss
Lobo_Lopez,meowmeowwoof
Lobo_Lopez,atrashorrasjr
Lobo_Lopez,alfredlubitsch
Lobo_Lopez,Haarotkolnua
Lobo_Lopez,angelfacee
Lobo_Lopez,migrms
Lobo_Lopez,teikseira
Lobo_Lopez,AndresTM
Lobo_Lopez,joaodmoraes
Lobo_Lopez,Pedro__Henrique
Lobo_Lopez,EnriqueSemH
Lobo_Lopez,karasik8888
Lobo_Lopez,estelagonzalez
Lobo_Lopez,katyaarakelyan
Lobo_Lopez,DoeLecter
Lobo_Lopez,ManuelArias
Lobo_Lopez,AlbertoVicente_
Lobo_Lopez,miiguelrubiio
Lobo_Lopez,WilhelmFaust
Lobo_Lopez,matheusammotta
Lobo_Lopez,trueheartsusie
Lobo_Lopez,LMMDC
Lobo_Lopez,Arksane
Lobo_Lopez,ForExLoversOnly
Lobo_Lopez,Peni_Film_Fest
Lobo_Lopez,almostghost
Lobo_Lopez,cat28096
Lobo_Lopez,fgarcia_
Lobo_Lopez,HeitorVegetal
Lobo_Lopez,Natanael_
Lobo_Lopez,swim
Lobo_Lopez,GastonAlvarez0
Lobo_Lopez,alfredomzf
Lobo_Lopez,joaquinlozano_
Lobo_Lopez,Cazorlab
Lobo_Lopez,philliparthur
Lobo_Lopez,Filipemmiguel
Lobo_Lopez,sepulcral
Lobo_Lopez,naoteo
Lobo_Lopez,quodsemper
Lobo_Lopez,Vadekawa
Lobo_Lopez,MilOlhos
Lobo_Lopez,AmilcarBoetto
Lobo_Lopez,gonzalosoto
Lobo_Lopez,mariilau
Lobo_Lopez,sunzscy
Lobo_Lopez,lafleta
Lobo_Lopez,ppzo
Lobo_Lopez,CarlinhosBraunn
Lobo_Lopez,gmartineza
Lobo_Lopez,xLOOMERx
Lobo_Lopez,gabriel_hultazo
Lobo_Lopez,imando
Lobo_Lopez,filmfanatic19
Lobo_Lopez,jkj9
Lobo_Lopez,autisticwaluigi
Lobo_Lopez,LoteriaLucas
Lobo_Lopez,tedydeltoro
Lobo_Lopez,Joanacarreira
Lobo_Lopez,neovinter
Lobo_Lopez,LeandroC
Lobo_Lopez,felipearaujoc
Lobo_Lopez,gorkalonso1
Lobo_Lopez,juanjocerero
Lobo_Lopez,moraldede
Lobo_Lopez,ojoseroberto
Lobo_Lopez,Varun_Vijay
Lobo_Lopez,IElmor
Lobo_Lopez,MikeHarry16
Lobo_Lopez,delwin72090
Lobo_Lopez,carlosmundi
Lobo_Lopez,gabola1
Lobo_Lopez,Casiopea39
Lobo_Lopez,napaulice
Lobo_Lopez,anavp
Lobo_Lopez,omarznari
Lobo_Lopez,Nsnada
Lobo_Lopez,Bernardo_B
Lobo_Lopez,fabianarriaga5
Lobo_Lopez,IVORY_ANGELS
Lobo_Lopez,tomarx_
Lobo_Lopez,pedropinho
Lobo_Lopez,alexdecine
Lobo_Lopez,gussgusgus
Lobo_Lopez,transmemberment
Lobo_Lopez,fifoleCFC
Lobo_Lopez,duncan1964
Lobo_Lopez,macmahon69paulo
Lobo_Lopez,jovenausente
Lobo_Lopez,iurialbuquerque
Lobo_Lopez,Raskolnikov222
Lobo_Lopez,Turturro11
Lobo_Lopez,nitrate74
Lobo_Lopez,DavidGS90
Lobo_Lopez,AdAstra_
Lobo_Lopez,VacantJoy
Lobo_Lopez,sambajazz
Lobo_Lopez,zaborchik
Lobo_Lopez,Bracero
Lobo_Lopez,Nibbamont
Lobo_Lopez,idktheus
Lobo_Lopez,Milighe93
Lobo_Lopez,Jo_Brennan
Lobo_Lopez,IJohnnyFletcher
Lobo_Lopez,maryamzz
Lobo_Lopez,DeividDiGiel
Lobo_Lopez,Nikolas000
Lobo_Lopez,extravagnt
Lobo_Lopez,pablo_iv
Lobo_Lopez,silvinobacelar
Lobo_Lopez,WrikiKamen
Lobo_Lopez,dayiel
Lobo_Lopez,TaranofPrydain
Lobo_Lopez,Zettton
Lobo_Lopez,ReiGhost
Lobo_Lopez,nostalgiakinky
Lobo_Lopez,doughnuts787
Lobo_Lopez,Haaveilija
Lobo_Lopez,vampireholile
Lobo_Lopez,ismaelrs3
Lobo_Lopez,kbrinkmann
Lobo_Lopez,Vituu
Lobo_Lopez,annahara
Lobo_Lopez,tdo77
Lobo_Lopez,usuaria
Lobo_Lopez,1trov
Lobo_Lopez,PavoPavete
Lobo_Lopez,kalabobos
Lobo_Lopez,The_Krogvin
Lobo_Lopez,novasletras
Lobo_Lopez,marianoviza
Lobo_Lopez,loveubabe
Lobo_Lopez,whoisgodoi
Lobo_Lopez,JuanluSportello
Lobo_Lopez,fiction00
Lobo_Lopez,LorenMont
Lobo_Lopez,PedroMaia
Lobo_Lopez,olivermayorga
Lobo_Lopez,amnesico
Lobo_Lopez,Historietista
Lobo_Lopez,rohmersangsoo
Lobo_Lopez,AdryaNFL
Lobo_Lopez,igorlaine
Lobo_Lopez,Marcos_M_Romero
Lobo_Lopez,deck03
Lobo_Lopez,eddiedwywer
Lobo_Lopez,ali_badyan
Lobo_Lopez,brendavalois
Lobo_Lopez,antonioroma14
Lobo_Lopez,Augus22
Lobo_Lopez,riquelmeee
Lobo_Lopez,awetnhafash
Lobo_Lopez,MizoFord
Lobo_Lopez,Nefertrip
Lobo_Lopez,nathanhowell1
Lobo_Lopez,geronimoip
Lobo_Lopez,the1azy2review
Lobo_Lopez,Mimikkar
Lobo_Lopez,lucasivuca
Lobo_Lopez,libblerabble
Lobo_Lopez,diegw1
Lobo_Lopez,GusGardey
Lobo_Lopez,NomiMeTangere
Lobo_Lopez,najta
Lobo_Lopez,rickytau
Lobo_Lopez,dros
Lobo_Lopez,Andres_Sorokin
Lobo_Lopez,fish_inn
Lobo_Lopez,JCGavancho
Lobo_Lopez,Lannoyer
Lobo_Lopez,Spjones123
Lobo_Lopez,kauagbarreto
Lobo_Lopez,JMGonzalez
Lobo_Lopez,francisvalente
Lobo_Lopez,Miyadou101
Lobo_Lopez,slumpmuse
Lobo_Lopez,alxmnndz
Lobo_Lopez,ravelmacedo
Lobo_Lopez,_Dashiell
Lobo_Lopez,SrPurpura
Lobo_Lopez,Pandamonium
Lobo_Lopez,ronaldperrone
Lobo_Lopez,youngbarber
Lobo_Lopez,mariapathe
Lobo_Lopez,Artistin_Denial
Lobo_Lopez,bautigodoy
Lobo_Lopez,iamcheri
Lobo_Lopez,miladymanzarek
Lobo_Lopez,24fpslvr
Lobo_Lopez,C_Hochhaeusler
Lobo_Lopez,gustavofdd
Lobo_Lopez,damianfii
Lobo_Lopez,laurencedarrow
Lobo_Lopez,Marinetti
Lobo_Lopez,fena
Lobo_Lopez,Saket18
Lobo_Lopez,amirmohamad8
Lobo_Lopez,artur_renzo
Lobo_Lopez,thidvarte
Lobo_Lopez,michelangelovq
Lobo_Lopez,pablocine1
Lobo_Lopez,alemartin
Lobo_Lopez,steviebbb
Lobo_Lopez,arismn
Lobo_Lopez,LSDsouza
Lobo_Lopez,opachecolucas
Lobo_Lopez,ab_al
Lobo_Lopez,le_friauche34
Lobo_Lopez,Ariane23
Lobo_Lopez,antonipons
Lobo_Lopez,slowcap
Lobo_Lopez,GABRIH3LL
Lobo_Lopez,Straydog
Lobo_Lopez,Dybs
Lobo_Lopez,twiceaman
Lobo_Lopez,ho_o_sujo
Lobo_Lopez,GatoEnTrinchera
Lobo_Lopez,00000000000000A
Lobo_Lopez,esnapur
Lobo_Lopez,riccardofreda
Lobo_Lopez,strawberrymilk
Lobo_Lopez,whirlwindrider
Lobo_Lopez,Pratssss
Lobo_Lopez,cinemascope
Lobo_Lopez,fairydream
Lobo_Lopez,Nelson_75
Lobo_Lopez,Expiacion
Lobo_Lopez,Carlos_Rios
Lobo_Lopez,User120505
Lobo_Lopez,CinemaBrainFuk
Lobo_Lopez,Elabrzodelcine
Lobo_Lopez,felixpalazuelos
Lobo_Lopez,davilima23423
Lobo_Lopez,michael
Lobo_Lopez,timetolive
Lobo_Lopez,globulart20
Lobo_Lopez,ebsilva151
Lobo_Lopez,MrLed
Lobo_Lopez,monomatism
Lobo_Lopez,3even3even
Lobo_Lopez,Raicar95
Lobo_Lopez,SamuelClayton
Lobo_Lopez,3m3ry
Lobo_Lopez,ehrnique
Lobo_Lopez,joaoVA7
Lobo_Lopez,daniel_staebler
Lobo_Lopez,ahmed155
Lobo_Lopez,miguelmartinsw
Lobo_Lopez,dandydust
Lobo_Lopez,Natamonc
Lobo_Lopez,tdlaker
Lobo_Lopez,homogay2
Lobo_Lopez,NausicaaLover
Lobo_Lopez,AtomicJerry
Lobo_Lopez,mugre
Lobo_Lopez,screamostraub
Lobo_Lopez,PedroAccioly
Lobo_Lopez,tenta_Jonathan
Lobo_Lopez,douglaskayse
Lobo_Lopez,guigogfc
Lobo_Lopez,heraldstalin
Lobo_Lopez,Air_Fryer_
Lobo_Lopez,ilm
Lobo_Lopez,leom1
Lobo_Lopez,vics75
Lobo_Lopez,dvimnzs
Lobo_Lopez,IuriO
Lobo_Lopez,vwkt
Lobo_Lopez,lblancora
Lobo_Lopez,sisilafami
Lobo_Lopez,AlexLolo97
Lobo_Lopez,Quilombo
Lobo_Lopez,janauuu
Lobo_Lopez,Armageddoncn
Lobo_Lopez,P_G_C
Lobo_Lopez,_andrei
Lobo_Lopez,klinfilm
Lobo_Lopez,Gabrieezus
Lobo_Lopez,Rowland
Lobo_Lopez,WithoutWords
Lobo_Lopez,visualmedium
Lobo_Lopez,kmp
Lobo_Lopez,Ombilick
Lobo_Lopez,ddzzaaii
Lobo_Lopez,fesmchick
Lobo_Lopez,PepeSilviaPepe
Lobo_Lopez,victorbnc
Lobo_Lopez,valeskagsilva
Lobo_Lopez,stempe009
Lobo_Lopez,mapuv
Lobo_Lopez,isaacadams649
Lobo_Lopez,wil1mcmorran
Lobo_Lopez,Lautaro_A
Lobo_Lopez,quepuedeundiego
Lobo_Lopez,sofv
Lobo_Lopez,lucas____
Lobo_Lopez,PigeWithNoName
Lobo_Lopez,MonsterVision
Lobo_Lopez,exoticeusebia
Lobo_Lopez,ElPelifomano
Lobo_Lopez,urielmora
Lobo_Lopez,Cuneiforme
Lobo_Lopez,elenacf
Lobo_Lopez,fouraaaa96
Lobo_Lopez,Virtuewill
Lobo_Lopez,Hasan_Atef
Lobo_Lopez,gianlucacorrea
Lobo_Lopez,Jesstinks
Lobo_Lopez,lin_noseque
Lobo_Lopez,mmirones7
Lobo_Lopez,Lamu
Lobo_Lopez,usernameisamyth
Lobo_Lopez,daeshu
Lobo_Lopez,apaloseco
Lobo_Lopez,BrunoReis
Lobo_Lopez,occi
Lobo_Lopez,isabelacnunes
Lobo_Lopez,AlbertGC
Lobo_Lopez,Cere_San
Lobo_Lopez,pepafg
Lobo_Lopez,joshuapeinado
Lobo_Lopez,Saulo192
Lobo_Lopez,_Carlos_Eduardo
Lobo_Lopez,dondelillo
Lobo_Lopez,gabevic
Lobo_Lopez,matmlo
Lobo_Lopez,witold84
Lobo_Lopez,esilvao
Lobo_Lopez,rodrigobedoyaf
Lobo_Lopez,JustCaetano
Lobo_Lopez,NickTheSick
Lobo_Lopez,mcarvajalb
Lobo_Lopez,feijaogm
Lobo_Lopez,diarrheadump
Lobo_Lopez,boa_noite
Lobo_Lopez,spacealioddity
Lobo_Lopez,survivorbtl
Lobo_Lopez,EzNaiz_
Lobo_Lopez,dedaluslive
Lobo_Lopez,lynchberg
Lobo_Lopez,adriaangn
Lobo_Lopez,thonynho
Lobo_Lopez,aindanao
Lobo_Lopez,BlackCoventry
Lobo_Lopez,mads88
Lobo_Lopez,evertonmq
Lobo_Lopez,corpoemchama
Lobo_Lopez,dxnvldx
Lobo_Lopez,hiitsskully
Lobo_Lopez,DarckRevan
Lobo_Lopez,jlgglj
Lobo_Lopez,albmoyano
Lobo_Lopez,dinnerTimeLive
Lobo_Lopez,sadiesink
Lobo_Lopez,1ch1
Lobo_Lopez,fUrelha
Lobo_Lopez,varungv
Lobo_Lopez,devstarman
Lobo_Lopez,saulo36
Lobo_Lopez,BiggieGeorges
Lobo_Lopez,Hildy_Johnson_
Lobo_Lopez,dankatz
Lobo_Lopez,euunmiroir
Lobo_Lopez,fauth08
Lobo_Lopez,ChangeLater_
Lobo_Lopez,exochorian
Lobo_Lopez,Kubrick129
Lobo_Lopez,kyleennui
Lobo_Lopez,AP_Schoolwork
Lobo_Lopez,cristianojesus
Lobo_Lopez,jorgecarvajal99
Lobo_Lopez,Carlos_Terra
Lobo_Lopez,SAUCEDO_11
Lobo_Lopez,amanda629
Lobo_Lopez,CarloMigliori
Lobo_Lopez,Manuel_Asin
Lobo_Lopez,tarci
Lobo_Lopez,IreNuxka
Lobo_Lopez,alesodre
Lobo_Lopez,Niagos
Lobo_Lopez,akenejfka
Lobo_Lopez,Gymnopedie
Lobo_Lopez,emerichricardo
Lobo_Lopez,AlirezaFatehii
Lobo_Lopez,misoleu
Lobo_Lopez,Diabolique_cine
Lobo_Lopez,Vnncard
Lobo_Lopez,pscle
Lobo_Lopez,m0liner
Lobo_Lopez,andreuvilar
Lobo_Lopez,Nameisbenjamin
Lobo_Lopez,joaopedrofaro
Lobo_Lopez,IssisStarlust
Lobo_Lopez,feuerwind
Lobo_Lopez,guxiguxi
Lobo_Lopez,marctorres
Lobo_Lopez,aistetikos
Lobo_Lopez,MaboroshiMirage
Lobo_Lopez,Borinot
Lobo_Lopez,FakeJoo
Lobo_Lopez,MikeMeltzer
Lobo_Lopez,creepy_ambience
Lobo_Lopez,_amduscias
Lobo_Lopez,kiarostamibf
Lobo_Lopez,waleskaantunes
Lobo_Lopez,anri0320
Lobo_Lopez,flunkygohard
Lobo_Lopez,ethanisaginger
Lobo_Lopez,Gabriel00
Lobo_Lopez,Trueno
Lobo_Lopez,HoseFN
Lobo_Lopez,hardeee
Lobo_Lopez,bajolapantalla
Lobo_Lopez,vinay_arun
Lobo_Lopez,Cinefagomx
Lobo_Lopez,TheChemso
Lobo_Lopez,Ber99
Lobo_Lopez,24flvps
Lobo_Lopez,mudpot
Lobo_Lopez,CinemasRaros
Lobo_Lopez,Mikio_Fassberma
Lobo_Lopez,Jorge_Luis
Lobo_Lopez,isnotmynick
Lobo_Lopez,GiovSA
Lobo_Lopez,poesierock
Lobo_Lopez,elsadany2000
Lobo_Lopez,qieroni
Lobo_Lopez,awzaq
Lobo_Lopez,patacinema
Lobo_Lopez,sorein
Lobo_Lopez,fleshapoid
Lobo_Lopez,Gambim
Lobo_Lopez,IANREIS
Lobo_Lopez,Versiani
Lobo_Lopez,VLuvini
Lobo_Lopez,silvaezequiel
Lobo_Lopez,denurb
Lobo_Lopez,lIlIlIlIlIlIlIl
Lobo_Lopez,lucasfrnk
Lobo_Lopez,BoomLight06
Lobo_Lopez,Garcl
Lobo_Lopez,newshores
Lobo_Lopez,JVNEBVGG
Lobo_Lopez,itsluuuciiiaaa
Lobo_Lopez,camilalopez_a
Lobo_Lopez,mad_mutilator
Lobo_Lopez,Reozaii
Lobo_Lopez,cytril
Lobo_Lopez,FatJow
Lobo_Lopez,cinefagota
Lobo_Lopez,connectionsway
Lobo_Lopez,killmov3s
Lobo_Lopez,ygorgouvea
Lobo_Lopez,Xzzie
Lobo_Lopez,AllSolidsPain
Lobo_Lopez,colinlight
Lobo_Lopez,algumapoesia
Lobo_Lopez,pedroavila
Lobo_Lopez,HideakiAnnoFan
Lobo_Lopez,MarcellaPeds
Lobo_Lopez,fmorato
Lobo_Lopez,Jinzo07
Lobo_Lopez,julienparis
Lobo_Lopez,bebo123
Lobo_Lopez,lordauch
Lobo_Lopez,cupertino_
Lobo_Lopez,alanvictor
Lobo_Lopez,erfan71
Lobo_Lopez,astarloa
Lobo_Lopez,M_Penalosa
Lobo_Lopez,cesarleone
Lobo_Lopez,JorgeAce
Lobo_Lopez,claudiocordero
Lobo_Lopez,Enrico13
Lobo_Lopez,Ged__
Lobo_Lopez,cinephile1980
Lobo_Lopez,zedias74
Lobo_Lopez,quber
Lobo_Lopez,Wood_Duck
Lobo_Lopez,kinophagous
Lobo_Lopez,KatoG
Lobo_Lopez,Syringe_Of_Hell
Lobo_Lopez,SergioVC
Lobo_Lopez,LiraVIP
Lobo_Lopez,worldofecho
Lobo_Lopez,florolino
Lobo_Lopez,Maartun
Lobo_Lopez,boreaI
Lobo_Lopez,BradCastle
Lobo_Lopez,luivals
Lobo_Lopez,moglipedro
Lobo_Lopez,saint
Lobo_Lopez,cndl
Lobo_Lopez,JavierLG
Lobo_Lopez,Lory12
Lobo_Lopez,G0RDY
Lobo_Lopez,juliobressane
Lobo_Lopez,wandryu
Lobo_Lopez,itamik
Lobo_Lopez,addddddams
Lobo_Lopez,lucasvilano
Lobo_Lopez,Anharten
Lobo_Lopez,evol98
Lobo_Lopez,alberfg
Lobo_Lopez,TakisChampion
Lobo_Lopez,NicolasSaada
Lobo_Lopez,mlpv86
Lobo_Lopez,fotofobia_cine
Lobo_Lopez,Guiwm
Lobo_Lopez,Eliseo711
Lobo_Lopez,ZoeyHogan
Lobo_Lopez,manufalcao
Lobo_Lopez,arturocg93
Lobo_Lopez,ryepeachkaputt
Lobo_Lopez,Doc__Hollywood
Lobo_Lopez,rbedoya
Lobo_Lopez,caoscinefilo
Lobo_Lopez,elaguainmovil
Lobo_Lopez,dstrangelove
Lobo_Lopez,demilleargento
Lobo_Lopez,chicocorchea
Lobo_Lopez,xando1984
Lobo_Lopez,cusao
Lobo_Lopez,ukikareha
Lobo_Lopez,crateres
Lobo_Lopez,ikanonakis
Lobo_Lopez,H_G_Castano
Lobo_Lopez,popecarfromcars
Lobo_Lopez,Bailey_F
Lobo_Lopez,anuaralcubo
Lobo_Lopez,ikemonster
Lobo_Lopez,josetteandriot
Lobo_Lopez,Aninbus
Lobo_Lopez,BuzzerToni
Lobo_Lopez,Nanducho
Lobo_Lopez,akyyt
Lobo_Lopez,davifricks
Lobo_Lopez,Yagharek
Lobo_Lopez,Weeb
Lobo_Lopez,hawtzvnq
Lobo_Lopez,tohavenothold
Lobo_Lopez,nabin36
Lobo_Lopez,bjv219
Lobo_Lopez,Trophonius
Lobo_Lopez,GreenArrow777
Lobo_Lopez,TheOTMan
Lobo_Lopez,LILSHUTUP
Lobo_Lopez,XaqKoal
Lobo_Lopez,CapitanPedales
Lobo_Lopez,ExplodingBoy
Lobo_Lopez,joaosil9
Lobo_Lopez,augieinspace
Lobo_Lopez,yads_memories
Lobo_Lopez,urizjack
Lobo_Lopez,tarnishedlips
Lobo_Lopez,fi_figueiredo
Lobo_Lopez,Klepshydra
Lobo_Lopez,DARKSAINT007
Lobo_Lopez,silvanocosta
Lobo_Lopez,andrellucas
Lobo_Lopez,renan_pessoa
Lobo_Lopez,karim1992
Lobo_Lopez,qernardo
Lobo_Lopez,folheves
Lobo_Lopez,mjhousiaux
Lobo_Lopez,Nico123RR
Lobo_Lopez,sepulcro
Lobo_Lopez,deadbythesea
Lobo_Lopez,dnesh34
Lobo_Lopez,MacDePablo
Lobo_Lopez,Rutgerus86
Lobo_Lopez,fearinthebeat
Lobo_Lopez,illet33
Lobo_Lopez,Olvidado20
Lobo_Lopez,BrunoAnthony
Lobo_Lopez,cartonet
Lobo_Lopez,filmesocialismo
Lobo_Lopez,vitonocorleone
Lobo_Lopez,allyssonbenicio
Lobo_Lopez,dolemite_d
Lobo_Lopez,QuirklessDeku
Lobo_Lopez,Follow_Freeman
Lobo_Lopez,Kurozuchi
Lobo_Lopez,Natan_Dias
Lobo_Lopez,VICEStaff
Lobo_Lopez,segundavinda
Lobo_Lopez,Earthile
Lobo_Lopez,saintleger
Lobo_Lopez,Carlos_Natalio
Lobo_Lopez,savatedubondieu
Lobo_Lopez,YeongJae
Lobo_Lopez,querubim
Lobo_Lopez,marcellovinsi
Lobo_Lopez,bustinduy
Lobo_Lopez,iagocalistro
Lobo_Lopez,poetereau
Lobo_Lopez,igorvalerio
Lobo_Lopez,Ossian
Lobo_Lopez,jonao
Lobo_Lopez,middingmidding
Lobo_Lopez,siesdarius
Lobo_Lopez,liamwithay
Lobo_Lopez,JohnnyFavourite
Lobo_Lopez,ArjunAnandE
Lobo_Lopez,notasfarwest
Lobo_Lopez,uskiss
Lobo_Lopez,cinefils
Lobo_Lopez,esther_grincon
Lobo_Lopez,YCCD
Lobo_Lopez,tramorria
Lobo_Lopez,Diego286391
Lobo_Lopez,leonardoluker
Lobo_Lopez,ameliasiso
Lobo_Lopez,j6rdins
Lobo_Lopez,mathislogic
Lobo_Lopez,Patit
Lobo_Lopez,77_Gianluca_88
Lobo_Lopez,Luisin9
Lobo_Lopez,marclefou18
Lobo_Lopez,yyyuichi
Lobo_Lopez,critconc
Lobo_Lopez,LaloxLalo
Lobo_Lopez,engelled
Lobo_Lopez,berito
Lobo_Lopez,Chubby1909
Lobo_Lopez,brnrddn
Lobo_Lopez,pipe7x7
Lobo_Lopez,Lechuguilla
Lobo_Lopez,opus111
Lobo_Lopez,Dima999
Lobo_Lopez,JoaoFrancisco
Lobo_Lopez,desesperanto
Lobo_Lopez,heheheheha
Lobo_Lopez,EricIdlePedro
Lobo_Lopez,2099
Lobo_Lopez,Nick9000
Lobo_Lopez,nothingbutcolor
Lobo_Lopez,Estuardolopezce
Lobo_Lopez,tiagoaon
Lobo_Lopez,Kiko_deJuan
Lobo_Lopez,jpgomes
Lobo_Lopez,lazzybastard
Lobo_Lopez,stottiain
Lobo_Lopez,Oraj
Lobo_Lopez,kmysore
Lobo_Lopez,davidetuacris
Lobo_Lopez,MateoCU
Lobo_Lopez,kinoshita0830
Lobo_Lopez,Glorfindel7567
Lobo_Lopez,xXTLouiseTXx
Lobo_Lopez,FoxHound_
Lobo_Lopez,Salchitatu
Lobo_Lopez,hoenailpolish
Lobo_Lopez,IvesJ
Lobo_Lopez,stxrgirl_
Lobo_Lopez,rameau
Lobo_Lopez,r0ktim
Lobo_Lopez,clara___rovaris
Lobo_Lopez,Abu222
Lobo_Lopez,Pseudokane3
Lobo_Lopez,Matias237
Lobo_Lopez,paloma55
Lobo_Lopez,AMTTMA
Lobo_Lopez,YeraiM
Lobo_Lopez,NicholasMBF
Lobo_Lopez,Bacall_
Lobo_Lopez,hugogag
Lobo_Lopez,anaorgana
Lobo_Lopez,OliveiraJohnny
Lobo_Lopez,montevideano
Lobo_Lopez,joseluisforte
Lobo_Lopez,armandoasis
Lobo_Lopez,andrs_lucero
Lobo_Lopez,idiotacontento
Lobo_Lopez,waldenruidoso
Lobo_Lopez,codeine
Lobo_Lopez,Spencer1889
Lobo_Lopez,GAmengual
Lobo_Lopez,claudiaraia
Lobo_Lopez,chico_cine
Lobo_Lopez,CarlosAlex
Lobo_Lopez,jmrebollo
Lobo_Lopez,HenriDanglard
Lobo_Lopez,ingrima11
Lobo_Lopez,bertto04
Lobo_Lopez,luprifer99
Lobo_Lopez,BullLee
Lobo_Lopez,raul8pm
Lobo_Lopez,peterriviera
Lobo_Lopez,miziruht
Lobo_Lopez,arantzan
Lobo_Lopez,Giorgio13
Lobo_Lopez,jeison_navia18
Lobo_Lopez,diogouveia
Lobo_Lopez,170598
Lobo_Lopez,dyllvn
Lobo_Lopez,AlanNina
Lobo_Lopez,LynxTO
Lobo_Lopez,Amani_Marshall
Lobo_Lopez,ga0be
Lobo_Lopez,pedropimenta
Lobo_Lopez,FengYuxiang
Lobo_Lopez,todayismarc
Lobo_Lopez,mariopascual
Lobo_Lopez,jamiemmm
Lobo_Lopez,Billt
Lobo_Lopez,jaquez
Lobo_Lopez,Cae_Sanca
Lobo_Lopez,RaulFelipeSanto
Lobo_Lopez,Juniper_girl
Lobo_Lopez,yanrq
Lobo_Lopez,vicentezamorano
Lobo_Lopez,Bauti_Blachere
Lobo_Lopez,Thirty
Lobo_Lopez,nellito
Lobo_Lopez,tolstoevsky
Lobo_Lopez,billydenim
Lobo_Lopez,clown9451
Lobo_Lopez,NestorDlaVi
Lobo_Lopez,KeeganACremin
Lobo_Lopez,alyoliveira
Lobo_Lopez,Boxuan
Lobo_Lopez,MathiasAndersen
Lobo_Lopez,zaomattz
Lobo_Lopez,aitortkm
Lobo_Lopez,leodisseia
Lobo_Lopez,Fabriciomc77
Lobo_Lopez,brna
Lobo_Lopez,MondoClift
Lobo_Lopez,moskitah
Lobo_Lopez,gehxling
Lobo_Lopez,TrueGodkiller
Lobo_Lopez,Aithor
Lobo_Lopez,acampamentoa
Lobo_Lopez,elcastillo
Lobo_Lopez,victorcastro
Lobo_Lopez,pokeelena
Lobo_Lopez,Labr0mainfinita
Lobo_Lopez,Cutetoastheroad
Lobo_Lopez,taniasingracia
Lobo_Lopez,Colin_Maillard
Lobo_Lopez,Pedro_546
Lobo_Lopez,kingkirktha3rd
Lobo_Lopez,teresamm64
Lobo_Lopez,xelop
Lobo_Lopez,jpduarte88
Lobo_Lopez,hardtimesz
Lobo_Lopez,burneyfan
Lobo_Lopez,TattedDidactic
Lobo_Lopez,arania
Lobo_Lopez,gutitarka
Lobo_Lopez,joelitrento
Lobo_Lopez,ferraniacolor
Lobo_Lopez,Goya345
Lobo_Lopez,hunrior
Lobo_Lopez,mister12rola
Lobo_Lopez,zamilovanemaso
Lobo_Lopez,adrianet93
Lobo_Lopez,DevanAGScott
Lobo_Lopez,lineuphere
Lobo_Lopez,fannyspain
Lobo_Lopez,1conradorosa
Lobo_Lopez,jessicadrummond
Lobo_Lopez,keshifilms
Lobo_Lopez,HugoRomero
Lobo_Lopez,Amertume
Lobo_Lopez,fax0_max
Lobo_Lopez,sirhobbesington
Lobo_Lopez,CMatilla
Lobo_Lopez,viussss
Lobo_Lopez,hturfghedsg
Lobo_Lopez,kiel
Lobo_Lopez,lethe
Lobo_Lopez,thewildraven
Lobo_Lopez,williamsalgado
Lobo_Lopez,Astennu
Lobo_Lopez,JosephGrimault
Lobo_Lopez,oneiros75
Lobo_Lopez,Zapaz
Lobo_Lopez,AlejandroDeSoto
Lobo_Lopez,RKeaton
Lobo_Lopez,RodrigoAndres
Lobo_Lopez,Ciskiko
Lobo_Lopez,fredsrr
Lobo_Lopez,WWWM
Lobo_Lopez,follevolo
Lobo_Lopez,shuttko
Lobo_Lopez,alec_lane
Lobo_Lopez,r00oo
Lobo_Lopez,ventura111
Lobo_Lopez,SeuWaldir
Lobo_Lopez,dafnethais
Lobo_Lopez,leozaofaical
Lobo_Lopez,Selasor
Lobo_Lopez,Srhoudini
Lobo_Lopez,scemo
Lobo_Lopez,topfilmtuiter
Lobo_Lopez,Disenchantment
Lobo_Lopez,xbhrnnd
Lobo_Lopez,bergmantonioni
Lobo_Lopez,siennarad
Lobo_Lopez,ezequiel2517
Lobo_Lopez,Knicker
Lobo_Lopez,MDM967
Lobo_Lopez,cosmob
Lobo_Lopez,AleV1lla
Lobo_Lopez,Blanchot
Lobo_Lopez,CAVAL_____
Lobo_Lopez,marioquik
Lobo_Lopez,cevichitosinaji
Lobo_Lopez,demeyer
Lobo_Lopez,Rene03
Lobo_Lopez,riot_cinephile
Lobo_Lopez,ALazyCommunist
Lobo_Lopez,coroajustino
Lobo_Lopez,JohnPluto88
Lobo_Lopez,MataTurin
Lobo_Lopez,endcometoosoon
Lobo_Lopez,W8_4_it
Lobo_Lopez,RogerCres96Bar
Lobo_Lopez,THEGigaChad
Lobo_Lopez,Tigress30
Lobo_Lopez,FeebleCursedOne
Lobo_Lopez,pedrohdomenico
Lobo_Lopez,jackseibert
Lobo_Lopez,HelenWelonmelon
Lobo_Lopez,The_Counselor
Lobo_Lopez,EdMorgan
Lobo_Lopez,1andonlynabk
Lobo_Lopez,qSanto
Lobo_Lopez,Esmaperdut
Lobo_Lopez,Yorda
Lobo_Lopez,Maties_TP
Lobo_Lopez,aralonso
Lobo_Lopez,esternchen
Lobo_Lopez,bakko
Lobo_Lopez,Trotsky97
Lobo_Lopez,SinCK
Lobo_Lopez,ricbritojr
Lobo_Lopez,XYM
Lobo_Lopez,Andrewtk
Lobo_Lopez,ManInElevator
Lobo_Lopez,paralipomenes__
Lobo_Lopez,amirhorror
Lobo_Lopez,revoover
Lobo_Lopez,JonSanSK8
Lobo_Lopez,Mat25
Lobo_Lopez,moviejohn
Lobo_Lopez,SantiagoLMM
Lobo_Lopez,Gannith
Lobo_Lopez,cinthiadv
Lobo_Lopez,Scotian_Doomer
Lobo_Lopez,Marciozacarias
Lobo_Lopez,BrunoTR73
Lobo_Lopez,valentinf
Lobo_Lopez,estebanicm
Lobo_Lopez,Brunovictorino
Lobo_Lopez,andre_alexandre
Lobo_Lopez,alonsodvt
Lobo_Lopez,qqch
Lobo_Lopez,katharsisxy
Lobo_Lopez,jeromesilver
Lobo_Lopez,aevyr
Lobo_Lopez,roddeers
Lobo_Lopez,pedrorebelomaia
Lobo_Lopez,xosemfdez
Lobo_Lopez,AHackFraud
Lobo_Lopez,Screenland
Lobo_Lopez,fetema1987
Lobo_Lopez,__susito
Lobo_Lopez,DoranMartell
Lobo_Lopez,lettermiriam
Lobo_Lopez,Yukasai
Lobo_Lopez,aarribas
Lobo_Lopez,victorfbruno
Lobo_Lopez,Pete00
Lobo_Lopez,All_My_Films
Lobo_Lopez,asiersalvo
Lobo_Lopez,Sepvira
Lobo_Lopez,_Jedrek_
Lobo_Lopez,sofiarellano
Lobo_Lopez,ivangustoli
Lobo_Lopez,josenildoprof
Lobo_Lopez,oscarwpedersen
Lobo_Lopez,actuallylou
Lobo_Lopez,Mas0204
Lobo_Lopez,Pauixitador
Lobo_Lopez,MiriaMRampante
Lobo_Lopez,icedancer
Lobo_Lopez,pjthereal
Lobo_Lopez,saturnvenus
Lobo_Lopez,edvd
Lobo_Lopez,cvalle2001
Lobo_Lopez,pedroguerreroso
Lobo_Lopez,S0LVEiG
Lobo_Lopez,NICOGW
Lobo_Lopez,Lahoramagica
Lobo_Lopez,negroklix
Lobo_Lopez,novalovc2
Lobo_Lopez,Agu95
Lobo_Lopez,DJH12
Lobo_Lopez,greennui
Lobo_Lopez,alvmb
Lobo_Lopez,gikrule
Lobo_Lopez,atomcage
Lobo_Lopez,MJ1994
Lobo_Lopez,Morksuc
Lobo_Lopez,xkorpyo
Lobo_Lopez,straubbhuillet
Lobo_Lopez,edumasiva
Lobo_Lopez,ordpm
Lobo_Lopez,F_aurelio02
Lobo_Lopez,fshtravis
Lobo_Lopez,jburset1
Lobo_Lopez,velvetlight
Lobo_Lopez,pepitololin
Lobo_Lopez,geloo
Lobo_Lopez,militarpancho
Lobo_Lopez,COOCOO
Lobo_Lopez,joaovitor
Lobo_Lopez,Thefsf
Lobo_Lopez,JPPB97
Lobo_Lopez,cinemaci
Lobo_Lopez,jadlourenco
Lobo_Lopez,minguel
Lobo_Lopez,LionelLassie
Lobo_Lopez,rubenglez
Lobo_Lopez,HarmonyaUltra
Lobo_Lopez,P_Sheard
Lobo_Lopez,Saikrishna03
Lobo_Lopez,diogoserafim
Lobo_Lopez,fredericson
Lobo_Lopez,Contactos
Lobo_Lopez,lemm9191
Lobo_Lopez,LaCinetek
Lobo_Lopez,tyresias
Lobo_Lopez,MiguelForlin
Lobo_Lopez,Xator_Nova
Lobo_Lopez,soledadmiranda
Lobo_Lopez,vitor01
Lobo_Lopez,jacatz
Lobo_Lopez,Mateox3
Lobo_Lopez,anharivers
Lobo_Lopez,joaopabdala
Lobo_Lopez,DiegoH2000
Lobo_Lopez,planntasia
Lobo_Lopez,joey26
Lobo_Lopez,marcelomnc
Lobo_Lopez,Innocent
Lobo_Lopez,holdenkern
Lobo_Lopez,violetaraykuaza
Lobo_Lopez,malinkymax
Lobo_Lopez,SergioAlpendre
Lobo_Lopez,HAKern
Lobo_Lopez,Brodeluca
Lobo_Lopez,luisniel
Lobo_Lopez,robertapedrosa
Lobo_Lopez,brad25m
Lobo_Lopez,luadesangue
Lobo_Lopez,spilman
Lobo_Lopez,KurtZM
Lobo_Lopez,Malala
Lobo_Lopez,Roger88
Lobo_Lopez,ilyaskhatir
Lobo_Lopez,Metalgrate
Lobo_Lopez,Ramitarkovsky
Lobo_Lopez,Matheuspaiva1
Lobo_Lopez,as5as
Lobo_Lopez,unrepresent
Lobo_Lopez,bathyry
Lobo_Lopez,jen0
Lobo_Lopez,EduardoConde
Lobo_Lopez,Andre1750
Lobo_Lopez,brunomarquers
Lobo_Lopez,terramosh
Lobo_Lopez,danieldequeiroz
Lobo_Lopez,josuhh
Lobo_Lopez,avoavo
Lobo_Lopez,andonimaz
Lobo_Lopez,ComandanteOso
Lobo_Lopez,dxnieels
Lobo_Lopez,offhook
Lobo_Lopez,Chacko_JM
Lobo_Lopez,hard_lemonade
Lobo_Lopez,Mahnamebadi
Lobo_Lopez,mallen07
Lobo_Lopez,percolatorfish
Lobo_Lopez,BRosenzweig
Lobo_Lopez,underwoodgirl
Lobo_Lopez,Pegualda
Lobo_Lopez,CosmicDude
Lobo_Lopez,kinojibaro
Lobo_Lopez,Lispectore
Lobo_Lopez,YacineNcr
Lobo_Lopez,fovujono
Lobo_Lopez,zzzanirato
Lobo_Lopez,megazord
Lobo_Lopez,alvarg
Lobo_Lopez,knixon_haan
Lobo_Lopez,MaksKovalevski
Lobo_Lopez,aavilla
Lobo_Lopez,ButtonMcLemming
Lobo_Lopez,mistofeles
Lobo_Lopez,Nachogrim
Lobo_Lopez,paulm17
Lobo_Lopez,brokenlullaby
Lobo_Lopez,mpinkfloyd
Lobo_Lopez,A_Karerina
Lobo_Lopez,pressedfortime
Lobo_Lopez,mascineporfavor
Lobo_Lopez,nesetel
Lobo_Lopez,saccard
Lobo_Lopez,MabuseCaligari
Lobo_Lopez,sratlantico
Lobo_Lopez,aeiouava
Lobo_Lopez,joaoguilherme
Lobo_Lopez,Anny
Lobo_Lopez,aeuoi
Lobo_Lopez,andrewpark86
Lobo_Lopez,joseamores65
Lobo_Lopez,visoso
Lobo_Lopez,bitterboot
Lobo_Lopez,capicso
Lobo_Lopez,chaotic_hugo
Lobo_Lopez,GShumway
Lobo_Lopez,bjsylvester
Lobo_Lopez,PoulanaSawyer
Lobo_Lopez,tptmts
Lobo_Lopez,deliberately
Lobo_Lopez,SpongeBobAndPat
Lobo_Lopez,holandaotavio
Lobo_Lopez,Spectralobatux
Lobo_Lopez,nikp_
Lobo_Lopez,aronatoms
Lobo_Lopez,MaximErkin
Lobo_Lopez,jesusdalvarez
Lobo_Lopez,pinwheels
Lobo_Lopez,rodrigocopil
Lobo_Lopez,hosotanzer
Lobo_Lopez,tulin
Lobo_Lopez,David95
Lobo_Lopez,GeorgeOKaplan
Lobo_Lopez,yulebalster
Lobo_Lopez,Tambour1ne
Lobo_Lopez,JeanCocteau
Lobo_Lopez,sonchidi
Lobo_Lopez,MatheusPetris
Lobo_Lopez,Canine
Lobo_Lopez,abdelrahman334
Lobo_Lopez,smokeablunt
Lobo_Lopez,adrianlousan
Lobo_Lopez,Tasabbir
Lobo_Lopez,therouxxx
Lobo_Lopez,ReySol
Lobo_Lopez,Artorias
Lobo_Lopez,cinelixir
Lobo_Lopez,SredniVashtar
Lobo_Lopez,pedrao
Lobo_Lopez,JoN_TeN
Lobo_Lopez,gabrielwry
Lobo_Lopez,clarkconrad
Lobo_Lopez,FranciscoFern
Lobo_Lopez,DivadS
Lobo_Lopez,GordoMongo
Lobo_Lopez,apolaustikos
Lobo_Lopez,mahoa42
Lobo_Lopez,zoubarzou
Lobo_Lopez,mrtoldo
Lobo_Lopez,FedericoRizzo
Lobo_Lopez,nestorjpg
Lobo_Lopez,z0rn
Lobo_Lopez,korin
Lobo_Lopez,FilmUnderdog
Lobo_Lopez,adit_am
Lobo_Lopez,guillehormigo
Lobo_Lopez,carpas
Lobo_Lopez,uryenbg
Lobo_Lopez,lukerobertson95
Lobo_Lopez,cronicasdemotel
Lobo_Lopez,igortxu
Lobo_Lopez,DiegoAB
Lobo_Lopez,ebrrdmrl
Lobo_Lopez,jesuscanvas
Lobo_Lopez,ClarkQueta
Lobo_Lopez,Leguroz
Lobo_Lopez,Shivani006
Lobo_Lopez,SofiaLena
Lobo_Lopez,rubenCM
Lobo_Lopez,palabrasmasmns
Lobo_Lopez,bershq
Lobo_Lopez,FelipeSoares
Lobo_Lopez,pablost23
Lobo_Lopez,gschneider
Lobo_Lopez,abstrame
Lobo_Lopez,Foxthree
Lobo_Lopez,brunomilan
Lobo_Lopez,DamnFineCoffee_
Lobo_Lopez,DiegoGlenn
Lobo_Lopez,Henry007
Lobo_Lopez,alm8tyalr8
Lobo_Lopez,Diegoceprez
Lobo_Lopez,Ortman
Lobo_Lopez,Jaun
Lobo_Lopez,MahdiAlishvandi
Lobo_Lopez,elpidasmovies
Lobo_Lopez,Zer
Lobo_Lopez,Mumoo
Lobo_Lopez,alphonse
Lobo_Lopez,an4
Lobo_Lopez,MarveIous
Lobo_Lopez,JimmyRabbit
Lobo_Lopez,hapybirthdaymom
Lobo_Lopez,Realisator3000
Lobo_Lopez,pablofdezperez
Lobo_Lopez,rllyhoodie
Lobo_Lopez,isaacbarragan
Lobo_Lopez,heavenly_joi
Lobo_Lopez,bigalex97
Lobo_Lopez,End
Lobo_Lopez,rafamarxs
Lobo_Lopez,Aletheia000
Lobo_Lopez,Kotyrus
Lobo_Lopez,Ragasovich
Lobo_Lopez,tatuurana
Lobo_Lopez,kojakblack
Lobo_Lopez,Siroguh
Lobo_Lopez,rommerol
Lobo_Lopez,christo1
Lobo_Lopez,Ozuil
Lobo_Lopez,alvySinger_
Lobo_Lopez,Ivan_Suarez
Lobo_Lopez,Ozzramozz
Lobo_Lopez,ilariaquartesan
Lobo_Lopez,treacheroustequ
Lobo_Lopez,mervlous
Lobo_Lopez,rafaqc97
Lobo_Lopez,molloy
Lobo_Lopez,einberg
Lobo_Lopez,ramiroS
Lobo_Lopez,pgallagher
Lobo_Lopez,Dankar
Lobo_Lopez,gustavmenezes
Lobo_Lopez,propercio
Lobo_Lopez,Oschad
Lobo_Lopez,Luk197
Lobo_Lopez,meichbaum
Lobo_Lopez,camila150980
Lobo_Lopez,salvasupongo
Lobo_Lopez,ritmomagico
Lobo_Lopez,Evan_Morgan
Lobo_Lopez,r_i_e
Lobo_Lopez,zachzeidenberg
Lobo_Lopez,reemamz
Lobo_Lopez,TwoCineasts
Lobo_Lopez,civilizedcavman
Lobo_Lopez,Didacus
Lobo_Lopez,Jesse_james
Lobo_Lopez,pele_alvaro
Lobo_Lopez,JJNC099
Lobo_Lopez,hellohelen
Lobo_Lopez,Colmener
Lobo_Lopez,Ruben0
Lobo_Lopez,Kikimo
Lobo_Lopez,ZigPaul
Lobo_Lopez,Alberto87FR
Lobo_Lopez,Tibaru
Lobo_Lopez,el_producto
Lobo_Lopez,bipbop13
Lobo_Lopez,CheerIO
Lobo_Lopez,A_de_la_Hoz
Lobo_Lopez,RamiroMatas
Lobo_Lopez,Jessica326
Lobo_Lopez,stantonprupru
Lobo_Lopez,letipe
Lobo_Lopez,PezEspada
Lobo_Lopez,David_95
Lobo_Lopez,novistenada
Lobo_Lopez,VictorCardozo
Lobo_Lopez,kopp92i
Lobo_Lopez,Alvaroquinn
Lobo_Lopez,Jdsarmiento
Lobo_Lopez,Diego_Sensei
Lobo_Lopez,rafaeldornellas
Lobo_Lopez,botchan
Lobo_Lopez,almacorsaria
Lobo_Lopez,mk1993
Lobo_Lopez,bedioyskin
Lobo_Lopez,LoloKopicki
Lobo_Lopez,Exileonmainst
Lobo_Lopez,Gabriel_42
Lobo_Lopez,itamaralves
Lobo_Lopez,krissyromero
Lobo_Lopez,leomichelon
Lobo_Lopez,pacay7
Lobo_Lopez,Dr_Akkar
Lobo_Lopez,gomesdudis
Lobo_Lopez,matheuscartaxo
Lobo_Lopez,Luke_Bauerlein
Lobo_Lopez,Joao_do_Cinema
Lobo_Lopez,utges
Lobo_Lopez,MikiCano
Lobo_Lopez,fuzilfalcao
Lobo_Lopez,caioindex
Lobo_Lopez,cauby
Lobo_Lopez,josedluffy1997
Lobo_Lopez,muathuthanhbinh
Lobo_Lopez,Ricky_QD82
Lobo_Lopez,Femalewillywonk
Lobo_Lopez,Bumenterprise
Lobo_Lopez,Movieyana
Lobo_Lopez,salvadoramores
Lobo_Lopez,kuda
Lobo_Lopez,rogebert
Lobo_Lopez,arkheia
Lobo_Lopez,sabalde
Lobo_Lopez,gamelan
Lobo_Lopez,_Carlos_
Lobo_Lopez,Manar93
Lobo_Lopez,Horrordaily
Lobo_Lopez,pablo_munyoz
Lobo_Lopez,CinemaStan
Lobo_Lopez,El_da_Costa
Lobo_Lopez,ba_radetski
Lobo_Lopez,mateus_barros
Lobo_Lopez,guizinhumildade
Lobo_Lopez,coutinho
Lobo_Lopez,gdcb
Lobo_Lopez,JoaoGoro
Lobo_Lopez,Rockysds
Lobo_Lopez,courtneypaigee
Lobo_Lopez,KelzorHL
Lobo_Lopez,amosjlevin
Lobo_Lopez,mmgarnica
Lobo_Lopez,AntonioSanAlo99
Lobo_Lopez,steevo
Lobo_Lopez,gussalvalaggio
Lobo_Lopez,leviosa
Lobo_Lopez,vlademirlazo
Lobo_Lopez,grc
Lobo_Lopez,p_polastri
Lobo_Lopez,Mr_Manuel_V
Lobo_Lopez,JLAlbernaz
Lobo_Lopez,AngelG
Lobo_Lopez,nichedeath
Lobo_Lopez,kerstray
Lobo_Lopez,cocidocerebral
Lobo_Lopez,irca
Lobo_Lopez,tisc
Lobo_Lopez,drogaudix
Lobo_Lopez,AuroraNocte
Lobo_Lopez,TheDigitalFix
Lobo_Lopez,ananula
Lobo_Lopez,jlrpiovan
Lobo_Lopez,jlorenzo
Lobo_Lopez,eduardo_savella
Lobo_Lopez,anitacgoncalves
Lobo_Lopez,Siberian
Lobo_Lopez,MGarrett
Lobo_Lopez,tiagocosta32
Lobo_Lopez,iogr
Lobo_Lopez,Vinicius_Romero
Lobo_Lopez,VegardLind
Lobo_Lopez,atekarri
Lobo_Lopez,HobbsEnd
Lobo_Lopez,AR90
Lobo_Lopez,Luthor
Lobo_Lopez,luisfelipevr96
Lobo_Lopez,zurrange
Lobo_Lopez,fabiovisnadi
Lobo_Lopez,CraigMaher
Lobo_Lopez,CrimsonKing42
Lobo_Lopez,evanobrien100
Lobo_Lopez,johnwoo
Lobo_Lopez,SLIver01
Lobo_Lopez,zCpCn
Lobo_Lopez,SimHns1
Lobo_Lopez,THErealTHS
Lobo_Lopez,mahone9now9
Lobo_Lopez,erredeme
Lobo_Lopez,Blackcoffee
Lobo_Lopez,EmperorJackson
Lobo_Lopez,WBA
Lobo_Lopez,dirtylaundri
Lobo_Lopez,InspireMe
Lobo_Lopez,augustgarage
Lobo_Lopez,alchimi4
Lobo_Lopez,thiagondim
Lobo_Lopez,MiguelMSH
Lobo_Lopez,Loloaka
Lobo_Lopez,FaildeGuionista
Lobo_Lopez,le_samourai_x
Lobo_Lopez,Filmboy
Lobo_Lopez,MarioIglesias
Lobo_Lopez,charliesimons
Lobo_Lopez,timeistheking
Lobo_Lopez,Carla_poa
Lobo_Lopez,MarcusMartins
Lobo_Lopez,felipe1917
Lobo_Lopez,slayerxor
Lobo_Lopez,DanielQuinn
Lobo_Lopez,Oliveira89
Lobo_Lopez,alvarezmartin88
Lobo_Lopez,hipsterdas11h
Lobo_Lopez,jal90
Lobo_Lopez,timduncan
Lobo_Lopez,PTA_Meeting
Lobo_Lopez,Vicioinherente
Lobo_Lopez,Batty
Lobo_Lopez,Leeroysayshello
Lobo_Lopez,John_Palhares
Lobo_Lopez,al1997
Lobo_Lopez,Daniblacksmoke
Lobo_Lopez,dalpizzolo
Lobo_Lopez,Kirkis
Lobo_Lopez,LBaena
Lobo_Lopez,chatgard
Lobo_Lopez,efebatlle
Lobo_Lopez,will_llermo
Lobo_Lopez,Isaac98tm
Lobo_Lopez,maxbryant
Lobo_Lopez,AlexanderAllan
Lobo_Lopez,Bruno2225
Lobo_Lopez,jackyboymilmil
Lobo_Lopez,Ahmed
Lobo_Lopez,Tensin
Lobo_Lopez,Ninotchka
Lobo_Lopez,shomingeki
Lobo_Lopez,Carlos_GMen
Lobo_Lopez,cristianlopez
Lobo_Lopez,RachelMyGod
Lobo_Lopez,leelacolorado
Lobo_Lopez,Brood_Star
Lobo_Lopez,firejuice
Lobo_Lopez,kulturterror
Lobo_Lopez,brotherdeacon
Lobo_Lopez,el_grillo
Lobo_Lopez,theine
Lobo_Lopez,Banlieues
Lobo_Lopez,filmcapsule
Lobo_Lopez,39915041
Lobo_Lopez,jdidaco
Lobo_Lopez,Cani
Lobo_Lopez,bsko
Lobo_Lopez,Balarrasa
Lobo_Lopez,BoostGuardian
Lobo_Lopez,Kansas
Lobo_Lopez,loganstuart
Lobo_Lopez,katsuben
Lobo_Lopez,Dmc
Lobo_Lopez,Vegto389
Lobo_Lopez,deborahgsm
Lobo_Lopez,migblah
Lobo_Lopez,rischka
Lobo_Lopez,James_
Lobo_Lopez,twodeadmagpies
Lobo_Lopez,Lyrical_Nitrate
Lobo_Lopez,PUNQ
Lobo_Lopez,kenji1
Lobo_Lopez,aixa72
Lobo_Lopez,msolde
AnaAvellaneda,DamnedMartian
AnaAvellaneda,donato_87
AnaAvellaneda,JavierJValencia
AnaAvellaneda,ecoscu
AnaAvellaneda,Lastwarfare753
AnaAvellaneda,Mariano
AnaAvellaneda,filmsthatstay
AnaAvellaneda,Cinepatico
AnaAvellaneda,quber
AnaAvellaneda,MabuseCaligari
AnaAvellaneda,CinefiliaCult
AnaAvellaneda,BarrySpawn88
AnaAvellaneda,Gitanesque
AnaAvellaneda,alroha10
AnaAvellaneda,topfilmtuiter
AnaAvellaneda,The_horrorlove
AnaAvellaneda,JoanitoAD
AnaAvellaneda,LiamChristopher
AnaAvellaneda,JoanCuadrado
diogoserafim,Erick_CipReel
diogoserafim,DharPartha
diogoserafim,eduardod23
diogoserafim,letiziagrassi
diogoserafim,javiier97
diogoserafim,COLATERALdamage
diogoserafim,EmiAC68
diogoserafim,berkkan
diogoserafim,edenlj123
diogoserafim,Pasorelli
diogoserafim,arlbro
diogoserafim,Fletchfilmjunky
diogoserafim,Abeguwo
diogoserafim,mimbale
diogoserafim,Wood_Duck
diogoserafim,mnkymnd
diogoserafim,fertrbl
diogoserafim,astrokk
diogoserafim,freakynikkiy
diogoserafim,Marcos_M_Rom
diogoserafim,kevinsingh
diogoserafim,nicoferullo
diogoserafim,Joel1939
diogoserafim,AntWatchesFilms
diogoserafim,Polymath99
diogoserafim,javisomoza
diogoserafim,avocadodud
diogoserafim,gherreo
diogoserafim,DivyanshSingh
diogoserafim,df11047
diogoserafim,lmrunknown
diogoserafim,BrunoDelano
diogoserafim,Illandy
diogoserafim,Simonsds
diogoserafim,jooeeri
diogoserafim,gfrancoc
diogoserafim,danbrader
diogoserafim,cinemascope
diogoserafim,elonziadi
diogoserafim,whiteechurch
diogoserafim,BilalJunaid
diogoserafim,sydrk
diogoserafim,elif9hellobtch
diogoserafim,antunesarara17
diogoserafim,FicusMaximus
diogoserafim,ledalunch2
diogoserafim,Elijahmarshall
diogoserafim,ImEY
diogoserafim,Glush6
diogoserafim,rafaelbs
diogoserafim,yeamariana
diogoserafim,delunotte
diogoserafim,taniamariaaa
diogoserafim,Yoyo_16
diogoserafim,bcky___
diogoserafim,iamali83
diogoserafim,NoABee
diogoserafim,aaaaaaaa197293
diogoserafim,Andrea_Rossini
diogoserafim,pauliiin
diogoserafim,luizt58
diogoserafim,ehrenkm
diogoserafim,parzvl
diogoserafim,TommyScheffer
diogoserafim,Niks_94
diogoserafim,nn_11
diogoserafim,ellisjapla
diogoserafim,rosayra
diogoserafim,SamuelCarvalho
diogoserafim,Lukasho
diogoserafim,geheimnils
diogoserafim,AnthonyGrasso
diogoserafim,stephaliceo
diogoserafim,Borninflames
diogoserafim,Hachiiiko
diogoserafim,canelawyk
diogoserafim,ameliem12
diogoserafim,_BettyDraper_
diogoserafim,birdlawadvocate
diogoserafim,DanielAMarinho
diogoserafim,rianvog
diogoserafim,enamuel
diogoserafim,sreyas221b
diogoserafim,12colors
diogoserafim,_PauloH
diogoserafim,kenot1c_
diogoserafim,frausbaz
diogoserafim,quarti
diogoserafim,mons27
diogoserafim,sam74
diogoserafim,teodaw
diogoserafim,RenzoRamos
diogoserafim,DFR10
diogoserafim,bossanovafanboy
diogoserafim,witold84
diogoserafim,chrysanthemums
diogoserafim,izrafil
diogoserafim,marquis_de_ZAD
diogoserafim,Zapaz
diogoserafim,Computey18
diogoserafim,babirugon
diogoserafim,iamachatterbox
diogoserafim,bananapapaya
diogoserafim,PhatsDaCritic
diogoserafim,ramziiiii
diogoserafim,dolphhs
diogoserafim,hard_lemonade
diogoserafim,marcosantunes16
diogoserafim,lvvvtx
diogoserafim,PJConlon
diogoserafim,dylanmarder
diogoserafim,Aslr
diogoserafim,ThiasNewton
diogoserafim,POIUYT00
diogoserafim,Tatekwan
diogoserafim,LostPony
diogoserafim,ThierryCLAAC
diogoserafim,ethandickler
diogoserafim,BradButt63
diogoserafim,mattriverss
diogoserafim,polinareff
diogoserafim,thunderman27
diogoserafim,shoegazezezez
diogoserafim,jeonginbf
diogoserafim,ChilangoWero
diogoserafim,utges
diogoserafim,cloudbussy
diogoserafim,fredericdu88
diogoserafim,fivefingerguy
diogoserafim,joagab5
diogoserafim,bandokey009
diogoserafim,MaSo72
diogoserafim,TigerYogi
diogoserafim,faetterlouis
diogoserafim,suinianyu
diogoserafim,Jos_harris
diogoserafim,AlbertoSamuel21
diogoserafim,anarchofemboyy
diogoserafim,Huguesperrot
diogoserafim,vinkexs
diogoserafim,imando
diogoserafim,jonts7
diogoserafim,baruyero
diogoserafim,luizatargino
diogoserafim,saro_
diogoserafim,emmaclaudette
diogoserafim,amaltaas
diogoserafim,isometricair
diogoserafim,artslequin
diogoserafim,pepesilviaa
diogoserafim,lohanferacini
diogoserafim,okaycool_dies
diogoserafim,mateusreimao
diogoserafim,gubcandthsalldy
diogoserafim,justus00
diogoserafim,leomarcossilva
diogoserafim,stpnnkkk
diogoserafim,ShinCerberus
diogoserafim,ParkerT
diogoserafim,Braynb
diogoserafim,Luninhix
diogoserafim,N4w4f
diogoserafim,kahuna_nyoom
diogoserafim,lilymaja
diogoserafim,Nazzliiii_19
diogoserafim,C1lia
diogoserafim,erfansarshar78
diogoserafim,MHR501
diogoserafim,Bomarzo22
diogoserafim,QuentinR
diogoserafim,JLGRF
diogoserafim,cankrit
diogoserafim,55556
diogoserafim,akabard
diogoserafim,Josue_M
diogoserafim,WELingtuhn
diogoserafim,LeoGiac
diogoserafim,mgl7
diogoserafim,mulhollandykeee
diogoserafim,LastMaster
diogoserafim,dannykendall
diogoserafim,gmartinezcaribe
diogoserafim,silvinobacelar
diogoserafim,dee3312t
diogoserafim,migueldomng
diogoserafim,35TC
diogoserafim,otnd
diogoserafim,lllouis
diogoserafim,LifoxTV
diogoserafim,Sleepwalk11
diogoserafim,akurajalukontol
diogoserafim,emfab
diogoserafim,otherplanet
diogoserafim,drstrangelemon
diogoserafim,pabloorozcora
diogoserafim,viktoriiamai
diogoserafim,Queer_Lisboa
diogoserafim,sevenfacedspace
diogoserafim,silentschi
diogoserafim,kauanz2
diogoserafim,J_o_s_e_p_h
diogoserafim,Jamie_Harley
diogoserafim,HenryRosenbloom
diogoserafim,LukeTheArtist
diogoserafim,alalunaraaa
diogoserafim,douglasmoutinho
diogoserafim,locke999
diogoserafim,DanielOrate
diogoserafim,luvshxt
diogoserafim,PaulaLucatelli
diogoserafim,joeosas52
diogoserafim,sterling_moss
diogoserafim,loriblu
diogoserafim,aurak
diogoserafim,PedroAccioly
diogoserafim,iodine_
diogoserafim,Cuckoom
diogoserafim,varla
diogoserafim,pressburger1948
diogoserafim,arthurab21
diogoserafim,pvprecco
diogoserafim,Blu_hunt
diogoserafim,PeakofCastamere
diogoserafim,abouth4ru
diogoserafim,ViniBerikram
diogoserafim,grupozapbio
diogoserafim,strangertome
diogoserafim,joaomanuellll
diogoserafim,a_gust_h
diogoserafim,afonsobranco
diogoserafim,Alireza602
diogoserafim,AwkwardCurb
diogoserafim,kali978
diogoserafim,LucasMaj
diogoserafim,giancitofehr
diogoserafim,El_da_Costa
diogoserafim,Simm06
diogoserafim,vitor_valentin
diogoserafim,Novarupta
diogoserafim,deathtojan
diogoserafim,marcosdavidsl1
diogoserafim,plzgetmeout
diogoserafim,saidayousefi
diogoserafim,Felca42
diogoserafim,oeedu1
diogoserafim,exatasodeio
diogoserafim,InAMasonJar
diogoserafim,JonnyBaldini
diogoserafim,Vasco_Ayala
diogoserafim,imbafman
diogoserafim,A_Karampatakis
diogoserafim,Peinado
diogoserafim,userwake
diogoserafim,Nihorasco
diogoserafim,WalrusCows
diogoserafim,Dhghemon
diogoserafim,zachsadultfilms
diogoserafim,stainbOys
diogoserafim,Baydir
diogoserafim,pazcal0808
diogoserafim,BibiTenebr0sa
diogoserafim,marcone163
diogoserafim,SamuelChristian
diogoserafim,Daken1234
diogoserafim,O_Kaua_PK
diogoserafim,lnguyen1977
diogoserafim,luct74
diogoserafim,lupe1
diogoserafim,je2114
diogoserafim,Rossastra_Fee
diogoserafim,zemnoid
diogoserafim,samyyyyyy
diogoserafim,guu_vic46
diogoserafim,TheoTavares
diogoserafim,kayky27
diogoserafim,RBrasiliano
diogoserafim,Henribogart
diogoserafim,aterminalcinema
diogoserafim,Aspen666
diogoserafim,valtemilio
diogoserafim,leopirondi
diogoserafim,aaronchenyx
diogoserafim,cobradabola_27
diogoserafim,tmzrmn6
diogoserafim,adrianonetto
diogoserafim,srirachadrinker
diogoserafim,uglyhepburn
diogoserafim,Boniine
diogoserafim,olivierpaulS
diogoserafim,wieltjeszuiger
diogoserafim,guillenmedeiros
diogoserafim,object_reject
diogoserafim,Problemaster
diogoserafim,tobacco_stan
diogoserafim,GuiNeepig
diogoserafim,rasanen
diogoserafim,CaptainBlake
diogoserafim,Amelie1004
diogoserafim,Dima2800
diogoserafim,SlyMoose
diogoserafim,mariavillar04
diogoserafim,ComicSams
diogoserafim,PerceptiveCoot
diogoserafim,talkingocean
diogoserafim,abllzinyojawz
diogoserafim,afsaleaww
diogoserafim,rosebudgerhardt
diogoserafim,dole_thief
diogoserafim,dexter_Mrgan
diogoserafim,amourfou
diogoserafim,zoloooo
diogoserafim,casperjames
diogoserafim,RazorBait
diogoserafim,iranian_user
diogoserafim,dil_e_tant
diogoserafim,Nathanism
diogoserafim,Hunguwu
diogoserafim,maia_smaia
diogoserafim,SammyHayes
diogoserafim,salemgus
diogoserafim,soorya07
diogoserafim,babylambangel
diogoserafim,tomaschurba
diogoserafim,Adonzsamliex
diogoserafim,analuiizaa
diogoserafim,Caua7B
diogoserafim,vontrapp
diogoserafim,alizamanik
diogoserafim,imyegane_
diogoserafim,Valentine_G
diogoserafim,lachymoore
diogoserafim,Korisk300
diogoserafim,primordialpouch
diogoserafim,akostoulas
diogoserafim,fizzzzzaaaaa
diogoserafim,Icko7
diogoserafim,SrPurpura
diogoserafim,rubberfella
diogoserafim,teethtown
diogoserafim,Yukasai
diogoserafim,AndresMunera
diogoserafim,juletter
diogoserafim,alliien
diogoserafim,ViewingError
diogoserafim,Mathszz
diogoserafim,GRSelvano
diogoserafim,ilyaberous
diogoserafim,loucocheirado
diogoserafim,MartinSagadin
diogoserafim,heitorLP7
diogoserafim,msld
diogoserafim,letterholic
diogoserafim,willtopower
diogoserafim,0678
diogoserafim,pasticcere
diogoserafim,cowboyelysium
diogoserafim,sicksadworld
diogoserafim,durefranco
diogoserafim,BirdBranch
diogoserafim,MaxMaximusX
diogoserafim,vivanoescuro
diogoserafim,hotSpirit
diogoserafim,trveloue
diogoserafim,gusedgarchan
diogoserafim,Organicwolf
diogoserafim,GuilhermeVillas
diogoserafim,Alorg
diogoserafim,filipesxs
diogoserafim,inthat_case
diogoserafim,Carlos_Rios
diogoserafim,bogus9999
diogoserafim,EdwinHubenette
diogoserafim,0rd3p47
diogoserafim,flowbare
diogoserafim,Refound
diogoserafim,LasseWJensen
diogoserafim,drownedhighways
diogoserafim,James_Ortello
diogoserafim,yuriils
diogoserafim,Andythedog
diogoserafim,dottielou
diogoserafim,meekscutoff
diogoserafim,gpaschoalin
diogoserafim,Bill_likesfilm
diogoserafim,nazzzlllii
diogoserafim,Tomoritomo
diogoserafim,KowTX
diogoserafim,plastichalo
diogoserafim,Max_215
diogoserafim,StuAlbacore
diogoserafim,kevintinti
diogoserafim,CasinoHille
diogoserafim,DadMovieDad
diogoserafim,Downsided7
diogoserafim,iconoC
diogoserafim,Eusouoonurb19
diogoserafim,sojudesoja
diogoserafim,gatmm
diogoserafim,ryanmattiscap
diogoserafim,gallonship
diogoserafim,SaveFerris71
diogoserafim,HalflingMarquee
diogoserafim,RianSantos19
diogoserafim,PinguimDeTerno
diogoserafim,deckardyang
diogoserafim,willyumm
diogoserafim,inhindsight
diogoserafim,NautilusRG
diogoserafim,heavyhead
diogoserafim,RevueCritikat
diogoserafim,fairy_tale_king
diogoserafim,glamopticon
diogoserafim,audreycolard
diogoserafim,dakocookie
diogoserafim,novaaurora
diogoserafim,gasparmfiadeiro
diogoserafim,sazabi
diogoserafim,PsychFi
diogoserafim,decisive_break
diogoserafim,unclekang
diogoserafim,bliten
diogoserafim,Cold_Mountain
diogoserafim,Epistemusing93
diogoserafim,Vampb0y
diogoserafim,Arpit22
diogoserafim,emmamarieplease
diogoserafim,TheSchlock
diogoserafim,BrokenGiraffe
diogoserafim,realjessesfan
diogoserafim,labots
diogoserafim,puddletron
diogoserafim,Babbenco
diogoserafim,antonkj
diogoserafim,sandeepchintam
diogoserafim,moonkh
diogoserafim,drrrrty
diogoserafim,Miguel_Schw
diogoserafim,gardentender
diogoserafim,SamyrIbraim
diogoserafim,beletage
diogoserafim,tomselleck69
diogoserafim,megaturducken
diogoserafim,mdahsanhabib
diogoserafim,Saul_Monteiro
diogoserafim,flavio1933
diogoserafim,pedao796
diogoserafim,nesisk
diogoserafim,etan_weisfogel
diogoserafim,PizioVentre
diogoserafim,ZeeCobra
diogoserafim,iorhan_
diogoserafim,tjreegs
diogoserafim,floatingsky
diogoserafim,MVSc
diogoserafim,jeenyeom
diogoserafim,Donovan_Dutro
diogoserafim,AleCinemas
diogoserafim,jovivis
diogoserafim,esseluan
diogoserafim,IsaqueJacques
diogoserafim,luskasss
diogoserafim,caleybuck
diogoserafim,innerforce
diogoserafim,franciscon
diogoserafim,Trevor_Films
diogoserafim,thiagogaldino81
diogoserafim,Andrew_Prince
diogoserafim,ipebranco
diogoserafim,MoonSato
diogoserafim,habib_khxn
diogoserafim,buritizalverde
diogoserafim,AlonsoSantana
diogoserafim,swnsk
diogoserafim,TejasAllada
diogoserafim,svavar123
diogoserafim,matrickzz
diogoserafim,Uchimama
diogoserafim,iamshivakumarr
diogoserafim,Loai_movies91
diogoserafim,swsw_sw
diogoserafim,MPuglia
diogoserafim,9dream
diogoserafim,lvsunnn
diogoserafim,bangbnah
diogoserafim,junebugjones
diogoserafim,NotAlia
diogoserafim,Maliptail
diogoserafim,gui_curte_movie
diogoserafim,ThamerKhaled11
diogoserafim,JackBoi_Prod
diogoserafim,ledalunch
diogoserafim,Babel17
diogoserafim,dtn_rt
diogoserafim,garrettfraye
diogoserafim,otavio_pitteri
diogoserafim,HAY30
diogoserafim,Dontrel3030
diogoserafim,Paolanaomi
diogoserafim,pedrocanuto
diogoserafim,anandumadhu__
diogoserafim,luis_noveti_psi
diogoserafim,3beersin
diogoserafim,casablanxa
diogoserafim,titial
diogoserafim,DonPap
diogoserafim,tamara66
diogoserafim,LozzyBeckett
diogoserafim,bopeeeep
diogoserafim,mohsenhades
diogoserafim,Daniel_Wipert
diogoserafim,Aliam13899
diogoserafim,AValesC
diogoserafim,ravinkameran
diogoserafim,RetajTarek
diogoserafim,lauraxgal
diogoserafim,santosleo
diogoserafim,light_sleep3r
diogoserafim,Kosba
diogoserafim,maddsmerces
diogoserafim,Adelacck
diogoserafim,AdrianoJabbour
diogoserafim,imi_rose
diogoserafim,Katsukkj
diogoserafim,elina_
diogoserafim,woodooxp
diogoserafim,lcsxt
diogoserafim,yulyasovan
diogoserafim,centennialmambo
diogoserafim,DaviClarindo
diogoserafim,cbrichmond
diogoserafim,GerAndres
diogoserafim,MrMagnusson
diogoserafim,Mosule
diogoserafim,redropibeiro
diogoserafim,carmona_
diogoserafim,andr_wm
diogoserafim,ctrlzzz
diogoserafim,Amfortas
diogoserafim,ErikStrange
diogoserafim,Toddjn
diogoserafim,1299383773
diogoserafim,Devland
diogoserafim,ParaDistraerme
diogoserafim,nevybluu
diogoserafim,iciwesley
diogoserafim,PedroSpada
diogoserafim,IsaSahium
diogoserafim,aytacnox1
diogoserafim,Juste_j
diogoserafim,6174
diogoserafim,momboss806
diogoserafim,alexmod1
diogoserafim,Hugokatz
diogoserafim,tiantunes
diogoserafim,starmyx
diogoserafim,sadt_ghost5
diogoserafim,Arnoud_Evenhuis
diogoserafim,mobix
diogoserafim,AustinPowers191
diogoserafim,Bressoniac
diogoserafim,WinstinFilmzLvr
diogoserafim,amandammad
diogoserafim,Nazazaza
diogoserafim,sofyaps
diogoserafim,gigantegenio
diogoserafim,werkiest
diogoserafim,dannyr_stc
diogoserafim,xotajp
diogoserafim,4evaMightyLong
diogoserafim,jorgealonsot
diogoserafim,sarabey18
diogoserafim,maricherrycola
diogoserafim,almeidasam
diogoserafim,UnceasingSearch
diogoserafim,condylata
diogoserafim,nspk
diogoserafim,dobbbbbbby
diogoserafim,Baltazarmello
diogoserafim,GuiSalomao
diogoserafim,302019104625
diogoserafim,cameronwood18
diogoserafim,Luikso
diogoserafim,alvarezmartin88
diogoserafim,Riley2025
diogoserafim,debbieji
diogoserafim,w3dgim
diogoserafim,r1an
diogoserafim,caseyyarak
diogoserafim,Victor_Zeni_
diogoserafim,joselindival
diogoserafim,Inkdrop53
diogoserafim,lamomia
diogoserafim,murilothe
diogoserafim,mahatabhossain
diogoserafim,Mancu32
diogoserafim,mevjane
diogoserafim,InReviewOnline
diogoserafim,bejamel
diogoserafim,CaronHacek
diogoserafim,Balkan
diogoserafim,eldarspace
diogoserafim,birb12
diogoserafim,pilar111
diogoserafim,dronevilfinal
diogoserafim,SobhanGh
diogoserafim,DandelionWhine
diogoserafim,DeathFish
diogoserafim,OberonCruz
diogoserafim,Pilaf_
diogoserafim,ingofw
diogoserafim,myckaelam
diogoserafim,someoneghvjvj
diogoserafim,RakknRuin
diogoserafim,redapple
diogoserafim,rodolphe_sailor
diogoserafim,farmgirl91
diogoserafim,lucao__
diogoserafim,thatphilguy
diogoserafim,gussalvalaggio
diogoserafim,YaKrome
diogoserafim,aidannnnnnnnnnn
diogoserafim,copronim0
diogoserafim,Valit99
diogoserafim,hanqs
diogoserafim,3motomanu3
diogoserafim,camcamstewstew
diogoserafim,AGuillotinette
diogoserafim,GeoffreyMG
diogoserafim,saintless_
diogoserafim,AKaramazovMan
diogoserafim,Cosmoreik
diogoserafim,azzeratore
diogoserafim,raphitias
diogoserafim,luiscjcosta
diogoserafim,anafranciscoso
diogoserafim,manel_dahlin
diogoserafim,jjm_24
diogoserafim,mcorleonedart
diogoserafim,Ketels
diogoserafim,tallula
diogoserafim,oldmrlincoln
diogoserafim,TreeChild00
diogoserafim,Mingus28
diogoserafim,fellyyyy
diogoserafim,JimAWR
diogoserafim,mojigato290
diogoserafim,_tothegallows_
diogoserafim,crisexeflores
diogoserafim,Philomathy
diogoserafim,Kalekola
diogoserafim,netvor
diogoserafim,suh9ni
diogoserafim,nitrohawk
diogoserafim,kalamity111
diogoserafim,globberbob
diogoserafim,critconc
diogoserafim,ivantheartist
diogoserafim,Longmoe
diogoserafim,Moussaillon
diogoserafim,Zanninovich
diogoserafim,patheanticult
diogoserafim,Ez4KAUE
diogoserafim,pabmaz17
diogoserafim,Starvinsky
diogoserafim,Ivaniel_73
diogoserafim,steenfilms
diogoserafim,DGLannes
diogoserafim,rafaelpolaquini
diogoserafim,durade
diogoserafim,MarcosBorin
diogoserafim,entrthemirror
diogoserafim,Jvgalvani
diogoserafim,rdwoolf
diogoserafim,A_Andonov
diogoserafim,TamasaDistrib
diogoserafim,MainconD
diogoserafim,Susa61
diogoserafim,magpiesque
diogoserafim,Edoar12
diogoserafim,ALEPH505
diogoserafim,farenheit
diogoserafim,bbotts73
diogoserafim,FelipeB502
diogoserafim,aigroegs
diogoserafim,atseajournal
diogoserafim,9anyo0
diogoserafim,JonAtTheCinema
diogoserafim,100raito
diogoserafim,RickGrasson
diogoserafim,EADrew
diogoserafim,japinhzs
diogoserafim,trueheartsusie
diogoserafim,LipeJupiter
diogoserafim,fravemovies
diogoserafim,AustinTTran
diogoserafim,jdmcgr
diogoserafim,lauee
diogoserafim,aseemlikes
diogoserafim,Gmeiri
diogoserafim,iasdelcanto
diogoserafim,lufamelli
diogoserafim,jefflandale
diogoserafim,MichelMourlet
diogoserafim,Ashur127
diogoserafim,josieyesno
diogoserafim,Denizthe_menace
diogoserafim,Andrrssa
diogoserafim,cainenby
diogoserafim,verzoneenozrev
diogoserafim,Serpicco
diogoserafim,outoflu
diogoserafim,hhaidar
diogoserafim,cine31
diogoserafim,joehebe
diogoserafim,JSAmeur
diogoserafim,splagtuba
diogoserafim,JVBUTCH
diogoserafim,sergbob
diogoserafim,SajoL02
diogoserafim,PeteDoheny
diogoserafim,alicethibes
diogoserafim,Constance010
diogoserafim,jpjpablo
diogoserafim,AboveAverage
diogoserafim,S_K
diogoserafim,coneycowbowy
diogoserafim,igordeolic
diogoserafim,nanaalaura
diogoserafim,Trian
diogoserafim,lucasnfc
diogoserafim,danielbsimon
diogoserafim,GambardellaJep
diogoserafim,harmonyrhodes
diogoserafim,nyameslay
diogoserafim,YannisHaouimdi
diogoserafim,Ipiaramdar
diogoserafim,nancysL
diogoserafim,SaraRosero
diogoserafim,octavioandrea
diogoserafim,luizgneves
diogoserafim,SomePersona
diogoserafim,Feiticelra
diogoserafim,Baalknowledge
diogoserafim,Cephalopoda
diogoserafim,MidnightFilmPod
diogoserafim,subiasm
diogoserafim,request_healing
diogoserafim,Guilhem_cldr
diogoserafim,LydiaTarStan
diogoserafim,p1_harmony
diogoserafim,normalneurotic
diogoserafim,elandim
diogoserafim,BenderDroggy
diogoserafim,VitoScandiffio
diogoserafim,GregorioSantos
diogoserafim,Abiliodias
diogoserafim,charliemarks
diogoserafim,nerdiestmaximus
diogoserafim,austejakzl
diogoserafim,Hyperbeast2610
diogoserafim,Travis333
diogoserafim,left_basement
diogoserafim,tpf1001
diogoserafim,Felipe_Pantiga
diogoserafim,MatheusWode
diogoserafim,NeverBeGameOver
diogoserafim,marderosas
diogoserafim,raphaelmuniz
diogoserafim,raphaelbernhart
diogoserafim,babycreature
diogoserafim,MarcoMeglioli
diogoserafim,Colorsickness
diogoserafim,macedox
diogoserafim,derekmcolins
diogoserafim,Nick_04
diogoserafim,Scudd
diogoserafim,aynayasilmi
diogoserafim,KieronMcCormack
diogoserafim,vncs_okada
diogoserafim,Lou_Yze
diogoserafim,Dietrico
diogoserafim,lilimacca
diogoserafim,andremarx
diogoserafim,66elder
diogoserafim,Maxim_Pervov
diogoserafim,dpdwight
diogoserafim,joaomz
diogoserafim,PictureBunny
diogoserafim,topiasnatynki
diogoserafim,dont_know_me
diogoserafim,leleceara
diogoserafim,earthpigment
diogoserafim,avijitr
diogoserafim,dudacante
diogoserafim,joniii78
diogoserafim,llusioner
diogoserafim,victor1910
diogoserafim,lasagna08
diogoserafim,LeandroC
diogoserafim,madameex
diogoserafim,kusheternal
diogoserafim,IOHOHA
diogoserafim,JanssonPerth
diogoserafim,rodrigolerner
diogoserafim,Shandeur
diogoserafim,Oummagumma
diogoserafim,shinal
diogoserafim,thekizmetkid
diogoserafim,rrmaglente
diogoserafim,petravankant
diogoserafim,hyelye
diogoserafim,tonymq
diogoserafim,pbenson123
diogoserafim,AidanDunphy
diogoserafim,lavinas
diogoserafim,RayDalio
diogoserafim,mattavella
diogoserafim,amokiwi
diogoserafim,StatusQuoScreen
diogoserafim,Luquio
diogoserafim,jvduda
diogoserafim,NickWolffr09
diogoserafim,SrMageski
diogoserafim,Sayko_
diogoserafim,TetoInvisivel
diogoserafim,Dejan86
diogoserafim,Gustavitz
diogoserafim,avfbacci
diogoserafim,good_bird
diogoserafim,academicprole
diogoserafim,chrisbevan
diogoserafim,rchlmllns
diogoserafim,loyasito
diogoserafim,derin23
diogoserafim,TheWahwaha
diogoserafim,lnf
diogoserafim,FelipeReis7
diogoserafim,justinofthedead
diogoserafim,Stuxnet_
diogoserafim,NickSlaz
diogoserafim,SamuUu_
diogoserafim,iuno6
diogoserafim,rickei
diogoserafim,spensierata
diogoserafim,pedrohrtoledo
diogoserafim,ShaiHulud_Prime
diogoserafim,nosrednal
diogoserafim,orris_kas
diogoserafim,ssygma
diogoserafim,Linguistx
diogoserafim,pedrosromero
diogoserafim,7skflo
diogoserafim,luccsn1
diogoserafim,rohmersangsoo
diogoserafim,astroboyJVMello
diogoserafim,nellalou
diogoserafim,temagrebenev
diogoserafim,gurincrivel
diogoserafim,joaodedeus
diogoserafim,actor123
diogoserafim,capiroter
diogoserafim,elibue
diogoserafim,andreysant
diogoserafim,chloequazar
diogoserafim,andrecactus
diogoserafim,duckburgradio
diogoserafim,DocCatSavage
diogoserafim,baetokki_
diogoserafim,collagedetodo
diogoserafim,deivisonline
diogoserafim,haama
diogoserafim,LexKonjedic
diogoserafim,Samshorrors
diogoserafim,misterie
diogoserafim,mulmang
diogoserafim,BluAzur
diogoserafim,nitincinephile
diogoserafim,tenoriousbiggie
diogoserafim,Paulinho_0809
diogoserafim,SlipTwo
diogoserafim,billy_veysel
diogoserafim,s0fie
diogoserafim,eito1
diogoserafim,rilldill
diogoserafim,cinephile135
diogoserafim,budt
diogoserafim,miles2403
diogoserafim,ivann04
diogoserafim,lucas_carlos
diogoserafim,thegodfinch
diogoserafim,Andr3g
diogoserafim,perucalouca
diogoserafim,Guibergue
diogoserafim,gabriel_viana
diogoserafim,Cheesebollah
diogoserafim,osimario
diogoserafim,Duchess_19
diogoserafim,111lilyy
diogoserafim,Jhon_Cinefilo
diogoserafim,boboefeio
diogoserafim,Rodrigomenezesc
diogoserafim,Blake_Ming
diogoserafim,ricobelli
diogoserafim,s4mridhi
diogoserafim,TroutMask83
diogoserafim,thankz
diogoserafim,TheFilmchie
diogoserafim,rianv64
diogoserafim,reemiooo
diogoserafim,aribdhak
diogoserafim,rafakamnitzer
diogoserafim,PROTEUS4000
diogoserafim,novodia
diogoserafim,Ginki
diogoserafim,yankakostova
diogoserafim,disonancia
diogoserafim,maetawatch
diogoserafim,LuizFigueiredo
diogoserafim,ellievsz
diogoserafim,JeanLucGodiva
diogoserafim,retroSpecter
diogoserafim,bidetpate
diogoserafim,sirensummons
diogoserafim,ioandaescu
diogoserafim,yukchanting
diogoserafim,kino_pravda21
diogoserafim,Reymon_Davi
diogoserafim,cleboy
diogoserafim,ivanmari
diogoserafim,dibubidu2510
diogoserafim,plutofreak
diogoserafim,ColettoLo
diogoserafim,mugshawty
diogoserafim,Roderigo_2007
diogoserafim,beckov
diogoserafim,amnajk
diogoserafim,XoERFANoX
diogoserafim,raylemoss
diogoserafim,punera
diogoserafim,solopablo
diogoserafim,Louis_Herthmman
diogoserafim,Loord
diogoserafim,brunnno
diogoserafim,dunkyyy
diogoserafim,followthebeyond
diogoserafim,Austenleuze
diogoserafim,CinemaForMe
diogoserafim,Natlesbananes
diogoserafim,matthewalvar
diogoserafim,jamesgbsn
diogoserafim,Sean04
diogoserafim,annsmerald
diogoserafim,liurey
diogoserafim,Erick_Minto
diogoserafim,BogMonster539
diogoserafim,doukdouk
diogoserafim,tubifex
diogoserafim,ela_aydin06
diogoserafim,10lbs
diogoserafim,GratzTheJail
diogoserafim,sorgatani
diogoserafim,jillian_ruz
diogoserafim,Pegotoso3
diogoserafim,GBiarritz
diogoserafim,stiny
diogoserafim,superxico
diogoserafim,mdourado
diogoserafim,cup_of_coofi
diogoserafim,jaqueryokai
diogoserafim,Kid_Lester
diogoserafim,jllarsen
diogoserafim,hborto
diogoserafim,Bathor
diogoserafim,_hannadymphna
diogoserafim,gostby88
diogoserafim,lucacd
diogoserafim,Heisdoomed
diogoserafim,dustfinger84
diogoserafim,NTMT
diogoserafim,Marchiaro
diogoserafim,zvaat
diogoserafim,rvgolzarri
diogoserafim,lesiashelby
diogoserafim,amacarthur
diogoserafim,ImFluid
diogoserafim,Jackathy91
diogoserafim,kuboa
diogoserafim,thegoldmolar0
diogoserafim,DanielBecker
diogoserafim,hesfl
diogoserafim,Ancova
diogoserafim,zidimc2411
diogoserafim,anideologue
diogoserafim,a9p3Karakalpaks
diogoserafim,igorbestafera
diogoserafim,Allan_Soares
diogoserafim,gshoarder
diogoserafim,talkingstove
diogoserafim,0UTAT1ME
diogoserafim,chantaldykerman
diogoserafim,PamelaRaw
diogoserafim,arualsopmac
diogoserafim,Joao_pedro77
diogoserafim,roramdin
diogoserafim,Santi17FV
diogoserafim,yyoan
diogoserafim,Monassa
diogoserafim,kobsters_mckev
diogoserafim,venji
diogoserafim,gregghammond
diogoserafim,annapr
diogoserafim,BrunoTMac
diogoserafim,femmechatte
diogoserafim,Tarrkovski
diogoserafim,Quent1_911
diogoserafim,ikhabe126
diogoserafim,djsash
diogoserafim,Dybbuk92
diogoserafim,babi_pb
diogoserafim,iloucas
diogoserafim,NotThatBruce
diogoserafim,britneykrueger
diogoserafim,xilian
diogoserafim,asenraa98
diogoserafim,kurtv0dka
diogoserafim,Emm4_Green
diogoserafim,kingshagcorpse
diogoserafim,jpete16808
diogoserafim,sulfurict
diogoserafim,Ferreiraesilva
diogoserafim,sunpadh
diogoserafim,Guilherme50
diogoserafim,jamesstrollon
diogoserafim,ruinasderunas
diogoserafim,wjr079
diogoserafim,Migsz14
diogoserafim,AliExpress96
diogoserafim,DeriMeriSheli
diogoserafim,doughnuts787
diogoserafim,aparajito_ray
diogoserafim,resurgam40
diogoserafim,gustavoroma
diogoserafim,Soaress123
diogoserafim,elvis_preset
diogoserafim,Route97
diogoserafim,safariko
diogoserafim,ibougajd
diogoserafim,entr_postpunker
diogoserafim,captainmelville
diogoserafim,Peemnapat
diogoserafim,electricdreams
diogoserafim,Dostoevskyyy
diogoserafim,girlymagicalboy
diogoserafim,boyinshorts
diogoserafim,kelkelkelkel
diogoserafim,nvrbrkarsn
diogoserafim,call2arms
diogoserafim,morg237
diogoserafim,Aurore_b
diogoserafim,ogabriel_
diogoserafim,ebenmaessiger
diogoserafim,lawlithe
diogoserafim,Enzo28282u
diogoserafim,denizakdeniz
diogoserafim,lucasreges1
diogoserafim,nahzz
diogoserafim,tdebuhr
diogoserafim,samirak
diogoserafim,viniciuslabre
diogoserafim,waldohreule
diogoserafim,juliapomp
diogoserafim,silrone
diogoserafim,zu_part2
diogoserafim,mnatashgaran
diogoserafim,GENESIS003
diogoserafim,arizona_jr
diogoserafim,davirauffus_01
diogoserafim,autismpeaked
diogoserafim,notthatcosta
diogoserafim,ensouza
diogoserafim,lefleur27
diogoserafim,greatillinoise
diogoserafim,sushithekid
diogoserafim,OldJinMills
diogoserafim,jay_ChouChou
diogoserafim,m44anu
diogoserafim,aguthedog
diogoserafim,TAMCHA
diogoserafim,UomoElefante
diogoserafim,UnRealAnus
diogoserafim,thefilmloner
diogoserafim,jesusdalvarez
diogoserafim,iagocalistro
diogoserafim,manuroma
diogoserafim,MollyGo
diogoserafim,Casparr
diogoserafim,Yoshimitsuu
diogoserafim,PrairieWatts
diogoserafim,droowm
diogoserafim,derbellycustoms
diogoserafim,rafaelsousa
diogoserafim,slugbaiter
diogoserafim,dwdalt_
diogoserafim,eueosol
diogoserafim,gilipolis232
diogoserafim,Nomaxy
diogoserafim,vaportrails
diogoserafim,guskk
diogoserafim,fujiwara_san
diogoserafim,astralseer
diogoserafim,lincma
diogoserafim,woojuoh
diogoserafim,fastxlover
diogoserafim,ggahunia
diogoserafim,caioaugalm
diogoserafim,j400j
diogoserafim,MichelinaNeri
diogoserafim,ramanitu
diogoserafim,sofialacamelia
diogoserafim,DamianOaks007
diogoserafim,ceodavion
diogoserafim,MickVanDerleij
diogoserafim,emhak
diogoserafim,bearwith
diogoserafim,moronic_ox
diogoserafim,Aljokertag123
diogoserafim,gugugames3
diogoserafim,tomecebola
diogoserafim,eudugama
diogoserafim,camazan
diogoserafim,grak12
diogoserafim,pdpt
diogoserafim,RaphaelJ02
diogoserafim,Matheusr2
diogoserafim,tutu2222
diogoserafim,baianovz
diogoserafim,Ceci_friends
diogoserafim,Thnyy
diogoserafim,kanda92
diogoserafim,petermakesfilms
diogoserafim,HuiAoba
diogoserafim,meowmeow0088
diogoserafim,Eilemreil
diogoserafim,treeloveskoma
diogoserafim,guizinhumildade
diogoserafim,judagomez
diogoserafim,FilipeGG
diogoserafim,FA25BSSE0077
diogoserafim,zoneball
diogoserafim,SaveItMapel
diogoserafim,Moviemaster83
diogoserafim,lucaslucas
diogoserafim,Voidout
diogoserafim,leilikhalessi
diogoserafim,boonmeeisalive
diogoserafim,Kungfukabab
diogoserafim,naresh_
diogoserafim,alfoonsso
diogoserafim,Angeline_011
diogoserafim,mgparker
diogoserafim,lauramoschen
diogoserafim,AndyRamone
diogoserafim,nkruback
diogoserafim,Jovvannn
diogoserafim,cjdw
diogoserafim,nayer08
diogoserafim,Cremastermaster
diogoserafim,kyledunne
diogoserafim,katjabrodholt
diogoserafim,Jaemxz
diogoserafim,amlg_a
diogoserafim,cherrylatte
diogoserafim,herheadinfilms
diogoserafim,lebigmacc
diogoserafim,PJesus
diogoserafim,nl788
diogoserafim,pelikulangel
diogoserafim,deadzoner
diogoserafim,bianca2004
diogoserafim,MattAtRcrdStore
diogoserafim,joelcoreaccount
diogoserafim,clrnyc
diogoserafim,vihbatalha
diogoserafim,Igorn9
diogoserafim,tulioveneno
diogoserafim,mausobjetos
diogoserafim,mythicomens
diogoserafim,Pazusek
diogoserafim,Cutucanoteucano
diogoserafim,ank4821
diogoserafim,nickkingofearth
diogoserafim,maluschrader
diogoserafim,ArthurFerraz
diogoserafim,rafaeln__n
diogoserafim,jaqua2
diogoserafim,guilhexyz
diogoserafim,yahircaloca
diogoserafim,acidandsugar
diogoserafim,fish_poele
diogoserafim,nirguna81
diogoserafim,AndyDigger316
diogoserafim,deadflwoer
diogoserafim,MiguelCamarinha
diogoserafim,micaelrcastro
diogoserafim,thirdeyeopen
diogoserafim,edgarfaber
diogoserafim,danielsz19
diogoserafim,brjxton
diogoserafim,MaLasher
diogoserafim,tina13821382
diogoserafim,lilprovocatio
diogoserafim,ornelas61
diogoserafim,darthbet
diogoserafim,ZoeSharnoff
diogoserafim,ozgemasti
diogoserafim,brichauncey
diogoserafim,Utarefson2291
diogoserafim,technickolor
diogoserafim,allxdmr8
diogoserafim,SethBrundle
diogoserafim,NickNewman
diogoserafim,saturnia
diogoserafim,nilu_very_far
diogoserafim,Gustaah
diogoserafim,pau_segrelles
diogoserafim,Ugo_
diogoserafim,reversecowgirl
diogoserafim,notker
diogoserafim,Zofis0
diogoserafim,Osqui12
diogoserafim,tylerand
diogoserafim,LanaDelUrsal
diogoserafim,sparkscourt
diogoserafim,UncleBernhard
diogoserafim,danisvictor
diogoserafim,analogcowboy
diogoserafim,sharkeyflor
diogoserafim,spenky
diogoserafim,doom_porto
diogoserafim,YroNie
diogoserafim,hamnd
diogoserafim,1luv1jahx
diogoserafim,shaniegilad
diogoserafim,Trotsky97
diogoserafim,hschneider14
diogoserafim,JonathanFridman
diogoserafim,TheCarence
diogoserafim,DessTod
diogoserafim,alexandre3
diogoserafim,nihil02
diogoserafim,enrisi
diogoserafim,trshyyfilm
diogoserafim,TheoVivas
diogoserafim,muletas
diogoserafim,edwardOwl
diogoserafim,Moviesarelife1
diogoserafim,pgeraldo
diogoserafim,TL15
diogoserafim,MrRoberts1987
diogoserafim,cacpr_
diogoserafim,St_Lumos
diogoserafim,colekaufman
diogoserafim,rustin_cohle
diogoserafim,vilibazmio
diogoserafim,CauaDutra
diogoserafim,Joon01
diogoserafim,jesseonplex
diogoserafim,allroadslead
diogoserafim,diogenissk
diogoserafim,sonictheboy
diogoserafim,nana_ishere
diogoserafim,CaptND
diogoserafim,iggoor
diogoserafim,zaomattz
diogoserafim,cantacuzene
diogoserafim,FriendlyGreedo
diogoserafim,mnschreiber
diogoserafim,forte_nero
diogoserafim,tibus
diogoserafim,bellaparkinson
diogoserafim,sluggishzeus
diogoserafim,guisouzaa
diogoserafim,8cottotheminus1
diogoserafim,velocirave
diogoserafim,Dariavt
diogoserafim,Per
diogoserafim,Andreasbunuel
diogoserafim,felixleschats
diogoserafim,bbeatrizm
diogoserafim,EmoSheeran
diogoserafim,lx__lxr
diogoserafim,Tropicalista
diogoserafim,gabrielm3
diogoserafim,Mallv
diogoserafim,kaualt
diogoserafim,FernandoBasterd
diogoserafim,DrZeno
diogoserafim,sllabyss
diogoserafim,tevinrl
diogoserafim,SoldeLuna_
diogoserafim,MOTIPOURJ
diogoserafim,antonioroma14
diogoserafim,EmmetDotan
diogoserafim,technicolourr
diogoserafim,genazero
diogoserafim,awdi
diogoserafim,RomaSchaefer
diogoserafim,finuli34
diogoserafim,ericwitha_k
diogoserafim,dninzz
diogoserafim,markatos
diogoserafim,cibuco
diogoserafim,lucasfontes
diogoserafim,ruben_garcia
diogoserafim,Livlivvia
diogoserafim,glicose
diogoserafim,ljgonz
diogoserafim,doakster
diogoserafim,braheem
diogoserafim,Ruchira25
diogoserafim,woodworm
diogoserafim,robbiesometimes
diogoserafim,ramiro29421
diogoserafim,palisades17
diogoserafim,epichatpong
diogoserafim,Sarisha_3
diogoserafim,1994_dubplate
diogoserafim,vajraguru
diogoserafim,Cocoflix06
diogoserafim,Maviie00
diogoserafim,brenoxmatos
diogoserafim,leomisleh
diogoserafim,utopiabdx
diogoserafim,Ainouz
diogoserafim,piterdoug
diogoserafim,paulacavalcanti
diogoserafim,arimaJPGD
diogoserafim,lexpap4000
diogoserafim,Akash98409
diogoserafim,rodrigocunha
diogoserafim,SilasKassaoka
diogoserafim,Lukasuu
diogoserafim,sasha_23
diogoserafim,szabolcs
diogoserafim,CoryRice
diogoserafim,brecisloko
diogoserafim,mathnw
diogoserafim,Mylor
diogoserafim,Plpto
diogoserafim,krapkaU
diogoserafim,DollfuB
diogoserafim,fgomess
diogoserafim,Natanvinicius
diogoserafim,Hitpitiful
diogoserafim,ajmurray00
diogoserafim,esnapur
diogoserafim,HamedRezaei
diogoserafim,mariorossellini
diogoserafim,Tanzzzz
diogoserafim,narratologica
diogoserafim,DavidSchumacher
diogoserafim,doncaballero
diogoserafim,TwistedFinder23
diogoserafim,gimmedanger88
diogoserafim,lewanramos
diogoserafim,quittkett
diogoserafim,vinirosalvo
diogoserafim,analiammm
diogoserafim,Tristan0876
diogoserafim,TylaReddy
diogoserafim,gabreno3
diogoserafim,theloniousmojo
diogoserafim,mskux19
diogoserafim,carasaltas
diogoserafim,chaolodoso
diogoserafim,StarFlunky
diogoserafim,m12a4s1ca
diogoserafim,dharmabum1
diogoserafim,Sandro_Glock
diogoserafim,pro_zach36
diogoserafim,Jaojaobr13
diogoserafim,meryemludens
diogoserafim,mathth
diogoserafim,kxyrin_
diogoserafim,SplurgeX
diogoserafim,felipealmeida
diogoserafim,jamesoweng
diogoserafim,CarlitosDeLito
diogoserafim,Prasan10
diogoserafim,Mikadzuki
diogoserafim,davidgentry
diogoserafim,realitas
diogoserafim,eljpax
diogoserafim,6mrqn
diogoserafim,IgorPintao
diogoserafim,fefesly
diogoserafim,Richrsrj
diogoserafim,iam__may___
diogoserafim,Rihem_22
diogoserafim,Zarathustra1914
diogoserafim,JovanMil
diogoserafim,biancako
diogoserafim,Mariano
diogoserafim,moyamya
diogoserafim,karlinhares
diogoserafim,vinimaraes
diogoserafim,h0ud1n
diogoserafim,voguesnatch
diogoserafim,hosseinmaz
diogoserafim,ChilaChill
diogoserafim,bornagainshell
diogoserafim,littlewomxn
diogoserafim,Mintedswords
diogoserafim,bonesonthebeach
diogoserafim,LeuMarktt
diogoserafim,Dharanidharan_S
diogoserafim,Bakungtae
diogoserafim,jota_de
diogoserafim,RRAMIREZ1128
diogoserafim,paulocipis
diogoserafim,Kittt920
diogoserafim,Tato04
diogoserafim,nightwolfcg123
diogoserafim,cintila116
diogoserafim,CafeDialetico
diogoserafim,Anastazja_Anna
diogoserafim,gebrauchsmusik
diogoserafim,skerbz
diogoserafim,ofilipequintans
diogoserafim,violencipaixao
diogoserafim,alfredomzf
diogoserafim,biellecter
diogoserafim,Kukech
diogoserafim,chatte_minoru
diogoserafim,MetalFire
diogoserafim,Sairkha
diogoserafim,MidwitSenior
diogoserafim,ghostfacek30
diogoserafim,yiyonarv
diogoserafim,emilianogaeloj
diogoserafim,dcnkes
diogoserafim,wiIlI
diogoserafim,rozhinrs
diogoserafim,LeonardoAz
diogoserafim,qutarantino
diogoserafim,CLAUDE_CHABROL
diogoserafim,aficito
diogoserafim,watcherdeouro
diogoserafim,geneva_drive
diogoserafim,Tetsuo89
diogoserafim,cowinprofile
diogoserafim,fretagarbo
diogoserafim,MiguelMotta
diogoserafim,chris_araujo
diogoserafim,SBarlow3
diogoserafim,syberzero
diogoserafim,vics75
diogoserafim,hurley8
diogoserafim,XTomc
diogoserafim,MatthewFilms123
diogoserafim,flx4751
diogoserafim,visualsbykayos
diogoserafim,asierpuga
diogoserafim,marcelosob_
diogoserafim,GoodbyeDrgnInn
diogoserafim,Arash_n849
diogoserafim,HanBaylan
diogoserafim,yasina
diogoserafim,aislingokay
diogoserafim,Alencar020
diogoserafim,analuport_
diogoserafim,nTHiNgs
diogoserafim,adamhakimi
diogoserafim,ynotwolf
diogoserafim,caioamisterdam
diogoserafim,movieS01amu
diogoserafim,mrprov55
diogoserafim,pporfirioo
diogoserafim,yebo2
diogoserafim,JPFazendeiro
diogoserafim,Dk_S
diogoserafim,Totenfeier
diogoserafim,AlfShumway
diogoserafim,Rikuri
diogoserafim,LucasAlves28
diogoserafim,mikhailnefedov
diogoserafim,Haarotkolnua
diogoserafim,mulherreclamona
diogoserafim,alirezasamsam
diogoserafim,ozyhire
diogoserafim,cnzdmr
diogoserafim,HongouTakeshi
diogoserafim,egjones
diogoserafim,sharkwhirl
diogoserafim,DiogoMartins
diogoserafim,mariilau
diogoserafim,funtcuck69
diogoserafim,comacinema
diogoserafim,Shahriar81
diogoserafim,celsiusceli
diogoserafim,rulyramf
diogoserafim,komutanlogar23
diogoserafim,anavp
diogoserafim,Paq_
diogoserafim,ConnerRWood
diogoserafim,mtmarinex
diogoserafim,well27
diogoserafim,VoidedUser
diogoserafim,girlinthegallow
diogoserafim,lolxd
diogoserafim,tarekgr
diogoserafim,tamingthetiger
diogoserafim,carlostlied
diogoserafim,michelento
diogoserafim,pedro1237
diogoserafim,Jackl
diogoserafim,helo18
diogoserafim,Amin844
diogoserafim,Lucassalvador2
diogoserafim,oxie_more
diogoserafim,luc4z0
diogoserafim,noiseburst
diogoserafim,Mrknight45
diogoserafim,labotx
diogoserafim,dthcsn
diogoserafim,goodiguess
diogoserafim,mlkbobao
diogoserafim,Planet_Acheron
diogoserafim,hypnotipo
diogoserafim,LuisAlberto_
diogoserafim,wallacsnt
diogoserafim,MoleManWhamBam
diogoserafim,jacobsondrew
diogoserafim,tuneba
diogoserafim,9hny
diogoserafim,miguelmmotta
diogoserafim,abreu_lucas
diogoserafim,papi_chinito
diogoserafim,gunnar368
diogoserafim,blutch22
diogoserafim,costartie
diogoserafim,LDamasceno
diogoserafim,Gustaff
diogoserafim,chraa
diogoserafim,novistenada
diogoserafim,gabrielgbm
diogoserafim,jasonaldean
diogoserafim,moonaida19
diogoserafim,JVictor1
diogoserafim,mieldsoleil
diogoserafim,JoseOtenio
diogoserafim,sergiodiazo
diogoserafim,Wantok
diogoserafim,Fidelixi
diogoserafim,MaxisKay
diogoserafim,ralch2
diogoserafim,hongsi20
diogoserafim,dronescore
diogoserafim,rtl1
diogoserafim,hongsi2020
diogoserafim,lipemf
diogoserafim,ameacacomunista
diogoserafim,BrunoAnthony
diogoserafim,srjaune
diogoserafim,ericericeric
diogoserafim,JamJar71
diogoserafim,en__passant___
diogoserafim,Oteb
diogoserafim,ashshane27
diogoserafim,fabiozedit
diogoserafim,marielepage
diogoserafim,uniservolts
diogoserafim,inescartaxo
diogoserafim,FelipeSetubal42
diogoserafim,vitoreita
diogoserafim,guicomelli33
diogoserafim,FSWBC
diogoserafim,gobiszs
diogoserafim,CinemaLover69
diogoserafim,Zsooofi
diogoserafim,migrms
diogoserafim,ssssantyves
diogoserafim,zerodeconduit
diogoserafim,maromobu
diogoserafim,LoloSO
diogoserafim,Hayek
diogoserafim,mathcine
diogoserafim,vigetz
diogoserafim,franca_iraniano
diogoserafim,juliandonato14
diogoserafim,JarnoK
diogoserafim,IgorPedrosa
diogoserafim,Bratislav
diogoserafim,smuckersfan
diogoserafim,iuwoodz
diogoserafim,dmbrent
diogoserafim,ziyan
diogoserafim,milubo
diogoserafim,isankiaes
diogoserafim,danetdadanet
diogoserafim,mermaidsighs
diogoserafim,sagbernard
diogoserafim,EurusD
diogoserafim,tarcisiosssant
diogoserafim,douyahoo
diogoserafim,cinemaLambda
diogoserafim,burk26
diogoserafim,vidscribbler
diogoserafim,Peni_Film_Fest
diogoserafim,dav1zera
diogoserafim,sarpre
diogoserafim,monosexion
diogoserafim,JonMardukas
diogoserafim,enivrez
diogoserafim,StillDora
diogoserafim,jclaudino
diogoserafim,laurazanini
diogoserafim,videotvpe
diogoserafim,braaaact
diogoserafim,LordZedd15
diogoserafim,KailanSpier
diogoserafim,Pair_of_Ind
diogoserafim,jaimeac
diogoserafim,Simodecleves
diogoserafim,TaffaTey
diogoserafim,JujuGre
diogoserafim,nsabadish
diogoserafim,_Callum
diogoserafim,k_om_ii
diogoserafim,depressolatte
diogoserafim,robjacos
diogoserafim,bochco86
diogoserafim,barlaynefletche
diogoserafim,gutosalonski
diogoserafim,Antenor_07
diogoserafim,mistersuke
diogoserafim,NomoreCine
diogoserafim,mpdris
diogoserafim,chick1
diogoserafim,Ali_Azar
diogoserafim,haifawehbe
diogoserafim,joseph_l_meads
diogoserafim,kaa1
diogoserafim,joaodmoraes
diogoserafim,focacomun
diogoserafim,ma3iz
diogoserafim,yatstinko
diogoserafim,Glinny
diogoserafim,masoncrawford
diogoserafim,ericay
diogoserafim,mangoginger1
diogoserafim,zeyneptir
diogoserafim,LorneM
diogoserafim,Supersoup2000
diogoserafim,kabeh
diogoserafim,beatricecirtaeb
diogoserafim,Charly_Cruz
diogoserafim,pantleg
diogoserafim,Alto__PedroTh
diogoserafim,vic_02
diogoserafim,AshvinK
diogoserafim,n4th4n7
diogoserafim,hmv_cheltenham
diogoserafim,dykebitch666
diogoserafim,joaocafeina
diogoserafim,EnricoMancini
diogoserafim,Sereihy
diogoserafim,Eddie3yes
diogoserafim,joaohenrique1
diogoserafim,SavDetective
diogoserafim,dob_bylan
diogoserafim,leoaldl
diogoserafim,floreseframes
diogoserafim,Jottaga
diogoserafim,mariaaaaa200
diogoserafim,DonSpaghettoni
diogoserafim,R4J4P
diogoserafim,_ore_gami_
diogoserafim,Davihaub
diogoserafim,agusaguirrel
diogoserafim,floridianslip
diogoserafim,comdesconhecido
diogoserafim,Ycity
diogoserafim,Danniet81
diogoserafim,NaWar78
diogoserafim,senzaparole
diogoserafim,vivequinha69
diogoserafim,JunkieJesus
diogoserafim,TheReelGoat
diogoserafim,roddeers
diogoserafim,bonero
diogoserafim,applecherrytree
diogoserafim,Barreto_
diogoserafim,Grivaldo
diogoserafim,robbied
diogoserafim,KPP5991
diogoserafim,matteoo
diogoserafim,khodam
diogoserafim,dheav
diogoserafim,mise_en_seer
diogoserafim,EzraUsername
diogoserafim,electrikeese
diogoserafim,davidtaisgone
diogoserafim,gnasci
diogoserafim,omov
diogoserafim,eliottp
diogoserafim,joshsafdiesmuse
diogoserafim,wilkerpaiva
diogoserafim,t_mi9k
diogoserafim,alirezao
diogoserafim,humanodelhorror
diogoserafim,godsatandogma
diogoserafim,EriCaroline
diogoserafim,senamoises
diogoserafim,anaasizi
diogoserafim,luke_richert
diogoserafim,dylpix
diogoserafim,CinemaOmakase
diogoserafim,gaby_zokinha
diogoserafim,genbot
diogoserafim,Nikolas000
diogoserafim,FlashBack
diogoserafim,Gusta11
diogoserafim,vitorpzk
diogoserafim,Kipik
diogoserafim,jlauch
diogoserafim,olhalea
diogoserafim,blue_reverie
diogoserafim,DaviM8
diogoserafim,BenElliot
diogoserafim,n0reel
diogoserafim,mimi_vdB
diogoserafim,ensonge
diogoserafim,4lexandre011
diogoserafim,PTP0160
diogoserafim,robertanthony25
diogoserafim,Joaolucas_2010
diogoserafim,austinmorgan
diogoserafim,digonaodigo
diogoserafim,confitt
diogoserafim,guiromeiro
diogoserafim,schloe_
diogoserafim,rvlo
diogoserafim,lucasriov
diogoserafim,cereaw
diogoserafim,dudumarx
diogoserafim,kcholast
diogoserafim,migzks
diogoserafim,Rodrigoarv
diogoserafim,JohnC2001
diogoserafim,doego
diogoserafim,thomazsa
diogoserafim,wid2002
diogoserafim,lolaversus
diogoserafim,analuisagr
diogoserafim,lucassfurtado
diogoserafim,Qiwu
diogoserafim,hhson
diogoserafim,itstune
diogoserafim,Guilhermevaz
diogoserafim,themagicworlds
diogoserafim,alpoalpo22
diogoserafim,budincaaa
diogoserafim,Paulito97
diogoserafim,jithin_alh2
diogoserafim,DngerMouse
diogoserafim,lscantelbury
diogoserafim,doomedsam
diogoserafim,pjohnson9109
diogoserafim,AndrePouce
diogoserafim,wildhotels
diogoserafim,RaviArlo
diogoserafim,chubbytoad
diogoserafim,ricardotnet
diogoserafim,DAL9000
diogoserafim,VijayHerwade
diogoserafim,tonyhanl
diogoserafim,NikiMoeini
diogoserafim,taptup
diogoserafim,napaulice
diogoserafim,Thiago2066
diogoserafim,Ratinhobelo
diogoserafim,vanbilderas
diogoserafim,brettnelson44
diogoserafim,reptilea
diogoserafim,pedro7antunes
diogoserafim,kitaji
diogoserafim,Drufulus
diogoserafim,lallalal
diogoserafim,NickFerCraft
diogoserafim,kassel
diogoserafim,gsdgsd13
diogoserafim,yokatzie
diogoserafim,JadeSummers
diogoserafim,OscarComKappa
diogoserafim,gabicsch
diogoserafim,RuffReader
diogoserafim,Debayan01
diogoserafim,ih8tem0viesate
diogoserafim,pedrovivan
diogoserafim,myla_rt09
diogoserafim,ManelCampelo
diogoserafim,PhShivam21
diogoserafim,smuca
diogoserafim,Victorestevao
diogoserafim,Andy_Jeon
diogoserafim,randallcolburn
diogoserafim,MABmaryam
diogoserafim,ianESO5
diogoserafim,rnann
diogoserafim,rafacampos
diogoserafim,Xavierodrigo
diogoserafim,woo5026
diogoserafim,byz4ntine
diogoserafim,mateuscinema1
diogoserafim,Donnie21Darko
diogoserafim,che19
diogoserafim,predo02
diogoserafim,paletrace
diogoserafim,dlrocha
diogoserafim,tibbihonest
diogoserafim,gussgusgus
diogoserafim,punpunito
diogoserafim,ER28_0652_09_86
diogoserafim,natchkluba
diogoserafim,Wesley_SPFC
diogoserafim,aranmeira
diogoserafim,pedrochacht
diogoserafim,Bertonie
diogoserafim,kauaf
diogoserafim,ramenak47
diogoserafim,_Aloysius_
diogoserafim,RadioFreeAlex
diogoserafim,modernworldwide
diogoserafim,omarznari
diogoserafim,lettersfromdani
diogoserafim,morfali
diogoserafim,Bobaksb
diogoserafim,TheLAFilms99
diogoserafim,jovenausente
diogoserafim,BIGLAD_
diogoserafim,Jamie_Keen
diogoserafim,bouncingPhoton
diogoserafim,linkurporkzredy
diogoserafim,Travics77
diogoserafim,STAJO
diogoserafim,RodrigoLiberman
diogoserafim,LogosReviews
diogoserafim,thallesbanhos
diogoserafim,arabe3459
diogoserafim,Fario
diogoserafim,thisismet
diogoserafim,LeafMad_Media
diogoserafim,brubrdt
diogoserafim,guilherme911
diogoserafim,nourbatman
diogoserafim,neda1518
diogoserafim,parekhsultan
diogoserafim,biggerdunkins
diogoserafim,AxlRowser
diogoserafim,swihartb
diogoserafim,gusottertrout
diogoserafim,NausicaaLover
diogoserafim,poppers2
diogoserafim,leglesscats
diogoserafim,cinesansar
diogoserafim,BalajiTarantino
diogoserafim,Pedro__Henrique
diogoserafim,butchseiya
diogoserafim,giferracini
diogoserafim,genzai_2
diogoserafim,Luccgm
diogoserafim,augustorabelo12
diogoserafim,guilhermemiq
diogoserafim,pedrolmeida
diogoserafim,Bernaduccio
diogoserafim,mvitoriapc
diogoserafim,AnnavidJangy
diogoserafim,riaignjatovic
diogoserafim,AleN99
diogoserafim,silva777
diogoserafim,LoureiroSamyr
diogoserafim,lumpy55555
diogoserafim,miguellx
diogoserafim,rodes7
diogoserafim,gustavoryanb
diogoserafim,Supaplex1
diogoserafim,grabo
diogoserafim,GuiiGuiiMene
diogoserafim,Solenn29
diogoserafim,punchyfl
diogoserafim,nodontsee
diogoserafim,aspiringdead
diogoserafim,extravagnt
diogoserafim,jxciv
diogoserafim,diamavic
diogoserafim,Vango3
diogoserafim,ranaduzyol
diogoserafim,nomanchesguell
diogoserafim,honkeur
diogoserafim,joycedot2
diogoserafim,bettercallabel1
diogoserafim,MonsterVision
diogoserafim,DM2024
diogoserafim,indyjanosdi
diogoserafim,fauvos
diogoserafim,Rosenkors
diogoserafim,ashallen9090
diogoserafim,MarcAspinall
diogoserafim,watchthatman
diogoserafim,SammyWeathers
diogoserafim,Punyamdiundi
diogoserafim,solanooo
diogoserafim,4GV
diogoserafim,reicleiton
diogoserafim,ColinMa
diogoserafim,kyobo
diogoserafim,GarfLasag
diogoserafim,arthurmaniac
diogoserafim,Pantalorezo
diogoserafim,axtrobulba
diogoserafim,Gianfilme
diogoserafim,joelgrant
diogoserafim,msooch
diogoserafim,santeuil
diogoserafim,gaz0n
diogoserafim,Nilshah
diogoserafim,Prithx
diogoserafim,Golemovies
diogoserafim,VacantJoy
diogoserafim,advilravine
diogoserafim,arthurbrum
diogoserafim,AHKHALAFI
diogoserafim,m_petenatti
diogoserafim,viagrajogos
diogoserafim,voedeur
diogoserafim,manuzwid
diogoserafim,rob95in
diogoserafim,htacs
diogoserafim,Gi0_0
diogoserafim,tiago_de
diogoserafim,Shahriar03
diogoserafim,tiscayea
diogoserafim,AsisRo
diogoserafim,freeranger
diogoserafim,matheusfroess
diogoserafim,Lanya_hama
diogoserafim,StandByTommyBoy
diogoserafim,ApplePieGuy
diogoserafim,dayse_romano
diogoserafim,otaviohoff
diogoserafim,dehrl
diogoserafim,gibson8
diogoserafim,felipe_kurosawa
diogoserafim,Betao_cm
diogoserafim,Vini_Freitas
diogoserafim,decels
diogoserafim,lgazimounaa
diogoserafim,arcyeus
diogoserafim,kaoryzzz
diogoserafim,manoparras
diogoserafim,brutaldemocracy
diogoserafim,jai231
diogoserafim,ingmarspergman
diogoserafim,Cburrell
diogoserafim,Hattabb
diogoserafim,ZREGFZFshfrbde
diogoserafim,daniellageek14
diogoserafim,matheusammotta
diogoserafim,aj4l
diogoserafim,dannispiegs
diogoserafim,Mercer790
diogoserafim,7137
diogoserafim,_magno
diogoserafim,vvidsluxs
diogoserafim,joaoferr
diogoserafim,AndrewSW
diogoserafim,juliabelfort
diogoserafim,darthoblomo
diogoserafim,acsaserafim
diogoserafim,RangeLiving
diogoserafim,ohayorusty
diogoserafim,paulakkari
diogoserafim,larandacassavet
diogoserafim,caiobrandaoes
diogoserafim,itstomjoseph
diogoserafim,SauloCav
diogoserafim,_jeronima
diogoserafim,3olin
diogoserafim,VictinSEP
diogoserafim,andrewleclerc
diogoserafim,legodaddy
diogoserafim,Aki__03
diogoserafim,Nolan_hild
diogoserafim,codyyy666
diogoserafim,vhrusso
diogoserafim,xanablu
diogoserafim,Notarainbow
diogoserafim,Ezekiel37
diogoserafim,Sjaalman
diogoserafim,luapo0o
diogoserafim,Joffrey_Perdido
diogoserafim,neptunesclone
diogoserafim,malcolmkchen
diogoserafim,tomasdoppvaz
diogoserafim,Gwynplaine54
diogoserafim,Kpkiddo
diogoserafim,steeldeer
diogoserafim,Lornezo
diogoserafim,miguelkkjkjk
diogoserafim,_basti_
diogoserafim,afonsovma00
diogoserafim,joaopauloxs
diogoserafim,filmhater21
diogoserafim,Manchola
diogoserafim,Patotabr
diogoserafim,edreese
diogoserafim,laurencedarrow
diogoserafim,chiara_00
diogoserafim,LambTracking
diogoserafim,orgonedonor
diogoserafim,JaytheJayofJay
diogoserafim,Rose_55
diogoserafim,djniemal
diogoserafim,jessebrinkman
diogoserafim,aligh_
diogoserafim,IsaExpress
diogoserafim,lydiemaine
diogoserafim,Henrytorybot
diogoserafim,philliparthur
diogoserafim,joaorodrigues8
diogoserafim,Ruan_Souza_
diogoserafim,Pinest
diogoserafim,rebelonacause
diogoserafim,GeanAndrade
diogoserafim,cliokv
diogoserafim,animo_857
diogoserafim,sashafichtner
diogoserafim,gabrielism0
diogoserafim,capone007
diogoserafim,joaocash
diogoserafim,oandrearantes
diogoserafim,paragd0211
diogoserafim,JotaCasmal
diogoserafim,manoguss
diogoserafim,Marcola717
diogoserafim,Dimetros
diogoserafim,asantander
diogoserafim,GaSaraiva
diogoserafim,jordanhoxsie
diogoserafim,beans_on_toast
diogoserafim,bordelands
diogoserafim,dukebox
diogoserafim,beemsoe
diogoserafim,jcjbissett
diogoserafim,1_qa4
diogoserafim,Brenno39
diogoserafim,PicassoPNG
diogoserafim,AizeNKOF02
diogoserafim,viv_pregnolato
diogoserafim,M___Miranda
diogoserafim,osombo
diogoserafim,st3333ly
diogoserafim,jewelsrot
diogoserafim,lorimillmill
diogoserafim,kruttika
diogoserafim,OdadingIron
diogoserafim,Guilezitos
diogoserafim,Nonat
diogoserafim,libroscope
diogoserafim,sofinferno
diogoserafim,ochnjak
diogoserafim,Matheus_PR
diogoserafim,mutism
diogoserafim,kirstensupine
diogoserafim,gregkdeal
diogoserafim,BernardoBranco
diogoserafim,NimaHg
diogoserafim,Magmax
diogoserafim,levi10
diogoserafim,igorlaine
diogoserafim,Paris_II
diogoserafim,Valerie_Gould
diogoserafim,cenora420
diogoserafim,mambos2
diogoserafim,MistaFred
diogoserafim,DaleCooper7
diogoserafim,msalome
diogoserafim,McQueenDoTerror
diogoserafim,IuriBermudes
diogoserafim,leo78anakin
diogoserafim,caviborges
diogoserafim,blokirilov
diogoserafim,arthurzin1
diogoserafim,morganic_
diogoserafim,oimn
diogoserafim,plpxavier
diogoserafim,hossam120
diogoserafim,SamReisman
diogoserafim,spiritgunned
diogoserafim,Halron
diogoserafim,harveydf
diogoserafim,ASTAAAA
diogoserafim,pedrofrcv
diogoserafim,AliDibaj
diogoserafim,bluedrxgs
diogoserafim,ShayanAr
diogoserafim,Purin2000
diogoserafim,IthaloMoura72
diogoserafim,faTdesu
diogoserafim,danteqrz
diogoserafim,coma_vrido
diogoserafim,Panqueco
diogoserafim,Axel_Prus
diogoserafim,kikisaudade
diogoserafim,mbarros
diogoserafim,gbrllolv
diogoserafim,joaofel1pe
diogoserafim,alinerys
diogoserafim,cidinho
diogoserafim,ralcoforado90
diogoserafim,loaojucas
diogoserafim,Wesller
diogoserafim,sleepyhead3
diogoserafim,CesarNasc
diogoserafim,SergioFBBC
diogoserafim,Leonardofm
diogoserafim,ze_piriquitin
diogoserafim,adrianovargas
diogoserafim,seaiver
diogoserafim,diogoinfobsb
diogoserafim,1trov
diogoserafim,vinizim
diogoserafim,ISSA__
diogoserafim,pdlima
diogoserafim,dethallt
diogoserafim,Gui_Vieira
diogoserafim,wofraser
diogoserafim,vinteuns
diogoserafim,Matheus_C_C
diogoserafim,awetnhafash
diogoserafim,victorbennicar
diogoserafim,leoxav
diogoserafim,xlohmagnani
diogoserafim,Lucarts
diogoserafim,otxjunior
diogoserafim,marianagrijo
diogoserafim,PGR_
diogoserafim,andreewn
diogoserafim,ballogh
diogoserafim,EAFontinele
diogoserafim,Gusb36
diogoserafim,gorlomee
diogoserafim,Marcos_Fracta
diogoserafim,thiagonomachado
diogoserafim,m1llerr
diogoserafim,lrpenna
diogoserafim,PedroL8
diogoserafim,yavin
diogoserafim,physicalgrafitt
diogoserafim,OguiDias
diogoserafim,cupini
diogoserafim,raphinha_cococo
diogoserafim,IagoRochaPorto
diogoserafim,arthurmmartins
diogoserafim,galatiktiger
diogoserafim,gabrielgomes311
diogoserafim,wilbyrec7
diogoserafim,Benchman
diogoserafim,JoostNie
diogoserafim,bileyassein
diogoserafim,davizitz
diogoserafim,Teodorr
diogoserafim,KadsonBreno
diogoserafim,boomboomsmith
diogoserafim,LogoPogoBogo
diogoserafim,Miguel_Allen
diogoserafim,caiodefreitas82
diogoserafim,MizoFord
diogoserafim,samjrose
diogoserafim,Narcobarbiee
diogoserafim,joaows
diogoserafim,fourteas
diogoserafim,bugpolitician
diogoserafim,gansoistheking
diogoserafim,Nickwrtdv
diogoserafim,llur
diogoserafim,reviewARrrr
diogoserafim,edwardrobles
diogoserafim,takenbyapicture
diogoserafim,gabgabmartins
diogoserafim,hitarayworth
diogoserafim,gentlethreat212
diogoserafim,Sayrale
diogoserafim,remawaji
diogoserafim,lucasivuca
diogoserafim,captaindaisy
diogoserafim,epwatchedit
diogoserafim,libblerabble
diogoserafim,hell_voidoid
diogoserafim,ggrijo
diogoserafim,limapjoao
diogoserafim,Fredeance
diogoserafim,Michael_Paz
diogoserafim,TrashVHS
diogoserafim,andersonalamo
diogoserafim,moovely
diogoserafim,kevbeaz
diogoserafim,narwahl
diogoserafim,OstapBender
diogoserafim,ssodyt
diogoserafim,calsrm
diogoserafim,psi_stiebler
diogoserafim,eldaniel
diogoserafim,PrayerIn4K
diogoserafim,lateblanchett
diogoserafim,florindinha
diogoserafim,skendermorina
diogoserafim,JPor
diogoserafim,jp1234569
diogoserafim,ydglan
diogoserafim,kamuka
diogoserafim,eduba7
diogoserafim,AkiraaKurosawa
diogoserafim,Fran81
diogoserafim,Dranfall
diogoserafim,Quice
diogoserafim,Vonia_Watches
diogoserafim,samuelco_
diogoserafim,UmbigoMontoya
diogoserafim,dros
diogoserafim,DJLa123
diogoserafim,Amirh_V
diogoserafim,JoeyL2
diogoserafim,FelipeTrigo
diogoserafim,monstera_black
diogoserafim,ArtHouseStreet
diogoserafim,gabrielnog
diogoserafim,polarxvortex
diogoserafim,jujeune
diogoserafim,elanbssisimo
diogoserafim,hnqe
diogoserafim,SSSSwelfin
diogoserafim,SouMtGado
diogoserafim,mnemtsov
diogoserafim,And35
diogoserafim,notgonnahappen
diogoserafim,darth_rogue
diogoserafim,CAVAL_____
diogoserafim,meowmeowwoof
diogoserafim,nunoperini
diogoserafim,CandalBer
diogoserafim,pedropinho
diogoserafim,kolwalsk
diogoserafim,_Hobi
diogoserafim,ruhumturquoise
diogoserafim,movies46078
diogoserafim,matitaperera
diogoserafim,GoldH4t
diogoserafim,luanadeva
diogoserafim,ViejoAsterio
diogoserafim,etherealgirll
diogoserafim,boa_noite
diogoserafim,arigeoffp
diogoserafim,stupidcobiz
diogoserafim,josemedeiros87
diogoserafim,KnechtBabylon
diogoserafim,julianaleewhite
diogoserafim,NathanIuri
diogoserafim,willowtree03
diogoserafim,fallscreek
diogoserafim,Segundo_Plano
diogoserafim,amybluecoast
diogoserafim,mobymoby
diogoserafim,ValeraMirniy
diogoserafim,GuiOta
diogoserafim,Claytoncarvalho
diogoserafim,Pedro_G_Barbosa
diogoserafim,fabiopiovani
diogoserafim,matheusazevedo1
diogoserafim,24fpslvr
diogoserafim,LuizAlbuquerque
diogoserafim,fafure
diogoserafim,andferreiramos
diogoserafim,natanhenrique
diogoserafim,ben2093
diogoserafim,VictorHerme
diogoserafim,lehgaver
diogoserafim,Sapterson
diogoserafim,PedroMaia
diogoserafim,vitor_rocha
diogoserafim,AndreiKartoffel
diogoserafim,Gabh
diogoserafim,MaKeV
diogoserafim,Caioba42
diogoserafim,veselinbarovic
diogoserafim,timeimage
diogoserafim,_willneverstop
diogoserafim,f_eishima
diogoserafim,aliciadaphnex
diogoserafim,caterpilllar
diogoserafim,mwamc
diogoserafim,ArturFP
diogoserafim,talis_melo
diogoserafim,Bernardo_leaof
diogoserafim,GabrielPinheir0
diogoserafim,WalterKaramazov
diogoserafim,cachorroouvido
diogoserafim,sputnikwxx
diogoserafim,snortingmint
diogoserafim,cheekymissile
diogoserafim,gifford2nd
diogoserafim,SergioEmd
diogoserafim,victorguimaraes
diogoserafim,arthuthecreator
diogoserafim,ducksouppe
diogoserafim,pasoliniweenie
diogoserafim,eulipez
diogoserafim,housefulloftime
diogoserafim,mr7doze
diogoserafim,Vituu
diogoserafim,LyonCaen
diogoserafim,Marthe_
diogoserafim,pedro_zanovelo
diogoserafim,Kamolte
diogoserafim,Fatiamirbehzadi
diogoserafim,Veron17
diogoserafim,rafa_1
diogoserafim,LucasTBL
diogoserafim,Davibarbosa
diogoserafim,Sembastian
diogoserafim,lowercase_chase
diogoserafim,Dew95
diogoserafim,Shico_
diogoserafim,MoviePlushiPals
diogoserafim,Leonor02
diogoserafim,bigodew27
diogoserafim,arthurmatos42
diogoserafim,acidicwires
diogoserafim,hilengodoy
diogoserafim,bbezuma
diogoserafim,camillechrr
diogoserafim,horroradorer
diogoserafim,emilia_seuma
diogoserafim,Eyvnd
diogoserafim,mojiiiii
diogoserafim,arismn
diogoserafim,pagower
diogoserafim,lighght
diogoserafim,theodorniculae
diogoserafim,mojbsz
diogoserafim,simonburns
diogoserafim,patrick1998
diogoserafim,ab_al
diogoserafim,eaglepowerz
diogoserafim,Antonio_Osorio
diogoserafim,danielleadonis
diogoserafim,Raquel_Tavares
diogoserafim,Kevintomiranda
diogoserafim,trashtheo
diogoserafim,Ynfra
diogoserafim,verezap
diogoserafim,Colonelkurtz88
diogoserafim,bunny07
diogoserafim,Vergle79
diogoserafim,abecedaire47
diogoserafim,doooe
diogoserafim,geoyabuki
diogoserafim,D0nnel1y19
diogoserafim,soundhead18
diogoserafim,gezgez
diogoserafim,ImHeem
diogoserafim,helenapvale
diogoserafim,youthless
diogoserafim,reifeye
diogoserafim,timeelehin
diogoserafim,marigocchi
diogoserafim,jakobsalatkopp
diogoserafim,lucasrcdrigues
diogoserafim,winepopcorn
diogoserafim,Rob1n10
diogoserafim,mart_eeno
diogoserafim,Mach1YT
diogoserafim,iMorteza
diogoserafim,MathiasCreis
diogoserafim,galloro
diogoserafim,kamylartavares
diogoserafim,fiction00
diogoserafim,z_gh
diogoserafim,ZahraGh98
diogoserafim,doctor_slop
diogoserafim,msadrak
diogoserafim,thatonebehind
diogoserafim,arthurfranko
diogoserafim,balladoftheold
diogoserafim,quandolasera
diogoserafim,Frederick0X
diogoserafim,Beau_Travail
diogoserafim,arturbraga
diogoserafim,juliasousa
diogoserafim,3n4
diogoserafim,mluthfiutomo
diogoserafim,321contact
diogoserafim,saulopcosta
diogoserafim,thomaseastmand
diogoserafim,vin1_rq
diogoserafim,immerschon
diogoserafim,petitbourdonfou
diogoserafim,daniellas
diogoserafim,laserviettedu
diogoserafim,WitchesCradle
diogoserafim,jjjjuanito
diogoserafim,lucanas7285
diogoserafim,ZO0m
diogoserafim,sepidemgn
diogoserafim,vickymesquita
diogoserafim,Manex_mf
diogoserafim,afterglow2046
diogoserafim,felipe_giordani
diogoserafim,stmammadov
diogoserafim,parsabaradaran
diogoserafim,GLMorlanes
diogoserafim,maluvsky
diogoserafim,lenavia111
diogoserafim,Jungleman
diogoserafim,DiegoH2000
diogoserafim,kascikaki
diogoserafim,Hanzburger
diogoserafim,cybermarcus
diogoserafim,apmaterial84
diogoserafim,beebie
diogoserafim,RuIshmael
diogoserafim,wrkmchn
diogoserafim,CineMeii
diogoserafim,jumirandacampos
diogoserafim,m_a_i_a
diogoserafim,Cinematopedia
diogoserafim,joaopedrocn
diogoserafim,JohnGummo
diogoserafim,giovannvs
diogoserafim,Fabio_Filho
diogoserafim,AlexValentine96
diogoserafim,krautrocck
diogoserafim,oklausz
diogoserafim,Mikaina
diogoserafim,PedroCamelo
diogoserafim,andonimaz
diogoserafim,buscemian7
diogoserafim,natancosta
diogoserafim,NeginPapen
diogoserafim,cdef
diogoserafim,FlavioRams
diogoserafim,Enebox
diogoserafim,Interfectus
diogoserafim,mijinko
diogoserafim,amadovic
diogoserafim,awildmaxappears
diogoserafim,garboasaboy
diogoserafim,D4V1CAGE
diogoserafim,GabrielMBorba
diogoserafim,oxalaia
diogoserafim,mrahc_
diogoserafim,Eternal_Hiraeth
diogoserafim,IuriVertov
diogoserafim,Karolina_Wagner
diogoserafim,jemma_couture
diogoserafim,blackkmessiah
diogoserafim,storybookpalace
diogoserafim,afonsucelso
diogoserafim,fausthead
diogoserafim,lishski
diogoserafim,DxxxN
diogoserafim,Jpots
diogoserafim,stormylisbeth12
diogoserafim,Heeliart
diogoserafim,jucagois
diogoserafim,davidroocroft
diogoserafim,rozatabassum
diogoserafim,sanaaucunsens__
diogoserafim,s0_lcrn
diogoserafim,loukamera
diogoserafim,elynachr
diogoserafim,eelo_28
diogoserafim,Clem6nce
diogoserafim,Ellybis
diogoserafim,stephaaaaaaaan
diogoserafim,sucozao
diogoserafim,jessiedhaliwall
diogoserafim,FrancisAmaja
diogoserafim,_victoriaper
diogoserafim,semperfidelis
diogoserafim,liaswzz
diogoserafim,ranio5
diogoserafim,disparate
diogoserafim,MiNhANhera
diogoserafim,snowycide
diogoserafim,samuelfisher
diogoserafim,NollPA
diogoserafim,boybortion
diogoserafim,petpeeve
diogoserafim,ruimramalhao
diogoserafim,tenta_Jonathan
diogoserafim,letipiiin
diogoserafim,behrxxz
diogoserafim,elixsenz
diogoserafim,Diegoquaglia
diogoserafim,valleywitch
diogoserafim,Slicedude
diogoserafim,mahaffey64
diogoserafim,titourmaelys
diogoserafim,ZURGEVO
diogoserafim,zouth
diogoserafim,neve19
diogoserafim,follevolo
diogoserafim,MartinAlbillos
diogoserafim,vicente0503
diogoserafim,Chili_burrito
diogoserafim,spacecowboyy1
diogoserafim,Sleptrunners
diogoserafim,rawberto
diogoserafim,Greyfeeld
diogoserafim,OliviaFilmz
diogoserafim,heslifabricio
diogoserafim,regardfixe
diogoserafim,sebawmm
diogoserafim,Villanexco
diogoserafim,CinemaBrainFuk
diogoserafim,MonsoonChowder
diogoserafim,Hubbbb
diogoserafim,tlojuno
diogoserafim,mattozo
diogoserafim,harrissj27
diogoserafim,betardo
diogoserafim,mae_sofie
diogoserafim,DaviSerra
diogoserafim,mispeliculas_
diogoserafim,swiftsjudas
diogoserafim,karikuri
diogoserafim,angelohp
diogoserafim,elielmiranda
diogoserafim,TheStranger_
diogoserafim,dolphyfan
diogoserafim,Rahil_Ehtesham
diogoserafim,JakeWollner
diogoserafim,AresKim
diogoserafim,HeitorVegetal
diogoserafim,OliverZaw
diogoserafim,SimonJupp
diogoserafim,sadi7899
diogoserafim,MauMauzinho
diogoserafim,GabrielGama
diogoserafim,brunastroisch
diogoserafim,AdrianoChika
diogoserafim,Lukejorgie
diogoserafim,miziruht
diogoserafim,cammikaneko
diogoserafim,DelayedGratifi
diogoserafim,one_vessel
diogoserafim,oxytoc7n
diogoserafim,hex1999
diogoserafim,3even3even
diogoserafim,newsuspense
diogoserafim,pouyaan
diogoserafim,Samuel4020
diogoserafim,gabriedel
diogoserafim,DoodlingDominic
diogoserafim,safariii123
diogoserafim,Jorge_Carabias
diogoserafim,jhonop
diogoserafim,diugu
diogoserafim,thelaketwo
diogoserafim,Noel07
diogoserafim,andredeguemon
diogoserafim,TheOfficalObama
diogoserafim,jlrangel
diogoserafim,alexxduffy
diogoserafim,raucherzunge
diogoserafim,Farid_87
diogoserafim,AtomicJerry
diogoserafim,lynn932
diogoserafim,Jdrscott
diogoserafim,makkala
diogoserafim,mcwhack
diogoserafim,becauseisortof
diogoserafim,osmanGadzhiev
diogoserafim,DerikOishi
diogoserafim,RafaelWerneck30
diogoserafim,yzbk
diogoserafim,santospedro
diogoserafim,deranged_prof
diogoserafim,besourokafkiano
diogoserafim,ye00vieira
diogoserafim,blancichi
diogoserafim,willderaux
diogoserafim,alex_mass
diogoserafim,Mimikkar
diogoserafim,Bilolinha1
diogoserafim,bbandrade
diogoserafim,eusouing
diogoserafim,LuanNotARemake
diogoserafim,MadsLK
diogoserafim,willallynrob
diogoserafim,MarcKoller
diogoserafim,Gabriel_LLL
diogoserafim,NostalgiaFilm
diogoserafim,luizf_lipe
diogoserafim,Liz_Aster
diogoserafim,molthjo
diogoserafim,ChiefMcMurphy
diogoserafim,gabsneri
diogoserafim,Sylar696
diogoserafim,bellyache
diogoserafim,djStevekVeci
diogoserafim,Cauan04
diogoserafim,ViniCBastos
diogoserafim,kyaa_hai_
diogoserafim,lenakoleno
diogoserafim,Deragh
diogoserafim,RenatoBeaklini
diogoserafim,hadicharan
diogoserafim,Niloofar2025
diogoserafim,ahmed155
diogoserafim,pixelgir1
diogoserafim,telesbethania
diogoserafim,roseyasteroid
diogoserafim,uncutgemini
diogoserafim,HiDefWhaley
diogoserafim,goia
diogoserafim,keachie1
diogoserafim,rezdolat
diogoserafim,dvimnzs
diogoserafim,SeoDynamite
diogoserafim,bubblebutt
diogoserafim,killyommaro
diogoserafim,Adam35mm
diogoserafim,Yeah_its_me
diogoserafim,lxndrxmin
diogoserafim,ivvycoffee
diogoserafim,sauronsadboy
diogoserafim,visceralfantasy
diogoserafim,zo_ku
diogoserafim,ibnuprofen
diogoserafim,lynneth
diogoserafim,valenloureiro
diogoserafim,mariaffurlan
diogoserafim,jdavis2670
diogoserafim,sun_yaya
diogoserafim,technoanarchist
diogoserafim,guilhermesss
diogoserafim,Apoloribeiro
diogoserafim,Theo5_
diogoserafim,GeraldTheMouse
diogoserafim,vitoclaudemiro
diogoserafim,caixcacau
diogoserafim,luarsereno
diogoserafim,erich42
diogoserafim,prodvic
diogoserafim,nkholz
diogoserafim,coviers
diogoserafim,Andre1100
diogoserafim,sfmohammadi2003
diogoserafim,Aida_Alinia
diogoserafim,gabrieldosanjos
diogoserafim,J_Calgaro
diogoserafim,JadisDolmen
diogoserafim,screamostraub
diogoserafim,rangel_avila
diogoserafim,D_Gaga
diogoserafim,mattdillon
diogoserafim,skoopdreamz
diogoserafim,maerquinhos
diogoserafim,Caua_King
diogoserafim,bernardosthiago
diogoserafim,isensee
diogoserafim,pedropz
diogoserafim,yungkubrick
diogoserafim,DanielCLeao
diogoserafim,bthomp98
diogoserafim,tiagorocha1000
diogoserafim,eloaaah
diogoserafim,ShayanPournaghi
diogoserafim,Viih42
diogoserafim,tabledogwater
diogoserafim,TylerStead
diogoserafim,rickinhochablau
diogoserafim,DreamTinder
diogoserafim,laracaval
diogoserafim,SoroushYou
diogoserafim,paulin_bacanna
diogoserafim,C_Hochhaeusler
diogoserafim,AndyKasana
diogoserafim,BillyJoy
diogoserafim,andreymt
diogoserafim,sunvin
diogoserafim,alxiao
diogoserafim,ainthurx
diogoserafim,camargo999
diogoserafim,Froschfilme
diogoserafim,scott_hulm
diogoserafim,johnniethek
diogoserafim,matheOoz
diogoserafim,StreamingSku
diogoserafim,Rengoestar
diogoserafim,arthurfps
diogoserafim,zandobrownie
diogoserafim,andrebleano
diogoserafim,SilverScreenVid
diogoserafim,LaFilleFolle
diogoserafim,Tomascunha
diogoserafim,larsonista
diogoserafim,opinionswindler
diogoserafim,cacotanasia
diogoserafim,kaikwz
diogoserafim,Christo91
diogoserafim,PlanetMan45
diogoserafim,strawberrymilk
diogoserafim,ilso
diogoserafim,Thiago9111
diogoserafim,Armageddoncn
diogoserafim,sarahyey
diogoserafim,crying_virgo
diogoserafim,fefslifey
diogoserafim,sharklover3000
diogoserafim,moraldede
diogoserafim,acb46
diogoserafim,heavensgate
diogoserafim,babsc
diogoserafim,JLucHenrique
diogoserafim,Tintina
diogoserafim,nikhilsharma
diogoserafim,pedronek
diogoserafim,AntoniolSalazar
diogoserafim,jorginho21
diogoserafim,popecarfromcars
diogoserafim,JPSerafim
diogoserafim,swayum
diogoserafim,Azagthoth
diogoserafim,Khilaky
diogoserafim,kikimalins
diogoserafim,Sophihaa
diogoserafim,miguelsingerr
diogoserafim,chitnaaa
diogoserafim,ZeOff
diogoserafim,bymarques0
diogoserafim,khrustalyova
diogoserafim,Cuervo1917
diogoserafim,mahoudeer
diogoserafim,vcbeah
diogoserafim,joziel1
diogoserafim,v3r
diogoserafim,Salchitatu
diogoserafim,Malves23
diogoserafim,jh0wz40
diogoserafim,mathsferroni
diogoserafim,gabriel_ac_0
diogoserafim,grupoestacao
diogoserafim,Gavin_No_Salads
diogoserafim,DavidLancelot
diogoserafim,fuleira
diogoserafim,LucasTP
diogoserafim,FabianWallmeier
diogoserafim,ChanningPomeroy
diogoserafim,trenzinhodobebe
diogoserafim,sam_chap
diogoserafim,carolanaline
diogoserafim,denisecef
diogoserafim,drifting
diogoserafim,kiraows
diogoserafim,outrightkarma
diogoserafim,mobo066
diogoserafim,will_sant
diogoserafim,Ortman
diogoserafim,davidturn
diogoserafim,valeskagsilva
diogoserafim,sarah_mahlmann
diogoserafim,KaelMK
diogoserafim,geckov
diogoserafim,FilipeOliveir
diogoserafim,arda___
diogoserafim,eriksantos
diogoserafim,Mandystanheight
diogoserafim,juliofr
diogoserafim,tinysoprano4
diogoserafim,RJordan1997
diogoserafim,LMMDC
diogoserafim,clownnkingg
diogoserafim,lepetitsheilalu
diogoserafim,LitaReedaShopee
diogoserafim,thdrAL
diogoserafim,cjblikesmovies
diogoserafim,IsaqueSCCP
diogoserafim,jas_flms
diogoserafim,marcioferrari
diogoserafim,mateusbelarmino
diogoserafim,Colonel__Kurtz
diogoserafim,li4am
diogoserafim,alrasdi
diogoserafim,slimedesire
diogoserafim,wh0isnadie
diogoserafim,Infams
diogoserafim,Brandnew
diogoserafim,Gyula
diogoserafim,fesilveira
diogoserafim,odesordeiro
diogoserafim,figlio
diogoserafim,robbgc
diogoserafim,np327
diogoserafim,nathanagra
diogoserafim,fvanluc
diogoserafim,manel12
diogoserafim,D5hN97c3g5CNHq3
diogoserafim,tickboxx
diogoserafim,eduardoibarra77
diogoserafim,zarileo29
diogoserafim,shutuparavind
diogoserafim,papipupepo
diogoserafim,sorein
diogoserafim,PigeWithNoName
diogoserafim,Lannoyer
diogoserafim,juliyuhnuh
diogoserafim,Saulo192
diogoserafim,JOAKEYTO
diogoserafim,dedeng
diogoserafim,pyOliver
diogoserafim,MahmoudPrv
diogoserafim,cairoyung
diogoserafim,gilmoresrory
diogoserafim,arrosado
diogoserafim,Masoud89
diogoserafim,discobeatnik
diogoserafim,saraelloukmani
diogoserafim,jessliu
diogoserafim,perezriera
diogoserafim,ventea
diogoserafim,milne00
diogoserafim,ludsmenezes
diogoserafim,WhatAConcept
diogoserafim,IIIWheels
diogoserafim,gabriellds
diogoserafim,Shahbandeh
diogoserafim,gioyvanna
diogoserafim,csrodnei
diogoserafim,m4r310
diogoserafim,tophermcgee3
diogoserafim,lainara
diogoserafim,redshift
diogoserafim,carolinevrablik
diogoserafim,wolf213
diogoserafim,NadrojLikesFilm
diogoserafim,pfeniman
diogoserafim,MisaelClassim
diogoserafim,fabiomaciel55
diogoserafim,GMartinelli
diogoserafim,Postito
diogoserafim,candinaridan
diogoserafim,Tuckner_Matthew
diogoserafim,mp4
diogoserafim,ErnstChenn
diogoserafim,MHLGross
diogoserafim,Dr4kyan
diogoserafim,arrogantissima
diogoserafim,dvmrqs
diogoserafim,TheFourGeek
diogoserafim,Henrique_GRM
diogoserafim,amenix08
diogoserafim,PastGabriel
diogoserafim,mmlisboa
diogoserafim,felipeodara
diogoserafim,Jact3use
diogoserafim,ivroop
diogoserafim,__Gabs__
diogoserafim,NateDGr8
diogoserafim,CineMoksha
diogoserafim,Jkefd
diogoserafim,vocloz
diogoserafim,drosen125
diogoserafim,Traps65
diogoserafim,pestilence
diogoserafim,dhrdbswo
diogoserafim,kephasmnc
diogoserafim,maxstieg
diogoserafim,lxmci
diogoserafim,rk_PEGY1997
diogoserafim,emoben10
diogoserafim,mommy_eurus
diogoserafim,nazeeh
diogoserafim,DrWright
diogoserafim,DaniDelSigloXXI
diogoserafim,pedrofc
diogoserafim,spibbler
diogoserafim,4KUltraADHD
diogoserafim,marybsaibes111
diogoserafim,joaopedrosc
diogoserafim,michaxwx
diogoserafim,sexodelado
diogoserafim,urielmora
diogoserafim,guilhermecleto
diogoserafim,SeeKipRun
diogoserafim,Zoel_Cairo
diogoserafim,joaosil9
diogoserafim,kumarsinh
diogoserafim,rafaelsamora
diogoserafim,fefslife
diogoserafim,autumn_leaves
diogoserafim,_kristina_
diogoserafim,willwuxia
diogoserafim,MAJalali
diogoserafim,Ft_Aswanth911
diogoserafim,Elie_Bartin
diogoserafim,Pando30
diogoserafim,magicalrealist
diogoserafim,tonicofrhythm
diogoserafim,lucastello
diogoserafim,sweetgarten
diogoserafim,iveseenit2
diogoserafim,lucasxsouto
diogoserafim,thiago_zambelan
diogoserafim,luce_santy
diogoserafim,xxxhaha
diogoserafim,edilsonteixeira
diogoserafim,musicasim
diogoserafim,lywya
diogoserafim,metalero1
diogoserafim,likeaglock
diogoserafim,wilmaia
diogoserafim,gregor_taar
diogoserafim,BeautyOfMovies
diogoserafim,regularaugust
diogoserafim,firewalkwithgui
diogoserafim,Badimj
diogoserafim,DarkBes81
diogoserafim,Seixash
diogoserafim,AllSolidsPain
diogoserafim,entersandman
diogoserafim,yanakln
diogoserafim,harrycallaghan
diogoserafim,ImanHR
diogoserafim,posthumorous
diogoserafim,GauravGurijala
diogoserafim,MarioJuarezM
diogoserafim,fanfan1212
diogoserafim,turnt
diogoserafim,hogenthusiast
diogoserafim,tatetitotu
diogoserafim,angvvm
diogoserafim,robdyson
diogoserafim,petewest87
diogoserafim,jane_doe_jane
diogoserafim,Ohitsjackhewitt
diogoserafim,DaraghGoan
diogoserafim,pyeongin
diogoserafim,blaidd124
diogoserafim,holigig
diogoserafim,leoniswild
diogoserafim,gotmyfever
diogoserafim,jontyreading
diogoserafim,Joneast
diogoserafim,TonydosReis
diogoserafim,miles_pimentel
diogoserafim,eliotcohen
diogoserafim,johnwar
diogoserafim,Carlosgtf21
diogoserafim,spykje
diogoserafim,Buffalino
diogoserafim,Karl_kr
diogoserafim,joacook
diogoserafim,EdoardoErba
diogoserafim,mig_
diogoserafim,speaklow
diogoserafim,Marloww_
diogoserafim,edenmaec
diogoserafim,JStasz
diogoserafim,CK007
diogoserafim,huppert
diogoserafim,agarrett1105
diogoserafim,xoanon
diogoserafim,rippng
diogoserafim,nisqatzy
diogoserafim,nicolaspariser
diogoserafim,joshuapeinado
diogoserafim,ViniBF
diogoserafim,Par16ham
diogoserafim,miguelmartinsw
diogoserafim,jdecinema
diogoserafim,leakatzky
diogoserafim,SimonStockinger
diogoserafim,Nuno03
diogoserafim,DumbPerson
diogoserafim,LaQuimeraCult
diogoserafim,SinaFrj
diogoserafim,RahmanCinephile
diogoserafim,sweetzinhu
diogoserafim,HesamAjamloo
diogoserafim,kathaaaa
diogoserafim,yrlove
diogoserafim,dbenoit
diogoserafim,jfortizzz
diogoserafim,thomasstanton
diogoserafim,Rafabg
diogoserafim,Hafisv
diogoserafim,lnalves
diogoserafim,mmd3334
diogoserafim,PedMar
diogoserafim,Mars0711
diogoserafim,nicholas_rcb
diogoserafim,j0tave
diogoserafim,joao_jungles
diogoserafim,albmoyano
diogoserafim,mdtra
diogoserafim,notcaetano
diogoserafim,COOCOO
diogoserafim,kochette
diogoserafim,ecuadoriangray
diogoserafim,victorbnc
diogoserafim,spectral001
diogoserafim,KrakenViews
diogoserafim,Lemonocoopa
diogoserafim,wzimmermann
diogoserafim,Mattsby
diogoserafim,th4peak
diogoserafim,Gabriel2l
diogoserafim,patcaravelli
diogoserafim,TSFC
diogoserafim,sepulcral
diogoserafim,SAK17
diogoserafim,AbsolutoMed
diogoserafim,r0bynnn
diogoserafim,gabeeopinion
diogoserafim,joaovitorpires
diogoserafim,sofianog
diogoserafim,plaft
diogoserafim,dormiloncin
diogoserafim,Carinasz
diogoserafim,maxsauvage
diogoserafim,ruly
diogoserafim,tavooo
diogoserafim,JohnSmithh24
diogoserafim,caraazulpintudo
diogoserafim,baicho
diogoserafim,JoyJoe
diogoserafim,serrrgio
diogoserafim,asiteb
diogoserafim,Yagoramalho
diogoserafim,Noemi94
diogoserafim,aindanao
diogoserafim,Afllen
diogoserafim,ebsilva151
diogoserafim,Danipuu
diogoserafim,otaldothales
diogoserafim,kanjikid
diogoserafim,AdolfoBerz
diogoserafim,davi_simiema
diogoserafim,Buzo_por_desuso
diogoserafim,jpRodrigues
diogoserafim,NicolasPSetzer
diogoserafim,namanrathore
diogoserafim,eugeniafrom5to7
diogoserafim,ilm
diogoserafim,Martacus
diogoserafim,anneluz
diogoserafim,faberis2
diogoserafim,Nelson02
diogoserafim,Dofu
diogoserafim,FHRO
diogoserafim,smwtvbv
diogoserafim,kmp
diogoserafim,pedro_abby
diogoserafim,o_diego_modesto
diogoserafim,GodardBigFan
diogoserafim,fckingreatime
diogoserafim,Ralphioli
diogoserafim,spacecowboy7
diogoserafim,Pombaalejada
diogoserafim,mads88
diogoserafim,davidwd
diogoserafim,leporello
diogoserafim,Bouquetgarni
diogoserafim,survivorbtl
diogoserafim,arianerrs
diogoserafim,Matheuslds
diogoserafim,adlernoon
diogoserafim,AndrewSwitzer
diogoserafim,acidanarchist
diogoserafim,DouglasMattaus
diogoserafim,Palekmoor
diogoserafim,hernameisraha
diogoserafim,tessnoon
diogoserafim,Miftah007
diogoserafim,saigyo
diogoserafim,jlgglj
diogoserafim,rhivioli
diogoserafim,carlosmundi
diogoserafim,Shinigamy
diogoserafim,PocariShvitz
diogoserafim,Dario000
diogoserafim,sadboyscclub
diogoserafim,frutillos
diogoserafim,ziripitico
diogoserafim,Guyzo997
diogoserafim,Aisha_Hamid
diogoserafim,_eden
diogoserafim,vivircamara2007
diogoserafim,krvill
diogoserafim,feelingstill
diogoserafim,stoked90
diogoserafim,raphissss
diogoserafim,tristemelodia
diogoserafim,amirmousavi912
diogoserafim,old_geezer
diogoserafim,BiddleMcDiddle
diogoserafim,fujinaka
diogoserafim,seymourelbows
diogoserafim,leoangleo
diogoserafim,Iaaan
diogoserafim,beasalles
diogoserafim,hankyung
diogoserafim,Enrico5estrelas
diogoserafim,HeresJohnny07
diogoserafim,EduWinehouse
diogoserafim,Anaodecombate
diogoserafim,zagallofilmes
diogoserafim,sonofamittai
diogoserafim,Allanro
diogoserafim,jonas_platz
diogoserafim,pantanurag
diogoserafim,vatanhaini
diogoserafim,AvalynWu
diogoserafim,dalbertt
diogoserafim,bolha_precisa
diogoserafim,apaloseco
diogoserafim,dinnerTimeLive
diogoserafim,kuni_do
diogoserafim,HolyRoxas
diogoserafim,fran_h
diogoserafim,clairescamera
diogoserafim,SemTitulo17
diogoserafim,ririta77
diogoserafim,LucianoCarneiro
diogoserafim,fablecina
diogoserafim,Arthimzin
diogoserafim,JulianaAllan
diogoserafim,ryguy1000
diogoserafim,hosotanzer
diogoserafim,deupreto
diogoserafim,Hasan_Atef
diogoserafim,eh_huh_meh_bah
diogoserafim,Braeden12319
diogoserafim,BradWent
diogoserafim,faezedorkhosh
diogoserafim,AlvaroCruz
diogoserafim,Malaparte
diogoserafim,_tw
diogoserafim,hospitablewaitr
diogoserafim,hecho
diogoserafim,rayleighdf
diogoserafim,kcirdnek
diogoserafim,WilliamU2
diogoserafim,Aveerdeado
diogoserafim,anemicroyalty95
diogoserafim,dankatz
diogoserafim,fauth08
diogoserafim,radioheadman9
diogoserafim,wizurdwun
diogoserafim,Stvpelis
diogoserafim,FilmTreasure
diogoserafim,moysesp
diogoserafim,honeymoondream
diogoserafim,Gustavasso
diogoserafim,JPZychla
diogoserafim,ryepeachkaputt
diogoserafim,Raquel_Garcia
diogoserafim,idktheus
diogoserafim,CrisSheblue
diogoserafim,klee_mation
diogoserafim,bendikfo
diogoserafim,Vicskywalker87
diogoserafim,lbraver
diogoserafim,babycheesehead
diogoserafim,mikhailzakharov
diogoserafim,Kamsfer
diogoserafim,victorgifoni
diogoserafim,SIS_UNDER_MINK
diogoserafim,cajuh
diogoserafim,killekille
diogoserafim,Kekoje
diogoserafim,SleepingJimmy
diogoserafim,Fabricio_silva
diogoserafim,AmiroO_
diogoserafim,markverity
diogoserafim,RokyElephant
diogoserafim,guilhermborges
diogoserafim,scenicism
diogoserafim,alicebeckerho
diogoserafim,Batiste8
diogoserafim,AP_Schoolwork
diogoserafim,BattleNug
diogoserafim,Virtuewill
diogoserafim,Pedrosgmes
diogoserafim,leticiaolivr
diogoserafim,AlysonC
diogoserafim,GuiMendes98
diogoserafim,ncrx
diogoserafim,madmordo_
diogoserafim,MarilaRubacao
diogoserafim,frankcinetra
diogoserafim,MarceloTM
diogoserafim,stimtrigger
diogoserafim,gabrs
diogoserafim,Adalberon
diogoserafim,laislm
diogoserafim,thallesf12
diogoserafim,cinejunk
diogoserafim,vndresilva
diogoserafim,Alex_hg
diogoserafim,mtorki
diogoserafim,mousefamily
diogoserafim,aggelos091
diogoserafim,brenrens
diogoserafim,treadyster
diogoserafim,ZweeP
diogoserafim,jaredklansky
diogoserafim,shariq69
diogoserafim,gabilardo
diogoserafim,Fred_c
diogoserafim,Lisalmeida
diogoserafim,reener
diogoserafim,Isapereira234
diogoserafim,fabiovisnadi
diogoserafim,chapeleir0
diogoserafim,bison_kimura
diogoserafim,crumblet
diogoserafim,moreiazz
diogoserafim,bowbowbao
diogoserafim,ganjos1999
diogoserafim,Rinaldo72
diogoserafim,bobertino
diogoserafim,CarloMigliori
diogoserafim,chuckcharles69
diogoserafim,pepcx
diogoserafim,Monsterokay
diogoserafim,solsticioamarg0
diogoserafim,evol98
diogoserafim,victor_13
diogoserafim,Amanoncloudy9
diogoserafim,VictorCardozo
diogoserafim,sereen
diogoserafim,Svnkhz
diogoserafim,tenderhooks
diogoserafim,hheald
diogoserafim,annahara
diogoserafim,greygibbons
diogoserafim,Fujii_g
diogoserafim,Ze_Orlando
diogoserafim,snicket667
diogoserafim,Paul_Benis
diogoserafim,emyguedes
diogoserafim,thiramos
diogoserafim,maruan_
diogoserafim,pravin3299
diogoserafim,cezzarus
diogoserafim,le_friauche34
diogoserafim,ItsSabaDelphi
diogoserafim,scratchsash
diogoserafim,MattVoth
diogoserafim,sSAYSsO
diogoserafim,ZoeyHogan
diogoserafim,Woodylan
diogoserafim,brina123
diogoserafim,RobinsonRogerio
diogoserafim,pyrettablaze_
diogoserafim,VidhuK
diogoserafim,namariavisoto
diogoserafim,STREETBOY
diogoserafim,rrrayy
diogoserafim,Gabriel_Dantas_
diogoserafim,TheMuddyDragon
diogoserafim,joaokucera
diogoserafim,dkleine
diogoserafim,headsofcabbage
diogoserafim,cicucraft
diogoserafim,FiruBR
diogoserafim,torinfahrman
diogoserafim,felantheater
diogoserafim,w3nkz
diogoserafim,Jules_R_Geff
diogoserafim,elfico
diogoserafim,breillat
diogoserafim,Craggy1
diogoserafim,DonPorco
diogoserafim,AndersonM
diogoserafim,guhugh
diogoserafim,Prince_999
diogoserafim,boysforjade
diogoserafim,oxymandiasz
diogoserafim,m_olyai
diogoserafim,wil1mcmorran
diogoserafim,barbosaarthur
diogoserafim,Tom3367
diogoserafim,zilcha
diogoserafim,workofmourning
diogoserafim,00000000000000A
diogoserafim,jarinkochie
diogoserafim,lukasx
diogoserafim,PabloMarfa
diogoserafim,ecszemama
diogoserafim,jujujujujj
diogoserafim,_bea_triz
diogoserafim,guxiguxi
diogoserafim,bielz
diogoserafim,beedo
diogoserafim,luucianalima
diogoserafim,Jaypotato
diogoserafim,morris_frank
diogoserafim,9854373965
diogoserafim,jaceypoo27
diogoserafim,GuiMelloo
diogoserafim,Starboard
diogoserafim,diegomodestto
diogoserafim,zahrasoltaniii
diogoserafim,esther_grincon
diogoserafim,PeeweeLongway
diogoserafim,Sans6ixnine
diogoserafim,theoldkai
diogoserafim,trcshmaqic
diogoserafim,californiagrass
diogoserafim,simseixas
diogoserafim,matthewraphael
diogoserafim,diegorezende
diogoserafim,itamik
diogoserafim,polkasan
diogoserafim,vicents
diogoserafim,Toppery
diogoserafim,aymenfilm
diogoserafim,AJSoprano
diogoserafim,bellamak
diogoserafim,DuduBentivoglio
diogoserafim,JoelAntoniok
diogoserafim,eyeswideshut_
diogoserafim,nvicente
diogoserafim,FedericoToni
diogoserafim,awasteofmatter
diogoserafim,ajiyks
diogoserafim,AnyLastWords
diogoserafim,notkeenonfilm
diogoserafim,whoisdavidfu
diogoserafim,SerLungarno
diogoserafim,marcsilverstein
diogoserafim,micaela_sol
diogoserafim,Kunze
diogoserafim,maxmw
diogoserafim,optimisticbeard
diogoserafim,Scotch_Kiwi
diogoserafim,WithoutWords
diogoserafim,jgc2004
diogoserafim,uscvs24
diogoserafim,guiaraujo102
diogoserafim,TheyHateRan
diogoserafim,Ioha
diogoserafim,tiagodk
diogoserafim,NiltonJR
diogoserafim,joao_oaoj
diogoserafim,WhiskeyCharlie
diogoserafim,brunoinroom237
diogoserafim,violatorghoul
diogoserafim,Glorfindel7567
diogoserafim,efluvios
diogoserafim,emilstudz
diogoserafim,willwoodsthethi
diogoserafim,ticcodormes
diogoserafim,forasteiro82
diogoserafim,anya_marx
diogoserafim,creepy_ambience
diogoserafim,MatCine22
diogoserafim,emyhfd
diogoserafim,Sukho
diogoserafim,madduarruda
diogoserafim,alexxhoneyy
diogoserafim,eakiray
diogoserafim,ellster2005
diogoserafim,antonio_iob
diogoserafim,saulo36
diogoserafim,joaopitico
diogoserafim,soroushtavakoli
diogoserafim,masih_mim
diogoserafim,ChattererR
diogoserafim,andrie626
diogoserafim,schanelec
diogoserafim,AinoaFA
diogoserafim,MatheusPrista
diogoserafim,MateoCU
diogoserafim,Semimango
diogoserafim,angelfacee
diogoserafim,juanguillermocc
diogoserafim,Momesso
diogoserafim,alekay
diogoserafim,felpssssss
diogoserafim,Aitor_Salinas
diogoserafim,Longlol
diogoserafim,cinehugao
diogoserafim,georgiahm
diogoserafim,ltcprsts
diogoserafim,ArashAmjadi
diogoserafim,rodrigues_
diogoserafim,sacamaninho
diogoserafim,notthatsocrates
diogoserafim,napdrool
diogoserafim,ChescakeLasagna
diogoserafim,tylol25
diogoserafim,Cacokkk
diogoserafim,itismary
diogoserafim,louwie
diogoserafim,GustavoCameron
diogoserafim,acrowlookedatme
diogoserafim,fselzer
diogoserafim,Peixuxa
diogoserafim,Juniper_girl
diogoserafim,FursonaDaddy
diogoserafim,onigiriyz
diogoserafim,aman_marlecha
diogoserafim,pedroz_
diogoserafim,NomiMeTangere
diogoserafim,heaventempest
diogoserafim,BrunoReis
diogoserafim,Vnncard
diogoserafim,sawasauce
diogoserafim,tamizh_tamizh
diogoserafim,arnon
diogoserafim,pvmg
diogoserafim,hellfrasier
diogoserafim,PriscilaGontijo
diogoserafim,bilgesusisman
diogoserafim,TakisChampion
diogoserafim,skwalala
diogoserafim,tumultooo
diogoserafim,LucasRibeiroxD
diogoserafim,1conradorosa
diogoserafim,Tugboats_SOS
diogoserafim,FilmColossus
diogoserafim,Amertume
diogoserafim,Luizcrewid
diogoserafim,nihilveta
diogoserafim,Josh_HMPH
diogoserafim,el_aficionado
diogoserafim,Obscenum66
diogoserafim,lukemogan
diogoserafim,miguel_lacerda
diogoserafim,Lokire
diogoserafim,Leozinvs
diogoserafim,pdechant
diogoserafim,Aninbus
diogoserafim,khrit
diogoserafim,tvictorr
diogoserafim,GuilhermeSC
diogoserafim,danielxtmas
diogoserafim,detestavel
diogoserafim,rfranca_
diogoserafim,RealLivingHuman
diogoserafim,OliveiraJohnny
diogoserafim,Mrsherlockh
diogoserafim,psbteix
diogoserafim,Eyeoot
diogoserafim,MatheusMerg
diogoserafim,getitdone
diogoserafim,mateus_bs
diogoserafim,giulio_25
diogoserafim,morbusuntermond
diogoserafim,victorpiresf
diogoserafim,joaovitqr
diogoserafim,guiguibub
diogoserafim,themysterydial
diogoserafim,garrett_peace
diogoserafim,ArAgustin
diogoserafim,machinemusic
diogoserafim,felipecb
diogoserafim,vahidm
diogoserafim,boudewijn__
diogoserafim,SAUCEDO_11
diogoserafim,ashidioteque
diogoserafim,redveilX
diogoserafim,soso_sunshine
diogoserafim,Leoprentse
diogoserafim,diogodac
diogoserafim,joaocf
diogoserafim,metamorphesque
diogoserafim,rafael_duarte04
diogoserafim,Nadeem_hisham
diogoserafim,Lendart
diogoserafim,sillly
diogoserafim,EstroAutumn
diogoserafim,enteleche
diogoserafim,jprochas
diogoserafim,joao_alencar_
diogoserafim,Ines86
diogoserafim,Renanii
diogoserafim,the_witchfinder
diogoserafim,froelich
diogoserafim,hansgameboi
diogoserafim,Esmaperdut
diogoserafim,aprandolph
diogoserafim,nathrsk
diogoserafim,Mark2601
diogoserafim,oaklandbylloyd
diogoserafim,tsuname
diogoserafim,Milagros212t
diogoserafim,e_zhu
diogoserafim,zekedimblebee
diogoserafim,paezdavidp
diogoserafim,busin
diogoserafim,lucasfrnk
diogoserafim,anoun
diogoserafim,youngbarber
diogoserafim,HernandeZBrito
diogoserafim,BernardoFranca
diogoserafim,emetomori
diogoserafim,SamVenema
diogoserafim,p0n
diogoserafim,devstarman
diogoserafim,newshores
diogoserafim,JoseluVS
diogoserafim,bedidiego
diogoserafim,Dulika_C_Herath
diogoserafim,hardeee
diogoserafim,paloma55
diogoserafim,naotemtraducao
diogoserafim,leleoo_ratao
diogoserafim,christianfont
diogoserafim,ferattt
diogoserafim,aensurdecedora
diogoserafim,FrankPeroni
diogoserafim,tngsnzn
diogoserafim,akibimi
diogoserafim,Alejandralala
diogoserafim,jordanleung
diogoserafim,hentiq
diogoserafim,SteveAlt77
diogoserafim,2_7
diogoserafim,jotamariano
diogoserafim,bobbycrowley
diogoserafim,JuanAnza
diogoserafim,Oscar_ito
diogoserafim,Matty_Stroth
diogoserafim,harkato
diogoserafim,GuiPorpino
diogoserafim,BhSaeed
diogoserafim,littledirtygah
diogoserafim,matheus_fukuda
diogoserafim,windust
diogoserafim,pedro_augusto_
diogoserafim,Maiatho
diogoserafim,cfilipec
diogoserafim,HelloPadme
diogoserafim,MVCabus
diogoserafim,raisedright
diogoserafim,lluuuccaassss
diogoserafim,Adolfo_022
diogoserafim,Limonada_agria
diogoserafim,joaolsfilho
diogoserafim,Mizuker
diogoserafim,aswang
diogoserafim,gabriel_nunessz
diogoserafim,capfly
diogoserafim,Rainwizard09
diogoserafim,boxersantaros12
diogoserafim,arthousecanon
diogoserafim,endaistanbullu
diogoserafim,Movie_Hater_
diogoserafim,henrihope
diogoserafim,HoratioPerry
diogoserafim,CitizenMehdi
diogoserafim,behnoodamini
diogoserafim,Filgueira9
diogoserafim,MillennialDrift
diogoserafim,JonWolf
diogoserafim,didialvess
diogoserafim,Marcos_Azevedo
diogoserafim,Stephen77
diogoserafim,bortoncellov
diogoserafim,vitorrr0
diogoserafim,livialmelo_
diogoserafim,jacobliedke
diogoserafim,anyaaatmssss
diogoserafim,feijaogm
diogoserafim,behradd
diogoserafim,sourenatheseezy
diogoserafim,pablodmariano
diogoserafim,arysantiago27
diogoserafim,omarleosamman
diogoserafim,throwawayp2
diogoserafim,Diaa_aldeen
diogoserafim,eliholmie
diogoserafim,Sedean
diogoserafim,Quiqul
diogoserafim,stephano00000
diogoserafim,ephuycke
diogoserafim,Rowland
diogoserafim,Gabypiau
diogoserafim,gasolineweirdo
diogoserafim,kenobi73
diogoserafim,Breck_Paine
diogoserafim,noguera
diogoserafim,Scioccosafemme
diogoserafim,c_wang
diogoserafim,frxncxscx
diogoserafim,Patum
diogoserafim,marcsouza
diogoserafim,Cloverokamil
diogoserafim,cytril
diogoserafim,arshiarouhani
diogoserafim,sagui_
diogoserafim,steviebbb
diogoserafim,rlpacheco
diogoserafim,QPG_
diogoserafim,novatomorrow
diogoserafim,CidadaoQuem
diogoserafim,colooooo
diogoserafim,knkrpdr
diogoserafim,thiemen2
diogoserafim,nhp
diogoserafim,Rafael_san_bra
diogoserafim,Jhon_Rufino
diogoserafim,MaceoCortezz
diogoserafim,lucasleall
diogoserafim,Caio_Israel
diogoserafim,tedydeltoro
diogoserafim,melsushi
diogoserafim,Bressonfan
diogoserafim,davidwith2
diogoserafim,kewin
diogoserafim,whoiskeysersoze
diogoserafim,timgriff
diogoserafim,yuricavalcante
diogoserafim,rodrigo20
diogoserafim,isaacalexandre
diogoserafim,Feral_Pickle
diogoserafim,manimhdy
diogoserafim,PewuPewu
diogoserafim,AndroVerso
diogoserafim,m3rcurq
diogoserafim,Sabzian_Hossain
diogoserafim,AdasPlanB
diogoserafim,viktordsaint
diogoserafim,MaxSimh
diogoserafim,GABRIH3LL
diogoserafim,tushraj
diogoserafim,Tucolobo
diogoserafim,supremel3vel
diogoserafim,Deyvid2021
diogoserafim,gabrielzgravena
diogoserafim,sabmarc
diogoserafim,dudalunap
diogoserafim,iamneilufar
diogoserafim,Enzo_PSantos
diogoserafim,AleOsso
diogoserafim,Pinop
diogoserafim,daniele_giona
diogoserafim,Fery
diogoserafim,0zeroum101
diogoserafim,getup_withit
diogoserafim,ALEXouANDER
diogoserafim,melquyades
diogoserafim,gabrieladbsitta
diogoserafim,cartonet
diogoserafim,alanisss
diogoserafim,julesnb
diogoserafim,GotThatWMD
diogoserafim,cinelynch
diogoserafim,Svevan
diogoserafim,Rewatchfreak
diogoserafim,Victor_MDC
diogoserafim,GabOrAshy
diogoserafim,WolfmanWolfman
diogoserafim,Walisson15
diogoserafim,Sadeq2002
diogoserafim,valmoz
diogoserafim,flunkygohard
diogoserafim,camilabloom
diogoserafim,Bruno_Garuzi
diogoserafim,EuDigoDiogo
diogoserafim,Gannith
diogoserafim,Melancolirica_
diogoserafim,bossaencore
diogoserafim,olampiao
diogoserafim,Yogarin
diogoserafim,rickytau
diogoserafim,kyahmen
diogoserafim,ReiGhost
diogoserafim,edusetsot
diogoserafim,Frank_Laurent
diogoserafim,godardiano
diogoserafim,Lucas_fdcar
diogoserafim,BoomLight06
diogoserafim,Gabriel_Cururu
diogoserafim,Henriquegmss
diogoserafim,Kartimor97
diogoserafim,carllos_
diogoserafim,Pegicaa
diogoserafim,RiyakHussein
diogoserafim,Joyleee
diogoserafim,ffmarcelow
diogoserafim,kazukothepica
diogoserafim,Odiegopsy
diogoserafim,pedram1234
diogoserafim,catemoreira30
diogoserafim,niraak
diogoserafim,karmello
diogoserafim,pietrogaap
diogoserafim,Bruno_hxzz
diogoserafim,Kadete
diogoserafim,theparsaj_
diogoserafim,Sk7axios
diogoserafim,TrueCinephile22
diogoserafim,Herculano137
diogoserafim,talvezthiago
diogoserafim,Linkk
diogoserafim,tomimendel
diogoserafim,luketait
diogoserafim,santi_stinks
diogoserafim,ErRomeu
diogoserafim,tylerDurden43
diogoserafim,Rayovac
diogoserafim,jgmpontes
diogoserafim,mariibs
diogoserafim,The_Listmaster
diogoserafim,Pedrollz
diogoserafim,just2good
diogoserafim,Melenskiq
diogoserafim,Lettieri
diogoserafim,Gabene501
diogoserafim,dadalio
diogoserafim,SilasJonas
diogoserafim,slothful1592
diogoserafim,retroflex
diogoserafim,leandro10
diogoserafim,Mattitude77
diogoserafim,voabarros
diogoserafim,andre_locoabreu
diogoserafim,finesse4e
diogoserafim,santxd
diogoserafim,JoaoHippert
diogoserafim,anajolea
diogoserafim,PEASJUH
diogoserafim,ZekeBrown
diogoserafim,mayoneggs
diogoserafim,filmdemecia
diogoserafim,manelos
diogoserafim,Lachlannnnnnn
diogoserafim,PietroCalace
diogoserafim,champorado
diogoserafim,gusbraga
diogoserafim,sean16
diogoserafim,Pleins
diogoserafim,racheltaxx
diogoserafim,Luis_1305
diogoserafim,CrisCremonini
diogoserafim,crowleyas
diogoserafim,rickson8651
diogoserafim,___Chris___
diogoserafim,ygorgouvea
diogoserafim,AhmedConnor007
diogoserafim,oobsydoobsy
diogoserafim,luvofmovies
diogoserafim,gumu13
diogoserafim,FelipeLima
diogoserafim,dedpeng
diogoserafim,alissarunning
diogoserafim,GarotoCaulfield
diogoserafim,achanson
diogoserafim,yasminemanuele
diogoserafim,m1lf1sm
diogoserafim,meclu3
diogoserafim,Toussaint
diogoserafim,jgarlandwinn
diogoserafim,mrbadboy
diogoserafim,ZillZon
diogoserafim,jameskolar
diogoserafim,Navidouk
diogoserafim,Hugopavi
diogoserafim,Douglassssss
diogoserafim,luizrigotto
diogoserafim,edfodase
diogoserafim,Kuzuluo9lu
diogoserafim,Ar7ur
diogoserafim,nafisa003
diogoserafim,victor_kutz
diogoserafim,mateussteinfeld
diogoserafim,metalhorse
diogoserafim,Moviegaze
diogoserafim,dhalfmnchild
diogoserafim,Morgan_Arthur
diogoserafim,chastainvhs
diogoserafim,pedrofleite
diogoserafim,AgathaAngelicaW
diogoserafim,Samcrom
diogoserafim,VioletaNeves
diogoserafim,leomrog
diogoserafim,Kev_Yu
diogoserafim,brodeodrome
diogoserafim,Constantine95
diogoserafim,VictorFresno
diogoserafim,leifhedendal
diogoserafim,DimitriBruhkkkk
diogoserafim,UFO_or_Die
diogoserafim,LeeLavoie
diogoserafim,vvtuines
diogoserafim,isnotmynick
diogoserafim,HenriMoskowitz
diogoserafim,3corniii
diogoserafim,rintarou43
diogoserafim,postorbora1
diogoserafim,ra4varda
diogoserafim,renofidelis
diogoserafim,henriqueth
diogoserafim,joanafduarte
diogoserafim,fernqueen
diogoserafim,aftertheflood
diogoserafim,impbeta
diogoserafim,anz28
diogoserafim,marcosvcarvalho
diogoserafim,Marcelofonseca
diogoserafim,viniciusgirnys
diogoserafim,NickolasCoelho
diogoserafim,danielhls
diogoserafim,Sabavord
diogoserafim,saZooL
diogoserafim,aaazzzaaa
diogoserafim,SantistaCinefil
diogoserafim,Starlight66
diogoserafim,Keitherson
diogoserafim,raufashuri
diogoserafim,matheuspanta
diogoserafim,Miguelle2
diogoserafim,bott89
diogoserafim,pauIl
diogoserafim,citriccyclic
diogoserafim,quber
diogoserafim,Fred_Engel
diogoserafim,ViniciusBotelho
diogoserafim,dalton_eo
diogoserafim,felipeclpena
diogoserafim,MrGraysmith
diogoserafim,Bea_Cardoso
diogoserafim,meubatuque
diogoserafim,thomazsardinha
diogoserafim,Omura
diogoserafim,RitterGabriel
diogoserafim,Dinnnoo
diogoserafim,Malala
diogoserafim,topfilmtuiter
diogoserafim,caiodalcantara
diogoserafim,Konstantin_Ch
diogoserafim,reflexilvio
diogoserafim,farrael06
diogoserafim,icard_meireles
diogoserafim,otavioofontes
diogoserafim,lecorsairesatan
diogoserafim,guilh3rm7
diogoserafim,gefrost02
diogoserafim,lbene
diogoserafim,renanxvieira
diogoserafim,sweetangelzzzzz
diogoserafim,ryanleite
diogoserafim,luckzs
diogoserafim,sophyss
diogoserafim,MJRaizzon
diogoserafim,sergioalencar
diogoserafim,dbickle
diogoserafim,benjicinefilo
diogoserafim,salatyel
diogoserafim,deciorgbrito
diogoserafim,vitorfeol
diogoserafim,Shyena
diogoserafim,Luuii
diogoserafim,naoseioqbagulio
diogoserafim,EnriqueSemH
diogoserafim,Gabrl09
diogoserafim,fi_figueiredo
diogoserafim,matt_schneider
diogoserafim,ehoghi
diogoserafim,Vinirick
diogoserafim,NicolasAchabal
diogoserafim,PedroIss
diogoserafim,Perdoado
diogoserafim,NedroPicesio
diogoserafim,sop_h14
diogoserafim,JustCaetano
diogoserafim,HAL2006
diogoserafim,bot4nicat
diogoserafim,TheOficial
diogoserafim,mindmohamed
diogoserafim,lcmpst
diogoserafim,thaislisboa
diogoserafim,igornj
diogoserafim,luca_eduardo
diogoserafim,pedrao_sales
diogoserafim,pavalvarenga
diogoserafim,Rodrigo_Pablo
diogoserafim,pronap
diogoserafim,lauragutnik
diogoserafim,exorcismcowboy
diogoserafim,julienparis
diogoserafim,igorpires
diogoserafim,FernandoB
diogoserafim,Isenof
diogoserafim,JVictor87
diogoserafim,alienarchivist
diogoserafim,RitaRegina12
diogoserafim,ehrnique
diogoserafim,bianxcs
diogoserafim,Felipesobral
diogoserafim,_Carlos_Eduardo
diogoserafim,melissakobori
diogoserafim,menino_hanzo
diogoserafim,Adryonvreo
diogoserafim,PumaNorr
diogoserafim,joaohgdias
diogoserafim,fefegesta
diogoserafim,majed3id
diogoserafim,Ahmed_essam96
diogoserafim,Freezebacon
diogoserafim,__shima
diogoserafim,keycad20
diogoserafim,mynameisarthy
diogoserafim,Joshd4734
diogoserafim,RonJeremyCorbyn
diogoserafim,chloermtr
diogoserafim,Ivo_Cruz
diogoserafim,talvezjuan
diogoserafim,cmsf
diogoserafim,Shawndre
diogoserafim,rjmaciel
diogoserafim,noiseuse
diogoserafim,bertto04
diogoserafim,IgorNazario
diogoserafim,battinsons
diogoserafim,lejebak
diogoserafim,zappazppa
diogoserafim,SplaShh
diogoserafim,regismalves
diogoserafim,adolfuzz
diogoserafim,thiagoandrel
diogoserafim,waltzgirrrl
diogoserafim,lucasamasan
diogoserafim,Davicf
diogoserafim,potionsocks
diogoserafim,0Spitfire0
diogoserafim,gabrielss
diogoserafim,P_G_C
diogoserafim,thallesf
diogoserafim,c_marsie
diogoserafim,themayfly
diogoserafim,duderror
diogoserafim,similyb
diogoserafim,TDK_01
diogoserafim,mathfs
diogoserafim,Evanmccormick
diogoserafim,tylerjnorthcutt
diogoserafim,barrenillusion
diogoserafim,naturalbridge
diogoserafim,_guialmeida
diogoserafim,VinnyAlves
diogoserafim,ra00
diogoserafim,henriquesangria
diogoserafim,gabreu
diogoserafim,Saba1e7e
diogoserafim,lucadinho
diogoserafim,angeloabcd
diogoserafim,braunism
diogoserafim,MartinOnMovies
diogoserafim,Henoury
diogoserafim,rivermode
diogoserafim,cbarclaydrones
diogoserafim,__kafka__
diogoserafim,fransanma
diogoserafim,boreaI
diogoserafim,vsena
diogoserafim,TheOTMan
diogoserafim,vianalarissa
diogoserafim,brisabells
diogoserafim,Moliere1
diogoserafim,touchyfealy
diogoserafim,Miladazk
diogoserafim,moontaiyo_
diogoserafim,yulle
diogoserafim,absalaoabsalao
diogoserafim,fredale320
diogoserafim,victoriastell
diogoserafim,officialvitao
diogoserafim,itsbatatao
diogoserafim,vithb
diogoserafim,Radiohans
diogoserafim,IIpaulinII
diogoserafim,Johnnk
diogoserafim,danilocbrito
diogoserafim,nallil
diogoserafim,vitormcl
diogoserafim,Debbatan
diogoserafim,demilleargento
diogoserafim,Attinha
diogoserafim,lucianogldm
diogoserafim,msattin
diogoserafim,zenzoza
diogoserafim,Edualvesilva
diogoserafim,LucasLitrento
diogoserafim,Arrolado
diogoserafim,Mike_Kawasaki
diogoserafim,renatobvntr
diogoserafim,carpedionw
diogoserafim,lanadosreisvevo
diogoserafim,pedrxxxo
diogoserafim,afta_
diogoserafim,GuilhermeMMM
diogoserafim,joao_vitorms
diogoserafim,cobaaa
diogoserafim,julesneto
diogoserafim,dudutony
diogoserafim,Thiaguimaraes
diogoserafim,brunonotas
diogoserafim,gisamaria
diogoserafim,PeixePirateado
diogoserafim,opus111
diogoserafim,jamal_gui
diogoserafim,KurtZM
diogoserafim,CosmicDude
diogoserafim,UrsoJudeu
diogoserafim,duendemental
diogoserafim,PedroPeixoto
diogoserafim,sweetpitseleh
diogoserafim,Joaozinho_U
diogoserafim,pedropaludo
diogoserafim,_andrei
diogoserafim,pegaj
diogoserafim,gapinho1
diogoserafim,Buchara
diogoserafim,joaomrc
diogoserafim,Luiz_Caue
diogoserafim,Pegualda
diogoserafim,carlosb14_
diogoserafim,Devilmaycarlos
diogoserafim,Roveroni
diogoserafim,magnomessias
diogoserafim,italoocorrea
diogoserafim,Xurelinha987
diogoserafim,hyumiguel
diogoserafim,caaarliitos
diogoserafim,Francisco_cruz
diogoserafim,LucianoDinuci
diogoserafim,nataliasantos
diogoserafim,Isaqui
diogoserafim,Xulingo
diogoserafim,cosmicalblanco
diogoserafim,saluottogio
diogoserafim,dassi2k
diogoserafim,mugenno
diogoserafim,cremonezzi
diogoserafim,miiiilly
diogoserafim,Lupas
diogoserafim,camsaudiovisual
diogoserafim,GatoBurro
diogoserafim,brublado
diogoserafim,brunoneckel
diogoserafim,pedrorrcl
diogoserafim,dillerabreu
diogoserafim,ka_Reis
diogoserafim,jvtcosta
diogoserafim,cordium
diogoserafim,ariel500
diogoserafim,KevinAlmeida
diogoserafim,NickTheSick
diogoserafim,Talesh
diogoserafim,Matteuscs
diogoserafim,lucasnafranco
diogoserafim,PriestSoryu
diogoserafim,i_sozinho
diogoserafim,eugiansou
diogoserafim,ffmendes
diogoserafim,WMRodrigues
diogoserafim,itspedroso
diogoserafim,cupertino_
diogoserafim,emerichricardo
diogoserafim,chante0004
diogoserafim,matusquera
diogoserafim,esdras_s
diogoserafim,gialmenara
diogoserafim,pmcarv
diogoserafim,abluebaw
diogoserafim,leoyauu
diogoserafim,fin4lboi
diogoserafim,behzad74
diogoserafim,Syringe_Of_Hell
diogoserafim,chuchuremas
diogoserafim,paulodlcunha
diogoserafim,M0n0B
diogoserafim,joseraposo
diogoserafim,Last_Dead_Poet
diogoserafim,ydalongface
diogoserafim,noahnamgoong
diogoserafim,G4BRO
diogoserafim,mazemh
diogoserafim,Fennekin77
diogoserafim,leolucchesi
diogoserafim,casecm
diogoserafim,whoismolu
diogoserafim,PedroneFeijones
diogoserafim,leandroluz
diogoserafim,izzzabeela
diogoserafim,mariaclarasg
diogoserafim,shayan23
diogoserafim,Hangween
diogoserafim,Vulgarian
diogoserafim,angelorago
diogoserafim,illdylrey92
diogoserafim,mnzs_victor
diogoserafim,vinvintheking
diogoserafim,renormalization
diogoserafim,0q1p0021
diogoserafim,PuffedUpMarine
diogoserafim,isabeelinha
diogoserafim,ABond91
diogoserafim,enzo_la
diogoserafim,lsiae
diogoserafim,rafasb
diogoserafim,ningindie
diogoserafim,indigesto
diogoserafim,lauraviza
diogoserafim,diegofreire
diogoserafim,takase_
diogoserafim,lllfggg
diogoserafim,marianafn
diogoserafim,chicoolinda
diogoserafim,viennaw4u
diogoserafim,whotfislet
diogoserafim,paulocsnt
diogoserafim,blackphillly
diogoserafim,pedrozaki
diogoserafim,nckynichols
diogoserafim,aizoob
diogoserafim,IseBR
diogoserafim,luxopesado
diogoserafim,yamidotwith
diogoserafim,telescopw
diogoserafim,Nataliasena
diogoserafim,joaotimm
diogoserafim,olatimov
diogoserafim,gustavojreige
diogoserafim,virnabatista
diogoserafim,hernanig
diogoserafim,Figurante
diogoserafim,edbarbz
diogoserafim,rafaTAB
diogoserafim,Joaovcf
diogoserafim,RyanTehga123
diogoserafim,victor1almeida
diogoserafim,victorkhouri
diogoserafim,erosmarcelo
diogoserafim,juliaaaaaaaaa
diogoserafim,OtavioOsaki
diogoserafim,pulloya
diogoserafim,ocoiso
diogoserafim,Luissoata
diogoserafim,Thrixx
diogoserafim,vickrohling
diogoserafim,escobosajoao
diogoserafim,NathalideDeus
diogoserafim,boarkee
diogoserafim,thaysoak
diogoserafim,airckjules
diogoserafim,Mateus_Marques
diogoserafim,dudulima
diogoserafim,jo005
diogoserafim,chaosretti
diogoserafim,MrCalebe
diogoserafim,felipponn
diogoserafim,salviadvenus
diogoserafim,gabfe
diogoserafim,hellowalker
diogoserafim,themundi002
diogoserafim,luis_emanuelo
diogoserafim,psickd
diogoserafim,Ruiber0
diogoserafim,raqueops
diogoserafim,eumesmo
diogoserafim,t1agorocha
diogoserafim,emilyamaral
diogoserafim,bruno85309
diogoserafim,duransuke
diogoserafim,jjunior
diogoserafim,ZendayaPhoenix
diogoserafim,ameninaeotrovao
diogoserafim,gdelart
diogoserafim,Brunna
diogoserafim,alecci0
diogoserafim,ZeBebelo
diogoserafim,jmaiolini
diogoserafim,daarky
diogoserafim,jotaeli
diogoserafim,Vini_Leme
diogoserafim,nayumis
diogoserafim,const_ntino
diogoserafim,wavchaos
diogoserafim,gandrade96
diogoserafim,delsinrw
diogoserafim,internetroll
diogoserafim,mirandafll
diogoserafim,padjomb
diogoserafim,brunotari
diogoserafim,ca_salustiano
diogoserafim,lucasduque
diogoserafim,jubottega
diogoserafim,cesarfilmes
diogoserafim,Laurab_05
diogoserafim,cafecomcinema
diogoserafim,anicha
diogoserafim,boobinblur
diogoserafim,Belaisapm
diogoserafim,howlmovincastle
diogoserafim,vithotsetung
diogoserafim,luimariotti
diogoserafim,lucasbrunosales
diogoserafim,esteleopitecos
diogoserafim,098km
diogoserafim,isazanotti
diogoserafim,Lorenzo2107
diogoserafim,ronsouza9
diogoserafim,jorgecarvajal99
diogoserafim,GustavoDaniel
diogoserafim,bunnyIake
diogoserafim,angelmaid
diogoserafim,willfreitas2002
diogoserafim,elisaresende
diogoserafim,G_a_b_y
diogoserafim,elisavictorio
diogoserafim,AnanaD
diogoserafim,helenitchaa
diogoserafim,alcoholicgoat
diogoserafim,mafeiazinha
diogoserafim,malualle
diogoserafim,ahsokax
diogoserafim,Pedroluzz
diogoserafim,k4nand
diogoserafim,SuperRena
diogoserafim,andremacedo
diogoserafim,lucasgbonini
diogoserafim,jiripoquipiando
diogoserafim,Guskondo
diogoserafim,Gxstav014
diogoserafim,tidlerwheel
diogoserafim,thayeidoscope
diogoserafim,eds_stjames
diogoserafim,matt_zero
diogoserafim,midnightcowbcy
diogoserafim,gui129
diogoserafim,speyer
diogoserafim,LuccasGaspar
diogoserafim,andrembm
diogoserafim,macriss
diogoserafim,FelipeFagionato
diogoserafim,jonesclos
diogoserafim,charlesjrr
diogoserafim,lucasgsan
diogoserafim,josuhh
diogoserafim,gjetsky
diogoserafim,Ber99
diogoserafim,kiloct
diogoserafim,Igorjr19
diogoserafim,pedroklering
diogoserafim,roxxane
diogoserafim,azulii
diogoserafim,Ventilador
diogoserafim,brenodias0
diogoserafim,loganbrondo
diogoserafim,matheusrego
diogoserafim,pedrodota
diogoserafim,pedrohvnp
diogoserafim,raph66
diogoserafim,RogerEbertFan1
diogoserafim,kfairn
diogoserafim,gustavoff
diogoserafim,crueldadehumana
diogoserafim,Baphometa
diogoserafim,strangecarlos
diogoserafim,sheenaringofan1
diogoserafim,slippingjimmyof
diogoserafim,bajolapantalla
diogoserafim,Celes1e
diogoserafim,dolemite_d
diogoserafim,gigez
diogoserafim,KanouShinichi
diogoserafim,CineZap
diogoserafim,Fernaldhii
diogoserafim,adieuaulangage
diogoserafim,pluralmonastico
diogoserafim,bjr413
diogoserafim,celluloidmemory
diogoserafim,pedro_candido
diogoserafim,anizrds
diogoserafim,oneadaykiwi
diogoserafim,illcoe
diogoserafim,thetimelady
diogoserafim,stigmatamartyry
diogoserafim,Gabriel09Silva
diogoserafim,donovansreef
diogoserafim,Gabriel_kn
diogoserafim,juliobressane
diogoserafim,RevistaLimite
diogoserafim,marcellocbr
diogoserafim,algii
diogoserafim,capetadepaula
diogoserafim,xoxosava
diogoserafim,CFernandoLopes
diogoserafim,milenalouise
diogoserafim,travisdurden
diogoserafim,LORETTA1000
diogoserafim,JamalBraga
diogoserafim,amadeoalonso
diogoserafim,bgibson123
diogoserafim,tiago_reis
diogoserafim,thoriel93
diogoserafim,darlan_17
diogoserafim,rataz_ana
diogoserafim,Melterion
diogoserafim,twiceaman
diogoserafim,FilipOlsson
diogoserafim,Brunoir
diogoserafim,octagest
diogoserafim,gustxtx
diogoserafim,4airmahaim
diogoserafim,DaviKrasil
diogoserafim,AleV1lla
diogoserafim,richard_mayer
diogoserafim,morbusschlatter
diogoserafim,leozaofaical
diogoserafim,HugoSantoszo
diogoserafim,LucVonCage
diogoserafim,joshistop1111
diogoserafim,peransonic
diogoserafim,ceciluska
diogoserafim,pedrosantoro
diogoserafim,isabeladacosta
diogoserafim,LogicError
diogoserafim,felix_rynkowski
diogoserafim,ikicgm
diogoserafim,umjoaomendes
diogoserafim,Nan_Carpegiani
diogoserafim,andys_me
diogoserafim,twrkovsky
diogoserafim,kpnieri
diogoserafim,cinebr
diogoserafim,Edenverso
diogoserafim,zahell_
diogoserafim,abr24
diogoserafim,Reneto33
diogoserafim,Fredericoabp
diogoserafim,nielison
diogoserafim,samueltenorio
diogoserafim,Pedruuu1
diogoserafim,Simo_nym
diogoserafim,JaggerFilmFan
diogoserafim,yencygo
diogoserafim,joannaST102
diogoserafim,kamiKaze_
diogoserafim,levythree
diogoserafim,thedreamxrs
diogoserafim,DrJauge
diogoserafim,lezzagon
diogoserafim,GML78
diogoserafim,DanielCelestino
diogoserafim,mogh
diogoserafim,deckard_97
diogoserafim,Wawaw
diogoserafim,jhtorres
diogoserafim,hastibo
diogoserafim,ShadowMoura
diogoserafim,luizimg
diogoserafim,wtfcecy
diogoserafim,toalhxderosto
diogoserafim,jakewoodfill
diogoserafim,Woody_psicotico
diogoserafim,lupij
diogoserafim,straitdownhill
diogoserafim,combobr3aker
diogoserafim,maltic
diogoserafim,davifk
diogoserafim,Luiz_Eduardo
diogoserafim,edumago
diogoserafim,udokier123
diogoserafim,VirgilLaCroix
diogoserafim,_bruno
diogoserafim,BeatriceAllard
diogoserafim,lucashamm
diogoserafim,DePaulma
diogoserafim,BrenoNegreiros
diogoserafim,SaraRA_
diogoserafim,qieroni
diogoserafim,rosemiller
diogoserafim,iswbellehuppert
diogoserafim,Brickl185
diogoserafim,brunoboer
diogoserafim,ligialoverso
diogoserafim,avilasouza
diogoserafim,vveverton
diogoserafim,Bohden
diogoserafim,DanialAfshar
diogoserafim,Karya_
diogoserafim,BillyShears_
diogoserafim,twinpeaked
diogoserafim,rekissin
diogoserafim,yovo
diogoserafim,samwm
diogoserafim,Gabrielmuzeka
diogoserafim,mariaflor
diogoserafim,kiarostamibf
diogoserafim,Patrick_Gratton
diogoserafim,Dana_Kovalchik
diogoserafim,al1celeal
diogoserafim,gianlucacorrea
diogoserafim,paulinha123
diogoserafim,Ste100
diogoserafim,axeman
diogoserafim,siberianghoul
diogoserafim,manoA12
diogoserafim,JZKM
diogoserafim,UB1884
diogoserafim,taste
diogoserafim,Enrico13
diogoserafim,Pat_McGatt
diogoserafim,isaacadams649
diogoserafim,inespdrt
diogoserafim,duea
diogoserafim,victu_hentzy
diogoserafim,_apzl
diogoserafim,KPOPpassingSlav
diogoserafim,Majijimus
diogoserafim,Milena23bowie
diogoserafim,Silenzio__Bruno
diogoserafim,mollaeisirooei
diogoserafim,Juniorsousin
diogoserafim,jim_arms
diogoserafim,zezoon
diogoserafim,Deluezenal
diogoserafim,DeweyRichardson
diogoserafim,mikekrause
diogoserafim,YeongJae
diogoserafim,Orange_mona
diogoserafim,manvoliver
diogoserafim,pedro72
diogoserafim,GuntherGoldfish
diogoserafim,samdechets
diogoserafim,jakesavage
diogoserafim,urlzen
diogoserafim,gabrielsoares
diogoserafim,anoukpheline
diogoserafim,HeitorHissao
diogoserafim,tdlaker
diogoserafim,MikitoRamirez
diogoserafim,jestgald
diogoserafim,romeropab
diogoserafim,lenajahn
diogoserafim,autistacinefilo
diogoserafim,adamkrasnoff
diogoserafim,JoaoFrancisco
diogoserafim,Khalil1000
diogoserafim,greenslime4
diogoserafim,ViniGarcia
diogoserafim,stefano11
diogoserafim,85388538
diogoserafim,duardolopes
diogoserafim,bmszzz
diogoserafim,felipesantelli
diogoserafim,growingwisze
diogoserafim,fatcatbartlett
diogoserafim,mischahedinger
diogoserafim,ah_um_cha
diogoserafim,frpires
diogoserafim,verounaover
diogoserafim,LordeOdo
diogoserafim,ScreenFiend
diogoserafim,ohenriqueneto
diogoserafim,arturguim
diogoserafim,melodramia
diogoserafim,amauralho
diogoserafim,Velrivadea
diogoserafim,guipcosta
diogoserafim,pourya
diogoserafim,lucbapt
diogoserafim,Zambeli
diogoserafim,csriha17
diogoserafim,sugarcoat
diogoserafim,Anny
diogoserafim,mariapisa
diogoserafim,netopuerta
diogoserafim,lukasfryer
diogoserafim,ErnestoCZ
diogoserafim,bydostoevskij
diogoserafim,Ron_135
diogoserafim,VPads
diogoserafim,florolino
diogoserafim,Zacharyfilmguy
diogoserafim,BandyGreensacks
diogoserafim,rezaaraghi
diogoserafim,hugocmar
diogoserafim,Tigress30
diogoserafim,Tyler_Plunkett
diogoserafim,Boxuan
diogoserafim,bandhav
diogoserafim,tapitos
diogoserafim,fogare
diogoserafim,EwanBiscuit
diogoserafim,melika8188
diogoserafim,sajood
diogoserafim,Mohaammadamin
diogoserafim,BryanBauch
diogoserafim,Simon_Cinema
diogoserafim,romulocosta
diogoserafim,sixleg
diogoserafim,eltameiron
diogoserafim,respirateur
diogoserafim,Nescaio
diogoserafim,haaaaal
diogoserafim,secretvida
diogoserafim,thesexybeast
diogoserafim,Matheushow
diogoserafim,ladycroquette
diogoserafim,John1941
diogoserafim,DiogoMoreno
diogoserafim,levannaa
diogoserafim,ozantekin
diogoserafim,Melkorjv5
diogoserafim,seanlikesfilm
diogoserafim,wiilvi
diogoserafim,andersonbardot
diogoserafim,NineOutTen
diogoserafim,akast1147
diogoserafim,Kaidrus
diogoserafim,Sonicamera
diogoserafim,neptuneater
diogoserafim,johnfuller
diogoserafim,beggerman
diogoserafim,PurpleX
diogoserafim,seamus2389
diogoserafim,lugouvl
diogoserafim,rsalazfer
diogoserafim,Naziamirbehzadi
diogoserafim,Doc__Hollywood
diogoserafim,julcanrod
diogoserafim,siavashabz
diogoserafim,Scranlad
diogoserafim,sophie_willow
diogoserafim,lalangue
diogoserafim,JohnnyFavourite
diogoserafim,peeira
diogoserafim,claymorejones
diogoserafim,Heronp
diogoserafim,KodamaX
diogoserafim,shadyspfc
diogoserafim,edudantas
diogoserafim,ghaithBJ
diogoserafim,blgblg
diogoserafim,jessiewould
diogoserafim,SilentPreident
diogoserafim,ematavs
diogoserafim,pscle
diogoserafim,kbmy515
diogoserafim,LaxCaux
diogoserafim,marcos_moreira
diogoserafim,jonasplatz
diogoserafim,Sem0710
diogoserafim,GuillermoCVrg
diogoserafim,Florria
diogoserafim,Broccoli_Boy
diogoserafim,voila_varda
diogoserafim,gummibarluvr
diogoserafim,MovieGuyisMe
diogoserafim,Vicioinherente
diogoserafim,uraniumoths
diogoserafim,Goat_29
diogoserafim,ayeenforootan
diogoserafim,abigailmelia88
diogoserafim,lightheist
diogoserafim,xando1984
diogoserafim,queereoke
diogoserafim,beigesox
diogoserafim,gabrielchamado
diogoserafim,gabevic
diogoserafim,pedroamf
diogoserafim,taxxpayermoney
diogoserafim,joshyc
diogoserafim,thidvarte
diogoserafim,andresalarolli
diogoserafim,thonynho
diogoserafim,ViggoFagerstrom
diogoserafim,ulianoo
diogoserafim,Gundees
diogoserafim,oguilherme
diogoserafim,joaogirolamo
diogoserafim,Puchkaaaa
diogoserafim,Ferr_rr
diogoserafim,Mateuzzo
diogoserafim,marimarii
diogoserafim,Leo_Metsavaht
diogoserafim,dyego_016
diogoserafim,whoisgodoi
diogoserafim,gusreis
diogoserafim,Guiaugusto13
diogoserafim,DaviOt
diogoserafim,PedroV
diogoserafim,refocilando
diogoserafim,dougfreire
diogoserafim,kingmahxo
diogoserafim,TaldoMaraschino
diogoserafim,vitorinaciosc
diogoserafim,Paredinha
diogoserafim,fernandapascoal
diogoserafim,Hirojii
diogoserafim,Centipede475
diogoserafim,KauanPirex
diogoserafim,CoolTarka
diogoserafim,rafaelrato
diogoserafim,leonbtourr
diogoserafim,joseolinto
diogoserafim,MarkedOne
diogoserafim,freitas_14
diogoserafim,Brun011
diogoserafim,joao_s
diogoserafim,shiori_xp
diogoserafim,ArThUrBM27
diogoserafim,melimpedro
diogoserafim,JotapeAV
diogoserafim,Jboczkus
diogoserafim,Wendellx
diogoserafim,NathanWellman
diogoserafim,Paulogeov
diogoserafim,hostsonaten
diogoserafim,baconbear123
diogoserafim,Skkyes
diogoserafim,THE47THCHAMBER
diogoserafim,GustavoMGuebert
diogoserafim,morrifolmam
diogoserafim,Kessyy78
diogoserafim,lazbuster
diogoserafim,ousamadave
diogoserafim,Gavin23bales
diogoserafim,misoleu
diogoserafim,elenaltheman
diogoserafim,pepitololin
diogoserafim,kingshare
diogoserafim,idiots_unltd
diogoserafim,criticsandrec
diogoserafim,poritsky
diogoserafim,steven_e_rayner
diogoserafim,Barjwoddef
diogoserafim,AlexPalmer
diogoserafim,FOCO_in_English
diogoserafim,PAMC10
diogoserafim,UlrichDerechef
diogoserafim,nogodbeforeme
diogoserafim,demaiam
diogoserafim,fovujono
diogoserafim,matmlo
diogoserafim,sleo_17
diogoserafim,bjsylvester
diogoserafim,tyh_
diogoserafim,netero_broxa
diogoserafim,rafaelkoto
diogoserafim,MrBelleza
diogoserafim,samdebrod
diogoserafim,muntzerthomas
diogoserafim,MacDePablo
diogoserafim,RowanSmith
diogoserafim,derek1125
diogoserafim,kicksss
diogoserafim,WBA
diogoserafim,kyle98
diogoserafim,pelisdepinguino
diogoserafim,gr33nn
diogoserafim,bmmn
diogoserafim,elisamaral
diogoserafim,sxim
diogoserafim,DaPedra
diogoserafim,caioindex
diogoserafim,simmono
diogoserafim,mmaamadd
diogoserafim,farshidzarmehr
diogoserafim,paloma69
diogoserafim,hfxbb
diogoserafim,RaiSantoryu
diogoserafim,MBarcellos93
diogoserafim,zzoottzz
diogoserafim,vagner_barros
diogoserafim,_liam_07
diogoserafim,nmarta
diogoserafim,ahrezaeifar
diogoserafim,eldany95
diogoserafim,davicordeirof
diogoserafim,kassiaxavier
diogoserafim,Akira2497
diogoserafim,Chronmi
diogoserafim,intersect
diogoserafim,Simbo67
diogoserafim,Wesley0030
diogoserafim,philwitmer
diogoserafim,SadeghVahidi
diogoserafim,ruipedro777
diogoserafim,viussss
diogoserafim,Cinematender
diogoserafim,mihmoon
diogoserafim,bermou
diogoserafim,Carbar123
diogoserafim,deb2407
diogoserafim,samuellira23
diogoserafim,victorbelem
diogoserafim,netfrij
diogoserafim,perverts
diogoserafim,veerlevdb
diogoserafim,zedias74
diogoserafim,davidmkrasner
diogoserafim,seayluke
diogoserafim,twolkai
diogoserafim,ylodavey
diogoserafim,danielbluesII
diogoserafim,SnacksB
diogoserafim,isisshibasaki
diogoserafim,Lua_lsx
diogoserafim,brigantecarlito
diogoserafim,carsonwww
diogoserafim,inancalis26
diogoserafim,thomas_ollem
diogoserafim,allyssonbenicio
diogoserafim,Earthile
diogoserafim,Solly_Bowden
diogoserafim,Ll_ldd
diogoserafim,JICH77
diogoserafim,building_gil
diogoserafim,LennieX
diogoserafim,amiref
diogoserafim,maryamzz
diogoserafim,mariannk
diogoserafim,TaccoZ
diogoserafim,gabiru19
diogoserafim,igornoliv
diogoserafim,Hector_l
diogoserafim,wholelottafonso
diogoserafim,aelfraeddd
diogoserafim,itsqalid
diogoserafim,cherry231
diogoserafim,ColtyBolty
diogoserafim,JVLA
diogoserafim,kitt3nmittens
diogoserafim,anvitoria
diogoserafim,Lnrd_
diogoserafim,juulein
diogoserafim,Colenci
diogoserafim,LFMoura
diogoserafim,beasilva08
diogoserafim,villainoustakes
diogoserafim,Lola69_
diogoserafim,thefemalemalady
diogoserafim,troffea
diogoserafim,David_Hilbert
diogoserafim,junin03
diogoserafim,ErnieCoco
diogoserafim,alizhumagali
diogoserafim,Al_____Neri
diogoserafim,issam9
diogoserafim,outkastatlast
diogoserafim,mjhousiaux
diogoserafim,nikoblock
diogoserafim,alefaraujo111
diogoserafim,barrychan
diogoserafim,johncr
diogoserafim,thiagofp
diogoserafim,jonpietrafesa
diogoserafim,angelaetal
diogoserafim,Carlos_Natalio
diogoserafim,laspeliculitas
diogoserafim,gabisinelli
diogoserafim,chachacha
diogoserafim,Giovana12
diogoserafim,ells13
diogoserafim,filmstein
diogoserafim,rexjon
diogoserafim,sergiobri
diogoserafim,osmirborges
diogoserafim,timeistheking
diogoserafim,KaioF
diogoserafim,Doc_Lebowski
diogoserafim,ThomasMerlin
diogoserafim,cardiacguitar
diogoserafim,thekwinx
diogoserafim,arturhours
diogoserafim,whirlwindrider
diogoserafim,IsaacSource
diogoserafim,Moisas
diogoserafim,magiciendutemps
diogoserafim,arsalanxorram
diogoserafim,nonamebro
diogoserafim,mysteriis666
diogoserafim,ainajin
diogoserafim,snakepit
diogoserafim,WelcomeToTheRok
diogoserafim,sobchak
diogoserafim,jooshten
diogoserafim,blancoa
diogoserafim,aty89
diogoserafim,rodriguez_jp
diogoserafim,victorymarching
diogoserafim,notserious
diogoserafim,itshenriqueg
diogoserafim,bruce_the_shark
diogoserafim,LucianoCDL
diogoserafim,RitaRegina1
diogoserafim,audreyvinkenes
diogoserafim,dietchet
diogoserafim,Muyito
diogoserafim,helterson
diogoserafim,J0KER2022
diogoserafim,letuko
diogoserafim,Brahims2001
diogoserafim,timskinsella
diogoserafim,banharaa
diogoserafim,KanadianKawaii
diogoserafim,Jaum8k
diogoserafim,farzinH
diogoserafim,Anniella
diogoserafim,leewrona
diogoserafim,purepathos
diogoserafim,Coringalucas
diogoserafim,winslon
diogoserafim,lubn_s
diogoserafim,pedrogrud
diogoserafim,Narthex
diogoserafim,beatrizigreja
diogoserafim,KalilSpideyGuy
diogoserafim,felipestoffel
diogoserafim,JohnLynn
diogoserafim,igguma
diogoserafim,harriscool
diogoserafim,lucas_____
diogoserafim,Pandamonium
diogoserafim,VTzim
diogoserafim,09765556677555
diogoserafim,leosoethe
diogoserafim,Kranmako
diogoserafim,lIlIlIlIlIlIlIl
diogoserafim,hiitsskully
diogoserafim,ABSR444
diogoserafim,djbossman
diogoserafim,ScottBateman
diogoserafim,Ssankara
diogoserafim,deimansh
diogoserafim,EmnaCheikh
diogoserafim,Jaballah
diogoserafim,Maincinema
diogoserafim,Arjun_Skumar1
diogoserafim,alexandermordum
diogoserafim,brandisierra
diogoserafim,rugburnm
diogoserafim,frangurgel
diogoserafim,Jaao
diogoserafim,kamal033
diogoserafim,dnesh34
diogoserafim,arnee
diogoserafim,Rodolfo_15
diogoserafim,igorfnr
diogoserafim,loudcitysong
diogoserafim,origamipotato
diogoserafim,guntherpeeters
diogoserafim,tommiseitajoki
diogoserafim,yabishelliot
diogoserafim,sayedmakhdoom47
diogoserafim,TsoiLives
diogoserafim,ntygabriel
diogoserafim,whateverdude9
diogoserafim,rogxrio
diogoserafim,leotav11
diogoserafim,jp_aguiar_
diogoserafim,perro_sin_cola
diogoserafim,dscosept
diogoserafim,kinomatt
diogoserafim,lucasgabriel
diogoserafim,Weringerong
diogoserafim,nicoly123
diogoserafim,SprainedBug
diogoserafim,nathanhowell1
diogoserafim,WESTDOSTY
diogoserafim,ros_ora_sal
diogoserafim,dei_eyesr
diogoserafim,loafing
diogoserafim,yyuna_san
diogoserafim,ScottJSchrec
diogoserafim,martinelche
diogoserafim,xxxbi
diogoserafim,awzaq
diogoserafim,kristinmyrtle
diogoserafim,ZipFileAngel
diogoserafim,KauanV
diogoserafim,VeraciousCake
diogoserafim,mrpoop666
diogoserafim,robertdeliro
diogoserafim,Jhony2045
diogoserafim,cailu
diogoserafim,antropomorfnii
diogoserafim,raimundoivy
diogoserafim,Augusto_Sussa
diogoserafim,oxypetalum
diogoserafim,lucas_rdss
diogoserafim,xuael
diogoserafim,yoyuanhu
diogoserafim,riqshaw
diogoserafim,alemartin
diogoserafim,alicebtoklas
diogoserafim,taskine
diogoserafim,fordrenoir
diogoserafim,killmov3s
diogoserafim,_leonardo_
diogoserafim,Thomasjarrett
diogoserafim,fushitsusha
diogoserafim,Mahdibh
diogoserafim,leo_fels
diogoserafim,chbmoura
diogoserafim,Tempsy
diogoserafim,arrowday
diogoserafim,JonathanGeorge
diogoserafim,LSDsouza
diogoserafim,rebrandon
diogoserafim,jvas01
diogoserafim,grelhadamista
diogoserafim,riqalves
diogoserafim,IamOscart
diogoserafim,labelsdu
diogoserafim,phibonacci
diogoserafim,ErikBlank
diogoserafim,joreuts
diogoserafim,hardtimesz
diogoserafim,BearsVideo
diogoserafim,HenryGMovies
diogoserafim,GRUGS25
diogoserafim,miyazonokaori
diogoserafim,agustinace
diogoserafim,jhowx13
diogoserafim,MarcoPolo_
diogoserafim,Sam3oll
diogoserafim,aziragoramo
diogoserafim,petroleuse08
diogoserafim,MagnumVlad
diogoserafim,gibberysh
diogoserafim,manofhonor
diogoserafim,marianofilho
diogoserafim,MansterMan
diogoserafim,sillycatmom
diogoserafim,ClemensPoint
diogoserafim,Maah7
diogoserafim,allyb
diogoserafim,Henriquesa
diogoserafim,isabelabaldini
diogoserafim,nimitkaushik
diogoserafim,sapuwv
diogoserafim,Manojap17
diogoserafim,_danielpaiva
diogoserafim,summapoetiki
diogoserafim,jsamson42
diogoserafim,RCahill
diogoserafim,Oraj
diogoserafim,Scotian_Doomer
diogoserafim,shilohgray
diogoserafim,oscarwpedersen
diogoserafim,radianen
diogoserafim,ReubenHenderson
diogoserafim,inesbom
diogoserafim,brokenmirror31
diogoserafim,Vocalsman
diogoserafim,endorstoi236
diogoserafim,mariafox99
diogoserafim,Lucas00Cardoso
diogoserafim,Ellasan
diogoserafim,lucasvianna
diogoserafim,spiderweb3
diogoserafim,Visual__Poetry
diogoserafim,aidan453
diogoserafim,cbsmooth
diogoserafim,vegans_won
diogoserafim,dandydust
diogoserafim,LisandroCosta
diogoserafim,Divnashok
diogoserafim,NovakinFalconi
diogoserafim,wave97
diogoserafim,Solokiefer
diogoserafim,Carlos_Terra
diogoserafim,Niitch
diogoserafim,gavin_bonds
diogoserafim,Aremcfly
diogoserafim,MrV
diogoserafim,faustroad
diogoserafim,zingle
diogoserafim,mucuro
diogoserafim,Niagos
diogoserafim,isthisthomas
diogoserafim,seams
diogoserafim,FrooSchonTay
diogoserafim,darshanlokare
diogoserafim,duncan1964
diogoserafim,ByeToAllThat
diogoserafim,sxmed1tz
diogoserafim,IvesJ
diogoserafim,jpduarte88
diogoserafim,seventh_sanctum
diogoserafim,natmeirinho
diogoserafim,Pereirazs
diogoserafim,baustellenmusik
diogoserafim,sizelando
diogoserafim,clairevaudescal
diogoserafim,totanonya
diogoserafim,LeonDostro
diogoserafim,Gremista
diogoserafim,ezequiel2517
diogoserafim,ezla
diogoserafim,Aquaplay
diogoserafim,aaaaaaaaab
diogoserafim,dd0056
diogoserafim,sofia_svrs
diogoserafim,Multiplot
diogoserafim,WWWM
diogoserafim,TheOrla
diogoserafim,ms_oatmeal
diogoserafim,tranqlity
diogoserafim,WarheadPH
diogoserafim,KajisSnowblood
diogoserafim,Whyareallnames
diogoserafim,lemonnomel
diogoserafim,varela
diogoserafim,_EhsanGh
diogoserafim,MrLed
diogoserafim,tarci
diogoserafim,sad99
diogoserafim,Prateek2084
diogoserafim,monkeyman
diogoserafim,hossein_lynch
diogoserafim,444nuits
diogoserafim,lavendertown
diogoserafim,blooddrinker
diogoserafim,leandrobubbi
diogoserafim,abl888
diogoserafim,tarek_elkhateb
diogoserafim,matheus_hfc
diogoserafim,saraaguiar
diogoserafim,rafaelbj
diogoserafim,onicz
diogoserafim,TarlanSharif
diogoserafim,gabrielgehlen
diogoserafim,goldmala
diogoserafim,utopiaaa
diogoserafim,RezB9
diogoserafim,Jambi
diogoserafim,Scorsese01
diogoserafim,eusoufakeh
diogoserafim,JavierZxs
diogoserafim,filipebmcdo
diogoserafim,Mancha
diogoserafim,enjmsai
diogoserafim,lizziemackarel
diogoserafim,the_nima
diogoserafim,Kudravelcho
diogoserafim,gerryhartman
diogoserafim,scenicsystems
diogoserafim,salterlight
diogoserafim,S4lvad
diogoserafim,Wakkalito
diogoserafim,100Hmmms
diogoserafim,holanda04
diogoserafim,NielKirk
diogoserafim,Shaker10
diogoserafim,marcelo009
diogoserafim,ernest_1029
diogoserafim,DiogoMQ2107
diogoserafim,Ryan_Paduano
diogoserafim,prithwib
diogoserafim,jpzinho
diogoserafim,Joao12345
diogoserafim,majdoline
diogoserafim,aeiouava
diogoserafim,voidmirrorchasm
diogoserafim,Gaco
diogoserafim,maders
diogoserafim,andrefg14
diogoserafim,larany
diogoserafim,dudeque
diogoserafim,sjwigley
diogoserafim,axelbusquets
diogoserafim,dekardsdark
diogoserafim,Filipe_Capela
diogoserafim,YNTKTS
diogoserafim,Axel_Swe
diogoserafim,andresantarosa
diogoserafim,ShahinT
diogoserafim,Abhie_Zibran
diogoserafim,abdo8
diogoserafim,corrinc
diogoserafim,walrusworld
diogoserafim,pedro_alux
diogoserafim,alvarosouza
diogoserafim,pedronovak
diogoserafim,hippietra
diogoserafim,marcespillere
diogoserafim,TadAlen
diogoserafim,Danferz_1407
diogoserafim,vinay_arun
diogoserafim,Melkor___
diogoserafim,acnalbasac_noom
diogoserafim,Jamelyski
diogoserafim,siesdarius
diogoserafim,Distant_Voices
diogoserafim,franetosky
diogoserafim,IvanZgaib
diogoserafim,CinephiIe
diogoserafim,VanillaBean
diogoserafim,viniciusmontano
diogoserafim,hiddencentury
diogoserafim,SQVDO
diogoserafim,amuschategui
diogoserafim,jferreira21
diogoserafim,akeew
diogoserafim,Mehrbod_etm
diogoserafim,petey13
diogoserafim,aledigg
diogoserafim,johanssonwill
diogoserafim,EskimoFriend1
diogoserafim,derail
diogoserafim,AlmightyGalli
diogoserafim,MickT
diogoserafim,silvinomendonca
diogoserafim,Jvsb2810
diogoserafim,bernardoascari
diogoserafim,c_tunnel
diogoserafim,mohammadreza_nj
diogoserafim,gpedroza
diogoserafim,Lontalius
diogoserafim,selvynorellana
diogoserafim,ricardoandric
diogoserafim,Flow29
diogoserafim,mtsromano
diogoserafim,brendavalois
diogoserafim,doe334j
diogoserafim,LucasPelucas_
diogoserafim,crazychameleon
diogoserafim,calumnc23
diogoserafim,GriffenEckstein
diogoserafim,estevaogra
diogoserafim,mateobarbero
diogoserafim,RealSimpleJack
diogoserafim,Atilag0d
diogoserafim,Naked_Airplane
diogoserafim,FilmMartyr
diogoserafim,fernandofilho
diogoserafim,Jplins864
diogoserafim,BodineBovine
diogoserafim,fUrelha
diogoserafim,deburaalves
diogoserafim,matheus159
diogoserafim,EricIdlePedro
diogoserafim,pedroaugusto99
diogoserafim,JuanmaV7b9
diogoserafim,gigizerlotti
diogoserafim,mathbarreto
diogoserafim,hannacanterdale
diogoserafim,mitskileeaks
diogoserafim,LuccasBonjour
diogoserafim,john_holder305
diogoserafim,Aleixoo
diogoserafim,Czzr
diogoserafim,Hugo_flry
diogoserafim,Rarafita
diogoserafim,TLTN
diogoserafim,hnrqb
diogoserafim,Rafisyabi
diogoserafim,Marzulo
diogoserafim,KubrickBR
diogoserafim,lucasduarte
diogoserafim,cadustos
diogoserafim,barrega
diogoserafim,varunv
diogoserafim,HN28
diogoserafim,CoolAsDan
diogoserafim,Username07
diogoserafim,behnamnavaie
diogoserafim,cusao
diogoserafim,HO9OGOHO
diogoserafim,liamks
diogoserafim,arthurlinden
diogoserafim,dreamwz
diogoserafim,hopeless7603
diogoserafim,A_Karerina
diogoserafim,batfos
diogoserafim,NicholasJones
diogoserafim,nabin36
diogoserafim,Erkansy
diogoserafim,Luvas_Sinema
diogoserafim,wofe
diogoserafim,lucasarake
diogoserafim,rahma94
diogoserafim,JoannJabur
diogoserafim,vipebriega
diogoserafim,farimahja
diogoserafim,emansa
diogoserafim,renasnatchos
diogoserafim,keyann
diogoserafim,jules_newell
diogoserafim,caioazevedo04
diogoserafim,tolstoevsky
diogoserafim,teateayum5
diogoserafim,lucdlpe
diogoserafim,mati_nah
diogoserafim,Cassio999
diogoserafim,Shmeckle
diogoserafim,Trickbop
diogoserafim,Kyabuka
diogoserafim,beckk
diogoserafim,joaomontanaro
diogoserafim,thiagons88
diogoserafim,Eunides
diogoserafim,GreenArrow777
diogoserafim,pedro314
diogoserafim,momoshaheen
diogoserafim,Oisinboi
diogoserafim,LarsMN
diogoserafim,Roman_Arbisi
diogoserafim,sammyrayy
diogoserafim,Icarodario
diogoserafim,maplesyrup
diogoserafim,deividjonatham
diogoserafim,Tabassom
diogoserafim,tsugyn
diogoserafim,karupanlingam
diogoserafim,deo89
diogoserafim,punchfisting69
diogoserafim,cajuourives
diogoserafim,matheuscaz
diogoserafim,pedrorsrd
diogoserafim,nullermaend
diogoserafim,BradleyLess
diogoserafim,alanvictor
diogoserafim,puskraken
diogoserafim,01100010
diogoserafim,arisavanii
diogoserafim,Jonassadcovitz
diogoserafim,priscilasa
diogoserafim,altille
diogoserafim,pawnjackedman
diogoserafim,FargoMan
diogoserafim,rafaelfdc
diogoserafim,Pottig
diogoserafim,Ducon
diogoserafim,HTronbati
diogoserafim,finlayb
diogoserafim,Ford1987
diogoserafim,shrekdois
diogoserafim,jonburden
diogoserafim,jerichooooo
diogoserafim,PedramHatami
diogoserafim,BBF3
diogoserafim,cinecasulofilia
diogoserafim,taransf
diogoserafim,polinha
diogoserafim,godardfux
diogoserafim,lucaspires
diogoserafim,neset
diogoserafim,hawksquill
diogoserafim,junyou
diogoserafim,jgassuf
diogoserafim,Movie_se
diogoserafim,Sophilouise86
diogoserafim,qernardo
diogoserafim,Papa_Bear_
diogoserafim,limite
diogoserafim,trevgemmel
diogoserafim,lucasl42
diogoserafim,volcov13
diogoserafim,samiramachado
diogoserafim,lucaxwill
diogoserafim,ThiagoBaelles
diogoserafim,ViniGalan
diogoserafim,Panoramique
diogoserafim,zabellla
diogoserafim,v_ncs
diogoserafim,agamboi
diogoserafim,thebigal
diogoserafim,HugoFM
diogoserafim,jr_mors
diogoserafim,ho_o_sujo
diogoserafim,Catapinas
diogoserafim,rafaelskorupa
diogoserafim,josilo
diogoserafim,glcarneiro
diogoserafim,Wellington_
diogoserafim,Ton1nho
diogoserafim,LucasBC
diogoserafim,TainanHsu
diogoserafim,sweetleafs
diogoserafim,Andybatbat
diogoserafim,BernaGiacomo
diogoserafim,JhonnyCursi
diogoserafim,Nameisbenjamin
diogoserafim,Gustav000
diogoserafim,latrina
diogoserafim,feptss
diogoserafim,rafaggioni
diogoserafim,gabchemim
diogoserafim,ammamwejejenn
diogoserafim,FoxHound_
diogoserafim,iman_rze
diogoserafim,runnertw
diogoserafim,MarcoSvSr9
diogoserafim,kapunki
diogoserafim,ricktown
diogoserafim,ljussier
diogoserafim,loisfromfamlygu
diogoserafim,fixmosca
diogoserafim,Pedroguimaraes
diogoserafim,freshtar
diogoserafim,lvcas_enesimo
diogoserafim,danielmcbr
diogoserafim,mlamorte
diogoserafim,JamesOfMichigan
diogoserafim,SombraEletrica
diogoserafim,dudascott
diogoserafim,ResidualShanty
diogoserafim,All_My_Films
diogoserafim,MrGeekBoi
diogoserafim,fleshapoid
diogoserafim,taketheatrain
diogoserafim,Kirjokansi
diogoserafim,Depunto
diogoserafim,pelican_dunce
diogoserafim,genkiyoyo
diogoserafim,escorbbuto
diogoserafim,Peymand
diogoserafim,giovanna_qb
diogoserafim,070
diogoserafim,akyyt
diogoserafim,amn0p
diogoserafim,weltmann
diogoserafim,VTcinefilo
diogoserafim,aneluia
diogoserafim,waldenruidoso
diogoserafim,letigrips
diogoserafim,carterhaskins
diogoserafim,lulubueno
diogoserafim,latoursbeings
diogoserafim,mallaran
diogoserafim,shshellsh
diogoserafim,Armanmohseni
diogoserafim,miloMckay
diogoserafim,AlexanderRocha
diogoserafim,leligialli
diogoserafim,Dogman_
diogoserafim,labooa
diogoserafim,joaopfraga
diogoserafim,SaileS
diogoserafim,Ahmadraza
diogoserafim,wadjet37
diogoserafim,urnamedeagle
diogoserafim,LePage
diogoserafim,diegocalle
diogoserafim,audioslavesong
diogoserafim,kinesthetics
diogoserafim,PelayoFC
diogoserafim,davip92
diogoserafim,neonmnemonic
diogoserafim,luiz_rs
diogoserafim,sebastiancruz
diogoserafim,IsaacHilton
diogoserafim,PKRayGun
diogoserafim,LucasGAraujo
diogoserafim,Carnictis
diogoserafim,sanguesuga
diogoserafim,Noah1117
diogoserafim,skrymch
diogoserafim,muddyboots
diogoserafim,vazzarc
diogoserafim,JoshV
diogoserafim,TruckTourneur
diogoserafim,MechaMan_
diogoserafim,art0pereira
diogoserafim,arthur_mota
diogoserafim,whoisslv
diogoserafim,davimenezes
diogoserafim,henriquealmeida
diogoserafim,PanosAle
diogoserafim,Buribunk
diogoserafim,hyf
diogoserafim,Jaunty
diogoserafim,Laraguedex
diogoserafim,Tiagoraf
diogoserafim,ArmanN
diogoserafim,tgleafar
diogoserafim,PikosRikolaidis
diogoserafim,jhjunior
diogoserafim,Cutetoastheroad
diogoserafim,montevideano
diogoserafim,spoonnn
diogoserafim,ryanw8701
diogoserafim,jamestinesdale
diogoserafim,thiagomaiaCN
diogoserafim,Colin_Maillard
diogoserafim,marcio_
diogoserafim,GustavoBecker
diogoserafim,andersonh441
diogoserafim,Daniel_Moriarti
diogoserafim,kenpocourage
diogoserafim,izken
diogoserafim,majedparajanov
diogoserafim,Natan_Dias
diogoserafim,mohammadkrb
diogoserafim,sat21
diogoserafim,otherheart
diogoserafim,fepompeu
diogoserafim,Gustavo_21
diogoserafim,jessicadrummond
diogoserafim,_Movies0
diogoserafim,Corb47
diogoserafim,rgeorge80
diogoserafim,joshpascall
diogoserafim,moeinfrz
diogoserafim,Nasimss
diogoserafim,losmeluses
diogoserafim,jackop
diogoserafim,julhabarbara
diogoserafim,filmsbyjacey
diogoserafim,hoffmann0201
diogoserafim,RodrigoAndres
diogoserafim,Pouyamamaghani
diogoserafim,danbadra
diogoserafim,nightmaterial
diogoserafim,FrozenCloud
diogoserafim,silentcurry123
diogoserafim,glowingwabbit
diogoserafim,GabrielClimaco
diogoserafim,themorningfog
diogoserafim,unearth
diogoserafim,TheChuckster
diogoserafim,sugsur
diogoserafim,jstorchy
diogoserafim,crsazevedo
diogoserafim,rata_abrang
diogoserafim,VdeCoelho
diogoserafim,desdemoor
diogoserafim,bonsegnori
diogoserafim,jerryricochet
diogoserafim,Gerardo2001
diogoserafim,0MiD
diogoserafim,worldofecho
diogoserafim,arashkhoshkhou
diogoserafim,surfurf
diogoserafim,mitchhayes
diogoserafim,MVXOU
diogoserafim,MrGino1987
diogoserafim,prayer2005
diogoserafim,santiagol007
diogoserafim,hitchhawksiano
diogoserafim,Tampa_Bay
diogoserafim,Jljunior
diogoserafim,bloodllust
diogoserafim,Ananaze
diogoserafim,JackDumont
diogoserafim,15alarrea
diogoserafim,Moein_jbr
diogoserafim,calil
diogoserafim,metalua
diogoserafim,bardofold
diogoserafim,SGHA
diogoserafim,amirhosseinmsi
diogoserafim,sitesucksnow
diogoserafim,ByronKafetzis
diogoserafim,Last
diogoserafim,DanPaton
diogoserafim,lunabb8887
diogoserafim,Daanvdvelden
diogoserafim,Larry_Gopnik
diogoserafim,souryatanu
diogoserafim,peedro
diogoserafim,ruefontaine
diogoserafim,uiltoo
diogoserafim,tiagoaon
diogoserafim,michaeldb47
diogoserafim,ga0be
diogoserafim,jeannettegab
diogoserafim,crazysalart
diogoserafim,newagethriller
diogoserafim,FruechteAkin
diogoserafim,giovanalkalil
diogoserafim,EricSD
diogoserafim,waveslament
diogoserafim,henriquemsb
diogoserafim,vvalvarez
diogoserafim,rubenmg
diogoserafim,Ian_Johnston
diogoserafim,tharrrr
diogoserafim,Vasz_
diogoserafim,bruno_matheus
diogoserafim,milan08
diogoserafim,Aithor
diogoserafim,Vic_koryos
diogoserafim,kgood_official
diogoserafim,sockdude1
diogoserafim,Ilona_dlb
diogoserafim,toohumano
diogoserafim,OrpheusRush
diogoserafim,shortux
diogoserafim,dws1982
diogoserafim,Alibi_
diogoserafim,fonsecamatheus
diogoserafim,NananDe
diogoserafim,RobertoCarlos
diogoserafim,cottomedeyejoe
diogoserafim,LunaSpark
diogoserafim,wildebeestshock
diogoserafim,vicmorenos
diogoserafim,Ali_Arif01
diogoserafim,MrSousa
diogoserafim,bertdockx
diogoserafim,Luctero
diogoserafim,hikinvain
diogoserafim,Lovelesss
diogoserafim,Nurrizqi
diogoserafim,Alaminos
diogoserafim,herberthheebert
diogoserafim,CognitiveKernel
diogoserafim,ivenuss
diogoserafim,riverwaxwing
diogoserafim,Traunitz
diogoserafim,kinadirm
diogoserafim,pcmull
diogoserafim,YuriiruY
diogoserafim,peddro_viddal
diogoserafim,IsabelSandoval
diogoserafim,hawbas
diogoserafim,samueldamasceno
diogoserafim,BY214
diogoserafim,HideakiAnnoFan
diogoserafim,guman
diogoserafim,BottomlessPit
diogoserafim,gidalism
diogoserafim,Kaijufan67
diogoserafim,ffeldman
diogoserafim,videozu
diogoserafim,vfcmartins
diogoserafim,woodyall
diogoserafim,fannyspain
diogoserafim,Borkodo
diogoserafim,Angrier_Inch
diogoserafim,moguschewitz
diogoserafim,MarceloQueiroz
diogoserafim,samplesdegust
diogoserafim,lxst
diogoserafim,raul8pm
diogoserafim,sixela
diogoserafim,Biskit123
diogoserafim,DiegoDC
diogoserafim,MNSNV
diogoserafim,ssnac
diogoserafim,HolyMotor
diogoserafim,cobi1
diogoserafim,plasticodecana
diogoserafim,AlirezaFatehii
diogoserafim,cliffordsimak
diogoserafim,HenriDanglard
diogoserafim,ninjalove
diogoserafim,halliballi
diogoserafim,sevenrno
diogoserafim,ssn_y
diogoserafim,yjb
diogoserafim,rgrapixo
diogoserafim,Pedro_546
diogoserafim,levotiron100mcg
diogoserafim,__gustavo
diogoserafim,oleg_borisov
diogoserafim,mrosantos
diogoserafim,pseudo_video
diogoserafim,Kgkristof
diogoserafim,oho
diogoserafim,rafaeldornellas
diogoserafim,coralgorl
diogoserafim,Frustrated
diogoserafim,olavs
diogoserafim,RPJones
diogoserafim,ChickenNugg
diogoserafim,sheluvtete
diogoserafim,nicoabacate
diogoserafim,bolapalace
diogoserafim,Narrator_TNP
diogoserafim,ForeverMyQueen
diogoserafim,quel1972
diogoserafim,Kaio_1999
diogoserafim,fannypackinheat
diogoserafim,coopcoop
diogoserafim,youpeydoop
diogoserafim,GNDN_Films
diogoserafim,cacco
diogoserafim,GabrielDiablo
diogoserafim,tamihasse
diogoserafim,pedrocalabro
diogoserafim,tiny_kitten
diogoserafim,pachinkobp
diogoserafim,casualcritic
diogoserafim,megnificat
diogoserafim,nikp_
diogoserafim,Borregales2468
diogoserafim,mrssmith
diogoserafim,DJGS
diogoserafim,beatnikprof
diogoserafim,Maartun
diogoserafim,aleappiani
diogoserafim,pedromate
diogoserafim,eternalalien
diogoserafim,Camolic
diogoserafim,B_Glace
diogoserafim,marieduardasmf
diogoserafim,jjooeeyy
diogoserafim,ikanonakis
diogoserafim,Solbernardo
diogoserafim,Estevanp
diogoserafim,leandroo007
diogoserafim,manoels
diogoserafim,edvasil
diogoserafim,samkirby
diogoserafim,yasinem161
diogoserafim,n8themiddling
diogoserafim,Guilemurozaki
diogoserafim,elisapg89
diogoserafim,jesusrubio
diogoserafim,Joelly49
diogoserafim,lfmagrine
diogoserafim,guilherme16
diogoserafim,DiogodaSilva17
diogoserafim,Douchebag
diogoserafim,bigfulla1999
diogoserafim,daya_brito
diogoserafim,cesarchagas
diogoserafim,liamhand17
diogoserafim,fadigasinistra
diogoserafim,julesma
diogoserafim,NewTakeArthouse
diogoserafim,gmdb
diogoserafim,oskalot
diogoserafim,amanda629
diogoserafim,alteerd
diogoserafim,Luk3w3bb
diogoserafim,PickledPants
diogoserafim,conoripl
diogoserafim,anandhuk
diogoserafim,singlepointedly
diogoserafim,Zioacchino
diogoserafim,aqui_jaza
diogoserafim,blacknymh
diogoserafim,rustydope
diogoserafim,1994lefou
diogoserafim,barbudean
diogoserafim,suelendiass
diogoserafim,fcastelan
diogoserafim,PosNRG
diogoserafim,Mfs96
diogoserafim,david_tlc
diogoserafim,Wilma_Fingerdoo
diogoserafim,Rafael_Siebra
diogoserafim,macolmexe
diogoserafim,VeronikaH1
diogoserafim,Mekude
diogoserafim,andrethiago
diogoserafim,VitorLeone
diogoserafim,nimax
diogoserafim,Richardoz
diogoserafim,jacob_merced
diogoserafim,ojoseroberto
diogoserafim,lipefancyclown
diogoserafim,felipe_films
diogoserafim,Leinad
diogoserafim,MiguelMacieira
diogoserafim,Disenchantment
diogoserafim,alfredo99620
diogoserafim,theoabstract
diogoserafim,Orcs
diogoserafim,Saral
diogoserafim,addeos
diogoserafim,kingvamp
diogoserafim,illet33
diogoserafim,FelixGerr
diogoserafim,ricbritojr
diogoserafim,RogerEbert420
diogoserafim,rayonverts
diogoserafim,Jack_Darnell
diogoserafim,StonCold
diogoserafim,ohyeahitsmeana
diogoserafim,Mary_Fa
diogoserafim,sekyrajan
diogoserafim,SeymourJohnson
diogoserafim,zamoelll
diogoserafim,Yy__
diogoserafim,Karthikcinibuff
diogoserafim,Dovregubben
diogoserafim,marivilardo
diogoserafim,xskibox
diogoserafim,CodexConundrum
diogoserafim,vinimaesta
diogoserafim,jabottas
diogoserafim,brunolcampos
diogoserafim,e_eff
diogoserafim,IagoMarques
diogoserafim,Janderson
diogoserafim,pazuzus
diogoserafim,gummi_mage
diogoserafim,ville_laakso
diogoserafim,EclairULYSSE
diogoserafim,suegruder
diogoserafim,bennixon74
diogoserafim,GabiPanqueca
diogoserafim,Gabigordo17
diogoserafim,cattymills
diogoserafim,fabricioferreir
diogoserafim,King4Bear
diogoserafim,Linlinz
diogoserafim,henyanne
diogoserafim,philotimo
diogoserafim,Guru_Leo
diogoserafim,cwheela
diogoserafim,madamebeaulieu
diogoserafim,JSaul2910
diogoserafim,XXXX___
diogoserafim,hotelgirl
diogoserafim,siennarad
diogoserafim,matthewzeitoun
diogoserafim,noroit
diogoserafim,Zzarkkrx
diogoserafim,Artaud
diogoserafim,Rohmer117
diogoserafim,HamletOliveira
diogoserafim,mstipp
diogoserafim,Ciskiko
diogoserafim,iliagn
diogoserafim,one_eye
diogoserafim,yellow3to3
diogoserafim,filmzeus
diogoserafim,esapt
diogoserafim,taped
diogoserafim,brendonwilliam
diogoserafim,pacificship895
diogoserafim,Fahspen
diogoserafim,Not_Pedram
diogoserafim,ThePerfectChuca
diogoserafim,toom30
diogoserafim,miguelferrara
diogoserafim,Madphoon
diogoserafim,bd__
diogoserafim,VICEStaff
diogoserafim,jpnunez
diogoserafim,Cineemon
diogoserafim,qkyu
diogoserafim,carolazevedo
diogoserafim,BossrulerJun
diogoserafim,dustbowler
diogoserafim,alaeimoh
diogoserafim,androux
diogoserafim,yo_benchwarmer
diogoserafim,derekzc
diogoserafim,Heffalump
diogoserafim,benkslay
diogoserafim,danyalekian
diogoserafim,Shkar21
diogoserafim,ithielestud
diogoserafim,lucasmariotti
diogoserafim,wizzro
diogoserafim,ForgetAboutLove
diogoserafim,luccz
diogoserafim,baoanh16
diogoserafim,MateusPaour
diogoserafim,reverendT
diogoserafim,crisbrother
diogoserafim,Chini13
diogoserafim,Anirban2046
diogoserafim,EzraSachs
diogoserafim,Ann_gb98
diogoserafim,eduardo_cta
diogoserafim,jake__k
diogoserafim,michaljerzy
diogoserafim,Arthur_Barros
diogoserafim,SidSunil
diogoserafim,Danthetvman
diogoserafim,yellowtruck
diogoserafim,yorgos_hol
diogoserafim,Josdospin
diogoserafim,nofl1238
diogoserafim,salamiwestern
diogoserafim,mehdiamooei
diogoserafim,bigglethwaite
diogoserafim,arthurcarneosso
diogoserafim,SpruceWillis12
diogoserafim,a1usive
diogoserafim,aimecamposx
diogoserafim,baratakamikaze
diogoserafim,luizfrancco
diogoserafim,joao_eg
diogoserafim,lucasvilano
diogoserafim,lucianoborges
diogoserafim,ber00
diogoserafim,Haldson
diogoserafim,VKMS18
diogoserafim,xlvc
diogoserafim,patacinema
diogoserafim,AlbuquerqueDC
diogoserafim,mrlouis92
diogoserafim,Aydin_K
diogoserafim,edozot15
diogoserafim,itamaralves
diogoserafim,Zach_R
diogoserafim,victoriavilla
diogoserafim,Captured
diogoserafim,glawc
diogoserafim,kanibarusinema
diogoserafim,endcometoosoon
diogoserafim,mneme__
diogoserafim,Sobhann_kh
diogoserafim,Nielsdc
diogoserafim,calumh10
diogoserafim,lbrossi96
diogoserafim,colynho
diogoserafim,gabrielrigo
diogoserafim,Jenkins1960
diogoserafim,jordyjonathan
diogoserafim,efreddy88
diogoserafim,lucasmozer
diogoserafim,johnnieto_
diogoserafim,WafflezTheBaka
diogoserafim,HeitorBorges
diogoserafim,piedpiper
diogoserafim,goldmuir
diogoserafim,Nielmo
diogoserafim,annamurp
diogoserafim,Perriman7
diogoserafim,Milo123
diogoserafim,diamondwolf
diogoserafim,ariz_
diogoserafim,Yoggington
diogoserafim,geoffpynn
diogoserafim,murilostef
diogoserafim,swampman
diogoserafim,anamaciel22
diogoserafim,IanFleischer
diogoserafim,paulo_v
diogoserafim,EdMorgan
diogoserafim,biabekxa
diogoserafim,antistavincent
diogoserafim,ksommers
diogoserafim,brumder
diogoserafim,marchy
diogoserafim,lauxcami
diogoserafim,FeebleCursedOne
diogoserafim,heisenferg
diogoserafim,BlackBoard
diogoserafim,Guilhermefnm
diogoserafim,01minute
diogoserafim,fredsrr
diogoserafim,lukinhasagp
diogoserafim,tsarionfilm
diogoserafim,Rocalme
diogoserafim,brvnonvrb
diogoserafim,wasiikowska
diogoserafim,w3ellington
diogoserafim,chanttete
diogoserafim,SorourGaryanlu
diogoserafim,Mushashi
diogoserafim,shimarasta
diogoserafim,lorenz_araujo
diogoserafim,fightcluber
diogoserafim,malikstoney
diogoserafim,kopello
diogoserafim,amygellerma
diogoserafim,Camera_Buff
diogoserafim,HelenWelonmelon
diogoserafim,RitaPeres
diogoserafim,TheDukeD
diogoserafim,wolfwilderness
diogoserafim,_iri_
diogoserafim,grampasso
diogoserafim,betoeiras
diogoserafim,JohnPluto88
diogoserafim,JcJ7323
diogoserafim,JustGinger
diogoserafim,hip_priest1
diogoserafim,anatomassini
diogoserafim,eggpuck
diogoserafim,Crazfus
diogoserafim,brocolisebacon
diogoserafim,franciscotg2000
diogoserafim,den_harrow
diogoserafim,champagnetaste
diogoserafim,pedrosouza44
diogoserafim,Dervish
diogoserafim,Yorda
diogoserafim,liamwithay
diogoserafim,Deadguyx1x
diogoserafim,Gelad
diogoserafim,catlady1
diogoserafim,tawnycinema
diogoserafim,Orfeonegro
diogoserafim,andywong
diogoserafim,Elvis__Worley
diogoserafim,etmirabelle
diogoserafim,bebo123
diogoserafim,Hosianna_Mantra
diogoserafim,Lahoramagica
diogoserafim,monteiromatheus
diogoserafim,max90
diogoserafim,looking666
diogoserafim,flaner
diogoserafim,darkbluejasmin
diogoserafim,etinavid
diogoserafim,CPM22
diogoserafim,Lispectore
diogoserafim,kolbi
diogoserafim,CrazyCrabDude
diogoserafim,qSanto
diogoserafim,Marek_Alozie
diogoserafim,eternityn1day
diogoserafim,Sdoesnotknow
diogoserafim,marchezzii
diogoserafim,RavenWhit3
diogoserafim,kaykay19
diogoserafim,immediacy
diogoserafim,Flurokazoo
diogoserafim,dahdash
diogoserafim,Arash_Gorgin
diogoserafim,Consciouss
diogoserafim,Thiagopinto
diogoserafim,juankiK
diogoserafim,DocOc
diogoserafim,gutin
diogoserafim,desesperanto
diogoserafim,Meshal97
diogoserafim,leonvelazquez
diogoserafim,porzinger
diogoserafim,PCRude
diogoserafim,FilmSocialisme
diogoserafim,Ashkan_Y
diogoserafim,sinaazari
diogoserafim,jax2erteash
diogoserafim,realmeh
diogoserafim,PatrickPrez
diogoserafim,namask
diogoserafim,HuCostello
diogoserafim,EmilioTucci
diogoserafim,DarkNavax
diogoserafim,Vadekawa
diogoserafim,aaya04
diogoserafim,carambopapi
diogoserafim,benjiheart
diogoserafim,Ghzsb
diogoserafim,theaftertaste
diogoserafim,tomv4vendetta
diogoserafim,giiovanaap
diogoserafim,AlexandrePaixao
diogoserafim,StanleyAlec
diogoserafim,mbyrne798
diogoserafim,ramonruiz
diogoserafim,EPHO
diogoserafim,Edris2723
diogoserafim,Ali2000674
diogoserafim,theonenomis
diogoserafim,ComfortablyDumb
diogoserafim,sc0uch
diogoserafim,eetu
diogoserafim,ricky890s
diogoserafim,shiroyasha123
diogoserafim,fdimaria
diogoserafim,LMRN
diogoserafim,andreviola98
diogoserafim,jesscaferreira
diogoserafim,sturgee
diogoserafim,a_z12
diogoserafim,detour
diogoserafim,hasan6ujg
diogoserafim,JoeBlerg
diogoserafim,todaywiththeCJB
diogoserafim,Solipnihil
diogoserafim,luccafilippin
diogoserafim,omardriouech
diogoserafim,miguelamaral
diogoserafim,mlaurenh
diogoserafim,almarx
diogoserafim,billyJB
diogoserafim,Uberwilde
diogoserafim,AlexCustard
diogoserafim,zeokjin
diogoserafim,Umgrabben
diogoserafim,alcineperogie
diogoserafim,jroberto_rocha
diogoserafim,SaraMarshall305
diogoserafim,taikawaitiddy
diogoserafim,comma_chameleon
diogoserafim,Ter0end
diogoserafim,arshia_
diogoserafim,hosein_fa4azs
diogoserafim,meroleitor
diogoserafim,mutyumu
diogoserafim,ViniciusPBL
diogoserafim,ryanpreira
diogoserafim,VitorAntonini
diogoserafim,Jornviggo
diogoserafim,RickLerman
diogoserafim,Andr913
diogoserafim,baripalang
diogoserafim,adamsmovies
diogoserafim,benjaminx180
diogoserafim,Nanducho
diogoserafim,jadlourenco
diogoserafim,adrianet93
diogoserafim,haider_qh_ox
diogoserafim,gmbx
diogoserafim,levinhacinefilo
diogoserafim,Mohamadfalahi
diogoserafim,luizanconaa
diogoserafim,TheWickedFool
diogoserafim,gabochavito
diogoserafim,jojochupachups
diogoserafim,JoabAnt
diogoserafim,RafaelBezerra
diogoserafim,travamarela
diogoserafim,BrunoTR73
diogoserafim,gmorcelles
diogoserafim,lateshaharris
diogoserafim,zurchastain
diogoserafim,ryan_lts
diogoserafim,antunesds
diogoserafim,varacinema
diogoserafim,srevni
diogoserafim,notdaveparlato
diogoserafim,_PinKymaN_
diogoserafim,LittleNos
diogoserafim,FelipeDalcin
diogoserafim,felpa
diogoserafim,lalettan696
diogoserafim,anacmvarela
diogoserafim,Bloc_notes
diogoserafim,Jdsarmiento
diogoserafim,Adriano2001
diogoserafim,lianaalmeid
diogoserafim,davifcandido
diogoserafim,poetereau
diogoserafim,zachary_scahill
diogoserafim,delfincannibal
diogoserafim,shelfishbeach
diogoserafim,LucasFSa
diogoserafim,joaovfs
diogoserafim,leandersonandde
diogoserafim,flaviosousa
diogoserafim,CurtainKane
diogoserafim,IanMorley
diogoserafim,sucotangue
diogoserafim,reimestheboy
diogoserafim,JulianRas
diogoserafim,Nikbakht
diogoserafim,ouiouioui
diogoserafim,nachosk
diogoserafim,ricjanela
diogoserafim,uncult
diogoserafim,mrs_ripley
diogoserafim,gonads
diogoserafim,Bargo
diogoserafim,tahanialj1
diogoserafim,atrashorrasjr
diogoserafim,terraincognita_
diogoserafim,diogo_aa
diogoserafim,bjv219
diogoserafim,RafaelTAssis
diogoserafim,dudacavalcanti
diogoserafim,thomaspeisenman
diogoserafim,paranoidparker
diogoserafim,thgmre
diogoserafim,SuzanneMaria
diogoserafim,clawsonm
diogoserafim,engelled
diogoserafim,VroomVrooom
diogoserafim,annecamille
diogoserafim,ssk246
diogoserafim,Glimmer666
diogoserafim,coroajustino
diogoserafim,Themadprophet
diogoserafim,gussstuff_orno
diogoserafim,AyazLatifAnsari
diogoserafim,creativemck
diogoserafim,carlosxmartinez
diogoserafim,Chocc
diogoserafim,maryrz
diogoserafim,Henrique976
diogoserafim,thomaseisele
diogoserafim,whosleonardo
diogoserafim,Manfredovski
diogoserafim,anacbistafa
diogoserafim,cainanbaladez
diogoserafim,MikFlix68
diogoserafim,eljuaru22
diogoserafim,marcelomiranda
diogoserafim,Cyberdex42
diogoserafim,CarlosAlex
diogoserafim,mmmmroth
diogoserafim,SamBC
diogoserafim,beleleu_terremo
diogoserafim,sjbost
diogoserafim,CirclesOnFields
diogoserafim,moure
diogoserafim,MahanGachpazan
diogoserafim,IgorGomide_
diogoserafim,AlexLXXVI
diogoserafim,Rossy
diogoserafim,tatodth
diogoserafim,backzaker
diogoserafim,carmenlobo
diogoserafim,Lechuguilla
diogoserafim,crowdfundmytomb
diogoserafim,anacelet
diogoserafim,laryssalima
diogoserafim,jpatallah
diogoserafim,gabrielp16
diogoserafim,evanrh
diogoserafim,tiennecrpeau
diogoserafim,Plainssong
diogoserafim,jzocchio
diogoserafim,cumpana
diogoserafim,luca_scupino
diogoserafim,Ugolin
diogoserafim,sergiosilvaie
diogoserafim,Chichobutt89
diogoserafim,adityav
diogoserafim,MiguelMarinho
diogoserafim,Ger0nym0w
diogoserafim,tadtalk
diogoserafim,Wande
diogoserafim,eduardomrqs
diogoserafim,Juloo
diogoserafim,leobloise
diogoserafim,kwikija
diogoserafim,Anna_Carolina
diogoserafim,lovedelluna
diogoserafim,FredericoFranc0
diogoserafim,carlinhxs
diogoserafim,rice_boy
diogoserafim,Ha0n
diogoserafim,duyhongpham
diogoserafim,vitorforte
diogoserafim,permanentphase
diogoserafim,EmersonJesus
diogoserafim,grizzlyera
diogoserafim,Joao_Candido
diogoserafim,isabelweiss
diogoserafim,JustineJohnson
diogoserafim,Adam_Kadmon
diogoserafim,Lsavventura
diogoserafim,joao6
diogoserafim,mauro_newman
diogoserafim,jackwoakes
diogoserafim,farthousepod
diogoserafim,atmandys
diogoserafim,Tibaru
diogoserafim,MSerra
diogoserafim,MatthewG1874
diogoserafim,saffirdf
diogoserafim,tosbagil
diogoserafim,suddenimpact
diogoserafim,JustinLouzon
diogoserafim,onthebound
diogoserafim,ramosgustavo
diogoserafim,pansyr
diogoserafim,gikrule
diogoserafim,Mohamed57
diogoserafim,AryanThakare
diogoserafim,eymenhamza
diogoserafim,gnolyemyaso
diogoserafim,DJH12
diogoserafim,tweedon
diogoserafim,Innocent
diogoserafim,SamKG
diogoserafim,volteipramim
diogoserafim,ilaughed
diogoserafim,mariusgsc
diogoserafim,BrunoCipriano
diogoserafim,BlackCoventry
diogoserafim,guilhermerissi
diogoserafim,alphonseelric
diogoserafim,Souchousama
diogoserafim,dlovas
diogoserafim,pepoca
diogoserafim,brunaschmidt
diogoserafim,wellesandallen
diogoserafim,HI_Official
diogoserafim,restless_eye
diogoserafim,Michelx
diogoserafim,Cleiton
diogoserafim,isaparras_
diogoserafim,synarafreire
diogoserafim,oneleggedwonder
diogoserafim,Nargesss
diogoserafim,vanillattea
diogoserafim,bajoranbabe
diogoserafim,girlmonster
diogoserafim,Mofinho_
diogoserafim,Nanenunes
diogoserafim,WilliamLF
diogoserafim,regismourafe
diogoserafim,leosurian
diogoserafim,JoVimarkute
diogoserafim,mnemosyne2274
diogoserafim,abner9
diogoserafim,streetsauce
diogoserafim,renaneduardo
diogoserafim,cinemaemtranse
diogoserafim,Diparma005
diogoserafim,carvp_o
diogoserafim,Maiconportes
diogoserafim,OPENCARRYDRIFT
diogoserafim,plissken000
diogoserafim,amirhorror
diogoserafim,masoudrad
diogoserafim,CrustyChalupa
diogoserafim,24flvps
diogoserafim,littlrainedrops
diogoserafim,Jashton295
diogoserafim,lagerdooi
diogoserafim,Incrivel
diogoserafim,davxoliveira
diogoserafim,luizgdmc
diogoserafim,Tiagogrossboeno
diogoserafim,joao_ayrosa
diogoserafim,Enricmoras
diogoserafim,rossiter
diogoserafim,pitterson
diogoserafim,rorp
diogoserafim,ppeps
diogoserafim,august20
diogoserafim,amirrazzaghi
diogoserafim,Mr_Sardonicus
diogoserafim,nashtee
diogoserafim,vondirkid31
diogoserafim,mcoskun
diogoserafim,CinemaTweets
diogoserafim,punknikk
diogoserafim,_balastegui
diogoserafim,nature
diogoserafim,drewm
diogoserafim,DavidDias
diogoserafim,liviahaints
diogoserafim,contrarian_fold
diogoserafim,dylhit
diogoserafim,movie_mafia
diogoserafim,moisesdaher
diogoserafim,Kaveka
diogoserafim,LukeShort
diogoserafim,PhilippeLeao
diogoserafim,pmckay
diogoserafim,ebenantar
diogoserafim,Reusdrigo
diogoserafim,liquidfootball
diogoserafim,RedBerry74
diogoserafim,OPseudoCritico
diogoserafim,miladlp
diogoserafim,jal90
diogoserafim,boysofpaulst
diogoserafim,Meriadoc_BB
diogoserafim,biaqueen
diogoserafim,Haydenfilms
diogoserafim,aukaraoke
diogoserafim,obrabo96
diogoserafim,MaxLovesFilms
diogoserafim,shapeandcolor
diogoserafim,MaxGrey
diogoserafim,highhopes_
diogoserafim,heliavrst
diogoserafim,FerasM
diogoserafim,Clariexplains
diogoserafim,AlirezaHsz
diogoserafim,catholicfag
diogoserafim,stephenbush
diogoserafim,Saket18
diogoserafim,SatC
diogoserafim,TheTonyHinds
diogoserafim,SLOmovie
diogoserafim,floydstapleton
diogoserafim,jonas2096
diogoserafim,fmonteiro
diogoserafim,kyrs
diogoserafim,GreatSubmarine
diogoserafim,rykhardt
diogoserafim,danieladamion
diogoserafim,JorgeNicolas
diogoserafim,gaquelromes
diogoserafim,DistressedHedge
diogoserafim,Virgil_Incanto
diogoserafim,JPPB97
diogoserafim,lucasbarbi
diogoserafim,odespudorado
diogoserafim,W8_4_it
diogoserafim,GuiSilva
diogoserafim,clwlamet
diogoserafim,cheeseheadfoamy
diogoserafim,Pierrott
diogoserafim,miloman
diogoserafim,as5as
diogoserafim,fatan
diogoserafim,Ms_45
diogoserafim,GhazalaHashmi
diogoserafim,Kerberos_Unit11
diogoserafim,rbaskel
diogoserafim,smashball
diogoserafim,bassant
diogoserafim,thiaguimTHER
diogoserafim,cinemaci
diogoserafim,mati_cf
diogoserafim,LuizaV
diogoserafim,il_monco
diogoserafim,dammadsan
diogoserafim,dwsja
diogoserafim,Darian_Kurosawa
diogoserafim,renatoquintinos
diogoserafim,atomcage
diogoserafim,LFrench
diogoserafim,mamad9
diogoserafim,chafedelbows
diogoserafim,dixon94959
diogoserafim,Berges14
diogoserafim,colbyvision
diogoserafim,LinusMxx
diogoserafim,kino_owl
diogoserafim,cobweeb
diogoserafim,nyahgray
diogoserafim,Carlos_
diogoserafim,Jaden2798
diogoserafim,rfssmn
diogoserafim,thediih
diogoserafim,shimuzinhu
diogoserafim,emiliadoliveira
diogoserafim,ja21sierra
diogoserafim,CaioPantarotto
diogoserafim,brendanowicz
diogoserafim,Arande00
diogoserafim,balaoo
diogoserafim,jupulvirenti
diogoserafim,ShawnGlinis
diogoserafim,chief_keef
diogoserafim,A_Henrique
diogoserafim,joclint
diogoserafim,undressmedina
diogoserafim,kristenpru
diogoserafim,TanmoyZ
diogoserafim,marctorres
diogoserafim,schnoz
diogoserafim,AmirrezaR85
diogoserafim,Sean31415
diogoserafim,VicZirretta
diogoserafim,christianlaw
diogoserafim,peachwaves
diogoserafim,geloo
diogoserafim,nat_nat
diogoserafim,MajorPenton
diogoserafim,thelifeofk
diogoserafim,loosejoints
diogoserafim,amiralinik2002
diogoserafim,Martin_DiBergi
diogoserafim,OhBraveSirRobin
diogoserafim,HansenHa
diogoserafim,Aeslia
diogoserafim,milk_carton_rev
diogoserafim,r_nfanilo
diogoserafim,fred_laffitte
diogoserafim,davifricks
diogoserafim,thejengallo
diogoserafim,menodizero
diogoserafim,Vampless
diogoserafim,BilalShahid
diogoserafim,Stephan_T
diogoserafim,charleslyons
diogoserafim,tillmarti
diogoserafim,dstrangelove
diogoserafim,generalkbats
diogoserafim,guisalesc
diogoserafim,thirsty_koala
diogoserafim,Joao_Ricardo
diogoserafim,natiricupero
diogoserafim,theorafael
diogoserafim,bigalex97
diogoserafim,lua___
diogoserafim,Tugaland
diogoserafim,ShakibaRasooli
diogoserafim,SergioAlpendre
diogoserafim,ephender
diogoserafim,Gerbax
diogoserafim,LionelLassie
diogoserafim,lohany
diogoserafim,nicho18
diogoserafim,HakimoBrahim
diogoserafim,Gabrieezus
diogoserafim,geoffreyhall
diogoserafim,CBoaz
diogoserafim,wobewww
diogoserafim,tommyemil
diogoserafim,maxxime06
aixa72,Mr_Porter
aixa72,Niks_94
aixa72,iamcinephileed
aixa72,serevato
aixa72,verzoneenozrev
aixa72,danchelo
aixa72,cinelacion
aixa72,Se7en_
aixa72,burk26
aixa72,hellia
aixa72,hugopeters
aixa72,thenicefilmbro
aixa72,matmlo
aixa72,juanjocerero
aixa72,luisru
aixa72,aaaaaaaaaaaran
aixa72,Cutetoastheroad
aixa72,KurtZM
aixa72,eternesto
aixa72,Juanky97
aixa72,ahmed155
aixa72,ItsChunnyDay
aixa72,crisexeflores
aixa72,Rdosdedos
aixa72,kadaverdunangel
aixa72,husmano
aixa72,MaboroshiMirage
aixa72,MrBike
aixa72,ezequiel2517
aixa72,jjm_24
aixa72,mojbsz
aixa72,Ged__
aixa72,Simonsds
aixa72,xosemfdez
aixa72,paloma55
aixa72,cinephile1980
aixa72,quber
aixa72,mlpv86
aixa72,DEEPSLEEPER
aixa72,RogerCres96Bar
aixa72,juankenobi
aixa72,VICEStaff
aixa72,ells13
aixa72,l_meneses
aixa72,bandinisvevo
aixa72,Oraj
aixa72,Abu222
aixa72,BandyGreensacks
aixa72,topfilmtuiter
aixa72,matdiscord
aixa72,Colin_Maillard
aixa72,figmare
aixa72,bergmantonioni
aixa72,Ivan_Suarez
aixa72,esternchen
aixa72,MuzWot
aixa72,critconc
aixa72,volharys
aixa72,Estrella5zul
aixa72,muathuthanhbinh
aixa72,_AndreasK_
aixa72,agusagustin
aixa72,stephenlarsson
aixa72,pressedfortime
aixa72,Plainssong
aixa72,Chacko_JM
aixa72,trong
aixa72,organictea
aixa72,lucastello
aixa72,andrewpark86
aixa72,Faure
aixa72,chaotic_hugo
aixa72,Martin_Venator
aixa72,SpongeBobAndPat
aixa72,aronatoms
aixa72,MaximErkin
aixa72,sonchidi
aixa72,PabRockatansky
aixa72,Alexcuba
aixa72,WBA
aixa72,kvornai
aixa72,Maties_TP
aixa72,Francis87
aixa72,post_duchowy
aixa72,Jimix
aixa72,Laberintos
aixa72,elpidasmovies
aixa72,kkolbe2
aixa72,efebatlle
aixa72,zahrada
aixa72,Warut
aixa72,stottiain
aixa72,pimkoz
aixa72,zahraamey
aixa72,evanxoxl
aixa72,cinephilife
aixa72,cinefils
aixa72,santibone
aixa72,LoloKopicki
aixa72,Crisq
aixa72,Lisianthus
aixa72,pgallagher
aixa72,eldeibik
aixa72,BorNaPe
aixa72,bleakmidwinter
aixa72,SoftTouch
aixa72,rigoayala
aixa72,Ninotchka
aixa72,Fendor
aixa72,M55
aixa72,almeron
aixa72,Vegto389
aixa72,kerstray
aixa72,Cr7lomas
aixa72,AuroraNocte
aixa72,ananula
aixa72,takyondeathyon
aixa72,OzuTeapot
aixa72,Seismo
aixa72,FlipTrotsky
aixa72,al1997
aixa72,Batty
aixa72,garles
aixa72,movier
aixa72,DanielQuinn
aixa72,Isaac98tm
aixa72,MiguelMSH
aixa72,FaildeGuionista
aixa72,LBaena
aixa72,nichedeath
aixa72,jal90
aixa72,MundoRath
aixa72,drogaudix
aixa72,Carlos_GMen
aixa72,bralgrc
aixa72,Nsararak
aixa72,pablogafa
aixa72,batangwestside
aixa72,kanafani
aixa72,kaidoh
aixa72,DonEmi
aixa72,Pelayo_Casanova
aixa72,Corboiser
aixa72,fleming22
aixa72,Ed_Wood
aixa72,Dragondave
aixa72,daftsashi
aixa72,rodasons
aixa72,firejuice
aixa72,rocamadour
aixa72,luciarmida
aixa72,Seigor
aixa72,mimas
aixa72,aindanao
aixa72,Tarumatu
aixa72,hideko
aixa72,jasikedevicius
aixa72,Sergiomc90
aixa72,davidmd
aixa72,Kansas
aixa72,fuguette
aixa72,RachelMyGod
aixa72,aschaf
aixa72,ahorafelizfeliz
aixa72,Tensin
aixa72,DeanMoriarty89
aixa72,Lobo_Lopez
aixa72,kailasha
aixa72,walypala
aixa72,13thAngryMan
aixa72,PUNQ
aixa72,black_sheep
aixa72,nikp_
aixa72,botibol
aixa72,losinsensatos
aixa72,JesusTeatrero
aixa72,msolde
aixa72,Pakorosen
aixa72,chemajhg
aixa72,twodeadmagpies
aixa72,Wu_Yong
aixa72,nekrotek
aixa72,erib777
aixa72,TomaPrimera
aixa72,harry_keogh
aixa72,Cinemaadhoc
aixa72,JoN_TeN
aixa72,pauvaliente
MarialeBernedo,soymele
MarialeBernedo,fernandoribeyro
MarialeBernedo,bogartiano
MarialeBernedo,deneon
MarialeBernedo,DanielRamos_06
MarialeBernedo,delfincannibal
MarialeBernedo,Caosmosis3
MarialeBernedo,Sebastian_HC
MarialeBernedo,gushite
MarialeBernedo,Alesstrike
MarialeBernedo,camilavalery
MarialeBernedo,FerGend
MarialeBernedo,fafatq
MarialeBernedo,ralch2
MarialeBernedo,FabioAlbornoz
MarialeBernedo,moonpix_
MarialeBernedo,vgs_pe
MarialeBernedo,jjm_24
MarialeBernedo,Simonsds
MarialeBernedo,reincidenteyiyo
MarialeBernedo,Astroknuth
MarialeBernedo,topfilmtuiter
MarialeBernedo,AndresTM
MarialeBernedo,emmanuelgz
MarialeBernedo,EloyG8
MarialeBernedo,Diegoceprez
MarialeBernedo,paloma55
MarialeBernedo,filmadelica
MarialeBernedo,miriamgianellaa
MarialeBernedo,ecraw7112
MarialeBernedo,alamedaslim
MarialeBernedo,Jimbo_24
MarialeBernedo,Andreaamon
MarialeBernedo,vrmnmrrqn
MarialeBernedo,chuchisuelta
MarialeBernedo,MaximErkin12345
MarialeBernedo,augustkeller
MarialeBernedo,letsgoads
MarialeBernedo,asorajai
MarialeBernedo,Captaintrips04
MarialeBernedo,D14go
MarialeBernedo,AlexTipe
MarialeBernedo,juancax
MarialeBernedo,Jheykoph
MarialeBernedo,connorqw
MarialeBernedo,alvaroo_acst
MarialeBernedo,moonchild1045
MarialeBernedo,luisaamanda
MarialeBernedo,hcal81
MarialeBernedo,CRISAMI90
MarialeBernedo,purizaca
MarialeBernedo,alonsodvt
MarialeBernedo,david_brownie
MarialeBernedo,FranPasache
MarialeBernedo,bitthoben
MarialeBernedo,valentinaferrer
MarialeBernedo,KenzoVWA
MarialeBernedo,Renzole
MarialeBernedo,mareeooo
MarialeBernedo,alriva21
MarialeBernedo,JoyAugusto
MarialeBernedo,ufoclubs
MarialeBernedo,Haramboy
MarialeBernedo,Cf10aS
MarialeBernedo,reptarcarlos
MarialeBernedo,jamitabata
MarialeBernedo,fabee1
MarialeBernedo,USSR1988
MarialeBernedo,rondemierda
MarialeBernedo,Alguien_myl02
MarialeBernedo,xakw
MarialeBernedo,Vale_FG
MarialeBernedo,Edtian
MarialeBernedo,michaelsouzza
MarialeBernedo,Giulipark
MarialeBernedo,nicotarnawiecki
MarialeBernedo,fabebop_
MarialeBernedo,delulusland
MarialeBernedo,LscjZZZ
MarialeBernedo,etessil
MarialeBernedo,Saksapu96
MarialeBernedo,wolta1311
MarialeBernedo,Garrix5000
MarialeBernedo,marksandangles
MarialeBernedo,paudanigoto
MarialeBernedo,Dalecz
MarialeBernedo,franccx
MarialeBernedo,C4rvo
MarialeBernedo,javicho07
MarialeBernedo,Angleeeee
MarialeBernedo,jhosacosta
MarialeBernedo,kazrm
MarialeBernedo,dreed19
MarialeBernedo,arturosba
MarialeBernedo,ElPelifomano
MarialeBernedo,JDServat88
MarialeBernedo,JLinoB
MarialeBernedo,Andrei3000
MarialeBernedo,samanthandgv
MarialeBernedo,RenaSanz
MarialeBernedo,_Isis__
MarialeBernedo,Saul8419
MarialeBernedo,pezdeciuda
MarialeBernedo,Ssolgy
MarialeBernedo,Jh0sep
MarialeBernedo,sobrinodelynch
MarialeBernedo,saraguaco84
MarialeBernedo,SrPurpura
MarialeBernedo,cnpd
MarialeBernedo,arambo
MarialeBernedo,donniegyllenhaa
MarialeBernedo,peric9
MarialeBernedo,DiegoMoIn
MarialeBernedo,Coco_quis
MarialeBernedo,Bren09
MarialeBernedo,wacamol
MarialeBernedo,lavidaesbellace
MarialeBernedo,ncompany
MarialeBernedo,luval22
MarialeBernedo,gremlin0456
MarialeBernedo,matcast
MarialeBernedo,junior_2
MarialeBernedo,Jota_ha
MarialeBernedo,EmilianoG
MarialeBernedo,angelaconye
MarialeBernedo,Diegoomitas
MarialeBernedo,chloenevski
MarialeBernedo,Vampirillo07
MarialeBernedo,garryM
MarialeBernedo,PhiloDemon
MarialeBernedo,homotacnensis
MarialeBernedo,eisasgiggles
MarialeBernedo,nielsbloom
MarialeBernedo,jamechojae
MarialeBernedo,munga420
MarialeBernedo,GabrielaRRP
MarialeBernedo,mseoanech
MarialeBernedo,Liguelego
MarialeBernedo,JavierCarmen
MarialeBernedo,Rodrigoleiva
MarialeBernedo,JaniFlores
MarialeBernedo,Anthonyvga
MarialeBernedo,costrita
MarialeBernedo,niki95
MarialeBernedo,Kurahashi
MarialeBernedo,sebasmondra
MarialeBernedo,aksuly
MarialeBernedo,Arabella97
MarialeBernedo,battimixsb
MarialeBernedo,Ivanvh
MarialeBernedo,regibuz
MarialeBernedo,rafaelordaya1
MarialeBernedo,SinButaca
MarialeBernedo,oidosvirgenes
MarialeBernedo,Sempiterno1012
MarialeBernedo,isramirez
MarialeBernedo,diegop0s
MarialeBernedo,desorgen
MarialeBernedo,aranzza
MarialeBernedo,maguibriss
MarialeBernedo,Mr_Brunal
MarialeBernedo,karunaquantica
MarialeBernedo,El_Mau
MarialeBernedo,diana18coraline
MarialeBernedo,SantiagoCS
MarialeBernedo,nuevafunkeira
MarialeBernedo,kyomei
MarialeBernedo,jpampuero
MarialeBernedo,Gin19
MarialeBernedo,TaraDino_07
MarialeBernedo,fernando_got
MarialeBernedo,superAle12
MarialeBernedo,rutacomas
MarialeBernedo,wenyan_fan
MarialeBernedo,BizarreCelebs
MarialeBernedo,MarvelFan6767
MarialeBernedo,lanatalia
MarialeBernedo,PollyDeutsch
MarialeBernedo,HealthTeacher
MarialeBernedo,Balt_TV
MarialeBernedo,edcavisi
MarialeBernedo,marleni
MarialeBernedo,cinecaro
MarialeBernedo,Tinashmawgg
MarialeBernedo,lismaria
MarialeBernedo,emilywatanabe
MarialeBernedo,iammirella
MarialeBernedo,valeisa
MarialeBernedo,jccabrejo
MarialeBernedo,jorgeflucana
MarialeBernedo,blaaau
MarialeBernedo,portaldemayu
MarialeBernedo,Arimy
MarialeBernedo,sweetlittleglow
MarialeBernedo,Alonso467
MarialeBernedo,Andealcineclub
MarialeBernedo,chifitaboy
MarialeBernedo,CrabGG
MarialeBernedo,ojedalia
MarialeBernedo,gabojunior1
MarialeBernedo,efrain9689
MarialeBernedo,joaquinelgrados
MarialeBernedo,sublime_objeto
MarialeBernedo,VTRval
MarialeBernedo,cami300503
MarialeBernedo,popculture_zone
MarialeBernedo,DxvxdCrxz
MarialeBernedo,veroyarleque
MarialeBernedo,nosoytuya
MarialeBernedo,nyorkcorn
MarialeBernedo,brilvs
MarialeBernedo,Aldquin
MarialeBernedo,yazmintraa
MarialeBernedo,batsebas
MarialeBernedo,Cchonon
MarialeBernedo,biancaberenisse
MarialeBernedo,ablume
MarialeBernedo,Luis_FG
MarialeBernedo,emolientes
MarialeBernedo,Sofftiee
MarialeBernedo,JMT2023
MarialeBernedo,combatglam
MarialeBernedo,jzzzybluess
MarialeBernedo,LuGonzalezG
MarialeBernedo,TaniaDelPilar
MarialeBernedo,joaquin_marquez
MarialeBernedo,fiorellacq
MarialeBernedo,noveopeliculas_
MarialeBernedo,giaenbucle
MarialeBernedo,jderiaz
MarialeBernedo,andreaMorT
MarialeBernedo,rollitodcanela
MarialeBernedo,josembellido
MarialeBernedo,liaonpluto_
MarialeBernedo,catasubirana
MarialeBernedo,purpleperry
MarialeBernedo,farid_agurto
MarialeBernedo,carlatka
MarialeBernedo,ivetteramirez
MarialeBernedo,lalo_ortega
MarialeBernedo,alexaberaun
MarialeBernedo,JheanCampomanes
MarialeBernedo,blzbooo
MarialeBernedo,chelow
MarialeBernedo,carlosarrascue
MarialeBernedo,crusherz
MarialeBernedo,Mara_rabinara
MarialeBernedo,MatleTV
MarialeBernedo,CarelliaBolivar
MarialeBernedo,goodnightlu
MarialeBernedo,brozobitch69
MarialeBernedo,marcopaulou
MarialeBernedo,phantom_tatiana
MarialeBernedo,deif_espejo
MarialeBernedo,EJSotoPe
MarialeBernedo,tizonpaolo
MarialeBernedo,natimeza
MarialeBernedo,donnyik
MarialeBernedo,FernandoRCruz
MarialeBernedo,NicolasHah
MarialeBernedo,carmenmedrano
MarialeBernedo,deelriv
MarialeBernedo,jammer7
MarialeBernedo,bretazal
MarialeBernedo,Pampamrodrig
MarialeBernedo,valerialujanc
MarialeBernedo,Telmopazv
MarialeBernedo,noel_00
MarialeBernedo,Marcelo7
MarialeBernedo,nelyyuki
MarialeBernedo,moises_navarrop
MarialeBernedo,karlalvarad_
MarialeBernedo,maticortz
MarialeBernedo,Naleli
MarialeBernedo,miau_miau
MarialeBernedo,dianvacu
MarialeBernedo,arieltrucios
MarialeBernedo,Bopal
MarialeBernedo,valbjx
MarialeBernedo,ahmed155
MarialeBernedo,ADRIANZEN
MarialeBernedo,crossini
MarialeBernedo,arcticwars_
MarialeBernedo,Vladimirovsky
MarialeBernedo,alemartin
MarialeBernedo,Vellocino
MarialeBernedo,_anthonny
MarialeBernedo,moonlightsea
MarialeBernedo,cevichitosinaji
MarialeBernedo,Limortensen
MarialeBernedo,pezzz
MarialeBernedo,her_name_xime
MarialeBernedo,miguel221163
MarialeBernedo,hazlalinda
MarialeBernedo,akixar
MarialeBernedo,LuisAngelAC
MarialeBernedo,PRUIZ_PM
MarialeBernedo,Frugos
MarialeBernedo,juanmecanico69
MarialeBernedo,wtfronaldo
MarialeBernedo,Davidark
MarialeBernedo,paolavela
MarialeBernedo,andrea_hoyos
MarialeBernedo,Peruvianbojack
MarialeBernedo,Ximend
MarialeBernedo,walterjimz
MarialeBernedo,CineExposure
MarialeBernedo,HabemusCece
MarialeBernedo,eljuaco
MarialeBernedo,SmabLun
MarialeBernedo,rodrigobedoyaf
MarialeBernedo,cruzpex
MarialeBernedo,arianamediana
MarialeBernedo,leocine22
MarialeBernedo,BrAleks
MarialeBernedo,marianoviza
MarialeBernedo,didisafo
MarialeBernedo,gabrielavalverd
MarialeBernedo,Juan_Betancourt
MarialeBernedo,superiorangutan
MarialeBernedo,saulgoodman_sv
MarialeBernedo,irrelevantehh
MarialeBernedo,stephiemaldo
MarialeBernedo,lostdimension
MarialeBernedo,andreaalcantara
MarialeBernedo,dooodleX
MarialeBernedo,audazcarnero
MarialeBernedo,kvaxhz
MarialeBernedo,AcervoFilmico
MarialeBernedo,GreenArrow777
MarialeBernedo,meteor0
MarialeBernedo,Film_street
MarialeBernedo,lunareshaila
MarialeBernedo,LuisVelez
MarialeBernedo,bott89
MarialeBernedo,ShubNiggurath
MarialeBernedo,JordanMc22
MarialeBernedo,s6ei
MarialeBernedo,josephhagan75
MarialeBernedo,CarlosEnriqueWs
MarialeBernedo,Itsabelljc
MarialeBernedo,gatite
MarialeBernedo,Kibou_Floresll
MarialeBernedo,Ahaa_
MarialeBernedo,galemane
MarialeBernedo,MarianaAzBc
MarialeBernedo,Histerico
MarialeBernedo,edcamacho
MarialeBernedo,champ2024
MarialeBernedo,chicoyitadtroya
MarialeBernedo,G_endramas
MarialeBernedo,Fabriizzio
MarialeBernedo,litoperrito
MarialeBernedo,diegoleons
MarialeBernedo,mariangelaeb
MarialeBernedo,Juann87
MarialeBernedo,ronjoya_
MarialeBernedo,EDFrancoSupay
MarialeBernedo,Sethguin
MarialeBernedo,Asiloveo
MarialeBernedo,Mauricio20
MarialeBernedo,EllaFC
MarialeBernedo,Truth99TimesAtS
MarialeBernedo,EbbCinemaFlow
MarialeBernedo,kraftykutz
MarialeBernedo,annaesquerre
MarialeBernedo,solschreiber
MarialeBernedo,TemoEarthX
MarialeBernedo,zeilz
MarialeBernedo,enkriptada
MarialeBernedo,naomi_chuis
MarialeBernedo,pelicritic
MarialeBernedo,Cinestaff
MarialeBernedo,jonasradziunas
MarialeBernedo,dixiechocobar
MarialeBernedo,alessandracarr
MarialeBernedo,crisencrisis
MarialeBernedo,shatteredglass
MarialeBernedo,Amordelbajo
MarialeBernedo,bordarampe
MarialeBernedo,fotofobia_cine
MarialeBernedo,fanomontjoy
MarialeBernedo,FaridRodriguez
MarialeBernedo,Rodrigoqsil
MarialeBernedo,bitacoraderafo
MarialeBernedo,MidnightFilmPod
MarialeBernedo,BlueBoxer
MarialeBernedo,Gymnopedie
MarialeBernedo,MarcoBlue1993
MarialeBernedo,rocio_mb
MarialeBernedo,JhoannyCatGal
MarialeBernedo,cinecontratodo
MarialeBernedo,ana_solde
MarialeBernedo,lizelandia
MarialeBernedo,PolaVamp
MarialeBernedo,elidelfuturo
MarialeBernedo,lorenamarks
MarialeBernedo,sebas_kawa
MarialeBernedo,gaalletadulcee
MarialeBernedo,cinefickser
A_de_la_Hoz,Not_Vince
A_de_la_Hoz,Eftala
A_de_la_Hoz,mirenn
A_de_la_Hoz,verzoneenozrev
A_de_la_Hoz,Se7en_
A_de_la_Hoz,eddiedwywer
A_de_la_Hoz,jguerr
A_de_la_Hoz,roberawards
A_de_la_Hoz,Knicker
A_de_la_Hoz,Alvaro_souvlaki
A_de_la_Hoz,felipegds
A_de_la_Hoz,matmlo
A_de_la_Hoz,luisru
A_de_la_Hoz,Casiopea39
A_de_la_Hoz,Yago_Paris
A_de_la_Hoz,SrPurpura
A_de_la_Hoz,Bracero
A_de_la_Hoz,westernoir
A_de_la_Hoz,jlorenzo
A_de_la_Hoz,klinfilm
A_de_la_Hoz,figmare
A_de_la_Hoz,robbfon
A_de_la_Hoz,pirracas
A_de_la_Hoz,arthousecanon3
A_de_la_Hoz,sigras
A_de_la_Hoz,krlosierra
A_de_la_Hoz,Ged__
A_de_la_Hoz,Simonsds
A_de_la_Hoz,cinephile1980
A_de_la_Hoz,quber
A_de_la_Hoz,Magdars
A_de_la_Hoz,criticaleyes
A_de_la_Hoz,fabregatto
A_de_la_Hoz,AlexAldomar
A_de_la_Hoz,juankenobi
A_de_la_Hoz,Pete00
A_de_la_Hoz,ezequiel2517
A_de_la_Hoz,codeine
A_de_la_Hoz,jondarru
A_de_la_Hoz,Oraj
A_de_la_Hoz,mikeluri
A_de_la_Hoz,joao87
A_de_la_Hoz,Giovan5
A_de_la_Hoz,jal90
A_de_la_Hoz,bergmantonioni
A_de_la_Hoz,pedroywas
A_de_la_Hoz,DaleUnBeso
A_de_la_Hoz,atrashorrasjr
A_de_la_Hoz,Morksuc
A_de_la_Hoz,RachelMyGod
A_de_la_Hoz,DanielLunaSol
A_de_la_Hoz,SoloSoyUnFan91
A_de_la_Hoz,Leandrobc
A_de_la_Hoz,endcometoosoon
A_de_la_Hoz,LeticiaArrazola
A_de_la_Hoz,looepz
A_de_la_Hoz,Munqidh
A_de_la_Hoz,fshtravis
A_de_la_Hoz,isaacbarragan
A_de_la_Hoz,topfilmtuiter
A_de_la_Hoz,Rene03
A_de_la_Hoz,CAVAL_____
A_de_la_Hoz,riot_cinephile
A_de_la_Hoz,Somantras
A_de_la_Hoz,Artyom17
A_de_la_Hoz,Ivan_Cheyenne
A_de_la_Hoz,Lobo_Lopez
A_de_la_Hoz,Hernando
A_de_la_Hoz,Rolcest
A_de_la_Hoz,RUris
A_de_la_Hoz,Txe_Lop
A_de_la_Hoz,fidlar_wz
A_de_la_Hoz,volharys
A_de_la_Hoz,mm98
A_de_la_Hoz,AndresTM
A_de_la_Hoz,stalker98
A_de_la_Hoz,IvanCillitBang
A_de_la_Hoz,esternchen
A_de_la_Hoz,Mateox3
A_de_la_Hoz,Malala
A_de_la_Hoz,JohnnyFavourite
A_de_la_Hoz,Chamizoplissken
A_de_la_Hoz,MiguelMSH
A_de_la_Hoz,Carlos_GMen
A_de_la_Hoz,DiegoSalgado
A_de_la_Hoz,andrewpark86
A_de_la_Hoz,jbarler
A_de_la_Hoz,MaximErkin
A_de_la_Hoz,drogaudix
A_de_la_Hoz,lauraflorezc_ob
A_de_la_Hoz,josemellinas
A_de_la_Hoz,nichedeath
A_de_la_Hoz,Tripley
A_de_la_Hoz,Jimix
A_de_la_Hoz,elpidasmovies
A_de_la_Hoz,militarpancho
A_de_la_Hoz,efebatlle
A_de_la_Hoz,kerstray
A_de_la_Hoz,DanielQuinn
A_de_la_Hoz,LBaena
A_de_la_Hoz,zahrada
A_de_la_Hoz,AlbertoAbuin
A_de_la_Hoz,JoN_TeN
A_de_la_Hoz,firejuice
A_de_la_Hoz,AuroraNocte
jjm_24,mefayaman
jjm_24,heelena9
jjm_24,AlaskaF8
jjm_24,uxiavillar
jjm_24,soymele
jjm_24,ALizana
jjm_24,Aletheia000
jjm_24,TigerYogi
jjm_24,butacadesperada
jjm_24,Victormanuel23
jjm_24,8s1
jjm_24,MarialeBernedo
jjm_24,Jor_jklm
jjm_24,IkomN21
jjm_24,NevadaDesert
jjm_24,Arbolio
jjm_24,wardogyans
jjm_24,jackcienfuegos
jjm_24,ariastoteles
jjm_24,LeonRR97
jjm_24,bayram_tr
jjm_24,tesac
jjm_24,coreyd3
jjm_24,naim18
jjm_24,angie_escalada
jjm_24,joacogrinbaum
jjm_24,droneevil
jjm_24,Xequi
jjm_24,gabrielnett
jjm_24,frpchambel
jjm_24,EA_
jjm_24,_venusenleo
jjm_24,dajonime
jjm_24,diegocarvalho
jjm_24,placemu
jjm_24,tomaseta
jjm_24,perrike
jjm_24,FacuGobet9
jjm_24,EricGarcia182
jjm_24,PabloDiego11
jjm_24,moysesp
jjm_24,rociomrtnll
jjm_24,Youquendo
jjm_24,ItsMeBrianFilms
jjm_24,MaximErkin12345
jjm_24,sourenasour
jjm_24,baudd
jjm_24,mateob001
jjm_24,cantonee
jjm_24,jasikedevicius
jjm_24,Lobo_Lopez
jjm_24,Isra
jjm_24,Algaher
jjm_24,sofpals
jjm_24,9tjay
jjm_24,Skyblood14
jjm_24,joseolinto
jjm_24,Drawfred
jjm_24,Chukluk
jjm_24,Lucasarg2025
jjm_24,ShinCerberus
jjm_24,cristttobal
jjm_24,santiagoo15
jjm_24,C4rvo
jjm_24,elkevinesc
jjm_24,javihrojo
jjm_24,nico5nsc
jjm_24,rmmrr
jjm_24,ronbrrzzz
jjm_24,meugecc
jjm_24,bogartiano
jjm_24,Joelpostcr
jjm_24,manolorogel
jjm_24,XaviRoca66
jjm_24,abelrumo
jjm_24,HazeEstebanUt03
jjm_24,saraavilez
jjm_24,MadalaFR
jjm_24,rickytau
jjm_24,nesetel
jjm_24,Mr_Midnight_MM
jjm_24,becx1305
jjm_24,crystaldays
jjm_24,Filmandera
jjm_24,buzzobub
jjm_24,pabloalazar
jjm_24,OscarBDC
jjm_24,Fabriizzio
jjm_24,Eftala
jjm_24,Cahiersensayos
jjm_24,pasteurs
jjm_24,ecemvatansever
jjm_24,santos3002141
jjm_24,jaimeac
jjm_24,donaxelino
jjm_24,bmo985
jjm_24,Casiopea39
jjm_24,obscenery
jjm_24,evaristoylulu
jjm_24,alexegabino
jjm_24,segun_joselo
jjm_24,jonesdougie
jjm_24,lolazovegas
jjm_24,EMTV27
jjm_24,tomasromero
jjm_24,ChrisRamirez09
jjm_24,SPIDERBOYSIR
jjm_24,PampliMoore
jjm_24,Hitchcosis
jjm_24,Dk_S
jjm_24,VIIttt
jjm_24,davidit
jjm_24,serevato
jjm_24,marmotear
jjm_24,bennu
jjm_24,AnkitSrivastava
jjm_24,RachelMyGod
jjm_24,batsebas
jjm_24,GordoMiraPelis
jjm_24,iribirii
jjm_24,Tano_Sher
jjm_24,Tobpon
jjm_24,volandovengo
jjm_24,ebsilva151
jjm_24,9cartas
jjm_24,csman
jjm_24,iochandiano
jjm_24,FergussMacclby
jjm_24,lucasriov
jjm_24,DaddyGirijaa
jjm_24,grpcine_
jjm_24,Danmarpor
jjm_24,Mariano
jjm_24,PepitoGrillito
jjm_24,Ttee14
jjm_24,tomi_vicario
jjm_24,gervasiodeassis
jjm_24,RamonHSosa
jjm_24,esartificial
jjm_24,fleming22
jjm_24,Zada
jjm_24,pauetlefou
jjm_24,Zalazars2
jjm_24,El_lope
jjm_24,verzoneenozrev
jjm_24,MarioJuarezM
jjm_24,Aussieargie
jjm_24,__Isi__
jjm_24,Lotta73
jjm_24,Markeel
jjm_24,josanjosan
jjm_24,_ru
jjm_24,ra420ge
jjm_24,albeertoobrr
jjm_24,Mat25
jjm_24,rodasons
jjm_24,alonsodvt
jjm_24,imanolrod
jjm_24,literalquien69
jjm_24,olivermayorga
jjm_24,xurdonovski
jjm_24,Mumoo
jjm_24,marseijo
jjm_24,eljpax
jjm_24,edcontrasena
jjm_24,onicz
jjm_24,kik3sanz
jjm_24,AntonioRecio_
jjm_24,BullLee
jjm_24,AdrianGRios
jjm_24,lrvg
jjm_24,roberawards
jjm_24,carmencarrasco
jjm_24,pepsmovieclub
jjm_24,daeshu
jjm_24,DoeLecter
jjm_24,Salu2
jjm_24,JorgeV96
jjm_24,pablo_flote
jjm_24,cinelacion
jjm_24,4GV
jjm_24,alfoonsso
jjm_24,Helenx
jjm_24,miiguelallberto
jjm_24,pao223
jjm_24,marcmartinezc
jjm_24,larasim
jjm_24,kAhv_06
jjm_24,rohmersangsoo
jjm_24,nilleta4ever
jjm_24,monicam_
jjm_24,crustpunk
jjm_24,pirracas
jjm_24,Lautar0
jjm_24,frrrrdoit
jjm_24,Mies_Croto
jjm_24,Mikio_Fassberma
jjm_24,JesutinoHur
jjm_24,alxnsx
jjm_24,SantanaYork
jjm_24,diegomoratalla
jjm_24,esnapur
jjm_24,Maria_Virginie
jjm_24,miguesantanaa
jjm_24,Carlosgtf21
jjm_24,SilentK8
jjm_24,Fahspen
jjm_24,chechorhcp
jjm_24,bperona
jjm_24,valenchius
jjm_24,matsem85
jjm_24,timetolive
jjm_24,Kiko_deJuan
jjm_24,Alexcv16
jjm_24,alettheia
jjm_24,tornmovieticket
jjm_24,julen3
jjm_24,Mitsuhirato
jjm_24,HugoRomero
jjm_24,sebas__
jjm_24,fer006
jjm_24,ElFrikiCanario
jjm_24,inesgaudisa
jjm_24,polyalloy
jjm_24,Antitontosss
jjm_24,ismaelrs3
jjm_24,Sammylanister
jjm_24,JuananSalmeron
jjm_24,psicanzuelo
jjm_24,riosminor
jjm_24,sousle
jjm_24,DarthKaze
jjm_24,Olgamusino
jjm_24,alfredlubitsch
jjm_24,JuleeFloating
jjm_24,Cilocibe
jjm_24,DoranMartell
jjm_24,Strudent
jjm_24,luukaas
jjm_24,martinps_43
jjm_24,leauddevotee
jjm_24,pablooobv
jjm_24,FabioVG
jjm_24,MH434
jjm_24,miiguelrubiio
jjm_24,jacobell
jjm_24,andreuvilar
jjm_24,Pedrazzza10
jjm_24,fifoleCFC
jjm_24,jcar95
jjm_24,Air_Fryer_
jjm_24,igorbtk
jjm_24,gbaquerofilms
jjm_24,Srhoudini
jjm_24,tonikaizen
jjm_24,marcosbalsevich
jjm_24,Joseantoni
jjm_24,Doark13
jjm_24,derosaslagrimas
jjm_24,DavidGS90
jjm_24,Alberto87FR
jjm_24,luisru
jjm_24,Ragasovich
jjm_24,joofe11
jjm_24,exboyscout
jjm_24,madhu007
jjm_24,kleinbaud
jjm_24,Bracero
jjm_24,taptup
jjm_24,bustinduy
jjm_24,Angryangie17
jjm_24,kbrinkmann
jjm_24,LucasC7575
jjm_24,ssnuffdout
jjm_24,chocoamargo
jjm_24,doinel11
jjm_24,SkylarAndhonk
jjm_24,Apz
jjm_24,janpv10
jjm_24,jumaro3112
jjm_24,mathislogic
jjm_24,Marcos_M_Rom
jjm_24,Marcos_M_Romero
jjm_24,TheChemso
jjm_24,vics75
jjm_24,astarloa
jjm_24,fallenangels444
jjm_24,JorgeYR
jjm_24,vela44
jjm_24,ikerbe
jjm_24,estelagonzalez
jjm_24,ahuitzespinal
jjm_24,Kai_CKul
jjm_24,alemartin
jjm_24,LBaena
jjm_24,ale_piq
jjm_24,michelangelovq
jjm_24,xoandsj
jjm_24,Juanky97
jjm_24,DesEsseintes89
jjm_24,maesepenin
jjm_24,Blanchot
jjm_24,elchampo
jjm_24,ahmed155
jjm_24,Ada0rArdor
jjm_24,BoomLight06
jjm_24,AP_Schoolwork
jjm_24,lemmycaution40
jjm_24,TGUYTGUYTGUY
jjm_24,UX10
jjm_24,The_horrorlove
jjm_24,mispeliculas_
jjm_24,seanliu
jjm_24,pabloirot
jjm_24,Nicogh11
jjm_24,ppzo
jjm_24,Afllen
jjm_24,VICEStaff
jjm_24,Anba94
jjm_24,rubenmontero
jjm_24,davilape
jjm_24,kadaverdunangel
jjm_24,Destrapo
jjm_24,SLGC
jjm_24,jmromanos
jjm_24,heavenly_joi
jjm_24,anamc10
jjm_24,Danse_
jjm_24,akerwoman
jjm_24,FallenBlue
jjm_24,EfectoDelia
jjm_24,retabloo
jjm_24,AminVillalba
jjm_24,klinfilm
jjm_24,aitanarc
jjm_24,__susito
jjm_24,Yeyo53
jjm_24,dtp_arg
jjm_24,The_Ikari
jjm_24,jesusnomequiere
jjm_24,PigeWithNoName
jjm_24,LaQuimeraCult
jjm_24,ElPelifomano
jjm_24,iagxss
jjm_24,fydme
jjm_24,jlbarckly
jjm_24,chemi11
jjm_24,AndresTM
jjm_24,kaizenthecave
jjm_24,kerstray
jjm_24,Yorda
jjm_24,Ricky_QD82
jjm_24,Rdosdedos
jjm_24,ranielaraniela
jjm_24,arrobarsandias
jjm_24,Gaston_Avalos
jjm_24,GusGardey
jjm_24,m4ilsi
jjm_24,lina4
jjm_24,AlirezaFatehii
jjm_24,ragincat
jjm_24,luna_lunares
jjm_24,carool_1003
jjm_24,Tilonorinco
jjm_24,MariaGabs
jjm_24,cinefagota
jjm_24,gorkalonso1
jjm_24,nachou_
jjm_24,ukazioa
jjm_24,husmano
jjm_24,solpardo_
jjm_24,robertomsalas84
jjm_24,Sheev
jjm_24,amirmohamad8
jjm_24,choint
jjm_24,shonenbatto
jjm_24,davidpardi97
jjm_24,malatesta19
jjm_24,SrLansky
jjm_24,posboi
jjm_24,ju4njose
jjm_24,Az11
jjm_24,CineyObsesion
jjm_24,yosolomequejo
jjm_24,jQuiros__
jjm_24,ChicoOstra57
jjm_24,Lepterica
jjm_24,jiajieyy
jjm_24,aixa72
jjm_24,Shohnny
jjm_24,genzai_2
jjm_24,blond4903
jjm_24,prv00
jjm_24,MarcBallesteros
jjm_24,MaboroshiMirage
jjm_24,VictorFresno
jjm_24,Catch22
jjm_24,Expiacion
jjm_24,Jorge_Luis
jjm_24,AmaiaZufiaur
jjm_24,uwugorka
jjm_24,TaeSuk
jjm_24,drb11404
jjm_24,BigDabi
jjm_24,miguelbolaos
jjm_24,Gartiach
jjm_24,Manuel9813
jjm_24,brunomilan
jjm_24,DiegoH2000
jjm_24,Juanda_
jjm_24,lIlIlIlIlIlIlIl
jjm_24,arthousecanon
jjm_24,AleV1lla
jjm_24,linkinee
jjm_24,mescalito
jjm_24,thomasblock3
jjm_24,montyhehe
jjm_24,mariajavato
jjm_24,hansgameboi
jjm_24,Leguroz
jjm_24,Ged__
jjm_24,Simonsds
jjm_24,mistofeles
jjm_24,EloyG8
jjm_24,cinephile1980
jjm_24,Toshiro15
jjm_24,Solina1871
jjm_24,fussybear
jjm_24,safalpoudel_
jjm_24,AjayT63
jjm_24,Magdaleno
jjm_24,dondelillo
jjm_24,KurtZM
jjm_24,sowrender
jjm_24,bvs2016
jjm_24,migueldomng
jjm_24,becevi
jjm_24,JavierLG
jjm_24,Sebasthos
jjm_24,sebasnegrin
jjm_24,mmirones7
jjm_24,PANKeeki
jjm_24,firejuice
jjm_24,JuanSalazar
jjm_24,Joe_Gandolfini
jjm_24,gabo
jjm_24,davissa
jjm_24,arturocg93
jjm_24,eeva_
jjm_24,trikuxabi
jjm_24,pau_ba98
jjm_24,jorgepm91
jjm_24,MarcelMarx_
jjm_24,MartialCantarel
jjm_24,Murdine
jjm_24,josedopa
jjm_24,marpacificos
jjm_24,mattegrb
jjm_24,mr_blonde_00
jjm_24,codeine
jjm_24,Borja_Ibrahim
jjm_24,nataliabzp
jjm_24,guillehormigo
jjm_24,maciaflorit
jjm_24,m0liner
jjm_24,akiwiwa
jjm_24,Labr0mainfinita
jjm_24,javidfdez
jjm_24,PanicoDeLoReal
jjm_24,YungRipalda
jjm_24,kinoshita0830
jjm_24,durefranco
jjm_24,MartinsanchezH
jjm_24,REMOLQUES
jjm_24,Jorgemz
jjm_24,Banlieues
jjm_24,Midegeneracion
jjm_24,karim1992
jjm_24,nigertous
jjm_24,Miguel_003
jjm_24,saulestelles
jjm_24,nicovegadiez
jjm_24,SAUCEDO_11
jjm_24,elenacf
jjm_24,KatoG
jjm_24,laqass
jjm_24,Pinop
jjm_24,laxinoise
jjm_24,JuanGL001
jjm_24,seemily_play
jjm_24,77_Gianluca_88
jjm_24,calitero
jjm_24,Vicioinherente
jjm_24,Javchas
jjm_24,asm5sgr
jjm_24,Salchitatu
jjm_24,Malala
jjm_24,cabayo
jjm_24,quber
jjm_24,mariamartinez21
jjm_24,bander7
jjm_24,SamuelLaser
jjm_24,Jarsito
jjm_24,esther_grincon
jjm_24,Abu222
jjm_24,_Carlos_
jjm_24,GerVedder
jjm_24,PavoPavete
jjm_24,Diego286391
jjm_24,Borinot
jjm_24,an_t_ar
jjm_24,DarkFar
jjm_24,Andres_Sorokin
jjm_24,Contesoya
jjm_24,rosantiago
jjm_24,Rodri_Go
jjm_24,gmartineza
jjm_24,bajolapantalla
jjm_24,DarckRevan
jjm_24,miqueldg
jjm_24,Diabolique_cine
jjm_24,joaquinlozano_
jjm_24,tomhansen
jjm_24,adricollantex
jjm_24,Flea_boy
jjm_24,AdryaNFL
jjm_24,omnieya
jjm_24,Xuan83
jjm_24,estebanicm
jjm_24,misantropito
jjm_24,jraloca
jjm_24,the_lizard
jjm_24,AlbertQuingles
jjm_24,manu1708
jjm_24,alexxx_drive
jjm_24,Antonio92
jjm_24,acasillas
jjm_24,gondmayx
jjm_24,SrEspectro
jjm_24,antoine_doinel1
jjm_24,AlexLXXVI
jjm_24,skatonny
jjm_24,AinoaFA
jjm_24,jesuscasas55
jjm_24,Paul_Benis
jjm_24,bergmantonioni
jjm_24,Xzzie
jjm_24,caoscinefilo
jjm_24,JimLovell
jjm_24,pjthereal
jjm_24,YeraiM
jjm_24,al1997
jjm_24,hugogag
jjm_24,alfredomzf
jjm_24,S_Jon_
jjm_24,kermodinamika
jjm_24,jaimelorite
jjm_24,FaildeGuionista
jjm_24,emiliobedecu
jjm_24,MarioIglesias
jjm_24,cartonet
jjm_24,synthemesco
jjm_24,jaimemunoz98
jjm_24,alvmb
jjm_24,FrancoRizzo
jjm_24,LynxTO
jjm_24,Adasat_ML
jjm_24,Erszis
jjm_24,grantvbromley
jjm_24,Glorfindel7567
jjm_24,igortxu
jjm_24,RamiroV
jjm_24,urielmora
jjm_24,zamilovanemaso
jjm_24,will_llermo
jjm_24,slayerkinney
jjm_24,paloma55
jjm_24,NateFisher
jjm_24,Hehejaja
jjm_24,PezEspada
jjm_24,Carlos_
jjm_24,JonSanSK8
jjm_24,Jugamo
jjm_24,julianglezg
jjm_24,ratitabovary
jjm_24,FerHerce
jjm_24,JackD95
jjm_24,aitortkm
jjm_24,mytasteistrash
jjm_24,gabilardo
jjm_24,MateoCU
jjm_24,T3quila_Suns3t
jjm_24,frankharmonica_
jjm_24,qSanto
jjm_24,Colin_Maillard
jjm_24,Username07
jjm_24,MAF93
jjm_24,HelenWelonmelon
jjm_24,absenceofcolors
jjm_24,Isaac98tm
jjm_24,jmrebollo
jjm_24,lazzybastard
jjm_24,hobbitillo
jjm_24,astralinsomnia
jjm_24,MikeMeltzer
jjm_24,amirhorror
jjm_24,VenomSnake5891
jjm_24,chusverduras
jjm_24,manu2003
jjm_24,r00oo
jjm_24,nezse
jjm_24,filmcapsule
jjm_24,cerenyalcin
jjm_24,harvsi
jjm_24,ezequiel2517
jjm_24,isaacbarragan
jjm_24,fshtravis
jjm_24,Brunovictorino
jjm_24,Benavente
jjm_24,ikanonakis
jjm_24,topfilmtuiter
jjm_24,DanielQuinn
jjm_24,noonelikesblue
jjm_24,planetaryfolk
jjm_24,JohnPluto88
jjm_24,frangabrielloni
jjm_24,esternchen
jjm_24,Lahoramagica
jjm_24,crisexeflores
jjm_24,Fidelium
jjm_24,Ninotchka
jjm_24,mmgarnica
jjm_24,Ivan_Suarez
jjm_24,calexico_ramire
jjm_24,adrianet93
jjm_24,luisdecoss
jjm_24,Gonlo
jjm_24,rampard
jjm_24,Billy_Kubrick
jjm_24,jal90
jjm_24,taketheatrain
jjm_24,aval0vara
jjm_24,ragua
jjm_24,MabuseCaligari
jjm_24,straubbhuillet
jjm_24,Innocent
jjm_24,ivangzzs
jjm_24,cadaververano
jjm_24,dessplanetada
jjm_24,xosemfdez
jjm_24,felipezvenegas
jjm_24,UrbanoJ
jjm_24,Dani1Medina
jjm_24,RogerCres96Bar
jjm_24,valentinf
jjm_24,EzNaiz_
jjm_24,Aerem
jjm_24,Aragonzal
jjm_24,Pauixitador
jjm_24,shisbe
jjm_24,Escribinista
jjm_24,colettiesteban
jjm_24,Saba1e7e
jjm_24,fotoscarnet
jjm_24,clarasuno
jjm_24,JuanXD
jjm_24,Jadzcor
jjm_24,alvarocc97
jjm_24,albertsyco_
jjm_24,Vareludo
jjm_24,andrewpark86
jjm_24,Mehche
jjm_24,Faure
jjm_24,ExplodingBoy
jjm_24,IvanMiguez
jjm_24,chaotic_hugo
jjm_24,MiguelMSH
jjm_24,carlatka
jjm_24,nnevvurr
jjm_24,ffbnchtt
jjm_24,FvLluis
jjm_24,pele_alvaro
jjm_24,inesgomez
jjm_24,cinemacatala
jjm_24,Manolus
jjm_24,joaquincatalano
jjm_24,ALazyCommunist
jjm_24,DavithLecter
jjm_24,Batty
jjm_24,MyMovieShelf
jjm_24,Draem
jjm_24,EnNombreDelCine
jjm_24,uryenbg
jjm_24,post_duchowy
jjm_24,Ruben0
jjm_24,mpinkfloyd
jjm_24,Silverrr
jjm_24,utges
jjm_24,antares_not
jjm_24,TwoCineasts
jjm_24,ladykiki
jjm_24,Violely
jjm_24,FilipStolpe
jjm_24,Almudaina
jjm_24,GaboGB
jjm_24,Namreg77
jjm_24,jlorenzo
jjm_24,DaveCooper
jjm_24,AuroraNocte
jjm_24,DanielEscaners
jjm_24,AlbertoMilano
jjm_24,jonathananyways
jjm_24,rafaqc97
jjm_24,Mann_Ohne_Namen
jjm_24,Thomkeaton
jjm_24,EssRivality
jjm_24,Travis76
jjm_24,Daniblacksmoke
jjm_24,msgatsby
jjm_24,PauGtz
eljpax,soymele
eljpax,axeltenaglia
eljpax,sapillopillo
eljpax,milalune
eljpax,ehrenkm
eljpax,pasteurs
eljpax,SantiScorsese
eljpax,fulaninha96
eljpax,luct74
eljpax,emir_ea
eljpax,Frodo98
eljpax,CFT1977
eljpax,juancet00
eljpax,rociomrtnll
eljpax,OscarMayer
eljpax,givenachance
eljpax,Fesper15
eljpax,Colin_Maillard
eljpax,topfilmtuiter
eljpax,jjm_24
eljpax,linux13
eljpax,Nicolastroso
eljpax,novatomorrow
eljpax,salvaamayaa
eljpax,ShinCerberus
eljpax,Lautarardo
eljpax,Camilotc
eljpax,franlanda04
eljpax,marianomovies77
eljpax,wanathekid
eljpax,frantfran
eljpax,matute3
eljpax,lucho1423
eljpax,Tobpon
eljpax,nicodeayer
eljpax,gorkalonso1
eljpax,mvxirmr1337
eljpax,_dooIsetnet
eljpax,ValenLattanzio
eljpax,Santieejuarez
eljpax,matu_castelli
eljpax,RodrighoZz
eljpax,vadeivl
eljpax,piluiswatching
eljpax,felip6969
eljpax,camooaaa
eljpax,agustincolina
eljpax,gntlyontheshelf
eljpax,sebagarcia28
eljpax,nicolasbe
eljpax,Rodrii___
eljpax,palopaz
eljpax,carvargas06
eljpax,vridian4luna
eljpax,apoleon90
eljpax,charrua_ansi0so
eljpax,NotDafer
eljpax,Nixlx
eljpax,Diegonesas
eljpax,chrisxen12
eljpax,Joel_cba
eljpax,Youquendo
eljpax,Riba0
eljpax,Siriusgetre
eljpax,cristttobal
eljpax,francosiri
eljpax,kalil64
eljpax,Allan_Soares
eljpax,jpigno
eljpax,10joseg
eljpax,polyalloy
eljpax,verzoneenozrev
eljpax,arielish
eljpax,FrancoRizzo
eljpax,jjulialves
eljpax,CineclubGoy
eljpax,InakiEiga
eljpax,Niebla_Funebre
eljpax,3elduke
eljpax,FeliMastro
eljpax,elbrujoverde
eljpax,paloma55
eljpax,GustavoDavid
eljpax,luissosalrz
eljpax,GGaribaldi_
eljpax,juancuhe
eljpax,CinemaParadigma
eljpax,alfajortriple
eljpax,Paulvon
eljpax,Sannvoid
eljpax,wonxenoglossy
eljpax,nachosiciliano
eljpax,devilwearsvans
eljpax,FelipeBautista
eljpax,crisexeflores
eljpax,mirkof9
eljpax,nicogomezic
eljpax,fedekarnincic
eljpax,santie11
eljpax,sofmcarden
eljpax,JosephineGloria
eljpax,fer006
eljpax,agus04
eljpax,jachuca
eljpax,juliandonato14
eljpax,davidd_g18
eljpax,facuufx
eljpax,richardweich
eljpax,diego_heredia_7
eljpax,Ramiro912
eljpax,AntoLosso
eljpax,Cupola
eljpax,DlONISIO
eljpax,Jere__
eljpax,a7etere
eljpax,Kevintomiranda
eljpax,comegatocanalla
eljpax,Marcos_M_Rom
eljpax,Lezcano
eljpax,darekk
eljpax,Kevinkjz
eljpax,PabloMarfa
eljpax,sebas__
eljpax,Ditolungo
eljpax,burs
eljpax,AcervoFilmico
eljpax,agustinaval
eljpax,marquititos
eljpax,kaztiel666
eljpax,Carlos_eq
eljpax,loveatdusk
eljpax,vernell
eljpax,ppdroo
eljpax,ffeder1co
eljpax,GordoMiraPelis
eljpax,drmullholland
eljpax,finuli34
eljpax,kosakt
eljpax,Licha01
eljpax,TheLedesma
eljpax,movieratingsguy
eljpax,Thiago85
eljpax,burbufilms
eljpax,imanolrod
eljpax,JorgeV96
eljpax,pabloalazar
eljpax,LetterJuli
eljpax,W1LL77
eljpax,ivner
eljpax,cgho
eljpax,batsebas
eljpax,hernanrp
eljpax,augustkeller
eljpax,claudioyunge
eljpax,Lautar0
eljpax,Benicioala
eljpax,lucrekucre
eljpax,dioscorsese
eljpax,Aguitov
eljpax,chicatolkien
eljpax,Tomasdvo
eljpax,panchovipp
eljpax,negroklix
eljpax,andrejade
eljpax,facuuvarela
eljpax,Walmart372
eljpax,santiago_gomez
eljpax,spookymess
eljpax,FacundoGalvan
eljpax,paocastle
eljpax,Guillox
eljpax,mamin2200
eljpax,joacocordero
eljpax,Agustinn__
eljpax,ronbrrzzz
eljpax,MrSKR
eljpax,NotAgus_
eljpax,gabsf1
eljpax,anijupiter
eljpax,doppelzimp
eljpax,GonzaloAvaria
eljpax,Ari97
eljpax,billetedecien
eljpax,ramiro29421
eljpax,colistoteles
eljpax,kannarina
eljpax,obiwanjaz
eljpax,diazocantos
eljpax,bgss08
eljpax,kevhndz
eljpax,theantlerqueen9
eljpax,julianleto
eljpax,Vladimirovsky
eljpax,ManColl93
eljpax,beluregueraln
eljpax,vallslina
eljpax,aguscardello
eljpax,facundojp
eljpax,Augustozzz
eljpax,Antoxq
eljpax,Rickytorrado
eljpax,lukigsw
eljpax,Lrnzoo
eljpax,jndmrc
eljpax,ElBaumo
eljpax,dauletM
eljpax,simonb11
eljpax,kroziek
eljpax,miligarciaa
eljpax,mianvqs
eljpax,directedbyriver
eljpax,Mendigueira
eljpax,selenaeae
eljpax,damiannhk
eljpax,deepseven
eljpax,migronor
eljpax,lacysdriverslic
eljpax,dumir
eljpax,pikntee
eljpax,joshuagruft
eljpax,math_vdd
eljpax,fausto14
eljpax,daviicrvlh
eljpax,Simone_93
eljpax,sillyheartz_
eljpax,Ben294747374
eljpax,Deliar1
eljpax,eukawan
eljpax,jaedeeiman
eljpax,dezana
eljpax,lila_18
eljpax,tlebo5
eljpax,voiguh
eljpax,viii_star
eljpax,stqrb_
eljpax,taeiira
eljpax,Meetmecinema
eljpax,pdelaney2002
eljpax,vixxio
eljpax,iloveunicorns13
eljpax,orrrrr
eljpax,CESP
eljpax,teaganncup
eljpax,Beatrizmd
eljpax,barbiegabi
eljpax,sleepymadoka
eljpax,panasi
eljpax,donajaq666
eljpax,rolo97
eljpax,yppoppoppy
eljpax,Marixa_
eljpax,hyvzd
eljpax,mariahzinha
eljpax,hishamahmed
eljpax,victorgocritico
eljpax,trinimontory
eljpax,viniwinne
eljpax,MatleTV
eljpax,leviiu_
eljpax,abigaillrx
eljpax,zarileo29
eljpax,heardnuun
eljpax,rafa_17
eljpax,Tanvir_4
eljpax,dee3fnee
eljpax,cheikh0
eljpax,ryussl
eljpax,makarushka
eljpax,NIKHIL_DAS
eljpax,cinnmon
eljpax,akar_30
eljpax,rssfdvdrive
eljpax,Dannysaav24
eljpax,BrahimMovies
eljpax,atanap
eljpax,rvsx_927
eljpax,dani_elly
eljpax,cumberbitj
eljpax,ScottyP_Jr
eljpax,maryyyiu
eljpax,brutaIism
eljpax,jazz01
eljpax,Denimchicken27
eljpax,battmands
eljpax,nordestekrl
eljpax,rosellmi
eljpax,B3lkih
eljpax,bearriver99
eljpax,ghanahaase
eljpax,aoswal74
eljpax,PrettyNastyNate
eljpax,ruyrdr
eljpax,jamiekerro24
eljpax,whisprsara
eljpax,bigjoebrady
eljpax,UncleMike29
eljpax,cloudsreader
eljpax,conidga
eljpax,Crystalkyky
eljpax,Tears_in__Rain
eljpax,Blackadder_
eljpax,itonyamovie23
eljpax,liop9
eljpax,launar
eljpax,angellvr107
eljpax,pink_pineappple
eljpax,itsjustralf
eljpax,mcrisgonzalez
eljpax,mornellita
eljpax,m44rcy
eljpax,MainstreamMatt
eljpax,kostbaar
eljpax,aryacollins
eljpax,luckyXluciano
eljpax,Miguelprime1
eljpax,catharinaaa_
eljpax,zaimaxo
eljpax,shungvi
eljpax,aaronluvsfilms
eljpax,pixiangel
eljpax,StilesStilinsky
eljpax,baileymovieking
eljpax,skiizes
eljpax,sarabeggin
eljpax,crissymarie
eljpax,IAmChefBrokeRD
eljpax,vlsxorrrodelye
eljpax,Kevin512
eljpax,sarsh007
eljpax,looovelorn
eljpax,PODuff
eljpax,ayb1ke
eljpax,Karii_03
eljpax,tonella
eljpax,ronronando1
eljpax,dojatanya
eljpax,illsmmedeiros_
eljpax,timowisch
eljpax,tigbitty
eljpax,WhoviaEspresso
eljpax,Trishanarts
eljpax,sugarspunemily
eljpax,Melanie42
eljpax,emilyohare05
eljpax,pasta0
eljpax,Timblackwell04
eljpax,violent_jojo
eljpax,nightwaltz
eljpax,k7v
eljpax,ellefire
eljpax,giaaxiotis
eljpax,mayapass
eljpax,underscoreallie
eljpax,Its_Elii
eljpax,BAG1996
eljpax,mxzpartyprogram
eljpax,deathekid011
eljpax,TravisJones
eljpax,moonwith_a
eljpax,IdaTilma
eljpax,varovi
eljpax,Jul35
eljpax,petedavidson
eljpax,hilagolann
eljpax,manoraye2
eljpax,Brendansuper
eljpax,fridasalas
eljpax,_coffeelunch
eljpax,lavenderhze
eljpax,ribb0nsbabe
eljpax,ontaniuos
eljpax,jcbusquet
eljpax,avery0
eljpax,amyscinema
eljpax,eiti_leda
eljpax,martuorque
eljpax,juanchogrellet
eljpax,Apollo_Justice
eljpax,19justagirll
eljpax,0dminesss
eljpax,miguelgiltt
eljpax,drowninglove
eljpax,L_castus
eljpax,sbluehour
eljpax,MarGhost12
eljpax,Mirkolicos
eljpax,0_rlij
eljpax,GreenArrow777
eljpax,caitbug
eljpax,rexlk
eljpax,MadeInHongKong
eljpax,Travmovie123
eljpax,juliofc25
eljpax,Steveenb
eljpax,Gymnopedie
eljpax,_drxqz
eljpax,3BBB
fleming22,jjm_24
fleming22,IsolarH
fleming22,burk26
fleming22,juanjocerero
fleming22,Liviyuhs
fleming22,Toshiro15
fleming22,miridbr
fleming22,Ged__
fleming22,Simonsds
fleming22,cinephile1980
fleming22,Ivan_Suarez
fleming22,quber
fleming22,topfilmtuiter
fleming22,LuisVeaz
fleming22,Abu222
fleming22,javi91gar
fleming22,figmare
fleming22,volharys
fleming22,jacobstertz
fleming22,Jimix
fleming22,Frikicines
fleming22,DavithLecter
fleming22,TwoCineasts
fleming22,AnaVega
fleming22,Lisianthus
fleming22,stephenlarsson
fleming22,Yuna85
fleming22,kerstray
fleming22,AuroraNocte
fleming22,mahone9now9
fleming22,garles
fleming22,cbrichmond
fleming22,FaildeGuionista
fleming22,Luisd
fleming22,jal90
fleming22,MundoRath
fleming22,Daniblacksmoke
fleming22,Ninotchka
fleming22,RachelMyGod
fleming22,al1997
fleming22,pablogafa
fleming22,Isaac98tm
fleming22,Monchita
fleming22,noakrakatoa
fleming22,Vegto389
fleming22,FiliusdeFructus
fleming22,firejuice
fleming22,kaidoh
fleming22,DonEmi
fleming22,Pelayo_Casanova
fleming22,Seigor
fleming22,JoN_TeN
fleming22,Ed_Wood
fleming22,Corboiser
fleming22,Mann_Ohne_Namen
fleming22,msolde
fleming22,aixa72
fleming22,Dragondave
HugoRomero,newshores
HugoRomero,AndresTM
HugoRomero,jjm_24
HugoRomero,topfilmtuiter
HugoRomero,paloma55
HugoRomero,ahmed155
HugoRomero,undiver
HugoRomero,fluffyunderdog
HugoRomero,TidusArthedain
HugoRomero,citog
HugoRomero,frogslayyerr
HugoRomero,tata_tata
HugoRomero,brainfreezx
HugoRomero,AlejoR
HugoRomero,Lousystone
HugoRomero,cinemapirata
HugoRomero,duskaint
HugoRomero,onewheelyboi
HugoRomero,RamiroMatas
HugoRomero,matthewzeitoun
HugoRomero,mmtnz22
HugoRomero,film_dude
HugoRomero,ChunkyDancer
HugoRomero,halliballi
HugoRomero,cinemafreak_
HugoRomero,thiagofilardi
HugoRomero,lott_offline
HugoRomero,chava14
HugoRomero,Alonso25
HugoRomero,Trufo
HugoRomero,FalkonFace
HugoRomero,keithuhlich
HugoRomero,carolinemaxwell
HugoRomero,straubbhuillet
HugoRomero,Gymnopedie
HugoRomero,BlueWhale307
HugoRomero,Estrella5zul
HugoRomero,organictea
HugoRomero,balnearios
HugoRomero,veocine
HugoRomero,DeividDiGiel
HugoRomero,paullhiabastres
HugoRomero,eccelo
HugoRomero,goliathreturns
HugoRomero,JordanBrooks
HugoRomero,cautivodelmal
HugoRomero,Ramitarkovsky
HugoRomero,NeoBhatia
HugoRomero,coolmintpuffbar
HugoRomero,ericallenhatch
HugoRomero,MuzWot
HugoRomero,lobipes
HugoRomero,Reilly
HugoRomero,FandomWire
HugoRomero,jasondashbailey
HugoRomero,ElianUwU
HugoRomero,sergir
HugoRomero,jacobstertz
HugoRomero,TaxiFlyer
HugoRomero,josephhagan75
HugoRomero,Vinnin
HugoRomero,Malir
HugoRomero,antodelcore
HugoRomero,ComandanteOso
HugoRomero,Nut_Hoskins
HugoRomero,bradychilds
HugoRomero,Caled0nia
HugoRomero,hershwin
HugoRomero,_keeschalmers
HugoRomero,allicinema
Jarsito,piledrivrrwaltz
Jarsito,bogartiano
Jarsito,Dani_boyle4
Jarsito,AzurehDreams
Jarsito,gxnisson
Jarsito,luxlordan
Jarsito,jaimeac
Jarsito,AminVillalba
Jarsito,Space___Monkey
Jarsito,Vareludo
Jarsito,batsebas
Jarsito,meodyle
Jarsito,guillehormigo
Jarsito,igortxu
Jarsito,irenarca
Jarsito,eternalmoon
Jarsito,straubbhuillet
Jarsito,albabopp
Jarsito,jorgealonsot
Jarsito,violettearhart
Jarsito,irene_domingz
Jarsito,will_llermo
Jarsito,Rodri_Go
Jarsito,nachoalvarezgl
Jarsito,praseodymium
Jarsito,DarckRevan
Jarsito,RachelMyGod
Jarsito,Marcos_M_Rom
Jarsito,burk26
Jarsito,yoanmav
Jarsito,Sirah_Wiedemann
Jarsito,caoscinefilo
Jarsito,Angryangie17
Jarsito,JuanGL001
Jarsito,ermanakgul
Jarsito,carrmenbs
Jarsito,sapalazz
Jarsito,estelagonzalez
Jarsito,clara_oscura
Jarsito,annxvillar
Jarsito,jjm_24
Jarsito,mispeliculas_
Jarsito,dicklaurenttt
Jarsito,figmare
Jarsito,inescalero
Jarsito,retabloo
Jarsito,alfredomzf
Jarsito,andreaemedeme
Jarsito,killune
Jarsito,clabanq
Jarsito,Lor_alesar
Jarsito,jiajieyy
Jarsito,Clara1378
Jarsito,Helenabg
Jarsito,spellerberg
Jarsito,c1b3rc3lia
Jarsito,Travmovie123
Jarsito,Melancolirica_
Jarsito,itsqalid
Jarsito,BlueBoxer
Jarsito,Gymnopedie
Jarsito,Lostintheloost
Jarsito,Jadzcor
Jarsito,Ged__
Jarsito,Simonsds
Jarsito,Abu222
Jarsito,quber
Jarsito,cinephile1980
Jarsito,celiakiedis
Jarsito,ricoque
Jarsito,CantStopTheBot
Jarsito,DanielQuinn
Jarsito,Spoorloos
Jarsito,pedropinho
Jarsito,josanjosan
Jarsito,becevi
Jarsito,jndcar
Jarsito,Colin_Maillard
Jarsito,marioquema
Jarsito,dfeck
Jarsito,CtrlAltL
Jarsito,anaorgana
Jarsito,paloma55
Jarsito,topfilmtuiter
Jarsito,RogerCres96Bar
Jarsito,sandracv
Jarsito,luisaceitunop
Jarsito,spacealioddity
Jarsito,AlbertGC
Jarsito,jal90
Jarsito,totevaga
Jarsito,gothampay
Jarsito,jordigrifol
Jarsito,javvvvvvvvi
Jarsito,MensajeraMojave
Jarsito,Jorgenious
Jarsito,Films2Festivals
Jarsito,Nerviosdeacero
Jarsito,bobarossa
Jarsito,photoaddict
Jarsito,europaro
Jarsito,robiomos
Jarsito,beetleboy11
Jarsito,erredeme
Jarsito,redjor
Jarsito,GerardAparicio
Jarsito,JulioOs
Jarsito,Nebre
Jarsito,alfcasado
Jarsito,Javchas
Jarsito,martamrm
Jarsito,xemendy
Jarsito,elchampo
Jarsito,Puchinha
Jarsito,oljead
Jarsito,Vicioinherente
Jarsito,Asiergaua
Jarsito,AndBrightside
Jarsito,zorrademar
Jarsito,_rakkk
Jarsito,utges
Jarsito,cubanitabar
Jarsito,nataliabzp
Jarsito,Faure
Jarsito,javivalera
Jarsito,fshtravis
Jarsito,pele_alvaro
Jarsito,jaimeestrela1
Jarsito,Ferrandis
Jarsito,CanijaChan
Jarsito,sholok
Jarsito,mahone9now9
Jarsito,Kirkis
Jarsito,BoostGuardian
Jarsito,Vegto389
Jarsito,teijekun
Jarsito,jmromanos
Jarsito,EricBeauzay
Jarsito,Colmener
Jarsito,Lux_Lisbon
Jarsito,miguelyllo
Jarsito,Adam_Kadmon
Jarsito,Algomocu
Jarsito,JuansZ
Jarsito,JohnSoga
Jarsito,Batty
Jarsito,gaarci
Colmener,javiier97
Colmener,irenarca
Colmener,batsebas
Colmener,verzoneenozrev
Colmener,burk26
Colmener,gaydepresivo
Colmener,Perswazja
Colmener,ahmed155
Colmener,Tasabbir
Colmener,figmare
Colmener,vridian4luna
Colmener,paloma55
Colmener,arthousecanon3
Colmener,tuan1709
Colmener,sigras
Colmener,Gymnopedie
Colmener,nichedeath
Colmener,Rafaaelpa
Colmener,cinephile1980
Colmener,Ged__
Colmener,jmrebollo
Colmener,joe8
Colmener,delirederev
Colmener,guiselita
Colmener,bandinisvevo
Colmener,MikeMeltzer
Colmener,Abu222
Colmener,Oraj
Colmener,davetcourt
Colmener,Paula_Arantzazu
Colmener,ezequiel2517
Colmener,MadeInHongKong
Colmener,CAVAL_____
Colmener,axeman
Colmener,Carrotbourke
Colmener,KOUZc1
Colmener,caoscinefilo
Colmener,JaelenKearney
Colmener,nachocallejo
Colmener,jal90
Colmener,bustinduy
Colmener,topfilmtuiter
Colmener,Tabigeraldo
Colmener,Blanchot
Colmener,Cinematofilo
Colmener,oreste17
Colmener,bojan1
Colmener,Seventh_Persona
Colmener,dell3rskip
Colmener,lynchianlumiere
Colmener,OLBE1802
Colmener,yarasaud
Colmener,BANDER1992
Colmener,BoostGuardian
Colmener,diabolicaldrz
Colmener,fshtravis
Colmener,poetereau
Colmener,wokeahontas
Colmener,ritamem
Colmener,platanodesombra
Colmener,MundoRath
Colmener,Ryangamartins
Colmener,Ivan_Suarez
Colmener,richardzerpa
Colmener,ya123456
Colmener,Fanmovies
Colmener,fotoscarnet
Colmener,adriaaprietoo_
Colmener,oscarkit316
Colmener,bodhan11
Colmener,mrsspoilers
Colmener,iamcoffeeboy0
Colmener,karstico
Colmener,OscarBDC
Colmener,toMb1
Colmener,Tutusaur
Colmener,automat
Colmener,Ensorcelor
Colmener,DonJuanF
Colmener,gustcard96
Colmener,Koenig
Colmener,Lawgiver
Colmener,sorayagf
Colmener,quber
Colmener,pike_97
Colmener,Miketheguy12
Colmener,Cristian92
Colmener,sethstuart13
Colmener,JDoe
Colmener,Heisenburgh
Colmener,pekeniapadawan
Colmener,jacobstertz
Colmener,Maties_TP
Colmener,Frankgallagher7
Colmener,ms_stardust
Colmener,LadyNyx
Colmener,The39thMan
Colmener,ajpapas
Colmener,NeoBhatia
Colmener,zakil25
Colmener,insidemovies84
Colmener,O_SeRKaN_O
Colmener,PhilPhil
Colmener,isaacbarragan
Colmener,AuroraNocte
Colmener,OzuTeapot
Colmener,pele_alvaro
Colmener,WaltonReviews
Colmener,surregoc
Colmener,rigoayala
Colmener,bleakmidwinter
Colmener,Kubrickiano
Colmener,daliteen
Colmener,mahone9now9
Colmener,selimrecai
Colmener,neonghostwolf
Colmener,MargotH
Colmener,joaoalmeida_20
Colmener,SachiiSez
Colmener,Saba1e7e
Colmener,Daniblacksmoke
Colmener,RachelMyGod
Colmener,gazzyg
Colmener,ERafferty
Colmener,hammerbros94
Colmener,aaronh
Colmener,rupamateur
Colmener,SuperSamReviews
Colmener,Keith_Dwyer
Colmener,Vegto389
Colmener,lekenfest
Colmener,MikeOwens23
Colmener,ChemaAR
Colmener,Juanco
Colmener,AporelOscar
Colmener,jmromanos
Colmener,Kirkis
Colmener,deepbluefunk
Colmener,devuelta
Colmener,Adam_Kadmon
Colmener,pablogafa
Colmener,NickyD
Colmener,Batty
Colmener,Algomocu
Colmener,Lux_Lisbon
Colmener,ElMarcos
Colmener,Jarsito
utges,amanda629
utges,vierin
utges,javiier97
utges,Marcos_M_Rom
utges,mispeliculas_
utges,anandumadhu__
utges,batsebas
utges,verzoneenozrev
utges,ricbritojr
utges,SamuelLaser
utges,kerstray
utges,elenacf
utges,Isart
utges,Noemi94
utges,idontsnore
utges,sandracv
utges,TaeSuk
utges,esnapur
utges,rubenmontero
utges,Sirah_Wiedemann
utges,gorkalonso1
utges,kollapsarian
utges,matmlo
utges,swim
utges,ontariroo
utges,Sammylanister
utges,verniers
utges,ALazyCommunist
utges,omarznari
utges,cahierspositif
utges,fish_inn
utges,tiagocosta32
utges,pornographyyy
utges,_Carlos_
utges,MrRoberts1987
utges,Diegoceprez
utges,Vladimirovsky
utges,knockkneed
utges,exoticeusebia
utges,urielmora
utges,ZachB97
utges,matteoB
utges,SLGC
utges,guillehormigo
utges,asiteb
utges,VICEStaff
utges,HobbsEnd
utges,achi2019
utges,mauromachado3
utges,saulo36
utges,Diego_Sensei
utges,MarcBallesteros
utges,Shohnny
utges,arturocg93
utges,genzai_2
utges,GreenArrow777
utges,MaboroshiMirage
utges,dessplanetada
utges,cartonet
utges,Leguroz
utges,gondmayx
utges,Ged__
utges,Simonsds
utges,quber
utges,cinephile1980
utges,retabloo
utges,Saba1e7e
utges,Thomkeaton
utges,barrenillusion
utges,mlpv86
utges,Magdaleno
utges,Malala
utges,alberfg
utges,pedropinho
utges,elaguainmovil
utges,EloyG8
utges,will_llermo
utges,firejuice
utges,BattleNug
utges,trikuxabi
utges,FrancoRizzo
utges,Juniper_girl
utges,jlorenzo
utges,itsmerocio
utges,Ninotchka
utges,Anxosoi
utges,DanielBalart
utges,maciaflorit
utges,Cristian92
utges,Ardwyw
utges,Banlieues
utges,Samer_Eslahf3y
utges,Doark13
utges,violetaraykuaza
utges,adrianlousan
utges,Midegeneracion
utges,AndresTM
utges,igortxu
utges,Colmener
utges,FaildeGuionista
utges,Abu222
utges,Michelozzo
utges,bustinduy
utges,Glorfindel7567
utges,Lobo_Lopez
utges,MarioIglesias
utges,Vicioinherente
utges,Salchitatu
utges,Jarsito
utges,ezequiel2517
utges,UrbanoJ
utges,andonimaz
utges,ikanonakis
utges,omnieya
utges,nesetel
utges,poetereau
utges,synthemesco
utges,nichedeath
utges,alvmb
utges,Didacus
utges,rafaqc97
utges,DanielEscaners
utges,DanielQuinn
utges,Colin_Maillard
utges,ExplodingBoy
utges,caoscinefilo
utges,paloma55
utges,alighieri
utges,deathmasks
utges,straubbhuillet
utges,nonstated
utges,hobbitillo
utges,mmgarnica
utges,Vareludo
utges,john_dodge
utges,LMRN
utges,jal90
utges,Trotsky97
utges,chillgisela
utges,aitortkm
utges,topfilmtuiter
utges,Puchinha
utges,xosemfdez
utges,Ivan_Suarez
utges,Melocotonazo11
utges,Pauixitador
utges,Batty
utges,MacDePablo
utges,Bergman_123
utges,FengYuxiang
utges,Tasabbir
utges,Javchas
utges,ComandanteOso
utges,A_Karerina
utges,pele_alvaro
utges,Mann_Ohne_Namen
utges,S_Jon_
utges,joseamores65
utges,Faure
utges,boygeorgeii
utges,tulin
utges,Daniblacksmoke
utges,uryenbg
utges,Sepvira
utges,Ricky_QD82
utges,trebumia
utges,Ruben0
utges,jjm_24
utges,pablofdezperez
utges,pasty90
utges,RogerCres96Bar
utges,evillights
utges,Isaac98tm
utges,gomesdudis
utges,al1997
Jorgemz,eggmosetheboss
Jorgemz,mariannamarqz
Jorgemz,batsebas
Jorgemz,The_horrorlove
Jorgemz,aliciabravo_
Jorgemz,Brivnxx
Jorgemz,jjm_24
Jorgemz,verzoneenozrev
Jorgemz,Andcgar
Jorgemz,Vimpxx
Jorgemz,Bishop7986
Jorgemz,lusendra
Jorgemz,Corazon_delator
Jorgemz,eternalmoon
Jorgemz,saraj48
Jorgemz,living_reminder
Jorgemz,inesde14
Jorgemz,Robertogc
Jorgemz,temsqui
Jorgemz,aloe_veeraa
Jorgemz,mrtasz
Jorgemz,Hildy_Johnson_
Jorgemz,overtlypeculiar
Jorgemz,zdravidz
Jorgemz,Sammylanister
Jorgemz,DoranMartell
Jorgemz,Daroet
Jorgemz,James_Mikul
Jorgemz,carlosrglv
Jorgemz,utkubky
Jorgemz,estelagonzalez
Jorgemz,mzfilm
Jorgemz,soyjonaguirre
Jorgemz,virgenyfurioso
Jorgemz,kbrinkmann
Jorgemz,Carli94
Jorgemz,malamuerte
Jorgemz,mariavalz_
Jorgemz,natxoney
Jorgemz,diegobennitezz
Jorgemz,ItayR
Jorgemz,wolfierania
Jorgemz,rodrigux_
Jorgemz,dumbfcks
Jorgemz,PauletteBdz
Jorgemz,otherfinalgirl
Jorgemz,xoandsj
Jorgemz,afterrequiem
Jorgemz,michelangelovq
Jorgemz,cristinafsanz
Jorgemz,pirracas
Jorgemz,carlottasanz
Jorgemz,antoniocmpss
Jorgemz,BonsAdalas
Jorgemz,jesusnomequiere
Jorgemz,zzzrico
Jorgemz,salvador01_
Jorgemz,guillesevi
Jorgemz,justabriefsmile
Jorgemz,BingerRacer
Jorgemz,marga_mm
Jorgemz,Blanse
Jorgemz,BlueSue
Jorgemz,coquesuncle
Jorgemz,juano2000
Jorgemz,amordehaneke
Jorgemz,nachoalvarezgl
Jorgemz,Pratssss
Jorgemz,quiquiriquique
Jorgemz,Rdosdedos
Jorgemz,gorkalonso1
Jorgemz,lauramllorente
Jorgemz,Ayrin8
Jorgemz,filmfalmman
Jorgemz,pelopantene
Jorgemz,ElishaDorfsmith
Jorgemz,alvySinger_
Jorgemz,robbmonn
Jorgemz,krlosierra
Jorgemz,poesierock
Jorgemz,ALEXSINMAS
Jorgemz,cucutrash
Jorgemz,filmil_
Jorgemz,Ged__
Jorgemz,Simonsds
Jorgemz,quber
Jorgemz,flowerlov3r
Jorgemz,jmrebollo
Jorgemz,marquinios
Jorgemz,Pablofaldao
Jorgemz,xando1984
Jorgemz,ameliapinillos
Jorgemz,HelenWelonmelon
Jorgemz,anahaiku
Jorgemz,topfilmtuiter
Jorgemz,AndresTM
Jorgemz,paloma55
Jorgemz,bournefrompain
Jorgemz,Rutgerus86
Jorgemz,longimanushark
Jorgemz,chandalf
Jorgemz,prrobarroquista
Jorgemz,manuelfrvd
Jorgemz,ReptilianRajoy
Jorgemz,Nicodn
Jorgemz,TaccoZ
Jorgemz,maariaslg
Jorgemz,alexandrabtz
Jorgemz,jmfrances
Jorgemz,Ryan_Paduano
Jorgemz,hannacanterdale
Jorgemz,NihalGupta
Jorgemz,alvargonzalez
Jorgemz,menmarrero
Jorgemz,Mr_Hollywood
Jorgemz,Shafeer_
Jorgemz,montsearagon
Jorgemz,moguschewitz
Jorgemz,spheres
Jorgemz,elipuxineli23
Jorgemz,mirandalacasa
Jorgemz,luisavilaz
Jorgemz,nitrospredator
Jorgemz,Aurxsm
Jorgemz,matthewzeitoun
Jorgemz,Colin_Maillard
Jorgemz,Willor
Jorgemz,AndrewF2007
Jorgemz,OLBE1802
Jorgemz,vrossique
Jorgemz,niceguy67
Jorgemz,zoe_tsolaki
Jorgemz,fkeplastictrees
Jorgemz,Tumbletoppel
Jorgemz,bradenmcd
Jorgemz,Alvaroquinn
Jorgemz,Quasidingo
Jorgemz,Gymnopedie
Jorgemz,CinemaTweets
Jorgemz,outkastatlast
Jorgemz,carlaromano
Jorgemz,veocine
Jorgemz,Brendonyu668
Jorgemz,trikitroko
Jorgemz,Danthefilmman
Jorgemz,Justin_Peterson
Jorgemz,FandomWire
Jorgemz,Cyeg12c
Jorgemz,Luisaberzo
Jorgemz,LeoReviews
Jorgemz,pedrojj
Jorgemz,aledraper
Jorgemz,Genatossio30001
Jorgemz,film_freakk
Jorgemz,strohmie13
Jorgemz,yshxkh
Jorgemz,316
Jorgemz,allicinema
Jorgemz,g_emi
Jorgemz,ComandanteOso
Jorgemz,teoplanell
Jorgemz,andreaamedrano_
Jorgemz,saaracarrasco
Jorgemz,animaldoctor
Marcos_M_Rom,vics75
Marcos_M_Rom,heelena9
Marcos_M_Rom,AndresTM
Marcos_M_Rom,estelagonzalez
Marcos_M_Rom,soymele
Marcos_M_Rom,rosarioss
Marcos_M_Rom,MarialeBernedo
Marcos_M_Rom,MaximErkin12345
Marcos_M_Rom,FernandezAM
Marcos_M_Rom,pilarrodenas
Marcos_M_Rom,izhaac
Marcos_M_Rom,sapillopillo
Marcos_M_Rom,perse77
Marcos_M_Rom,milalune
Marcos_M_Rom,manuelmaar
Marcos_M_Rom,Lrnzoo
Marcos_M_Rom,emir_ea
Marcos_M_Rom,jpigno
Marcos_M_Rom,DanielOrate
Marcos_M_Rom,Ryancscarvalho
Marcos_M_Rom,Thiago9111
Marcos_M_Rom,metasboc
Marcos_M_Rom,viniciusbrandao
Marcos_M_Rom,DanielQuinn
Marcos_M_Rom,kane_ro
Marcos_M_Rom,fgonzalezse
Marcos_M_Rom,javiier97
Marcos_M_Rom,chuuyant
Marcos_M_Rom,audioshock
Marcos_M_Rom,witchl3n_
Marcos_M_Rom,v4mp_mafer
Marcos_M_Rom,shamona
Marcos_M_Rom,mrzkiirmdhan21
Marcos_M_Rom,luct74
Marcos_M_Rom,mulhollandykeee
Marcos_M_Rom,genovevabeatriz
Marcos_M_Rom,keen_cabz
Marcos_M_Rom,ttomasjz
Marcos_M_Rom,revphenomena
Marcos_M_Rom,martincornejo
Marcos_M_Rom,Mixander
Marcos_M_Rom,alonsodvt
Marcos_M_Rom,charlitin
Marcos_M_Rom,diegucci_
Marcos_M_Rom,TaeSuk
Marcos_M_Rom,MarioIglesias
Marcos_M_Rom,zoet06
Marcos_M_Rom,david_lezher
Marcos_M_Rom,Alephbeth
Marcos_M_Rom,nanaohnana
Marcos_M_Rom,igorbtk
Marcos_M_Rom,EloyG8
Marcos_M_Rom,will_llermo
Marcos_M_Rom,maesepenin
Marcos_M_Rom,alemartin
Marcos_M_Rom,verzoneenozrev
Marcos_M_Rom,quber
Marcos_M_Rom,utges
Marcos_M_Rom,uwugorka
Marcos_M_Rom,JuananSalmeron
Marcos_M_Rom,fedr_andrs
Marcos_M_Rom,durefranco
Marcos_M_Rom,ffeder1co
Marcos_M_Rom,Kadu_Mendes0001
Marcos_M_Rom,jota_create
Marcos_M_Rom,guillehormigo
Marcos_M_Rom,LaurieAnnFdez
Marcos_M_Rom,Critic17_
Marcos_M_Rom,Paulvon
Marcos_M_Rom,kozmicblue_s
Marcos_M_Rom,alvaroll7
Marcos_M_Rom,nicodeayer
Marcos_M_Rom,francosiri
Marcos_M_Rom,AntoLosso
Marcos_M_Rom,kaztiel666
Marcos_M_Rom,ppdroo
Marcos_M_Rom,Youquendo
Marcos_M_Rom,dcruzz99
Marcos_M_Rom,farinelli_
Marcos_M_Rom,filmsbymika
Marcos_M_Rom,cristologia
Marcos_M_Rom,Polotko
Marcos_M_Rom,sofibru
Marcos_M_Rom,Lubilder
Marcos_M_Rom,camooaaa
Marcos_M_Rom,felip6969
Marcos_M_Rom,ValenLattanzio
Marcos_M_Rom,somdeii
Marcos_M_Rom,Santieejuarez
Marcos_M_Rom,Miguelitross
Marcos_M_Rom,arielish
Marcos_M_Rom,CFT1977
Marcos_M_Rom,santii1899
Marcos_M_Rom,Rapote
Marcos_M_Rom,rachelerr_
Marcos_M_Rom,roski666
Marcos_M_Rom,rgdr7
Marcos_M_Rom,kalil64
Marcos_M_Rom,mariilau
Marcos_M_Rom,Ynaqui
Marcos_M_Rom,Siriusgetre
Marcos_M_Rom,diego_heredia_7
Marcos_M_Rom,CineclubGoy
Marcos_M_Rom,AcervoFilmico
Marcos_M_Rom,Sovietanjiro
Marcos_M_Rom,GordoMiraPelis
Marcos_M_Rom,JesutinoHur
Marcos_M_Rom,alfajortriple
Marcos_M_Rom,Ramiro912
Marcos_M_Rom,Jere__
Marcos_M_Rom,DlONISIO
Marcos_M_Rom,devilwearsvans
Marcos_M_Rom,nachosiciliano
Marcos_M_Rom,mirkof9
Marcos_M_Rom,Cupola
Marcos_M_Rom,davidd_g18
Marcos_M_Rom,semionato
Marcos_M_Rom,_Carlos_Eduardo
Marcos_M_Rom,anakin_23
Marcos_M_Rom,JaviBeatle
Marcos_M_Rom,crisexeflores
Marcos_M_Rom,Mariano3677
Marcos_M_Rom,santispirata
Marcos_M_Rom,miguel_ac21
Marcos_M_Rom,ulisesmena03
Marcos_M_Rom,hawkinsj977
Marcos_M_Rom,manueelmarquezz
Marcos_M_Rom,EMTV27
Marcos_M_Rom,a7etere
Marcos_M_Rom,Air_Fryer_
Marcos_M_Rom,Baalknowledge
Marcos_M_Rom,Moviewolf90
Marcos_M_Rom,marze2
Marcos_M_Rom,lblancora
Marcos_M_Rom,niloelrio
Marcos_M_Rom,gabrieljmnz
Marcos_M_Rom,facuHssjj
Marcos_M_Rom,Nanito01_
Marcos_M_Rom,Bad_MF
Marcos_M_Rom,jonindiepassion
Marcos_M_Rom,Jesusblake
Marcos_M_Rom,Warriors10
Marcos_M_Rom,afbc1028
Marcos_M_Rom,frcguus
Marcos_M_Rom,xxRC_A
Marcos_M_Rom,extruggle
Marcos_M_Rom,vernell
Marcos_M_Rom,CeFeCe
Marcos_M_Rom,hulioalmibar
Marcos_M_Rom,Riba0
Marcos_M_Rom,FacundoGalvan
Marcos_M_Rom,FelipeBautista
Marcos_M_Rom,eljpax
Marcos_M_Rom,The_horrorlove
Marcos_M_Rom,AndresGarza
Marcos_M_Rom,aichel_06
Marcos_M_Rom,A_Karerina
Marcos_M_Rom,loreclau
Marcos_M_Rom,NestorDlaVi
Marcos_M_Rom,imisha
Marcos_M_Rom,FilmaticDeath
Marcos_M_Rom,999calorias
Marcos_M_Rom,annach0nic
Marcos_M_Rom,Scarylary
Marcos_M_Rom,shorthairnobra
Marcos_M_Rom,onicz
Marcos_M_Rom,CAFerrer
Marcos_M_Rom,apicla
Marcos_M_Rom,vveverton
Marcos_M_Rom,Johnnk
Marcos_M_Rom,gabrielm3
Marcos_M_Rom,LMMDC
Marcos_M_Rom,cravero
Marcos_M_Rom,fffeli
Marcos_M_Rom,chelhbravo
Marcos_M_Rom,alfoonsso
Marcos_M_Rom,TaniaP
Marcos_M_Rom,Agustinn__
Marcos_M_Rom,enzorivasleonel
Marcos_M_Rom,pabloalazar
Marcos_M_Rom,morffezzz
Marcos_M_Rom,gaby13
Marcos_M_Rom,emilianogaeloj
Marcos_M_Rom,aguscestmoi
Marcos_M_Rom,burs
Marcos_M_Rom,vela___
Marcos_M_Rom,Jarsito
Marcos_M_Rom,newelsb
Marcos_M_Rom,kenia_dc
Marcos_M_Rom,facundojp
Marcos_M_Rom,ricardodvilches
Marcos_M_Rom,Ditolungo
Marcos_M_Rom,wichip
Marcos_M_Rom,juanjocerero
Marcos_M_Rom,miiguelrubiio
Marcos_M_Rom,sofmcarden
Marcos_M_Rom,t_war
Marcos_M_Rom,Zerale
Marcos_M_Rom,allenrue
Marcos_M_Rom,veranuclear
Marcos_M_Rom,Fernando2004
Marcos_M_Rom,grdeeva
Marcos_M_Rom,jenarenp
Marcos_M_Rom,imanolrod
Marcos_M_Rom,ealex_torres
Marcos_M_Rom,ppzo
Marcos_M_Rom,malatesta19
Marcos_M_Rom,santos3002141
Marcos_M_Rom,obra_del_siglo
Marcos_M_Rom,ElCharlie___
Marcos_M_Rom,richardweich
Marcos_M_Rom,T3quila_Suns3t
Marcos_M_Rom,Jbru90
Marcos_M_Rom,sebas__
Marcos_M_Rom,simongil_
Marcos_M_Rom,marivalero
Marcos_M_Rom,elasblue
Marcos_M_Rom,bl0ndek1d
Marcos_M_Rom,Sofi_nadsat
Marcos_M_Rom,twd0f
Marcos_M_Rom,genzai_2
Marcos_M_Rom,isaidwhatisaid
Marcos_M_Rom,MrStranStran
Marcos_M_Rom,sweetphy
Marcos_M_Rom,FabioCabrisas
Marcos_M_Rom,al98_67
Marcos_M_Rom,santie11
Marcos_M_Rom,darioreyes10
Marcos_M_Rom,kbrinkmann
Marcos_M_Rom,Lau_Fong
Marcos_M_Rom,Fales
Marcos_M_Rom,oucharenkoo
Marcos_M_Rom,Artisteando
Marcos_M_Rom,bernax16
Marcos_M_Rom,jolethw
Marcos_M_Rom,Niux03
Marcos_M_Rom,robert_dante
Marcos_M_Rom,raccordmag
Marcos_M_Rom,dariopicon
Marcos_M_Rom,burbufilms
Marcos_M_Rom,fausto14
Marcos_M_Rom,jjm_24
Marcos_M_Rom,linanay
Marcos_M_Rom,cristttobal
Marcos_M_Rom,marciarojass
Marcos_M_Rom,Cinepatico
Marcos_M_Rom,Peibolster
Marcos_M_Rom,nightenday
Marcos_M_Rom,rohmersangsoo
Marcos_M_Rom,87dance
Marcos_M_Rom,jgc2004
Marcos_M_Rom,Zike_V
Marcos_M_Rom,naycreo
Marcos_M_Rom,embalmingdrain
Marcos_M_Rom,Kqaqkl
Marcos_M_Rom,yieibi
Marcos_M_Rom,cicciovass
Marcos_M_Rom,Pompoarism0
Marcos_M_Rom,WildAndCrazy
Marcos_M_Rom,Tuffek
Marcos_M_Rom,ismaaaa_
Marcos_M_Rom,aciyoseik
Marcos_M_Rom,hwiiiita
Marcos_M_Rom,gondmayx
Marcos_M_Rom,CriticalLemon97
Marcos_M_Rom,fredricmarch
Marcos_M_Rom,Doark13
Marcos_M_Rom,chxorlie
Marcos_M_Rom,FIB1203
Marcos_M_Rom,maki0x
Marcos_M_Rom,gabrielsilvav
Marcos_M_Rom,gorkalonso1
Marcos_M_Rom,thomasubieda
Marcos_M_Rom,MovieCutCat
Marcos_M_Rom,Lukinha_crispim
Marcos_M_Rom,militarymenluvr
Marcos_M_Rom,locloco
Marcos_M_Rom,Kingmixer
Marcos_M_Rom,Vale__Ka
Marcos_M_Rom,shownushownu
Marcos_M_Rom,moazmoaz13
Marcos_M_Rom,Solipnihil
Marcos_M_Rom,JoanCuadrado
Marcos_M_Rom,user_sanjay_
Marcos_M_Rom,maceiofr
Marcos_M_Rom,sherweyn
Marcos_M_Rom,Samurai454
Marcos_M_Rom,CURLY_K
Marcos_M_Rom,JordanMc22
Marcos_M_Rom,romanian
Marcos_M_Rom,fallenstickman
Marcos_M_Rom,wissemmmm
Marcos_M_Rom,Olivemeow
Marcos_M_Rom,gabsf1
Marcos_M_Rom,juan_xld
Marcos_M_Rom,Venky999
Marcos_M_Rom,movies46078
Marcos_M_Rom,laurieelooo
Marcos_M_Rom,rynlxi
Marcos_M_Rom,LeonRR97
Marcos_M_Rom,hurnyfish006
Marcos_M_Rom,GodTheDodo
Marcos_M_Rom,Colin_Reviews_
Marcos_M_Rom,DanOFlaitre
Marcos_M_Rom,batsebas
Marcos_M_Rom,AuroraNocte
Marcos_M_Rom,Kevintomiranda
Marcos_M_Rom,AlaNatural
Marcos_M_Rom,JavierJValencia
Marcos_M_Rom,shanemp01
Marcos_M_Rom,augustkeller
Marcos_M_Rom,topfilmtuiter
Marcos_M_Rom,victormelenedez
Marcos_M_Rom,Persona06
Marcos_M_Rom,mrfilipeorlando
Marcos_M_Rom,Gymnopedie
Marcos_M_Rom,strawberryca
Marcos_M_Rom,ROKUNA
Marcos_M_Rom,binaryfilm
Marcos_M_Rom,josephhagan75
Marcos_M_Rom,paloma55
Marcos_M_Rom,JorgeV96
Marcos_M_Rom,zpider_zoom
Marcos_M_Rom,jal90
Marcos_M_Rom,Billamuna
Marcos_M_Rom,jotaknows
Marcos_M_Rom,httpnigel
Marcos_M_Rom,tania101
Marcos_M_Rom,Bresil
Marcos_M_Rom,bradyyboyy
Marcos_M_Rom,globalfilm
Marcos_M_Rom,williamfaeleith
Marcos_M_Rom,MocodePavo
Marcos_M_Rom,luisvelasquez
Marcos_M_Rom,FabioVG
Marcos_M_Rom,TennesseeJoe
Marcos_M_Rom,xzetaprobe
Marcos_M_Rom,Yanna_Ferrari
Marcos_M_Rom,rachelbenittez
Marcos_M_Rom,elMoltisanti
Marcos_M_Rom,TONITOSKY
Marcos_M_Rom,Ali_Xiques
Marcos_M_Rom,Juanky97
Marcos_M_Rom,pqrsaif
Marcos_M_Rom,lautaroblanco
Borinot,ShinCerberus
Borinot,EMTV27
Borinot,Dec1ma_
Borinot,Murga_833
Borinot,Winteru
Borinot,RAMZ7
Borinot,Asjad_Malik
Borinot,Youquendo
Borinot,bogartiano
Borinot,xicarazinha
Borinot,batsebas
Borinot,chemybote
Borinot,ElCobertizo
Borinot,rodasons
Borinot,joshuamcfreddy
Borinot,MagisterLudi
Borinot,maciaflorit
Borinot,Theoria66
Borinot,joofe11
Borinot,DrWright
Borinot,Alegreto
Borinot,bander7
Borinot,El_lope
Borinot,Doark13
Borinot,munojav
Borinot,gloriadsan
Borinot,Jarsito
Borinot,Irmavep23
Borinot,gorkalonso1
Borinot,Marcos_M_Rom
Borinot,DoranMartell
Borinot,Carlos_
Borinot,kkeppokki
Borinot,Hugollg03
Borinot,juanjocerero
Borinot,akiwiwa
Borinot,JoffreOfOz
Borinot,Deli750
Borinot,CideHamete
Borinot,klinfilm
Borinot,michelangelovq
Borinot,ssoggnno
Borinot,soyiruu
Borinot,ElPelifomano
Borinot,TaeSuk
Borinot,aestheticmovie
Borinot,figmare
Borinot,miarblas
Borinot,DrunkenGandor
Borinot,EzNaiz_
Borinot,cherry06
Borinot,BrunoStarring
Borinot,daniel_daranas
Borinot,piiranesi
Borinot,Cinepatico
Borinot,Natamonc
Borinot,semihsevindik
Borinot,MrLombreeze
Borinot,Grandine
Borinot,chusverduras
Borinot,Manuki
Borinot,MatleTV
Borinot,septiembree
Borinot,Filmandera
Borinot,CinefiliaCult
Borinot,serum114_crm114
Borinot,thoriel93
Borinot,dieggovera
Borinot,Cuauhtemoc
Borinot,Toshiro15
Borinot,deiros
Borinot,Franc_
Borinot,Ozzy14
Borinot,guxiguxi
Borinot,elrau007
Borinot,jlizaran
Borinot,AshWilliams92
Borinot,rosebudshears
Borinot,arthousecanon
Borinot,Cazorlab
Borinot,ttrrgg
Borinot,AlejoR
Borinot,martinto_013
Borinot,dormiloncin
Borinot,maestroak
Borinot,Leguroz
Borinot,ojocinefilo
Borinot,The_Ikari
Borinot,israel1916
Borinot,Simonsds
Borinot,cinephile1980
Borinot,quber
Borinot,Malala
Borinot,blighted_ovum
Borinot,Scara
Borinot,Mikio_Fassberma
Borinot,Psychofrog7
Borinot,Ebube710
Borinot,parmeno121
Borinot,Cry_Wolf
Borinot,daveroc
Borinot,mateoarlopez
Borinot,sowrender
Borinot,PampliMoore
Borinot,jondarru
Borinot,Travmovie123
Borinot,DavidGS90
Borinot,Ally_Pitts
Borinot,danifutb
Borinot,jjunior
Borinot,ImanolDP
Borinot,istareth
Borinot,Faust_Hoffman
Borinot,gondmayx
Borinot,LynxTO
Borinot,Nistaler
Borinot,RayER
Borinot,NestorDlaVi
Borinot,Ricimero
Borinot,topfilmtuiter
Borinot,adrianet93
Borinot,amirhorror
Borinot,manuelmarquez
Borinot,Ivan_Suarez
Borinot,fer_yescas15
Borinot,Abu222
Borinot,HybridProphecy
Borinot,neilbelieves
Borinot,opinologo80
Borinot,ale_piq
Borinot,bandinisvevo
Borinot,xitorrito
Borinot,jjm_24
Borinot,Maincinema
Borinot,Oraj
Borinot,Marysunshi
Borinot,maxfenton
Borinot,MallmannRocks
Borinot,Alchemy97
Borinot,JoanCuadrado
Borinot,Asiateca
Borinot,MetforalL
Borinot,Manex20
Borinot,Ikisabi
Borinot,JosueSanche
Borinot,frankHz86
Borinot,ordinaryvanity
Borinot,tunonegro
Borinot,MoreWatson
Borinot,urielmora
Borinot,_Raskolnikov_
Borinot,ToniGener
Borinot,Daroet
Borinot,martinnagaarcia
Borinot,77_Gianluca_88
Borinot,The_Counselor
Borinot,Xavistwood
Borinot,Arzu89
Borinot,Blanse
Borinot,adricollantex
Borinot,Lenny_Nero
Borinot,paloma55
Borinot,Marinetti
Borinot,The_horrorlove
Borinot,Midegeneracion
Borinot,Fassbinder_71
Borinot,Noirtopia
Borinot,enayat
Borinot,Kikuchiyo7
Borinot,jal90
Borinot,adrmb
Borinot,Zara039
Borinot,Seigor
Borinot,Maties_TP
Borinot,IvanEpte
Borinot,Kosti
Borinot,stalker98
Borinot,pere_j
Borinot,Colin_Maillard
Borinot,Marshall4real
Borinot,Bernatus
Borinot,ma4riel
Borinot,Zapaz
Borinot,AitorFMG
Borinot,1nnisfree
Borinot,Luis02AP
Borinot,Mumoo
Borinot,AlbertRaf
synthemesco,0507juan
synthemesco,rmmrr
synthemesco,Klepshydra
synthemesco,Morsov
synthemesco,nocturnalroads
synthemesco,codeine
synthemesco,Vobon
synthemesco,equidistanta
synthemesco,ashtonlikestv
synthemesco,Casiopea39
synthemesco,poderyempresas
synthemesco,adricpia
synthemesco,Aspen666
synthemesco,tsukita
synthemesco,paloma55
synthemesco,gorkalonso1
synthemesco,Lea__marie
synthemesco,quber
synthemesco,2Dachak
synthemesco,ElPelifomano
synthemesco,salvador01_
synthemesco,dedededeleted99
synthemesco,ihes
synthemesco,Pablo91Alf
synthemesco,futurasfreed
synthemesco,Jarsito
synthemesco,carmencarrasco
synthemesco,WriterForest
synthemesco,davedathma
synthemesco,Nicholas15
synthemesco,burk26
synthemesco,batsebas
synthemesco,Ivan_Ruiz
synthemesco,Haaveilija
synthemesco,Zoldyx
synthemesco,kdbf
synthemesco,sigras
synthemesco,nostalgiccbloom
synthemesco,Rdosdedos
synthemesco,elenacf
synthemesco,eddiedwywer
synthemesco,Edgarrrrr
synthemesco,trieri4
synthemesco,WlRED_
synthemesco,thangxle
synthemesco,arthousecanon3
synthemesco,jillian_ruz
synthemesco,uwugorka
synthemesco,SolitaryParade
synthemesco,CineExposure
synthemesco,tsacky
synthemesco,camilaavilaab
synthemesco,cinephile1980
synthemesco,pirracas
synthemesco,antares_not
synthemesco,taketheatrain
synthemesco,ninni08
synthemesco,Malala
synthemesco,CineyObsesion
synthemesco,ezequiel2517
synthemesco,YeraiM
synthemesco,Sotocu
synthemesco,RogerCres96Bar
synthemesco,bymlh
synthemesco,hasancemcal
synthemesco,joe8
synthemesco,Oraj
synthemesco,carmenmcab
synthemesco,omnieya
synthemesco,ALazyCommunist
synthemesco,hobbitillo
synthemesco,GAmengual
synthemesco,utges
synthemesco,Madphoon
synthemesco,deathmasks
synthemesco,jjm_24
synthemesco,DanielQuinn
synthemesco,jazzyshadow
synthemesco,VVShalomov
synthemesco,whizz
synthemesco,AxelDennis
synthemesco,isaacbarragan
synthemesco,fshtravis
synthemesco,bander7
synthemesco,Ivan_Suarez
synthemesco,carlatka
synthemesco,topfilmtuiter
synthemesco,bergmantonioni
synthemesco,raulsbr10
synthemesco,esternchen
synthemesco,sylviars
synthemesco,Pauixitador
synthemesco,ansp006f3
synthemesco,straubbhuillet
synthemesco,qSanto
synthemesco,amirhorror
synthemesco,Polak
synthemesco,lopp0
synthemesco,bluespring
synthemesco,lawkriett
synthemesco,Innocent
synthemesco,Vanaive
synthemesco,itsmerocio
synthemesco,jorgeroca
synthemesco,jrdnh
synthemesco,Nanita
synthemesco,Estrella5zul
synthemesco,Colmener
synthemesco,daddiyssues17
synthemesco,sunnysideontop
synthemesco,agusagustin
synthemesco,karsker
synthemesco,vi55i
synthemesco,apeacefulguy
synthemesco,lingarla
synthemesco,duseg
synthemesco,ivansilva21
synthemesco,laurxdiannx
synthemesco,nachomuermos
synthemesco,bluespiral
synthemesco,organictea
synthemesco,Galatea
synthemesco,Faure
synthemesco,tania19
synthemesco,ArnauRubioRius
synthemesco,iFructose
synthemesco,lostinfilms
synthemesco,gulnihalboz
synthemesco,Sansoleil
synthemesco,Javchas
synthemesco,Nyuron
synthemesco,m00nshine
synthemesco,midhunhk
synthemesco,noguris
synthemesco,rouss01_
synthemesco,DaveCooper
synthemesco,Markelretu
synthemesco,uryenbg
synthemesco,kaarlenberg
synthemesco,kotoxo
synthemesco,lacteavia
synthemesco,ja1111ya
synthemesco,Yoann_x
synthemesco,316
synthemesco,carlafreitas
synthemesco,idiotcactus
synthemesco,DavithLecter
synthemesco,Depunto
synthemesco,AsphaltReviewer
synthemesco,dicapriostears
synthemesco,patriciahd
synthemesco,efebatlle
synthemesco,JoN_TeN
synthemesco,Al_Maek
synthemesco,damequipleure
synthemesco,gari123
synthemesco,sanctarosa
synthemesco,basilfunkenstyn
synthemesco,gardenperson
synthemesco,nebularias
synthemesco,Laberintos
synthemesco,Arenales_Javier
synthemesco,MargauxFilms
synthemesco,anyAndoll
synthemesco,Ruben0
synthemesco,mariagarbau
synthemesco,opheliastears
synthemesco,zahrada
synthemesco,pele_alvaro
synthemesco,shellyp
synthemesco,Hugo_Fdez_Moro
synthemesco,Dent
synthemesco,Dkamphorst1994
synthemesco,agoreira
synthemesco,Juanco
synthemesco,Sturmgrey
synthemesco,santibone
synthemesco,ferfydurke
synthemesco,gulianhe
synthemesco,kerstray
synthemesco,dafnethais
synthemesco,ildesillo
synthemesco,dogstarfran
synthemesco,dessplanetada
synthemesco,JhonKarWai
synthemesco,renneett
synthemesco,Yukasai
synthemesco,Knicker
synthemesco,evocando
synthemesco,Sokolinski
synthemesco,FvLluis
synthemesco,Lisianthus
synthemesco,Thomkeaton
synthemesco,FrancoRizzo
synthemesco,DanielEscaners
synthemesco,Husseinal
synthemesco,bearyrita
synthemesco,baranbozdag
synthemesco,Crisq
synthemesco,bettedaviseyes
synthemesco,msgatsby
synthemesco,Ninotchka
synthemesco,nesetel
synthemesco,Lux_Lisbon
synthemesco,olloqi
synthemesco,marianavaloza
synthemesco,AuroraNocte
synthemesco,Jadzcor
synthemesco,IvanMiguez
synthemesco,Diosglosia
synthemesco,nrickettes
synthemesco,CristinaYG
synthemesco,jal90
synthemesco,malditaequis
synthemesco,notyouralien
synthemesco,Daniblacksmoke
synthemesco,Sanrojas
synthemesco,ferhood
synthemesco,thegeeksofiaris
synthemesco,tystnaden
synthemesco,pablogafa
synthemesco,jorgepm91
synthemesco,Wilhie
synthemesco,javieru
synthemesco,davidmd
synthemesco,MiguelMSH
synthemesco,Kapustinskii
synthemesco,valde5a7
synthemesco,Afoguin
synthemesco,irca
synthemesco,harvsi
synthemesco,mnhrzbrnnt
synthemesco,fraKcturedgar
synthemesco,bajonasmekas
synthemesco,Mann_Ohne_Namen
synthemesco,Isaac98tm
synthemesco,Sabry
synthemesco,albertsyco_
synthemesco,Vegto389
synthemesco,FeuFollet
synthemesco,Cokeaholic
luisru,jjm_24
luisru,gorkalonso1
luisru,cinelacion
luisru,Espejo3
luisru,genzai_2
luisru,aixa72
luisru,juanjocerero
luisru,Mas0204
luisru,zahrada
luisru,aralonso
luisru,paloma55
luisru,DanielQuinn
luisru,cinephile1980
luisru,topfilmtuiter
Pauixitador,peixet79
Pauixitador,irekoala
Pauixitador,GT
Pauixitador,dafilmfestival
Pauixitador,batsebas
Pauixitador,vic_tgn
Pauixitador,verzoneenozrev
Pauixitador,FrancoRizzo
Pauixitador,jokersito33
Pauixitador,ftyma
Pauixitador,paloma55
Pauixitador,xzetaprobe
Pauixitador,gbqueiroz
Pauixitador,cambafiction
Pauixitador,chusverduras
Pauixitador,Spoorloos
Pauixitador,jordi_vill_alb
Pauixitador,Thomkeaton
Pauixitador,palivisuals
Pauixitador,milben
Pauixitador,dondelillo
Pauixitador,Litteraptor
Pauixitador,MartialCantarel
Pauixitador,adrianaranjo
Pauixitador,Rafa_Rod
Pauixitador,pirracas
Pauixitador,Batty
Pauixitador,hiaaaa
Pauixitador,pollo200
Pauixitador,Not_JLAparicio
Pauixitador,Diegoceprez
Pauixitador,jajilin
Pauixitador,cinephile1980
Pauixitador,elaguainmovil
Pauixitador,mariavvss
Pauixitador,Javchas
Pauixitador,topfilmtuiter
Pauixitador,FvLluis
Pauixitador,rodasons
Pauixitador,Colin_Maillard
Pauixitador,ezequiel2517
Pauixitador,mytasteistrash
Pauixitador,makimono_cine
Pauixitador,Vareludo
Pauixitador,afterrequiem
Pauixitador,santiagol007
Pauixitador,straubbhuillet
Pauixitador,jal90
Pauixitador,isaacbarragan
Pauixitador,ikanonakis
Pauixitador,Ninotchka
Pauixitador,A_Karerina
Pauixitador,NateFisher
Pauixitador,ExplodingBoy
Pauixitador,pele_alvaro
Pauixitador,utges
Pauixitador,jjm_24
Pauixitador,Ruben0
Pauixitador,robbito
Pauixitador,mpinkfloyd
Pauixitador,DanielEscaners
Pauixitador,Faure
Pauixitador,will_llermo
Pauixitador,uryenbg
Pauixitador,rafaqc97
will_llermo,DelphineMargan
will_llermo,Youquendo
will_llermo,jonesdougie
will_llermo,heelena9
will_llermo,vitoborgona
will_llermo,MarialeBernedo
will_llermo,Anton1996
will_llermo,Dune_1984
will_llermo,chiafm
will_llermo,ebsilva151
will_llermo,delfincannibal
will_llermo,Rosasg98
will_llermo,alejandrobrien
will_llermo,ehrenkm
will_llermo,camimonroyy
will_llermo,dtn_rt
will_llermo,maia_smaia
will_llermo,javih
will_llermo,AleMora_
will_llermo,fgonzalezse
will_llermo,chechorhcp
will_llermo,AvaPalm
will_llermo,mahoa42
will_llermo,Arenales_Javier
will_llermo,froggiier
will_llermo,Khilaky
will_llermo,igorbtk
will_llermo,SrPurpura
will_llermo,en__passant___
will_llermo,renzorp
will_llermo,Segarne
will_llermo,rateyourdemon
will_llermo,8bitmarlboro
will_llermo,Alex_Delarge420
will_llermo,LMMDC
will_llermo,anandumadhu__
will_llermo,Claudia60
will_llermo,TomasSalbar
will_llermo,robertapr
will_llermo,GonzaloSantonja
will_llermo,anebba
will_llermo,MagdalenaPalou
will_llermo,Evil_666
will_llermo,teoplanell
will_llermo,serevato
will_llermo,mediterranea
will_llermo,_josep
will_llermo,Diego2001Garcia
will_llermo,lolxd
will_llermo,sloumaaaa
will_llermo,sgmateo
will_llermo,carlasalinass
will_llermo,guillemfgx
will_llermo,Camilomm
will_llermo,verzoneenozrev
will_llermo,justinchad
will_llermo,Dielman23
will_llermo,fer1705
will_llermo,burk26
will_llermo,alemartin
will_llermo,RamiroMatas
will_llermo,FraterHerrMann
will_llermo,codeine
will_llermo,SparkytheLab
will_llermo,carlanga_
will_llermo,estelagonzalez
will_llermo,salvasupongo
will_llermo,PedroMerchan
will_llermo,Marcos_M_Rom
will_llermo,aurak
will_llermo,robertanthony25
will_llermo,El_lope
will_llermo,polelo20
will_llermo,sergiopozo
will_llermo,Hitchcosis
will_llermo,Colirroja
will_llermo,illustietor
will_llermo,llesterday
will_llermo,dlbf07
will_llermo,claragnzs
will_llermo,ParaDistraerme
will_llermo,tamaracxrtes
will_llermo,Sommarlaten
will_llermo,brisap
will_llermo,afteruben
will_llermo,alexverd
will_llermo,seemily_play
will_llermo,l_jobico
will_llermo,Salu2
will_llermo,carlitoshalcon
will_llermo,JuleeFloating
will_llermo,buhh99
will_llermo,p_tricio
will_llermo,tomarx_
will_llermo,RaphaelAllez
will_llermo,isaiashidalgo
will_llermo,felpa
will_llermo,Gorbendo
will_llermo,Bailey_Adams
will_llermo,Kovua
will_llermo,rubenmontero
will_llermo,franzisco
will_llermo,Lettucce
will_llermo,NilAymat
will_llermo,robsk
will_llermo,Laulolau
will_llermo,andreselpenas
will_llermo,moovely
will_llermo,rob181
will_llermo,HxnsGZ
will_llermo,DanielGM
will_llermo,Le_Zig
will_llermo,chemybote
will_llermo,jorgealonsot
will_llermo,juanjo_jimenez
will_llermo,polloyburro
will_llermo,Janny_Lecter
will_llermo,nnevvurr
will_llermo,davilape
will_llermo,znegrin
will_llermo,juanpsine
will_llermo,francisvalente
will_llermo,srtabelivet
will_llermo,jjaassrr
will_llermo,luisan_ogades
will_llermo,botibol
will_llermo,f_the_memorious
will_llermo,AleixRG
will_llermo,aes8
will_llermo,Santiag0o
will_llermo,dykeneyhouston
will_llermo,BarrioKid
will_llermo,s_gimeno
will_llermo,blancichi
will_llermo,Miguelitross
will_llermo,JorMenCor
will_llermo,ElFrikiCanario
will_llermo,Aviraaj
will_llermo,moviejohn
will_llermo,finuli34
will_llermo,Nataliagrc
will_llermo,acalvoelorri
will_llermo,The_horrorlove
will_llermo,KailanSpier
will_llermo,ramiro29421
will_llermo,leotapia
will_llermo,antmrles
will_llermo,eljpax
will_llermo,vajraguru
will_llermo,paulasd
will_llermo,jdtp17
will_llermo,sofritofrito
will_llermo,LeTommy
will_llermo,lionzion
will_llermo,timewarp_
will_llermo,ManueldelSolar
will_llermo,hugolorente
will_llermo,Juanky97
will_llermo,Trotsky97
will_llermo,AdriEv
will_llermo,DarthKaze
will_llermo,nicogomezic
will_llermo,encadenados
will_llermo,estheeermartin
will_llermo,pabloalazar
will_llermo,manueltajes
will_llermo,Sammylanister
will_llermo,reemdashti
will_llermo,jorgemarlop
will_llermo,SorRata
will_llermo,CisneNegro_
will_llermo,beedo
will_llermo,marinadn22
will_llermo,alexsa
will_llermo,danielhls
will_llermo,Nelson_75
will_llermo,JRV10
will_llermo,dieguidolcini
will_llermo,anaw3bb
will_llermo,slowcap
will_llermo,jshajzhzhahjq
will_llermo,ALizana
will_llermo,vikki8021
will_llermo,gerofi
will_llermo,antoniocmpss
will_llermo,luciacarrasco
will_llermo,fena
will_llermo,albmoyano
will_llermo,marcelomnc
will_llermo,CharlsChap
will_llermo,Reborivera
will_llermo,bray1994
will_llermo,camivipla
will_llermo,AdryaNFL
will_llermo,pelisdepinguino
will_llermo,leauddevotee
will_llermo,luciabcr
will_llermo,petridrea
will_llermo,jokkkk
will_llermo,lomase92
will_llermo,adricollantex
will_llermo,miiguelrubiio
will_llermo,LouMovies
will_llermo,Rudorado
will_llermo,Lavigne1967
will_llermo,avventuvera
will_llermo,sarahastings
will_llermo,jhojhoro
will_llermo,princesa_blog
will_llermo,pmm_
will_llermo,Jakob_625
will_llermo,Pabloperezz
will_llermo,pafase
will_llermo,Isra
will_llermo,Pewey
will_llermo,arnaumrn
will_llermo,ALazyCommunist
will_llermo,DamnedMartian
will_llermo,nachoalvarezgl
will_llermo,gbaquerofilms
will_llermo,aGus41
will_llermo,ismaelrs3
will_llermo,JulioBel
will_llermo,jjm4596
will_llermo,lunafrax
will_llermo,aguadmadrid
will_llermo,IvanTarrio
will_llermo,irenegrubio
will_llermo,nayundes
will_llermo,_sanml
will_llermo,Voltifero
will_llermo,Ivansito
will_llermo,quiquiriquique
will_llermo,Sergi
will_llermo,lblancora
will_llermo,patxicline
will_llermo,charenton
will_llermo,mur_mur
will_llermo,juangodard
will_llermo,brazodemalenia
will_llermo,eeva_
will_llermo,jovenausente
will_llermo,ppzo
will_llermo,thesexybeast
will_llermo,juanjocerero
will_llermo,derosaslagrimas
will_llermo,ayoannou
will_llermo,romeropab
will_llermo,cinefils
will_llermo,Zoeezebraa
will_llermo,FernandoX
will_llermo,focacomun
will_llermo,tiagocosta32
will_llermo,MonsterVision
will_llermo,cytril
will_llermo,VacantJoy
will_llermo,Phaedra04
will_llermo,justpalo
will_llermo,kbrinkmann
will_llermo,Hussain1992D
will_llermo,ariastoteles
will_llermo,adrianaranjo
will_llermo,armaia
will_llermo,miguel_ele
will_llermo,gervasiodeassis
will_llermo,CinemaManifesto
will_llermo,djsash
will_llermo,bermeho
will_llermo,pike_97
will_llermo,juankiK
will_llermo,Kai_CKul
will_llermo,genzai_2
will_llermo,39915041
will_llermo,vnder
will_llermo,DM2024
will_llermo,vics75
will_llermo,skieser
will_llermo,Diego286391
will_llermo,deafmeanie
will_llermo,awzaq
will_llermo,sanatorios
will_llermo,westernoir
will_llermo,alvcarrera17
will_llermo,hectordoncell
will_llermo,aledelatorre
will_llermo,Manuel_Sobron
will_llermo,mariaprezz
will_llermo,jesusfragoso
will_llermo,fedemuchogusto
will_llermo,cenmar
will_llermo,suelenitagadita
will_llermo,GAmengual
will_llermo,JavierZxs
will_llermo,batsebas
will_llermo,elsaliien
will_llermo,Alioli90
will_llermo,JoanCuadrado
will_llermo,makimono_cine
will_llermo,AleN99
will_llermo,Einyel
will_llermo,zombivirtual
will_llermo,Santimrey
will_llermo,jaime_lda
will_llermo,Spicolixlr97
will_llermo,xoandsj
will_llermo,Endika
will_llermo,anpeas
will_llermo,miguelnavarroc
will_llermo,Blanchot
will_llermo,GatoEnTrinchera
will_llermo,BoomLight06
will_llermo,AP_Schoolwork
will_llermo,VictorHeranz
will_llermo,rafa_hdez9
will_llermo,Lauravargas
will_llermo,CaroHaneke
will_llermo,Bressonian
will_llermo,sodium
will_llermo,SrKibo
will_llermo,Juanco
will_llermo,platanero
will_llermo,psychedelicvici
will_llermo,tenta_Jonathan
will_llermo,mispeliculas_
will_llermo,GLMorlanes
will_llermo,fellsonito
will_llermo,pegleg
will_llermo,ahmed155
will_llermo,leandrobasde
will_llermo,manumrtn
will_llermo,SrtoLeivo
will_llermo,yonose_mariana
will_llermo,pepisbert
will_llermo,gudrunpt
will_llermo,gabitto
will_llermo,rubenqk
will_llermo,Lauhahaha
will_llermo,Laura00
will_llermo,gomezmasdeu
will_llermo,Bannedalex
will_llermo,mattegrb
will_llermo,Yeyo53
will_llermo,unailopezocio
will_llermo,Amazingcorgi
will_llermo,hellohelen
will_llermo,manu1708
will_llermo,gorkalonso1
will_llermo,saudaddy_
will_llermo,LaQuimeraCult
will_llermo,hawkinsj977
will_llermo,jlbarckly
will_llermo,Robboc
will_llermo,MarceRosa
will_llermo,jaimeac
will_llermo,sofiaSalcedo777
will_llermo,kaizenthecave
will_llermo,vvvhannah
will_llermo,dandydust
will_llermo,Diabolique_cine
will_llermo,sarahumo
will_llermo,javisomoza
will_llermo,arthousecanon3
will_llermo,chaotic_hugo
will_llermo,aliciamelchor
will_llermo,Ricky_QD82
will_llermo,MartialCantarel
will_llermo,malatesta19
will_llermo,raayraay
will_llermo,MMar_Gallardo
will_llermo,iplanella14
will_llermo,svkn
will_llermo,uwugorka
will_llermo,mgutiez
will_llermo,mcans90
will_llermo,OlgaKairos
will_llermo,maarrrtin
will_llermo,jmromanos
will_llermo,Marco_rgz
will_llermo,krlosierra
will_llermo,ClaraCragnolino
will_llermo,JuanMercero
will_llermo,allorza
will_llermo,Pblmreo
will_llermo,JOHernandez
will_llermo,Albertopv
will_llermo,urielmora
will_llermo,mariilau
will_llermo,chicocorchea
will_llermo,Amebasfan
will_llermo,ukazioa
will_llermo,nickew17_
will_llermo,luciatorress
will_llermo,adrian19sg
will_llermo,danifutb
will_llermo,Alfonso99
will_llermo,ChicoOstra57
will_llermo,Danse_
will_llermo,ainhoaye
will_llermo,Mas0204
will_llermo,marcmartinezc
will_llermo,FgonzaF
will_llermo,pimkoz
will_llermo,juliopr11
will_llermo,luischwww
will_llermo,husmano
will_llermo,gxnisson
will_llermo,Bernatus
will_llermo,axoloteapolineo
will_llermo,roberawards
will_llermo,PolPjn
will_llermo,SusanWheeler
will_llermo,Badimj
will_llermo,himarline
will_llermo,ansans_
will_llermo,Jacenie
will_llermo,Piangevole_
will_llermo,m0liner
will_llermo,ChristianLDV
will_llermo,ElBuenRikishi
will_llermo,andreuvilar
will_llermo,UnFrikiInculto
will_llermo,Borinot
will_llermo,JenniOlsonSF
will_llermo,IssisStarlust
will_llermo,xabigarf
will_llermo,sobotka
will_llermo,MarcBallesteros
will_llermo,Shohnny
will_llermo,pvegue
will_llermo,joofe11
will_llermo,jesuspascualsh
will_llermo,Ankindol_j1
will_llermo,GreenArrow777
will_llermo,bluerose815
will_llermo,JuanluSportello
will_llermo,MaboroshiMirage
will_llermo,Manex20
will_llermo,Jorge_Luis
will_llermo,piscolabi
will_llermo,cartonet
will_llermo,yayo27
will_llermo,dayiel
will_llermo,Air_Fryer_
will_llermo,paulapiu
will_llermo,gonzi__
will_llermo,LaMaga93
will_llermo,Saba1e7e
will_llermo,jesusrg
will_llermo,CineImpacto
will_llermo,sowrender
will_llermo,Anaanacleta
will_llermo,Kix03
will_llermo,lu_azal
will_llermo,Kiko_deJuan
will_llermo,alejandroap
will_llermo,AphexRivette
will_llermo,alonsodvt
will_llermo,Luz_Deseante
will_llermo,ale1299
will_llermo,lejuan
will_llermo,deepbluemachine
will_llermo,Alvar_
will_llermo,JorgeYR
will_llermo,ElenaBrotons
will_llermo,Vieramumal
will_llermo,bander7
will_llermo,adriaSimon
will_llermo,joserrue
will_llermo,Zarito1994
will_llermo,trashgirl_
will_llermo,nturjanski
will_llermo,Leguroz
will_llermo,migueldomng
will_llermo,Gonlo
will_llermo,pedrotoro
will_llermo,akerwoman
will_llermo,Ged__
will_llermo,tanzedub
will_llermo,Simonsds
will_llermo,quber
will_llermo,GaraziSaceda03
will_llermo,cinephile1980
will_llermo,Toshiro15
will_llermo,Solina1871
will_llermo,aval0vara
will_llermo,IgnacioMG
will_llermo,JonSanSK8
will_llermo,tallerubi
will_llermo,Ardwyw
will_llermo,Syringe_Of_Hell
will_llermo,carlosnavarrosu
will_llermo,loulogioreviews
will_llermo,BonsAdalas
will_llermo,stonesjag
will_llermo,barrenillusion
will_llermo,PierceMundy
will_llermo,victorab
will_llermo,PabloMarfa
will_llermo,Luisotopo
will_llermo,efer25
will_llermo,j__orge
will_llermo,nicovegadiez
will_llermo,mariagarbau
will_llermo,mlpv86
will_llermo,Magdaleno
will_llermo,AlfredoSuarezP
will_llermo,dondelillo
will_llermo,Dazoro777
will_llermo,Mamarracho
will_llermo,jpnunez
will_llermo,KatoG
will_llermo,alvargonauta92
will_llermo,BCGuille
will_llermo,Olevar
will_llermo,Lispectore
will_llermo,PavoPavete
will_llermo,tania19
will_llermo,erib777
will_llermo,ErnestoCZ
will_llermo,JulioElVate
will_llermo,XYM
will_llermo,zaomattz
will_llermo,Veintiuno
will_llermo,Sotocu
will_llermo,javiblxnco
will_llermo,raul8pm
will_llermo,jaaaxy96
will_llermo,wrnecht
will_llermo,eurocero
will_llermo,gemmaguegue
will_llermo,hacer_islas
will_llermo,SrWargo
will_llermo,rafodelrio
will_llermo,Munaiz
will_llermo,lIlIlIlIlIlIlIl
will_llermo,ErikDelRey
will_llermo,JuanB
will_llermo,alexigual
will_llermo,miridbr
will_llermo,Caradeplata
will_llermo,Georgegh
will_llermo,anavp
will_llermo,jaimeestrela1
will_llermo,__carlosccl
will_llermo,haroldangelm
will_llermo,miiguelallberto
will_llermo,AntonioMagnolia
will_llermo,KurtZM
will_llermo,mariablues
will_llermo,contreras372
will_llermo,jesusnomequiere
will_llermo,Addelpozo
will_llermo,dormiloncin
will_llermo,shantall_
will_llermo,jQuiros__
will_llermo,Carlosgtf21
will_llermo,huedillo
will_llermo,LaCaneli
will_llermo,pirracas
will_llermo,bertto04
will_llermo,antares_not
will_llermo,lewiscollection
will_llermo,jacm
will_llermo,wildstrawberry
will_llermo,cocidocerebral
will_llermo,alvarobx
will_llermo,DrDrakeRamoray
will_llermo,pianomanmty
will_llermo,andresgarco
will_llermo,arturocg93
will_llermo,alberfg
will_llermo,trikuxabi
will_llermo,EloyG8
will_llermo,JordiM
will_llermo,proxy_gyal
will_llermo,albertobalsam
will_llermo,maciaflorit
will_llermo,Ibaiarzi
will_llermo,rodolfosandino
will_llermo,CapitanPedales
will_llermo,Jorgemz
will_llermo,karim1992
will_llermo,Adri_93
will_llermo,Nightwing_17
will_llermo,cinefagota
will_llermo,KingSpider
will_llermo,arrob0
will_llermo,NilArana
will_llermo,Lezcano
will_llermo,Jugamo
will_llermo,moure
will_llermo,Midegeneracion
will_llermo,crisexeflores
will_llermo,Hernando
will_llermo,jorgeroca
will_llermo,___Chris___
will_llermo,dnesh34
will_llermo,gal11
will_llermo,PietroCalace
will_llermo,testigodelpero
will_llermo,lucasujo
will_llermo,hectorap99
will_llermo,Rutgerus86
will_llermo,MiguelRoman
will_llermo,Buesa7
will_llermo,apeacefulguy
will_llermo,Julietabahia
will_llermo,Josdospin
will_llermo,Vandelvira
will_llermo,pikitorl
will_llermo,ndeignacio
will_llermo,Pamchu
will_llermo,quianinski
will_llermo,Padimo02
will_llermo,Josemamedina98
will_llermo,tunonegro
will_llermo,ainhoa_dp
will_llermo,dfeck
will_llermo,hugogag
will_llermo,Francis87
will_llermo,rxdri
will_llermo,RogerCres96Bar
will_llermo,esther_grincon
will_llermo,Paula___pink
will_llermo,Nachogrim
will_llermo,fabregatto
will_llermo,Rodri_Go
will_llermo,xabeleiva
will_llermo,angelvaldivieso
will_llermo,Gerardo_tri
will_llermo,guxiguxi
will_llermo,exoticeusebia
will_llermo,some_bruno
will_llermo,JuanGL001
will_llermo,anaorgana
will_llermo,Oraj
will_llermo,luc1ia
will_llermo,AinoaFA
will_llermo,misantropito
will_llermo,Macrros
will_llermo,Carlosss
will_llermo,Abu222
will_llermo,charlieparker
will_llermo,pablo_iv
will_llermo,AmaiaZufiaur
will_llermo,YeraiM
will_llermo,angeloar
will_llermo,Dave_Sancho
will_llermo,Periferias
will_llermo,gvngvet
will_llermo,jaimelorite
will_llermo,joseluisruizcla
will_llermo,bray_bo_delier
will_llermo,JorgR
will_llermo,iridescence
will_llermo,jjm_24
will_llermo,orbitadiscordia
will_llermo,Anzuelo
will_llermo,Daniel_Torres
will_llermo,irenelopez17
will_llermo,manuroma
will_llermo,macanxxi
will_llermo,Glorfindel7567
will_llermo,aaalfooonsooo
will_llermo,prismaticca
will_llermo,IvanZgaib
will_llermo,joaquinap25
will_llermo,Mariasan9
will_llermo,Stefaniiiiaa
will_llermo,ssan991
will_llermo,jerryricochet
will_llermo,jorgebergia
will_llermo,CEESE
will_llermo,buarena
will_llermo,paloma55
will_llermo,JosephineGloria
will_llermo,uskiss
will_llermo,Daion7
will_llermo,Jo_Brennan
will_llermo,unicronloev
will_llermo,ManInElevator
will_llermo,FerHerce
will_llermo,MataTurin
will_llermo,Ernest_calamar
will_llermo,urockbro
will_llermo,RainerGaudi
will_llermo,toogeekfornames
will_llermo,CarlosCarretero
will_llermo,xab_Brannigan
will_llermo,amirhorror
will_llermo,migrodper
will_llermo,dobleL
will_llermo,Malala
will_llermo,aitorcm
will_llermo,an_t_ar
will_llermo,alexbm94
will_llermo,slayerkinney
will_llermo,LukeZoso
will_llermo,MateoCU
will_llermo,gifndz
will_llermo,bibliofago
will_llermo,els4rl
will_llermo,Craften
will_llermo,AminVillalba
will_llermo,FranciscoFern
will_llermo,Esaexperiencia
will_llermo,msmaceta
will_llermo,nilleta4ever
will_llermo,SergioArgueso
will_llermo,alvarogdevis
will_llermo,Peinado
will_llermo,HelenWelonmelon
will_llermo,juanamita
will_llermo,fshtravis
will_llermo,pablo_munyoz
will_llermo,LouBloom04
will_llermo,danionasa
will_llermo,ezequiel2517
will_llermo,xcascantex
will_llermo,Labr0mainfinita
will_llermo,edissa
will_llermo,ikanonakis
will_llermo,elsofacama
will_llermo,pedromajito97
will_llermo,thiagofilardi
will_llermo,figmare
will_llermo,pabloirot
will_llermo,topfilmtuiter
will_llermo,bergmantonioni
will_llermo,Spoorloos
will_llermo,qSanto
will_llermo,Rulalc
will_llermo,Nicoconka
will_llermo,adrixuli2612
will_llermo,ikerbe
will_llermo,AlCorona
will_llermo,irati14
will_llermo,hobbitillo
will_llermo,bustinduy
will_llermo,itsmerocio
will_llermo,enaraez
will_llermo,thejosess
will_llermo,GonzaloLopez
will_llermo,Ivan_Suarez
will_llermo,Ferrandis
will_llermo,victorfl97
will_llermo,charlyr2d2
will_llermo,Brunovictorino
will_llermo,marctorres
will_llermo,SamuFR87
will_llermo,planetaryfolk
will_llermo,ersycodelia
will_llermo,fetema1987
will_llermo,EzNaiz_
will_llermo,Melocotonazo11
will_llermo,luisaceitunop
will_llermo,AndresTM
will_llermo,straubbhuillet
will_llermo,tipican
will_llermo,jaimeenpelis
will_llermo,UnDetective
will_llermo,Jarsito
will_llermo,bernardog
will_llermo,danniela
will_llermo,lp_bit
will_llermo,therubiew
will_llermo,Yukasai
will_llermo,Pauixitador
will_llermo,Colin_Maillard
will_llermo,Cepheus13
will_llermo,Caandamo
will_llermo,Leante
will_llermo,MrBike
will_llermo,danieldequeiroz
will_llermo,alejandrorubb
will_llermo,AlexGreen24
will_llermo,UrbanoJ
will_llermo,Gersio
will_llermo,davidpardi97
will_llermo,DanielQuinn
will_llermo,PezEspada
will_llermo,jorditrenzano
will_llermo,Daxter2000
will_llermo,volharys
will_llermo,trapunzel
will_llermo,andonimaz
will_llermo,S_Jon_
will_llermo,mmgarnica
will_llermo,mesiasmecanico
will_llermo,Dani1Medina
will_llermo,marioquema
will_llermo,living_reminder
will_llermo,Malefic
will_llermo,mopimopi
will_llermo,agusagustin
will_llermo,balnearios
will_llermo,Javchas
will_llermo,SrEspectro
will_llermo,rafaqc97
will_llermo,sylviemargo
will_llermo,cutegirl
will_llermo,808sheartbreak
will_llermo,albertvanden
will_llermo,Valyria
will_llermo,valentinf
will_llermo,gentlecode
will_llermo,gonrod
will_llermo,volandovengo
will_llermo,hermochi
will_llermo,TakisChampion
will_llermo,kelromu
will_llermo,AlbertoRuiz
will_llermo,richi3112
will_llermo,s4phr4x
will_llermo,javivalera
will_llermo,rodguirre
will_llermo,chamizo
will_llermo,Morksuc
will_llermo,Omar_Deschain
will_llermo,ibisellach
will_llermo,Depunto
will_llermo,Rosaboble
will_llermo,andrewpark86
will_llermo,sabalde
will_llermo,Gabrielford
will_llermo,Murillet
will_llermo,Faure
will_llermo,taptup
will_llermo,AlbertoMarcos
will_llermo,SpongeBobAndPat
will_llermo,midhunhk
will_llermo,turbochavala
will_llermo,Hyperpollo
will_llermo,isaacbarragan
will_llermo,SaloBlanco
will_llermo,A_Karerina
will_llermo,igortxu
will_llermo,raul_rr
will_llermo,javinm29
will_llermo,Ninotchka
will_llermo,devuelta
will_llermo,IvanMiguez
will_llermo,gari123
will_llermo,316
will_llermo,Wilhie
will_llermo,diegomoratalla
will_llermo,nesetel
will_llermo,irenejustt
will_llermo,pablofisher
will_llermo,masmariansita
will_llermo,DavithLecter
will_llermo,iochandiano
will_llermo,Batty
will_llermo,cadaververano
will_llermo,mllvfrp
will_llermo,alfredomzf
will_llermo,AsphaltReviewer
will_llermo,MyMovieShelf
will_llermo,miguelglyz
will_llermo,valleyofdreams
will_llermo,anderuribarri
will_llermo,lbbb
will_llermo,lautreamoont
will_llermo,albertcd17
will_llermo,josecruzcam
will_llermo,benotti
will_llermo,animaldoctor
will_llermo,Jimix
will_llermo,kevinyou
will_llermo,lifesagas
will_llermo,Vareludo
will_llermo,Mushuchienpo
will_llermo,romantikermann
will_llermo,universeandu
will_llermo,Enolight
will_llermo,Eldiabloenelojo
will_llermo,mpinkfloyd
will_llermo,rocamadour
will_llermo,Salanova
will_llermo,creediidae
will_llermo,anthonymous
will_llermo,utges
will_llermo,Mumoo
will_llermo,pele_alvaro
will_llermo,Ricimero
will_llermo,evagomez
will_llermo,AdrianVieitez
will_llermo,SoyUnaGafapasta
will_llermo,rigoayala
will_llermo,edgarfaber
will_llermo,unjacinto
will_llermo,kaarlenberg
will_llermo,violetaraykuaza
will_llermo,dvaldiivia
will_llermo,kerstray
will_llermo,JorgeAce
will_llermo,alch_bass
will_llermo,JoN_TeN
will_llermo,DavidMingo
will_llermo,Tripley
will_llermo,uryenbg
will_llermo,pablofdezperez
will_llermo,adri_5003
will_llermo,sabricg
will_llermo,bipbop13
will_llermo,ininunez
will_llermo,Puchinha
will_llermo,MichNiehaus
will_llermo,davidgosu
will_llermo,dafnethais
will_llermo,quercusrobur_
will_llermo,aitorgallego16
will_llermo,ladykiki
will_llermo,_FreMart
will_llermo,Lisianthus
will_llermo,sergi12a
will_llermo,NestorJuez
will_llermo,chloenevski
will_llermo,kikujiro
will_llermo,ivanfmula
will_llermo,dickypenniman
will_llermo,JimmyXin
will_llermo,guillehormigo
will_llermo,aragoneses
will_llermo,Siroguh
will_llermo,AnnabelleSwirl
will_llermo,eu_wolf
will_llermo,pgguzman
will_llermo,Phalaen0psis
will_llermo,tenenbaxm
will_llermo,artplusmind1
will_llermo,BorNaPe
will_llermo,Thomkeaton
will_llermo,FrancoRizzo
will_llermo,MundoF
will_llermo,alex8ymedio
will_llermo,Jaun
will_llermo,isalvatierra
will_llermo,marianavaloza
will_llermo,alsanxe
will_llermo,JavierLG
will_llermo,DonEmi
will_llermo,Nokhi
will_llermo,AuroraNocte
will_llermo,Bishop7986
will_llermo,Reinfeld
will_llermo,RachelMyGod
will_llermo,jlorenzo
will_llermo,mahone9now9
will_llermo,Xema_San
will_llermo,diegoguada
will_llermo,polym0rphing
will_llermo,CrimsonKing42
will_llermo,lenju4
will_llermo,Ruben0
will_llermo,garles
will_llermo,rubyrub
will_llermo,greycamille
will_llermo,MarioIglesias
will_llermo,Dragondave
will_llermo,renneett
will_llermo,al1997
will_llermo,malditaequis
will_llermo,snaker555
will_llermo,jal90
will_llermo,sunblows
will_llermo,nichedeath
will_llermo,albertsyco_
will_llermo,mascineporfavor
will_llermo,Payika
will_llermo,lashormigas
will_llermo,tystnaden
will_llermo,reinfeld185
will_llermo,Jadzcor
will_llermo,Txe_Lop
will_llermo,Sanrojas
will_llermo,thegeeksofiaris
will_llermo,SergioCast
will_llermo,bralgrc
will_llermo,PinkMaqbara
will_llermo,irae
will_llermo,Koschei221
will_llermo,Danibelheim
will_llermo,Vegto389
will_llermo,Auralblack
will_llermo,ferhood
will_llermo,harvsi
will_llermo,msgatsby
will_llermo,fleming22
will_llermo,yknasy
will_llermo,JesusTeatrero
will_llermo,rodasons
will_llermo,Mann_Ohne_Namen
will_llermo,JavieRomeo
will_llermo,Sergiomc90
will_llermo,MiguelMSH
will_llermo,Isart
will_llermo,jorgepm91
will_llermo,jmrebollo
will_llermo,irca
will_llermo,FvLluis
will_llermo,carlesmc123
will_llermo,sara1618
will_llermo,DanielEscaners
will_llermo,Springeyes
will_llermo,Travis76
will_llermo,elchampo
will_llermo,alecxps
will_llermo,Daniblacksmoke
will_llermo,fraKcturedgar
will_llermo,richarsson
will_llermo,Isaac98tm
will_llermo,EricBeauzay
will_llermo,asm5sgr
will_llermo,charliesimons
will_llermo,shimatetsuo
will_llermo,noakrakatoa
will_llermo,pablogafa
will_llermo,Angiolo
will_llermo,davidmd
will_llermo,Perro_Sanxe
will_llermo,NateFisher
will_llermo,Vicioinherente
will_llermo,javierpmar
will_llermo,alain_pixar
will_llermo,alvaroramos
will_llermo,msolde
will_llermo,chemajhg
will_llermo,pabL0_mg
will_llermo,ccorleone
will_llermo,TaoPaiPai
will_llermo,JuanmaSantos
will_llermo,WonderfulCinema
will_llermo,alvySinger_
will_llermo,oyejuan
will_llermo,Cinemaadhoc
will_llermo,londonmoviefan
ExplodingBoy,Youquendo
ExplodingBoy,ElPelifomano
ExplodingBoy,Dgstrmn64
ExplodingBoy,magepi
ExplodingBoy,gonrod
ExplodingBoy,ahmedazema
ExplodingBoy,nasimchik
ExplodingBoy,Mdemateo
ExplodingBoy,erfansarshar78
ExplodingBoy,GGeneral
ExplodingBoy,kurtzmagazine
ExplodingBoy,leiblied
ExplodingBoy,msergielk
ExplodingBoy,carlotaalol
ExplodingBoy,batsebas
ExplodingBoy,_tothegallows_
ExplodingBoy,Noemi94
ExplodingBoy,maloryclaro
ExplodingBoy,lnf
ExplodingBoy,verzoneenozrev
ExplodingBoy,minguel
ExplodingBoy,davedathma
ExplodingBoy,amanda629
ExplodingBoy,matmlo
ExplodingBoy,timetolive
ExplodingBoy,newnarrator
ExplodingBoy,palivisuals
ExplodingBoy,Khaledbaloch
ExplodingBoy,ElPejesapo
ExplodingBoy,_celine8
ExplodingBoy,Filmgarten
ExplodingBoy,Trz_10
ExplodingBoy,JoaoGoro
ExplodingBoy,alimossi
ExplodingBoy,FortunaNorte
ExplodingBoy,nohiesque
ExplodingBoy,valmoz
ExplodingBoy,flappyguap
ExplodingBoy,outskirtsmag
ExplodingBoy,SebastianMde
ExplodingBoy,halcie03
ExplodingBoy,TheOrla
ExplodingBoy,yelenaaav_
ExplodingBoy,SamuelBel
ExplodingBoy,GusGardey
ExplodingBoy,Bressonian
ExplodingBoy,maryamzz
ExplodingBoy,dariopicon
ExplodingBoy,zzxime
ExplodingBoy,helosoccerfan
ExplodingBoy,preciousthings
ExplodingBoy,ilneliss
ExplodingBoy,jessicadrummond
ExplodingBoy,isaeler
ExplodingBoy,Vladimirovsky
ExplodingBoy,GreenArrow777
ExplodingBoy,24fpslvr
ExplodingBoy,elenacf
ExplodingBoy,irca
ExplodingBoy,Simonsds
ExplodingBoy,Adoenbax
ExplodingBoy,afilmenjoyer
ExplodingBoy,Air_Fryer_
ExplodingBoy,CarlosVega
ExplodingBoy,mikionaruse
ExplodingBoy,AtomicJerry
ExplodingBoy,videodromology
ExplodingBoy,jamesdezi
ExplodingBoy,victormesa
ExplodingBoy,zandobrownie
ExplodingBoy,johannesschade
ExplodingBoy,Tasabbir
ExplodingBoy,vridian4luna
ExplodingBoy,niko23
ExplodingBoy,zuhalbinice
ExplodingBoy,boa_noite
ExplodingBoy,johannkreisler
ExplodingBoy,mads88
ExplodingBoy,ethan_weigelt
ExplodingBoy,JorgeFRocha
ExplodingBoy,GDark
ExplodingBoy,minauno
ExplodingBoy,Gymnopedie
ExplodingBoy,Danipv29
ExplodingBoy,mauriciohoyos
ExplodingBoy,4nsbc
ExplodingBoy,hamish_bruce
ExplodingBoy,Samrith
ExplodingBoy,cristianpulsara
ExplodingBoy,Film_street
ExplodingBoy,noroit
ExplodingBoy,gallaghier
ExplodingBoy,bott89
ExplodingBoy,ezequiel2517
ExplodingBoy,patacinema
ExplodingBoy,Rafaaelpa
ExplodingBoy,JimenaRoa
ExplodingBoy,_Chris731_
ExplodingBoy,amatorskiego
ExplodingBoy,WolfmanWolfman
ExplodingBoy,Sooza
ExplodingBoy,elliott_h
ExplodingBoy,deanthecreator
ExplodingBoy,mar___
ExplodingBoy,gfromcincinnati
ExplodingBoy,julienparis
ExplodingBoy,MrStranStran
ExplodingBoy,andrescastru
ExplodingBoy,velascoropo
ExplodingBoy,adrianaaa
ExplodingBoy,BrunoStarring
ExplodingBoy,fertrbl
ExplodingBoy,hagh__
ExplodingBoy,junglespycamp
ExplodingBoy,jaimefdez17
ExplodingBoy,httpnigel
ExplodingBoy,ossilubitsch
ExplodingBoy,CinoscaRarities
ExplodingBoy,cinephile1980
ExplodingBoy,FaildeGuionista
ExplodingBoy,pedropinho
ExplodingBoy,lIlIlIlIlIlIlIl
ExplodingBoy,alvarg
ExplodingBoy,Maartun
ExplodingBoy,davidwd
ExplodingBoy,Melocotonazo11
ExplodingBoy,capfly
ExplodingBoy,eltomi
ExplodingBoy,Aninbus
ExplodingBoy,MikeP52
ExplodingBoy,Lobo_Lopez
ExplodingBoy,SpongeBobAndPat
ExplodingBoy,bjsylvester
ExplodingBoy,markruffalo
ExplodingBoy,msand1
ExplodingBoy,GayBeet
ExplodingBoy,itsqalid
ExplodingBoy,schop_j
ExplodingBoy,mxsamaking
ExplodingBoy,Madphoon
ExplodingBoy,vernmetztli
ExplodingBoy,villainoustakes
ExplodingBoy,Juliusjr
ExplodingBoy,brunopicazo
ExplodingBoy,Abu222
ExplodingBoy,msnydel
ExplodingBoy,Cespamogo
ExplodingBoy,apostasys
ExplodingBoy,suspiraserhead
ExplodingBoy,MuzWot
ExplodingBoy,hasancemcal
ExplodingBoy,Nan19
ExplodingBoy,franciscotg2000
ExplodingBoy,fax0_max
ExplodingBoy,adricollantex
ExplodingBoy,Rahil_Ehtesham
ExplodingBoy,hobbitillo
ExplodingBoy,MadeInHongKong
ExplodingBoy,Gutzjen
ExplodingBoy,0Oldboy0
ExplodingBoy,hosseinakbrynjd
ExplodingBoy,Diegoceprez
ExplodingBoy,Giangtoddhaynes
ExplodingBoy,demeyer
ExplodingBoy,jonas_w
ExplodingBoy,Tam_Hamov
ExplodingBoy,AlanJeffrey
ExplodingBoy,yoelmeranda
ExplodingBoy,afonsomoreda
ExplodingBoy,jesusdalvarez
ExplodingBoy,sajood
ExplodingBoy,psga
ExplodingBoy,shanemp01
ExplodingBoy,reversecowgirl
ExplodingBoy,sebaynovuelve
ExplodingBoy,arrebatx
ExplodingBoy,Kapsberger
ExplodingBoy,victorsmith
ExplodingBoy,Paula_Arantzazu
ExplodingBoy,sadi7899
ExplodingBoy,Ssssharonxd
ExplodingBoy,utges
ExplodingBoy,jufernandz
ExplodingBoy,FrancoRizzo
ExplodingBoy,outkastatlast
ExplodingBoy,zamilovanemaso
ExplodingBoy,Austrohungaro
ExplodingBoy,Dol_dol
ExplodingBoy,dolemite_d
ExplodingBoy,g_kala
ExplodingBoy,Brenofurtado
ExplodingBoy,kbrinkmann
ExplodingBoy,sofakingdumb
ExplodingBoy,Mr_Sardonicus
ExplodingBoy,MikeMeltzer
ExplodingBoy,paloma55
ExplodingBoy,BdgeDxn
ExplodingBoy,Camipotting
ExplodingBoy,mitologia
ExplodingBoy,Leguroz
ExplodingBoy,katyaarakelyan
ExplodingBoy,Ahmadraza
ExplodingBoy,scattacat
ExplodingBoy,JkstrHmstr
ExplodingBoy,honhonsuf
ExplodingBoy,alucinepuj
ExplodingBoy,Jbru90
ExplodingBoy,PosNRG
ExplodingBoy,ollydicko
ExplodingBoy,akyyt
ExplodingBoy,pablo_munyoz
ExplodingBoy,Tampa_Bay
ExplodingBoy,ManuelaGiraldo
ExplodingBoy,mobscur
ExplodingBoy,Maurio
ExplodingBoy,James_
ExplodingBoy,twodeadmagpies
ExplodingBoy,fonsecamatheus
ExplodingBoy,AugustoS
ExplodingBoy,ivangustoli
ExplodingBoy,revistamadonna
ExplodingBoy,Fassbinder_71
ExplodingBoy,Colin_Maillard
ExplodingBoy,carmen4
ExplodingBoy,Babylon4life
ExplodingBoy,HAKern
ExplodingBoy,lella
ExplodingBoy,fannyspain
ExplodingBoy,fesmchick
ExplodingBoy,Giorgio13
ExplodingBoy,violencipaixao
ExplodingBoy,iotoole
ExplodingBoy,velvit
ExplodingBoy,illyriac
ExplodingBoy,Angalore
ExplodingBoy,Username07
ExplodingBoy,straubbhuillet
ExplodingBoy,DanielQuinn
ExplodingBoy,Isaac98tm
ExplodingBoy,NateFisher
ExplodingBoy,Kire
ExplodingBoy,Benavente
ExplodingBoy,FelipeSoares
ExplodingBoy,jopomp
ExplodingBoy,brunopegoraro
ExplodingBoy,nilleta4ever
ExplodingBoy,Faure
ExplodingBoy,jal90
ExplodingBoy,vestidoscostura
ExplodingBoy,MrCosmoKramer
ExplodingBoy,JEGama
ExplodingBoy,NaturomDemonto
ExplodingBoy,topfilmtuiter
ExplodingBoy,mattstrohl99
ExplodingBoy,AubreyWhitt
ExplodingBoy,Nerdzombie
ExplodingBoy,bnwa
ExplodingBoy,morgenruff
ExplodingBoy,fybrevis
ExplodingBoy,JohnLynn
ExplodingBoy,henryspencerirl
ExplodingBoy,ScottHBG
ExplodingBoy,juanpamelo
ExplodingBoy,Tuliog
ExplodingBoy,MapSP
ExplodingBoy,Rezafadaei
ExplodingBoy,lunes14
ExplodingBoy,faithvoid
ExplodingBoy,JimGerow
ExplodingBoy,l_meneses
ExplodingBoy,Francowasabi
ExplodingBoy,RogerCres96Bar
ExplodingBoy,amirhorror
ExplodingBoy,Cinematofilo
ExplodingBoy,bastianop
ExplodingBoy,JohnPluto88
ExplodingBoy,michelcvg
ExplodingBoy,NataliaChavarro
ExplodingBoy,MovieBuff5
ExplodingBoy,poetereau
ExplodingBoy,Poxo_2
ExplodingBoy,LCTaylor54
ExplodingBoy,evni
ExplodingBoy,sarahryan
ExplodingBoy,HakimoBrahim
ExplodingBoy,braheem
ExplodingBoy,Pauixitador
ExplodingBoy,hartamlubis
ExplodingBoy,lilydroeven
ExplodingBoy,SantiagoLMM
ExplodingBoy,AymanFayez
ExplodingBoy,allergenicswan
ExplodingBoy,AndresGarza
ExplodingBoy,widad
ExplodingBoy,wilhelmve
ExplodingBoy,dreidog
ExplodingBoy,incinerrante
ExplodingBoy,sergiodiazo
ExplodingBoy,Armanpyh
ExplodingBoy,ikanonakis
ExplodingBoy,taketheatrain
ExplodingBoy,luzlazza_
ExplodingBoy,hamofwheat
ExplodingBoy,noctambulando
ExplodingBoy,hastizabihzadeh
ExplodingBoy,tugce
ExplodingBoy,Morganah_
ExplodingBoy,drdang
ExplodingBoy,amechsner89
ExplodingBoy,vechica
ExplodingBoy,jackseibert
ExplodingBoy,lbrodsky
ExplodingBoy,vicavic
ExplodingBoy,tamdemes
ExplodingBoy,aburnstine
ExplodingBoy,Willor
ExplodingBoy,Carnezes
ExplodingBoy,hipsterdas11h
ExplodingBoy,peco28
ExplodingBoy,Ivan_Suarez
ExplodingBoy,Estrella5zul
ExplodingBoy,azwan124
ExplodingBoy,bustinduy
ExplodingBoy,mechanicalalive
ExplodingBoy,planet_queen
ExplodingBoy,notansobrio
ExplodingBoy,cabenavi
ExplodingBoy,milemiracosas
ExplodingBoy,tahiraltuntas
ExplodingBoy,arahiddleston
ExplodingBoy,Aminlumiere
ExplodingBoy,possession1981
ExplodingBoy,JSJaimes
ExplodingBoy,fotoscarnet
ExplodingBoy,champignon
ExplodingBoy,mancub
ExplodingBoy,YasserMac
ExplodingBoy,SantiPp
ExplodingBoy,antchassi
ExplodingBoy,sksofi
ExplodingBoy,robertapedrosa
ExplodingBoy,shomingeki
ExplodingBoy,lol_v_stein
ExplodingBoy,mlpv86
ExplodingBoy,rnyzlfc
ExplodingBoy,tai_lung
ExplodingBoy,arkheia
ExplodingBoy,KurtZM
ExplodingBoy,juanarey99
ExplodingBoy,santiagoago
ExplodingBoy,hamza_h
ExplodingBoy,cubukraker
ExplodingBoy,lucasrod
ExplodingBoy,Matheuspaiva1
ExplodingBoy,bedioyskin
ExplodingBoy,juegomivida
ExplodingBoy,NeoBhatia
ExplodingBoy,gritosysusurro
ExplodingBoy,Juniper_girl
ExplodingBoy,Lispectore
ExplodingBoy,kinojibaro
ExplodingBoy,Malala
ExplodingBoy,damian1080
ExplodingBoy,surreal786
ExplodingBoy,Batty
ExplodingBoy,teresamm64
ExplodingBoy,Veroxcs
ExplodingBoy,PenusBoy
ExplodingBoy,certainfatex
ExplodingBoy,guadis
ExplodingBoy,tokyosonata
ExplodingBoy,ramirezdany27
ExplodingBoy,rocamadour
ExplodingBoy,Fengcowboy
ExplodingBoy,gplaza
ExplodingBoy,bercasi
ExplodingBoy,batangwestside
ExplodingBoy,glimmmertwins
ExplodingBoy,glowingwabbit
ExplodingBoy,organictea
ExplodingBoy,rui_salvador
ExplodingBoy,perryshadow
ExplodingBoy,andrewpark86
ExplodingBoy,joseamores65
ExplodingBoy,Jake_Oakes
ExplodingBoy,cronenbergfilm
ExplodingBoy,pele_alvaro
ExplodingBoy,ffbnchtt
ExplodingBoy,augieinspace
ExplodingBoy,CondeKaji
ExplodingBoy,maxwolf333
ExplodingBoy,nvene1002
ExplodingBoy,jjm_24
ExplodingBoy,manuelk
ExplodingBoy,SolitaryParade
ExplodingBoy,carlatka
ExplodingBoy,valerialock
ExplodingBoy,jacobstertz
ExplodingBoy,katnancy
ExplodingBoy,fermiguez
ExplodingBoy,crisexeflores
ExplodingBoy,apeacefulguy
ExplodingBoy,MadsEmilWeibull
ExplodingBoy,midhunhk
ExplodingBoy,gaybriel
ExplodingBoy,Ricoalchimim
ExplodingBoy,BuenVivir
ExplodingBoy,DaveCooper
ExplodingBoy,minws
ExplodingBoy,BryceWC
ExplodingBoy,isaacbarragan
ExplodingBoy,ishaanbhatia
ExplodingBoy,SergioPineda98
ExplodingBoy,Shujinaga
ExplodingBoy,Piotrr
ExplodingBoy,__susito
ExplodingBoy,itsmerocio
ExplodingBoy,Thomkeaton
ExplodingBoy,josephhagan75
ExplodingBoy,GustavoAl
ExplodingBoy,LumeFilmes
ExplodingBoy,uryenbg
ExplodingBoy,Mario_Melendez
ExplodingBoy,riamarialuiza
ExplodingBoy,TaxiFlyer
ExplodingBoy,goldfed
ExplodingBoy,A_Karerina
ExplodingBoy,Brunovictorino
ExplodingBoy,Nicopneda
ExplodingBoy,daviraposo
ExplodingBoy,ange_pizo
ExplodingBoy,FranciscanRoad
ExplodingBoy,tainahn
ExplodingBoy,EvansWetmore
ExplodingBoy,yarence
ExplodingBoy,andreanigro
ExplodingBoy,mmgarnica
ExplodingBoy,fetogay
ExplodingBoy,ahmetkizil
ExplodingBoy,Hectorog
ExplodingBoy,strohmie13
ExplodingBoy,Asturcon
ExplodingBoy,316
ExplodingBoy,Gondo
ExplodingBoy,ivani
ExplodingBoy,AsphaltReviewer
ExplodingBoy,KuronoX
ExplodingBoy,Cristian92
ExplodingBoy,roangelest
ExplodingBoy,ZaneTheDudeMan
ExplodingBoy,Benjaminicas
ExplodingBoy,Rakgsr
ExplodingBoy,salvadoramores
ExplodingBoy,mythos
ExplodingBoy,dromeroal
ExplodingBoy,ah_um_cha
ExplodingBoy,bastardyouth
ExplodingBoy,MhLeFou
ExplodingBoy,alvmb
ExplodingBoy,LocalIndian
ExplodingBoy,fluxus
ExplodingBoy,carmenceleste
ExplodingBoy,fapm
ExplodingBoy,Sepvira
ExplodingBoy,ManuMata
ExplodingBoy,dianelatv
ExplodingBoy,martamagotchi
ExplodingBoy,lr110979
ExplodingBoy,os_manzano
ExplodingBoy,camila22
ExplodingBoy,marulene
ExplodingBoy,guzmannatalia_
ExplodingBoy,nicolassegura1
ExplodingBoy,Henry007
ExplodingBoy,icovelez
ExplodingBoy,robertshupe
ExplodingBoy,elpidasmovies
ExplodingBoy,Josehuertas
ExplodingBoy,hawksquill
ExplodingBoy,juday
ExplodingBoy,SaruBaru
ExplodingBoy,zeagripino
ExplodingBoy,pedrootropedro
ExplodingBoy,EstherPizcore
ExplodingBoy,Homo_Maniacus
ExplodingBoy,Tapasco
ExplodingBoy,Keith_Dwyer
ExplodingBoy,ragua
ExplodingBoy,Cocuaspa
ExplodingBoy,velvetbanana
ExplodingBoy,tkeoff
ExplodingBoy,SombraEletrica
ExplodingBoy,psychicentity
ExplodingBoy,_keeschalmers
ExplodingBoy,omgjaye
ExplodingBoy,Bohden
ExplodingBoy,martasibo
ExplodingBoy,MariFerr
ExplodingBoy,Mumoo
ExplodingBoy,voz_off
ExplodingBoy,vulcanvader
ExplodingBoy,Zoe_of_Mensis
ExplodingBoy,Alonsuro
ExplodingBoy,siderrae
ExplodingBoy,sgsierra
ExplodingBoy,Lokeshpyrrhic
ExplodingBoy,elcobalto
ExplodingBoy,Eiraj
ExplodingBoy,conorskelly25
ExplodingBoy,ajarrell1029
ExplodingBoy,tavarespedro
ExplodingBoy,AlejandroSuarez
ExplodingBoy,Martinaevaeva
ExplodingBoy,Carlos_
ExplodingBoy,Manu9727
ExplodingBoy,andres96tejeiro
ExplodingBoy,javierquintero
ExplodingBoy,Tombo
ExplodingBoy,vssmar
ExplodingBoy,limadwd
ExplodingBoy,Dkamphorst1994
ExplodingBoy,sirdrako
ExplodingBoy,villeneuvelynch
ExplodingBoy,violetazzz
ExplodingBoy,Hambrientos
ExplodingBoy,AdrianVieitez
ExplodingBoy,Asil18
ExplodingBoy,fgonzalezse
ExplodingBoy,TorresMraPaula
ExplodingBoy,jorgesjr
ExplodingBoy,uncannyvalley
ExplodingBoy,rreeves727
ExplodingBoy,centenario
ExplodingBoy,arrive
ExplodingBoy,5521OK
ExplodingBoy,lecapital
ExplodingBoy,moodsforlove
ExplodingBoy,thebig
ExplodingBoy,8chanfilm
ExplodingBoy,AndresMunoz
ExplodingBoy,jucoper
ExplodingBoy,christf
ExplodingBoy,TwoCineasts
ExplodingBoy,dafnethais
ExplodingBoy,coreysfilms
ExplodingBoy,merricatt
ExplodingBoy,opiumk
ExplodingBoy,coralinecastell
ExplodingBoy,BenottoTorino
ExplodingBoy,unitedinflames
ExplodingBoy,reimestheboy
ExplodingBoy,todoesnada
ExplodingBoy,Juadoq
ExplodingBoy,mandita
ExplodingBoy,riveral
ExplodingBoy,zaomattz
ExplodingBoy,Shohnny
ExplodingBoy,Syless
ExplodingBoy,rgilbuetto
ExplodingBoy,jodiefoster
ExplodingBoy,Lucretiuz
ExplodingBoy,shikon_19
ExplodingBoy,311PERCENT
ExplodingBoy,ariesuno
ExplodingBoy,evaladez
ExplodingBoy,AlejandroGR
ExplodingBoy,crispywarrior
ExplodingBoy,victorialinares
ExplodingBoy,no_ser
ExplodingBoy,hausu
ExplodingBoy,sebastiankno
ExplodingBoy,JiaoYou
ExplodingBoy,le_samourai_x
ExplodingBoy,JorgR
ExplodingBoy,Alsosprachzara
ExplodingBoy,JhonKarWai
ExplodingBoy,khaleidoscopes
ExplodingBoy,ignaxiu
ExplodingBoy,mlriudoms
ExplodingBoy,Cley
ExplodingBoy,nelitudere
ExplodingBoy,nicolasgiraldo
ExplodingBoy,nikp_
ExplodingBoy,Ivanvalenz
ExplodingBoy,wilder_zumaran
ExplodingBoy,zeynepinan
ExplodingBoy,duygunurengin
ExplodingBoy,gafonsecaa
ExplodingBoy,cehobarriga
ExplodingBoy,kuda
ExplodingBoy,samskeyti
ExplodingBoy,drkoskr
ExplodingBoy,WaltonReviews
ExplodingBoy,chuddchutney
ExplodingBoy,Nilmar_souza10
ExplodingBoy,joaovsimoes
ExplodingBoy,baranbozdag
ExplodingBoy,Ninotchka
ExplodingBoy,fuzilfalcao
ExplodingBoy,BrunoLD
ExplodingBoy,wayofthecass
ExplodingBoy,LuisContreTous
ExplodingBoy,ahmedabdelsalem
ExplodingBoy,SarahMcMullanNZ
ExplodingBoy,Mettralleta
ExplodingBoy,assivemattack
ExplodingBoy,jaimegrijalba
ExplodingBoy,rainsounds
ExplodingBoy,Henriquealperes
ExplodingBoy,Kurtz
ExplodingBoy,MorganaleFay
ExplodingBoy,tllzwotz
ExplodingBoy,ianfloodgate
ExplodingBoy,crystals
ExplodingBoy,fredzipfel
ExplodingBoy,jasikedevicius
ExplodingBoy,pdroroma
ExplodingBoy,fadhillamutiara
ExplodingBoy,martinisfather
ExplodingBoy,SimonVV
ExplodingBoy,anitacgoncalves
ExplodingBoy,lxmci
ExplodingBoy,juanmotoa
ExplodingBoy,alejandrodeci
ExplodingBoy,1ch0
ExplodingBoy,Borninflames
ExplodingBoy,rosiebri23
ExplodingBoy,ChristianSoyYo
ExplodingBoy,Elextranjero
ExplodingBoy,drogaudix
ExplodingBoy,fermondi
ExplodingBoy,lostchoi
ExplodingBoy,TrevEnjoysFilm
ExplodingBoy,RachelMyGod
ExplodingBoy,AuroraNocte
ExplodingBoy,Adam_Kadmon
ExplodingBoy,sweetcapm
ExplodingBoy,joaopedrofaro
ExplodingBoy,Carla_poa
ExplodingBoy,Draeven_Vox
ExplodingBoy,Snakes69
ExplodingBoy,Aztek
ExplodingBoy,Mwvyan
ExplodingBoy,fr0zenf00d
ExplodingBoy,alejandros15
ExplodingBoy,fedr_andrs
ExplodingBoy,Spencew
ExplodingBoy,plasticocruel
ExplodingBoy,nichedeath
ExplodingBoy,zuggazug
ExplodingBoy,mercedescavani
ExplodingBoy,MrZombieEater
ExplodingBoy,francylorena
ExplodingBoy,caulfieldanna
ExplodingBoy,The_Protagonist
ExplodingBoy,honestjon
ExplodingBoy,proksi_minekr
ExplodingBoy,osmar_romero
ExplodingBoy,sate
ExplodingBoy,moekader
ExplodingBoy,cgenro
ExplodingBoy,gothyjackie
ExplodingBoy,filmmatique
ExplodingBoy,checho_esteban
ExplodingBoy,JEWbees12
ExplodingBoy,Rafzz
ExplodingBoy,diegoasiro
ExplodingBoy,ErickRestrepo
ExplodingBoy,Daniel09
ExplodingBoy,felipe1917
ExplodingBoy,Reptilia
ExplodingBoy,kira_pv
ExplodingBoy,camivipla
ExplodingBoy,Migueldeunamano
ExplodingBoy,royal_dani
ExplodingBoy,GonzoPersona
ExplodingBoy,Jeff_mb
ExplodingBoy,ComandanteOso
ExplodingBoy,gregmnewman
manuelsanbai,Rapote
manuelsanbai,danigaresc2
manuelsanbai,bogartiano
manuelsanbai,HazeEstebanUt03
manuelsanbai,Sarita90
manuelsanbai,Mariano
manuelsanbai,alemartin
manuelsanbai,AnaAvellaneda
manuelsanbai,EeeJayOh
manuelsanbai,DarthKaze
manuelsanbai,pekenogatito
manuelsanbai,sdavs
manuelsanbai,MabuseCaligari
manuelsanbai,lauraflorezc_ob
manuelsanbai,Azureasfilms
manuelsanbai,kbrinkmann
manuelsanbai,WilhelmFaust
manuelsanbai,JuleeFloating
manuelsanbai,ForExLoversOnly
manuelsanbai,DavidNP78
manuelsanbai,diavolik
manuelsanbai,Casiopea39
manuelsanbai,StarSpringPod
manuelsanbai,endcometoosoon
manuelsanbai,olivermayorga
manuelsanbai,aliciagaliana
manuelsanbai,JuanmaGutierrez
manuelsanbai,Cinepatico
manuelsanbai,angelfacee
manuelsanbai,oliviaxd
manuelsanbai,Jb_Flanagan
manuelsanbai,Ged__
manuelsanbai,Simonsds
manuelsanbai,quber
manuelsanbai,cinephile1980
manuelsanbai,gondmayx
manuelsanbai,cinemapirata
manuelsanbai,topfilmtuiter
manuelsanbai,paloma55
manuelsanbai,Mikio_Fassberma
manuelsanbai,YeraiM
manuelsanbai,GrapeStomper
manuelsanbai,Thephantomastic
alonsodvt,KarinaCampos
alonsodvt,CyberDemon8062
alonsodvt,Elon_Nakamato
alonsodvt,BLK45
alonsodvt,a7etere
alonsodvt,DlONISIO
alonsodvt,fafatq
alonsodvt,SamuelDeRod
alonsodvt,Andilar
alonsodvt,Piedra248
alonsodvt,mlunam
alonsodvt,anttarkovsky
alonsodvt,spinnningmoon
alonsodvt,Joe5556
alonsodvt,EnzoDerio
alonsodvt,TigerYogi
alonsodvt,Jaguarete
alonsodvt,gertrudis27
alonsodvt,e_rodl
alonsodvt,CarlosGomez
alonsodvt,MaicoD
alonsodvt,KurtZM
alonsodvt,jackcienfuegos
alonsodvt,Jaun
alonsodvt,NotasFicticias
alonsodvt,EdMerino
alonsodvt,Aangelotti
alonsodvt,lucianoww
alonsodvt,davidgc96
alonsodvt,frby_
alonsodvt,MarceloParedes
alonsodvt,Duhlorean
alonsodvt,httpscine
alonsodvt,HorseyVinegar
alonsodvt,JJSeries
alonsodvt,JorgeCanoFebles
alonsodvt,rosantiago
alonsodvt,Thirty
alonsodvt,Gusteduardo
alonsodvt,cevallosfacundo
alonsodvt,JohannaWi
alonsodvt,monicaherso
alonsodvt,gi0van
alonsodvt,inmayoshi
alonsodvt,bitacoraderafo
alonsodvt,Seb2210
alonsodvt,davidcarteaga
alonsodvt,AdequateSam
alonsodvt,alegumbre
alonsodvt,teoplanell
alonsodvt,juanjozorita
alonsodvt,blueyenthusiast
alonsodvt,zekedimblebee
alonsodvt,Azi_Dark
alonsodvt,CapitanPedales
alonsodvt,naomi119
alonsodvt,aandwdabest
alonsodvt,RonnieFarfan
alonsodvt,st_rules
alonsodvt,guimanuel
alonsodvt,Yorda
alonsodvt,GeyserDolls
alonsodvt,josemcot
alonsodvt,GuiLlePeli9
alonsodvt,anarza
alonsodvt,Alain_Yorke
alonsodvt,feelmedusa
alonsodvt,wenerrj
alonsodvt,ffeder1co
alonsodvt,ZweeP
alonsodvt,PipocaPirada
alonsodvt,characterarc
alonsodvt,julidesantos
alonsodvt,OneBlueCat
alonsodvt,camiloucros
alonsodvt,halcie03
alonsodvt,sjsgoldenboy
alonsodvt,aeth_
alonsodvt,brumario
alonsodvt,Richi_Wallace
alonsodvt,jocelyngl_
alonsodvt,LifoxTV
alonsodvt,isaactorresh
alonsodvt,Pablo_watches
alonsodvt,tornecantos
alonsodvt,e98sw
alonsodvt,Bennau
alonsodvt,blouibloui
alonsodvt,fdobonilla
alonsodvt,elmarecito
alonsodvt,Joecrowe
alonsodvt,ohmaayaa
alonsodvt,tomas_vique
alonsodvt,bajolapantalla
alonsodvt,tovarjosel
alonsodvt,Diego_Sensei
alonsodvt,Manojap17
alonsodvt,spicyslime69
alonsodvt,otherplanet
alonsodvt,escapedroomba
alonsodvt,jexzermeno
alonsodvt,diazvigo
alonsodvt,jecs_
alonsodvt,sophiedejavu
alonsodvt,elnorberto
alonsodvt,felipeasenjo
alonsodvt,LaQuimeraCult
alonsodvt,pelizondo
alonsodvt,jonbetz
alonsodvt,pintue
alonsodvt,haseulluvr
alonsodvt,hanus
alonsodvt,linternamagica
alonsodvt,John_Vuela
alonsodvt,nguyenducvan
alonsodvt,barrabaja
alonsodvt,FilFlaxon
alonsodvt,luxx0
alonsodvt,MatiasAlbertott
alonsodvt,Daniblacksmoke
alonsodvt,dcsanches
alonsodvt,FerSanchez05
alonsodvt,timetolive
alonsodvt,acepinkish
alonsodvt,npaganbutler
alonsodvt,metasboc
alonsodvt,elegram
alonsodvt,Evelynnatyeli
alonsodvt,ArielMM
alonsodvt,Darran
alonsodvt,hearthiano
alonsodvt,nuevafunkeira
alonsodvt,pirracas
alonsodvt,llIlIlIIllllIIl
alonsodvt,johanssonwill
alonsodvt,actor123
alonsodvt,Magla
alonsodvt,GLMorlanes
alonsodvt,eneko21
alonsodvt,Guilezitos
alonsodvt,LouMovies
alonsodvt,MadalaFR
alonsodvt,zoyd__wheeler
alonsodvt,BrokenGiraffe
alonsodvt,yiyomsc
alonsodvt,anafatar
alonsodvt,diegosanchez8
alonsodvt,PeruvianFunkmon
alonsodvt,vukita
alonsodvt,asalazar
alonsodvt,inherentlice
alonsodvt,Saba1e7e
alonsodvt,PatPat99
alonsodvt,audaciously
alonsodvt,lebum_
alonsodvt,alebmrll
alonsodvt,Icarodario
alonsodvt,monttabu
alonsodvt,ragingtoro
alonsodvt,RaoulKaz
alonsodvt,tchitcherine_
alonsodvt,samdebrod
alonsodvt,kalebschlatter
alonsodvt,bocau176
alonsodvt,HenriDanglard
alonsodvt,turnerjoylynch
alonsodvt,kamuka
alonsodvt,sancho_panza
alonsodvt,ljgonz
alonsodvt,eliottp
alonsodvt,rachelcuck
alonsodvt,robdickie
alonsodvt,JulioAlejandro0
alonsodvt,dolemite_d
alonsodvt,platanero
alonsodvt,10joseg
alonsodvt,dahegu
alonsodvt,lanouvellevague
alonsodvt,ForTheHungryBoy
alonsodvt,hellafitzgerald
alonsodvt,Daroet
alonsodvt,Laurenz1712
alonsodvt,ThatHikari
alonsodvt,MariZu21
alonsodvt,Yosemight
alonsodvt,Julio183
alonsodvt,jortlebot
alonsodvt,cdotchacko
alonsodvt,jujeune
alonsodvt,timgriff
alonsodvt,zsofi_gode
alonsodvt,feedeslilas
alonsodvt,San_Park
alonsodvt,luandamascena
alonsodvt,RobertoCarlos
alonsodvt,marclefou18
alonsodvt,aflickering
alonsodvt,iamnothere
alonsodvt,snugpug
alonsodvt,ThanksOffToYa
alonsodvt,SammyWeathers
alonsodvt,crunnels
alonsodvt,Garpuntle
alonsodvt,m_night_shamilt
alonsodvt,mauricioo
alonsodvt,juantartico
alonsodvt,Borregales2468
alonsodvt,AValesC
alonsodvt,alrightpartner
alonsodvt,francisvalente
alonsodvt,psychedelicvici
alonsodvt,kehomlara
alonsodvt,nathaniellp
alonsodvt,kupferminc
alonsodvt,vasorotostich
alonsodvt,dcuencap
alonsodvt,SalvadorKent
alonsodvt,ihartfilm
alonsodvt,slowcap
alonsodvt,KareemS
alonsodvt,miiguelallberto
alonsodvt,crushingscenes
alonsodvt,paconlyfilms
alonsodvt,nikokicken
alonsodvt,AbrahamAranda
alonsodvt,Quinonesconenie
alonsodvt,danusia
alonsodvt,Andres_Alonso
alonsodvt,Amebasfan
alonsodvt,rodgabriel
alonsodvt,mllanes
alonsodvt,DrakTV
alonsodvt,jeyjey1927
alonsodvt,jimenahmedrano
alonsodvt,KennyLee
alonsodvt,issabbell
alonsodvt,rafaga97
alonsodvt,CesarinMJ
alonsodvt,mariaarguedas
alonsodvt,Trz_10
alonsodvt,kevoombon
alonsodvt,luludcarton
alonsodvt,Panconqueso
alonsodvt,stela07
alonsodvt,Nancyprzlpz
alonsodvt,AlaideMo
alonsodvt,CallMeDonChavez
alonsodvt,Pauxxx11
alonsodvt,mreyesm
alonsodvt,SrUlmer
alonsodvt,blancichi
alonsodvt,MiguelJaquez
alonsodvt,Hugchvz
alonsodvt,rafaelordaya1
alonsodvt,aricarp
alonsodvt,HazeEstebanUt03
alonsodvt,bogartzin
alonsodvt,mrnobody666
alonsodvt,albertrogu
alonsodvt,Tedyursa
alonsodvt,nine03
alonsodvt,Ezkiel2517
alonsodvt,alanmbre
alonsodvt,Nadie0996
alonsodvt,DiegoRubio
alonsodvt,humanhologram
alonsodvt,emilioreyes
alonsodvt,Cosclausen
alonsodvt,sundar4_
alonsodvt,anon_eramujer
alonsodvt,RenePelcas
alonsodvt,SantanaYork
alonsodvt,VacaVarvoleta
alonsodvt,Youquendo
alonsodvt,AndresMunera
alonsodvt,Doark13
alonsodvt,noceloca
alonsodvt,szifron
alonsodvt,paymeanspain
alonsodvt,cine_mexicano
alonsodvt,izhaac
alonsodvt,miguelbautista
alonsodvt,axeltenaglia
alonsodvt,EJSotoPe
alonsodvt,DiegoBatlle
alonsodvt,atzurdo
alonsodvt,t3rcermundist4
alonsodvt,arieldelfuturo
alonsodvt,reminiscences
alonsodvt,CosmesUz
alonsodvt,copronim0
alonsodvt,yanshuiji
alonsodvt,rateyourdemon
alonsodvt,kurtzmagazine
alonsodvt,Brauliomontoya
alonsodvt,YsidroGarciaR
alonsodvt,mario_rogar
alonsodvt,lilipyz
alonsodvt,AlexVL21
alonsodvt,The_horrorlove
alonsodvt,nik587
alonsodvt,thewarrider
alonsodvt,darkatbo
alonsodvt,abueloalcuten
alonsodvt,chiwini
alonsodvt,CesarVarelas
alonsodvt,gitzelita
alonsodvt,majomir
alonsodvt,SLUMERICAN
alonsodvt,PabloVzqz
alonsodvt,Aleisi_
alonsodvt,ignastu18
alonsodvt,cadaververano
alonsodvt,Luis_viram
alonsodvt,Andythedog
alonsodvt,Fac_Kuttel_9
alonsodvt,ssebastian_diaz
alonsodvt,Wtfsxndrxx
alonsodvt,eunem
alonsodvt,_adenium
alonsodvt,LissFlota
alonsodvt,boopulaar
alonsodvt,lacachintherye
alonsodvt,PietroCalace
alonsodvt,Afllen
alonsodvt,pablojv
alonsodvt,Lucian0Curt1
alonsodvt,oscar253
alonsodvt,dibubidu2510
alonsodvt,guidomontini
alonsodvt,ferrototo
alonsodvt,evaristoylulu
alonsodvt,lanza2025
alonsodvt,RK1968
alonsodvt,blzdroy
alonsodvt,piggysuper8
alonsodvt,josemasinacento
alonsodvt,kvrtz_xmjj
alonsodvt,notnuez
alonsodvt,claudiaraia
alonsodvt,ChClumsy
alonsodvt,IrregularNihil
alonsodvt,culer0
alonsodvt,daaaaniela
alonsodvt,Kens_RAM
alonsodvt,joaovfs
alonsodvt,manu1708
alonsodvt,OmarRoblesC
alonsodvt,nocells
alonsodvt,Pandolfita
alonsodvt,Senior_Pinto
alonsodvt,sebastian_mc
alonsodvt,juangutierrezzz
alonsodvt,AlbertFloTo
alonsodvt,Sodadude
alonsodvt,cursedmn
alonsodvt,Franclo
alonsodvt,Orlando_26
alonsodvt,4GV
alonsodvt,Srloboblanco
alonsodvt,joseacevez
alonsodvt,Miguelitross
alonsodvt,JoshSol01
alonsodvt,lyonita
alonsodvt,nadador_
alonsodvt,straubbhuillet
alonsodvt,cinemalangue
alonsodvt,ADLV0001
alonsodvt,ersio
alonsodvt,ElCobertizo
alonsodvt,oihan_e________
alonsodvt,Roczdro
alonsodvt,luisru
alonsodvt,AlabamaM
alonsodvt,StM934
alonsodvt,archivocinecri
alonsodvt,naomero
alonsodvt,Jazminjjjjj
alonsodvt,midim
alonsodvt,Danse_
alonsodvt,goed
alonsodvt,JesutinoHur
alonsodvt,alvcarrera17
alonsodvt,Zombiieboyy
alonsodvt,rafalv
alonsodvt,ismaelaguidarck
alonsodvt,oalo
alonsodvt,AlCorona
alonsodvt,AtomicGaby
alonsodvt,Soleram
alonsodvt,Diego2001Garcia
alonsodvt,joelini
alonsodvt,jmdv
alonsodvt,ajMoviesfilm
alonsodvt,Illustrated_Mam
alonsodvt,antoniodemonste
alonsodvt,OG_Memo_lv
alonsodvt,olm_edo
alonsodvt,KiddoxSpace
alonsodvt,backinthepulse
alonsodvt,davidevillegas
alonsodvt,Cineteca13
alonsodvt,sheblelmorshedy
alonsodvt,jev_online
alonsodvt,PearlySpencer
alonsodvt,Susa61
alonsodvt,___remitente
alonsodvt,pelidani
alonsodvt,BLuis
alonsodvt,theWWWatcher
alonsodvt,Marauder_
alonsodvt,BlackCat1347
alonsodvt,adn_Abigail
alonsodvt,Kinomanik
alonsodvt,Holamund0
alonsodvt,_bslcp
alonsodvt,Damn1306
alonsodvt,idiotacontento
alonsodvt,verzoneenozrev
alonsodvt,ModernCahiers
alonsodvt,joshuamcfreddy
alonsodvt,CassiaM
alonsodvt,ayherran
alonsodvt,karenperagallo
alonsodvt,lau1987
alonsodvt,ayecara
alonsodvt,kinojibaro
alonsodvt,angelo_
alonsodvt,jdavidpm
alonsodvt,paumxc
alonsodvt,gaeljover
alonsodvt,Dyveekee
alonsodvt,bertto04
alonsodvt,IsaacSM2
alonsodvt,godamnjakoboss
alonsodvt,fuzilfalcao
alonsodvt,joofe11
alonsodvt,SamuelLaser
alonsodvt,quber
alonsodvt,Ninotchka
alonsodvt,topfilmtuiter
alonsodvt,jjm_24
alonsodvt,paloma55
alonsodvt,Karendoblerr
alonsodvt,cecysango
alonsodvt,krlosierra
alonsodvt,MentusaShirt
alonsodvt,Valkyriavallejo
alonsodvt,martinoba
alonsodvt,daniela_michelc
alonsodvt,rodotnk
alonsodvt,bo_cinefilo
alonsodvt,spectre_howling
alonsodvt,otnd
alonsodvt,Ronaldov
alonsodvt,sgmateo
alonsodvt,Noctomy
alonsodvt,maugced
alonsodvt,mxrtxa
alonsodvt,earthpigment
alonsodvt,Romo_M
alonsodvt,sofischpo29
alonsodvt,IvanFuentes
alonsodvt,belemcabuto
alonsodvt,nnicog26
alonsodvt,mescobar
alonsodvt,thejosess
alonsodvt,aide27
alonsodvt,ficm
alonsodvt,Mancu32
alonsodvt,ryuqueer
alonsodvt,GiselaER
alonsodvt,Hugorivascorder
alonsodvt,fiiooori
alonsodvt,solvn
alonsodvt,MaseMassett
alonsodvt,ofssn
alonsodvt,kerstray
alonsodvt,VlizGeraal
alonsodvt,RealRedo
alonsodvt,LuisiVelasco
alonsodvt,bubblwings
alonsodvt,Sopa_de_Gato
alonsodvt,KerPau
alonsodvt,_perico
alonsodvt,_torriico
alonsodvt,twittsuo
alonsodvt,metroidx18
alonsodvt,hzehenny
alonsodvt,anamarroquinm
alonsodvt,julianavelezt
alonsodvt,Anton1996
alonsodvt,leaarias8
alonsodvt,ghberlanga
alonsodvt,crasiul
alonsodvt,pablooo011
alonsodvt,guayartizi
alonsodvt,dianitz_
alonsodvt,Pablo_Lopez
alonsodvt,LainGelion
alonsodvt,caroleconcye
alonsodvt,holamela
alonsodvt,Lucasarci
alonsodvt,rickytau
alonsodvt,belenmarc15
alonsodvt,afteruben
alonsodvt,Vampirillo07
alonsodvt,LookingFore
alonsodvt,ariginiger
alonsodvt,amungo
alonsodvt,AdamRuizSanders
alonsodvt,Diemovies
alonsodvt,Isaac98tm
alonsodvt,blackzppelin
alonsodvt,DanielMumont
alonsodvt,javisomoza
alonsodvt,MAdrianPL
alonsodvt,carlitoshalcon
alonsodvt,EA_
alonsodvt,nmayaby
alonsodvt,DOMBOPOULIS
alonsodvt,brendanlucas
alonsodvt,diegxsg
alonsodvt,Yeyothechosen
alonsodvt,marianachhh
alonsodvt,cristologia
alonsodvt,Rock_Lanthimos
alonsodvt,SirWilfrid
alonsodvt,gifndz
alonsodvt,matefilms
alonsodvt,EmanuelSandoval
alonsodvt,sofiaguiarr
alonsodvt,CharlieMcFly8
alonsodvt,cortixbin
alonsodvt,cirobeas
alonsodvt,sopersondino
alonsodvt,ncastellanos
alonsodvt,naviguz
alonsodvt,cesarsalvatore
alonsodvt,sterankofrank
alonsodvt,Anashely
alonsodvt,DavidGS90
alonsodvt,ERIK_C_
alonsodvt,cecivera
alonsodvt,Soyferdeleon
alonsodvt,waltervaldes
alonsodvt,jafer_ali
alonsodvt,deebuff
alonsodvt,gabanda
alonsodvt,gilbertorres
alonsodvt,lagulipa
alonsodvt,Leo_Simon
alonsodvt,che19
alonsodvt,rmartinezl
alonsodvt,oliviahuidobro
alonsodvt,agusti13
alonsodvt,Histerico
alonsodvt,ErnestoPastrana
alonsodvt,mesiasmecanico
alonsodvt,edonjuan
alonsodvt,guachaporis
alonsodvt,GerardoGuerra
alonsodvt,elGusti
alonsodvt,danyriv23
alonsodvt,Cosmonauta_23
alonsodvt,Quintilindo
alonsodvt,audeline
alonsodvt,gustavoquirs
alonsodvt,Laufilma
alonsodvt,adricpia
alonsodvt,cholerwol
alonsodvt,joadcasgro
alonsodvt,Fovi
alonsodvt,ManColl93
alonsodvt,Cavanuelas_
alonsodvt,gomezlovera
alonsodvt,gamberrisimo
alonsodvt,JuanCarbonell
alonsodvt,CrispinaPercebe
alonsodvt,Jere__
alonsodvt,l_jobico
alonsodvt,AxlChalico
alonsodvt,EmilioLuna
alonsodvt,impavesare
alonsodvt,greendog
alonsodvt,Yuss
alonsodvt,DanielPsico
alonsodvt,commonnonsens
alonsodvt,reener
alonsodvt,jesuscampania
alonsodvt,cuy0g0t1c0
alonsodvt,_luciano_
alonsodvt,luis_eherrera
alonsodvt,JavierCarmen
alonsodvt,Carlosguzman007
alonsodvt,os_manzano
alonsodvt,aasrubio
alonsodvt,CinemaaCritic
alonsodvt,tofeca
alonsodvt,valdiviaris
alonsodvt,FelipeBautista
alonsodvt,juanpa_071
alonsodvt,PaolaParra
alonsodvt,stephnoise
alonsodvt,frrrrdoit
alonsodvt,JCGavancho
alonsodvt,Diamantina11
alonsodvt,tallerubi
alonsodvt,harumi_tana
alonsodvt,danipreich
alonsodvt,MarvelloSastraa
alonsodvt,carloop3
alonsodvt,floresdeenero
alonsodvt,Jesu9
alonsodvt,Srgio_Snchez
alonsodvt,ALE2343
alonsodvt,vitoborgona
alonsodvt,hiramszb
alonsodvt,JesusGazu
alonsodvt,marquititos
alonsodvt,actuariodelcine
alonsodvt,andresazamar
alonsodvt,JorhiV
alonsodvt,dg_m47
alonsodvt,suscitada_
alonsodvt,ferarauna
alonsodvt,JoanCuadrado
alonsodvt,arturoixba
alonsodvt,palaciosinese
alonsodvt,martinepinho
alonsodvt,Rdosdedos
alonsodvt,Sebastian_HC
alonsodvt,unluckky
alonsodvt,moocean
alonsodvt,PalomaLC
alonsodvt,ruby_sparks
alonsodvt,sound_exposure
alonsodvt,ihatemoviesmx
alonsodvt,fleursdumaI
alonsodvt,EmilioRosique
alonsodvt,Liliana_C
alonsodvt,Synthm4d
alonsodvt,metasigia
alonsodvt,Cinede1729
alonsodvt,lila_turquesa
alonsodvt,DrRafita
alonsodvt,GuilleMjia
alonsodvt,EBarriguete
alonsodvt,VictorB13
alonsodvt,SergioRocha
alonsodvt,CesarPosadas
alonsodvt,RozzAeternus
alonsodvt,IsaacPortillo
alonsodvt,WrikiKamen
alonsodvt,ElvisRDGZ
alonsodvt,Vulnerise
alonsodvt,LoteriaLucas
alonsodvt,notamaniacgrl
alonsodvt,JohnWhitman
alonsodvt,rodolfogarcias
alonsodvt,Fer_Hoz
alonsodvt,nicoooob
alonsodvt,diafordavid
alonsodvt,Diego15NM
alonsodvt,CarlosVC
alonsodvt,AndreLuna
alonsodvt,arturo99
alonsodvt,duit
alonsodvt,Esotericmarxist
alonsodvt,anacris3
alonsodvt,cuaupillado
alonsodvt,trafff
alonsodvt,vlad_y_mir
alonsodvt,Aremcfly
alonsodvt,ynapineda
alonsodvt,kiwius
alonsodvt,dunes508
alonsodvt,cuitlahuac
alonsodvt,Lamarygodoy
alonsodvt,MissAtbomb
alonsodvt,dimecarlos
alonsodvt,TheCinemaCorner
alonsodvt,dennis1906
alonsodvt,stephy333
alonsodvt,Erick_L
alonsodvt,AzuCabuto
alonsodvt,MauroBengoechea
alonsodvt,brofium
alonsodvt,mgaticac301070
alonsodvt,pele_alvaro
alonsodvt,FriendlyGreedo
alonsodvt,Kinoblade
alonsodvt,markcups
alonsodvt,xzetaprobe
alonsodvt,chava_rria
alonsodvt,Maytebela
alonsodvt,Ghinder_steck
alonsodvt,canutopelic
alonsodvt,nolesabeSaulo
alonsodvt,JesusZacarias17
alonsodvt,_HEGE_
alonsodvt,DenMor
alonsodvt,TianesFlanes
alonsodvt,Pau_zv
alonsodvt,EtselecLha
alonsodvt,highhopes_
alonsodvt,LecheDeBruja
alonsodvt,candores_abc_xy
alonsodvt,emerickb
alonsodvt,focustl
alonsodvt,JorgeFHL
alonsodvt,gosuel
alonsodvt,danianelisse
alonsodvt,introvz
alonsodvt,willestrad
alonsodvt,paldogangsan
alonsodvt,Frideishon
alonsodvt,jjaassrr
alonsodvt,NENUC0
alonsodvt,DeivGarcia
alonsodvt,abad07
alonsodvt,TacoDeCochinita
alonsodvt,xbitsam
alonsodvt,JulioFru
alonsodvt,Bishop7986
alonsodvt,ramiro29421
alonsodvt,vajraguru
alonsodvt,lalo768021
alonsodvt,denisse12_gz
alonsodvt,LeafMad_Media
alonsodvt,rgdr7
alonsodvt,BeKrizek
alonsodvt,leieelisa
alonsodvt,007Bernal
alonsodvt,CarlosTirado
alonsodvt,Arih_13
alonsodvt,Alephbeth
alonsodvt,pontemonkey
alonsodvt,flordelisada
alonsodvt,moon_madness
alonsodvt,asa_nisi_masa_7
alonsodvt,JimenaIturbe
alonsodvt,Meminho13
alonsodvt,PD33D33
alonsodvt,jochichavez
alonsodvt,rohdruh
alonsodvt,erick11r
alonsodvt,Spotlight2015
alonsodvt,Oscar138
alonsodvt,Eromorfos
alonsodvt,Andreacashu
alonsodvt,kaankoktay
alonsodvt,Sammylanister
alonsodvt,JuananSalmeron
alonsodvt,trhdz
alonsodvt,agomezhl
alonsodvt,Ordasuri3
alonsodvt,saccard
alonsodvt,mmirones7
alonsodvt,alberto20lee
alonsodvt,KailanSpier
alonsodvt,jorgemarlop
alonsodvt,ernesto_ave
alonsodvt,jsluis
alonsodvt,reemiooo
alonsodvt,infestguy
alonsodvt,MoyMz
alonsodvt,Dengru
alonsodvt,frcguus
alonsodvt,rueda77
alonsodvt,Lolek666
alonsodvt,ponsho174
alonsodvt,arg_9000
alonsodvt,JSMora
alonsodvt,Ileana25
alonsodvt,AngelSantos
alonsodvt,eliottramirez
alonsodvt,Silvestrelpv
alonsodvt,nqsl
alonsodvt,Emi_05_banun
alonsodvt,Roggers
alonsodvt,Anvitron99
alonsodvt,AmDehesa
alonsodvt,PypasR
alonsodvt,pepalatora
alonsodvt,remolacha08
alonsodvt,marcosbalsevich
alonsodvt,FilmaticDeath
alonsodvt,ArturoSaavedraR
alonsodvt,danielph98
alonsodvt,GustavoGlz
alonsodvt,muluchun
alonsodvt,Kovua
alonsodvt,karolmoon
alonsodvt,BatCvnt15
alonsodvt,aqui_no_estoy
alonsodvt,Eowynk_
alonsodvt,Juansa0995
alonsodvt,MapacheBoreal
alonsodvt,Mobarana
alonsodvt,Ferminator
alonsodvt,FloraUve
alonsodvt,oscoyglz
alonsodvt,ComandanteA
alonsodvt,VicCoyote7
alonsodvt,Dudejsb
alonsodvt,SilvestreDays
alonsodvt,ErikMoon
alonsodvt,MeliGirasoli
alonsodvt,woahfilm
alonsodvt,Dielman23
alonsodvt,Rahjy
alonsodvt,kariana_con_k
alonsodvt,danitonic
alonsodvt,David1939
alonsodvt,Laelsaborsito
alonsodvt,LostinTrenqueL
alonsodvt,snoui
alonsodvt,Filmexplorer_ch
alonsodvt,napoberto
alonsodvt,gabrielsilvelo
alonsodvt,luvvy
alonsodvt,sofiahasbun
alonsodvt,alex7e02e39fc
alonsodvt,Anto_17
alonsodvt,IgorSanz
alonsodvt,genzai_2
alonsodvt,Chenchochicle
alonsodvt,vigzomboy
alonsodvt,juansebau95
alonsodvt,fernandaesca
alonsodvt,Roxx_S
alonsodvt,ann__g
alonsodvt,AdAstra_
alonsodvt,pabloleonolea
alonsodvt,m8ambient
alonsodvt,noserecineasta
alonsodvt,PacoMB
alonsodvt,depaul
alonsodvt,alexsa
alonsodvt,FerMadrigal
alonsodvt,PTAVS
alonsodvt,harkersbadge
alonsodvt,EBManta
alonsodvt,qiaose
alonsodvt,JDannyC
alonsodvt,Uri30Kaleb
alonsodvt,Edgar_saul
alonsodvt,en__passant___
alonsodvt,milly000
alonsodvt,fumador1717
alonsodvt,jesusnomequiere
alonsodvt,noracf
alonsodvt,Diego1012
alonsodvt,afterrequiem
alonsodvt,Eleloys
alonsodvt,cinecalabazo
alonsodvt,mauri_goma
alonsodvt,GatoCinemaLala
alonsodvt,jrobinet
alonsodvt,Cchonon
alonsodvt,ENIFER
alonsodvt,ramontrevino
alonsodvt,Karennd
alonsodvt,anaguerrerog
alonsodvt,Koaladelaisla
alonsodvt,Xenoamorfo
alonsodvt,arielgtz
alonsodvt,manuelmaar
alonsodvt,Iran
alonsodvt,rojasconbotas
alonsodvt,espumosodaddy
alonsodvt,hdma0415
alonsodvt,SebasUgalde
alonsodvt,alemartin
alonsodvt,camidairy
alonsodvt,directedbyjo
alonsodvt,Dan74
alonsodvt,cerdaan
alonsodvt,Jesusblake
alonsodvt,bellochka
alonsodvt,dianaC12
alonsodvt,Creed1
alonsodvt,rony18
alonsodvt,pueblitopue
alonsodvt,Cinematike
alonsodvt,robonilla
alonsodvt,guiper
alonsodvt,Peruvianbojack
alonsodvt,mez1239
alonsodvt,Pabloperezz
alonsodvt,chilakil
alonsodvt,TylerJager
alonsodvt,NilArana
alonsodvt,causitadeatun
alonsodvt,Ovidiodeleon
alonsodvt,Kat_Vader
alonsodvt,anfrd
alonsodvt,IsaiUchiha
alonsodvt,Rod_ward
alonsodvt,Zombiego2006
alonsodvt,digallegose
alonsodvt,aaron95
alonsodvt,javierosuna
alonsodvt,vernell
alonsodvt,jaimeponsdlg
alonsodvt,ManuelMnte
alonsodvt,Ian_Paulo
alonsodvt,monserratarias
alonsodvt,farid_agurto
alonsodvt,nickeii
alonsodvt,andkev
alonsodvt,moheno
alonsodvt,andreajnp
alonsodvt,RodrigoCazes
alonsodvt,13hado99
alonsodvt,aa_salvatierra
alonsodvt,El_Josue_Marmol
alonsodvt,Matias800
alonsodvt,claudioyunge
alonsodvt,Mixander
alonsodvt,MauPeBo
alonsodvt,pocoelchato
alonsodvt,EAthalar
alonsodvt,Geriii1984
alonsodvt,erredeme
alonsodvt,IndianaRoy
alonsodvt,loulogioreviews
alonsodvt,BonsAdalas
alonsodvt,AtariK0bayashi
alonsodvt,pancholegaspi
alonsodvt,retemaX
alonsodvt,michelcvg
alonsodvt,Yuma7
alonsodvt,arigatito666
alonsodvt,diegoagdi
alonsodvt,wiiskeii
alonsodvt,Endika
alonsodvt,Ankindol_j1
alonsodvt,maxisanguina
alonsodvt,eljpax
alonsodvt,Pauuus
alonsodvt,aindanao
alonsodvt,ecovega_
alonsodvt,HugoELM
alonsodvt,LeonRR97
alonsodvt,thelovearesick
alonsodvt,tomasdevedia
alonsodvt,marcopaulou
alonsodvt,lsare0
alonsodvt,juanjocerero
alonsodvt,JulioHermann117
alonsodvt,emmahn
alonsodvt,cclauud
alonsodvt,Checo_san
alonsodvt,blue_reverie
alonsodvt,RosalindaOS
alonsodvt,ponch_RR
alonsodvt,H_Wack
alonsodvt,outskirtsmag
alonsodvt,materialghost
alonsodvt,finuli34
alonsodvt,insseinyo
alonsodvt,CineGeekLitio
alonsodvt,Diego8982
alonsodvt,FerGuz
alonsodvt,caro_berrocal
alonsodvt,h3len
alonsodvt,elpereznator
alonsodvt,Gui_Vieira
alonsodvt,viirr4
alonsodvt,linda_litzk
alonsodvt,prozacradio86
alonsodvt,jimeenasalinas
alonsodvt,PBC1917
alonsodvt,sayalar
alonsodvt,manunam
alonsodvt,ClauGro
alonsodvt,omarznari
alonsodvt,piaamee123
alonsodvt,JorgeV96
alonsodvt,bartoac
alonsodvt,EnriqueLeal
alonsodvt,gp89
alonsodvt,cinemayogui
alonsodvt,mauii_
alonsodvt,minivillana
alonsodvt,Kinoglaz1971
alonsodvt,Augus22
alonsodvt,CisneNegro_
alonsodvt,guilherme_cozta
alonsodvt,jovenausente
alonsodvt,myricasanova
alonsodvt,bedioyskin
alonsodvt,kbrinkmann
alonsodvt,batsebas
alonsodvt,yoss_sg
alonsodvt,nanodiaz420
alonsodvt,cavovalecillo
alonsodvt,yeyelux
alonsodvt,Thegirlygirl
alonsodvt,paquibara
alonsodvt,Jose_Pulido
alonsodvt,rodri90
alonsodvt,danielasalgado
alonsodvt,cineli
alonsodvt,lrvg
alonsodvt,AAngeles
alonsodvt,sankaralefou
alonsodvt,lauchus
alonsodvt,moealbarn
alonsodvt,VacantJoy
alonsodvt,rome52
alonsodvt,Newsnayr
alonsodvt,itsnotlynchian
alonsodvt,xfrxid
alonsodvt,UsagiYojimbo86
alonsodvt,Emilioromsab
alonsodvt,meludovica
alonsodvt,marianomorales_
alonsodvt,JonBetanzos
alonsodvt,LucasGamerHD14
alonsodvt,mimimickey
alonsodvt,ArielRauda
alonsodvt,Baby_Luna
alonsodvt,biblicalfawn
alonsodvt,cineeneldivan
alonsodvt,josemora
alonsodvt,BraianSL
alonsodvt,Omar_OM
alonsodvt,rodrcos
alonsodvt,Ferharquitecto
alonsodvt,anicolas
alonsodvt,SoundLover
alonsodvt,hughmanfilms
alonsodvt,Ilofchmhas
alonsodvt,MaromeroPaez
alonsodvt,CarlosVargasB
alonsodvt,g_mons_
alonsodvt,Rodrigo_Cruz17
alonsodvt,CeroVaro
alonsodvt,Mariaducinema
alonsodvt,Chylpayate
alonsodvt,ggs27
alonsodvt,hardeline
alonsodvt,aportraitofjoel
alonsodvt,oscarcop
alonsodvt,marcaskevin4
alonsodvt,tonadios
alonsodvt,BastianPascal
alonsodvt,NiceFightBoy
alonsodvt,majixcx
alonsodvt,Nitttzia
alonsodvt,JustDi3go
alonsodvt,yourgirlxim
alonsodvt,xochislife
alonsodvt,dannnn21
alonsodvt,Samukingz
alonsodvt,koiw
alonsodvt,Marcos_M_Rom
alonsodvt,GustavoAxt
alonsodvt,lanabonita
alonsodvt,Leanchini
alonsodvt,briendepapel
alonsodvt,PaulinaPallares
alonsodvt,felipes
alonsodvt,untacodeojo
alonsodvt,jazmindelcielo
alonsodvt,Mechaxplotation
alonsodvt,andreadinamita
alonsodvt,badtrippanchi
alonsodvt,lolefra1
alonsodvt,cloudbusting_
alonsodvt,Otreborrey
alonsodvt,josuemsv
alonsodvt,bunnydania
alonsodvt,alexmateosro
alonsodvt,Faridpll
alonsodvt,KutsRuslan
alonsodvt,Flaco2
alonsodvt,jesu1007
alonsodvt,Lucho3300
alonsodvt,ney24
alonsodvt,natanonima
alonsodvt,laultimazeta
alonsodvt,PatriciaSanchez
alonsodvt,martiniturra
alonsodvt,joe01
alonsodvt,aramcruzl
alonsodvt,Chuuuuules
alonsodvt,armando_san
alonsodvt,alemsan_08
alonsodvt,david_cs02
alonsodvt,DJGS
alonsodvt,clockworkfabio
alonsodvt,gaelmontiel
alonsodvt,Exzibit21
alonsodvt,GatoCalculista
alonsodvt,cliz
alonsodvt,danny13_
alonsodvt,Paco569
alonsodvt,giobambis
alonsodvt,danielashg
alonsodvt,Veron17
alonsodvt,FrutalFilms
alonsodvt,BraveAlex200
alonsodvt,sobotka
alonsodvt,Lorena12PM
alonsodvt,inakimamador
alonsodvt,SamuLofish
alonsodvt,Ciskiko
alonsodvt,Dameris
alonsodvt,clarafdr
alonsodvt,marg_lib
alonsodvt,rob889
alonsodvt,vianneyacosta
alonsodvt,quikequiko
alonsodvt,DoeLecter
alonsodvt,WalterKaramazov
alonsodvt,jonasrojot
alonsodvt,a_lavoignet
alonsodvt,MangoPsicologo
alonsodvt,amnesiwc
alonsodvt,Jaime_CR
alonsodvt,El_Bromitas
alonsodvt,GreenArrow777
alonsodvt,RoydelaT7
alonsodvt,ellexists
alonsodvt,SantiagoPW
alonsodvt,cynnthiayal
alonsodvt,siemprecalida
alonsodvt,valeruiz08
alonsodvt,Gonzalo_Alm35
alonsodvt,Hemete
alonsodvt,molofino
alonsodvt,Abedario
alonsodvt,Allipal22
alonsodvt,NicolasPSetzer
alonsodvt,gervasiodeassis
alonsodvt,ClementineKaufm
alonsodvt,aleexcorona
alonsodvt,lauraxgal
alonsodvt,poxcacio
alonsodvt,baarodriguez
alonsodvt,ArmandoCerNi
alonsodvt,patobah
alonsodvt,manolocaso13
alonsodvt,vanifl
alonsodvt,murlac
alonsodvt,adriaangn
alonsodvt,luisanico
alonsodvt,guillehormigo
alonsodvt,Fran_Dabo25
alonsodvt,bry4nv4zsco
alonsodvt,valvalenzuelav
alonsodvt,jaime_je
alonsodvt,karendeanda
alonsodvt,auribuon
alonsodvt,MikeP52
alonsodvt,Valdivia___
alonsodvt,ArturoSantana
alonsodvt,chobo
alonsodvt,BdgeDxn
alonsodvt,joaquinlozano_
alonsodvt,vaaleeriaa
alonsodvt,LucyCadaver
alonsodvt,lezarem
alonsodvt,lejuan
alonsodvt,EsquiErik
alonsodvt,axxxxxxxx
alonsodvt,uname7151
alonsodvt,elandrade
alonsodvt,ManuRA
alonsodvt,tenta_Jonathan
alonsodvt,arturocg93
alonsodvt,an_smz
alonsodvt,Ridagaco
alonsodvt,Emm_G
alonsodvt,mariam3113
alonsodvt,rulomorales
alonsodvt,MarioFSa
alonsodvt,s_mikele
alonsodvt,criszweiter
alonsodvt,badbarbye
alonsodvt,glm4222
alonsodvt,garulovilla
alonsodvt,gusottertrout
alonsodvt,imnoor01
alonsodvt,BriBaltodano
alonsodvt,adounce
alonsodvt,anderzu
alonsodvt,aranxalst
alonsodvt,mirelojesazul
alonsodvt,danielolmcgill
alonsodvt,mogrovejopalomo
alonsodvt,box_of_mich
alonsodvt,VCS_25613
alonsodvt,LAEN2604
alonsodvt,isisette
alonsodvt,Vicente_Delgado
alonsodvt,sofv
alonsodvt,mabigabi
alonsodvt,CinemaBrainFuk
alonsodvt,HoldenCaulfield
alonsodvt,kathrynmedina
alonsodvt,ElPejesapo
alonsodvt,dreadfull
alonsodvt,franvzla
alonsodvt,Tere_hdz
alonsodvt,Benjita1960
alonsodvt,CamiDulce
alonsodvt,Fazz_99
alonsodvt,ahmed155
alonsodvt,dialexloboh
alonsodvt,khandoblel1
alonsodvt,True_bluee
alonsodvt,G4BO0
alonsodvt,Yassoy
alonsodvt,JerryLoki
alonsodvt,Samrothstein
alonsodvt,Leskijin
alonsodvt,Mis3ri
alonsodvt,smtc
alonsodvt,cabezaolmeca
alonsodvt,Natalia_Montes
alonsodvt,captain_furiosa
alonsodvt,Chispis
alonsodvt,Alexis_96
alonsodvt,Memos19
alonsodvt,nataliagastelum
alonsodvt,RebeCop
alonsodvt,foremanuel
alonsodvt,ebsilva151
alonsodvt,moovely
alonsodvt,hectordoncell
alonsodvt,EnriqueSalmeron
alonsodvt,rocuac
alonsodvt,aurasworld
alonsodvt,jc_tellez
alonsodvt,Lalexia
alonsodvt,henott
alonsodvt,strawwnick
alonsodvt,AtomicJerry
alonsodvt,loch_ness_
alonsodvt,nicolassuss
alonsodvt,Issidel
alonsodvt,Kaufman_
alonsodvt,romanlujan
alonsodvt,Mane18
alonsodvt,disparate
alonsodvt,MarielAlvarez
alonsodvt,By_knife
alonsodvt,victorguimaraes
alonsodvt,jacobell
alonsodvt,delbagdad
alonsodvt,AnnavidJangy
alonsodvt,Scotnt_fitz
alonsodvt,SanchezGarcia
alonsodvt,ivvycoffee
alonsodvt,saturndione_
alonsodvt,mar_22
alonsodvt,ferzm
alonsodvt,ladyroots1
alonsodvt,alis17
alonsodvt,apbeie_
alonsodvt,aleespa
alonsodvt,girlofthemovies
alonsodvt,Isra
alonsodvt,Sergiof03
alonsodvt,muymarianooo
alonsodvt,DAEnima
alonsodvt,nataliahdezm
alonsodvt,Dac666
alonsodvt,AlonsoCartas
alonsodvt,antoineduquesne
alonsodvt,albertoabz
alonsodvt,ivsoto
alonsodvt,Polarielle
alonsodvt,jorgeoz99
alonsodvt,carlos1102
alonsodvt,jmrebollo
alonsodvt,Ximena98
alonsodvt,hazzelnutflavor
alonsodvt,liespersecond
alonsodvt,LarineBda
alonsodvt,jsvalderramag
alonsodvt,lblancora
alonsodvt,mrgentleknight
alonsodvt,Spicolixlr97
alonsodvt,JuankMonjaras
alonsodvt,sladinoc
alonsodvt,mindbendinggaze
alonsodvt,tutiesnico
alonsodvt,aguyezzi
alonsodvt,Chrystian_tgh20
alonsodvt,IVANVIU
alonsodvt,JavierLG
alonsodvt,JulioCLO
alonsodvt,busybeee
alonsodvt,SrSpike
alonsodvt,wolfrods
alonsodvt,BearsVideo
alonsodvt,FoxxyRenDMC
alonsodvt,KittyNaN
alonsodvt,barbiesdreamz
alonsodvt,fvgs2010
alonsodvt,Gerrymg_19
alonsodvt,AndrewBlunt
alonsodvt,ivaanjacome
alonsodvt,EdFerrera
alonsodvt,C_Hochhaeusler
alonsodvt,joseluisfl
alonsodvt,na0m1iii
alonsodvt,hhateful
alonsodvt,Chiarux_v
alonsodvt,Joche16
alonsodvt,karolynngoethe
alonsodvt,RobinBestia
alonsodvt,izzxyc
alonsodvt,jfortizzz
alonsodvt,juanchi2001
alonsodvt,niev166
alonsodvt,anamardz
alonsodvt,strangevelyn
alonsodvt,jlbarckly
alonsodvt,omarsevilla
alonsodvt,MoralesJD
alonsodvt,silvestreO
alonsodvt,MadameOvary1
alonsodvt,mcr2r09
alonsodvt,ilyena
alonsodvt,lua___
alonsodvt,tomreyes01
alonsodvt,luunatovar
alonsodvt,Otokanon
alonsodvt,fer9305
alonsodvt,liebredelcine
alonsodvt,erickgln
alonsodvt,Fer_Casals
alonsodvt,itsmariel
alonsodvt,Aqw1196
alonsodvt,Salkike
alonsodvt,jaimelorite
alonsodvt,LaloPapel
alonsodvt,Prisciliano98
alonsodvt,incumbent12
alonsodvt,violetaraykuaza
alonsodvt,will_llermo
alonsodvt,alexkinross
alonsodvt,popecarfromcars
alonsodvt,lucasreges1
alonsodvt,sopitacaliente9
alonsodvt,DAVVVIDD
alonsodvt,reelsmiles
alonsodvt,sergiocastanon
alonsodvt,MrRoberts1987
alonsodvt,ecovega
alonsodvt,talvezjuan
alonsodvt,minitripas
alonsodvt,MJMH
alonsodvt,paaao19
alonsodvt,manolo_kub
alonsodvt,FFilmica
alonsodvt,hleyva
alonsodvt,henvaughan
alonsodvt,mararias
alonsodvt,anrahe_
alonsodvt,gigapudding
alonsodvt,Blackmont
alonsodvt,sinsubtitulos
alonsodvt,eduardoluishh
alonsodvt,JesusRCFilm
alonsodvt,Demianwww
alonsodvt,MaxMurdock
alonsodvt,LaChicaDelBoom
alonsodvt,kenwe
alonsodvt,Vagabundo044
alonsodvt,Arkantos2
alonsodvt,dylannnr
alonsodvt,Anali_011
alonsodvt,alexzuno
alonsodvt,LuisCorssen
alonsodvt,FernandoCG
alonsodvt,sthrcdnslm
alonsodvt,mmrielag
alonsodvt,flako107
alonsodvt,victoriale
alonsodvt,waltermr
alonsodvt,Genkihikki97
alonsodvt,eddiedwywer
alonsodvt,AnnetteGranda
alonsodvt,PorfirioDiaz666
alonsodvt,DoctorCerebro
alonsodvt,NatChomi
alonsodvt,BetoNajera
alonsodvt,PinedayAguilar1
alonsodvt,rihan977
alonsodvt,clarnoexplica
alonsodvt,Diego_96
alonsodvt,BailaSinCesar
alonsodvt,Liguelego
alonsodvt,alex_laj
alonsodvt,EliuPbZo
alonsodvt,ooooofelia
alonsodvt,sabi89
alonsodvt,FrancoLeandro
alonsodvt,Diegui45
alonsodvt,zzzzzzuleta
alonsodvt,Valeria__14
alonsodvt,Aleja21
alonsodvt,MonSalazar
alonsodvt,AtomicWhiskers
alonsodvt,Quiroz5730
alonsodvt,Gio_Iveth
alonsodvt,BeIaLugosisDead
alonsodvt,AranxaSanz219
alonsodvt,alettoro
alonsodvt,Valhernandezv
alonsodvt,miamalasisi
alonsodvt,josue_vrr
alonsodvt,afloresleal
alonsodvt,PatoAG
alonsodvt,OscarLara
alonsodvt,DerekD07
alonsodvt,ElisaaaaaH
alonsodvt,totopohorneado
alonsodvt,Agustin_242
alonsodvt,PTVAS
alonsodvt,MarioJuarezM
alonsodvt,DenisGCD
alonsodvt,Bobbychang
alonsodvt,satinmachine
alonsodvt,Jazztronauta
alonsodvt,kattrushkaa
alonsodvt,Jart21
alonsodvt,weltmann
alonsodvt,ilestolive
alonsodvt,SonyArtificial
alonsodvt,Julieth_Cicua
alonsodvt,nawalli
alonsodvt,marianoviza
alonsodvt,Josege
alonsodvt,orlybross
alonsodvt,Ness011
alonsodvt,aalazraqui
alonsodvt,Josa22
alonsodvt,KEN1581
alonsodvt,tioLalo
alonsodvt,PablowJulian
alonsodvt,Rayo415
alonsodvt,Paolo_Bates
alonsodvt,JRV10
alonsodvt,Victor_Mdz
alonsodvt,huwok
alonsodvt,mirimia
alonsodvt,rotodany
alonsodvt,Debbie08
alonsodvt,Santomedinal
alonsodvt,deivzzz
alonsodvt,a_maximaxi
alonsodvt,ItzEbani
alonsodvt,SLGC
alonsodvt,Thomasin21
alonsodvt,alibabacoco
alonsodvt,Digip
alonsodvt,oscar_nomas
alonsodvt,flu0xeteen
alonsodvt,greteer
alonsodvt,amriitaa
alonsodvt,cienfuegosh
alonsodvt,ddiego_cv
alonsodvt,angeldelatejera
alonsodvt,MeliGalicia
alonsodvt,neckdeepjuli
alonsodvt,Jesusinho74
alonsodvt,alfredizzz
alonsodvt,jasixc
alonsodvt,MarianoOrosco
alonsodvt,Dragocash555
alonsodvt,EstefaHD
alonsodvt,elliottisdead
alonsodvt,Luiszeaa
alonsodvt,LRTellez
alonsodvt,MickT
alonsodvt,amanda_jo
alonsodvt,ErickIuit96
alonsodvt,cami__loco
alonsodvt,ruwuby_
alonsodvt,Juanusuga
alonsodvt,ceeciie
alonsodvt,Daniel901
alonsodvt,Ken73
alonsodvt,susanagzo
alonsodvt,marianagoya
alonsodvt,mentecata_
alonsodvt,HPorras
alonsodvt,perickomorales
alonsodvt,AddyRocha
alonsodvt,davidnotdavis
alonsodvt,sappho_stepho
alonsodvt,Air_Fryer_
alonsodvt,rodriguez_jp
alonsodvt,Niagos
alonsodvt,shelseashelsea
alonsodvt,EMTV27
alonsodvt,oscar_tena
alonsodvt,SAUCEDO_11
alonsodvt,Sakura_93
alonsodvt,sofi2007
alonsodvt,bannifuentes
alonsodvt,altGoing
alonsodvt,akalopsia
alonsodvt,SMB_
alonsodvt,GermanMonter
alonsodvt,directony
alonsodvt,jburtor
alonsodvt,JuancRamos
alonsodvt,HiramAps
alonsodvt,ernestomv
alonsodvt,Cocainelil
alonsodvt,jivanmorales
alonsodvt,bombonzozqi
alonsodvt,hivanrg
alonsodvt,Beto_films
alonsodvt,Remor
alonsodvt,emmhp93
alonsodvt,carlosxucles
alonsodvt,carlosvariller
alonsodvt,gregor_taar
alonsodvt,charly5247
alonsodvt,prezlazuli
alonsodvt,Naoxd
alonsodvt,NicoBelick
alonsodvt,George011
alonsodvt,olga09
alonsodvt,Lu_ciernaga
alonsodvt,dreamsinitalian
alonsodvt,bleeckerstreett
alonsodvt,EstebanMJ
alonsodvt,nataliaariass
alonsodvt,paulinacv
alonsodvt,lomelie
alonsodvt,JustARatInACage
alonsodvt,Fafiscienta
alonsodvt,_ernest
alonsodvt,eicknevarez
alonsodvt,JMChazarreta
alonsodvt,josuegonzar
alonsodvt,ggallardoc
alonsodvt,robverduzcofree
alonsodvt,teresabbagh
alonsodvt,el_extremely
alonsodvt,AnabelHH
alonsodvt,ManuKob
alonsodvt,crist04
alonsodvt,ErickLemp
alonsodvt,valientevalc
alonsodvt,RodrigoPato
alonsodvt,edizalek
alonsodvt,Deathgrinder332
alonsodvt,irielll
alonsodvt,Raul_Du
alonsodvt,davidmnez
alonsodvt,sujeta_g
alonsodvt,hibiscus_ale
alonsodvt,isaicubilla
alonsodvt,memanzur
alonsodvt,brostef
alonsodvt,Meeelplaza
alonsodvt,sputnikb612
alonsodvt,JheanCampomanes
alonsodvt,aaaddrri
alonsodvt,LadyFourLoko
alonsodvt,Flower_Asimov
alonsodvt,Kandona
alonsodvt,andreamejial
alonsodvt,eldragonzamjuan
alonsodvt,angelnegr0
alonsodvt,xa_07
alonsodvt,mescalito
alonsodvt,SilentSt
alonsodvt,alexxclon
alonsodvt,tTainy
alonsodvt,Ivanarcl
alonsodvt,AlaskaF8
alonsodvt,dannyoooung
alonsodvt,regina_gs
alonsodvt,auredtv97
alonsodvt,drivelikeido
alonsodvt,toledluis
alonsodvt,memogza81
alonsodvt,Freder
alonsodvt,Rickzy
alonsodvt,Luis88l
alonsodvt,luisfrabago
alonsodvt,Calac66
alonsodvt,CaroHaneke
alonsodvt,cefepar
alonsodvt,andreslozano72
alonsodvt,Alkerouac
alonsodvt,carlos_agustin
alonsodvt,lexrenteria
alonsodvt,pussydestro0001
alonsodvt,epsilonbias
alonsodvt,jojo_snap
alonsodvt,davidduardo
alonsodvt,rosasypistolas
alonsodvt,radargo
alonsodvt,AnaaLilia
alonsodvt,marianam8
alonsodvt,Leyaeel
alonsodvt,borola
alonsodvt,GerardPB
alonsodvt,JEZZUZ
alonsodvt,ooorlando
alonsodvt,s_esparza
alonsodvt,jucaarc
alonsodvt,rahv
alonsodvt,TheChemso
alonsodvt,dan___yc
alonsodvt,anapauvaldes
alonsodvt,emicapitan
alonsodvt,marquezluna
alonsodvt,Luisalsol
alonsodvt,Ricziggy
alonsodvt,Arrieta56
alonsodvt,gespindola
alonsodvt,Susielistqueen
alonsodvt,Victormiir
alonsodvt,ineeira
alonsodvt,RaulFuentesRaul
alonsodvt,DanielHM
alonsodvt,maulonla
alonsodvt,lecinemasoul
alonsodvt,EsCemo
alonsodvt,valmoz
alonsodvt,laloful
alonsodvt,Tanky1985
alonsodvt,DenisRodman
alonsodvt,davsyuh
alonsodvt,tognog
alonsodvt,regverie
alonsodvt,valevillag
alonsodvt,keevsFilms
alonsodvt,itzelrojas
alonsodvt,ElMatz
alonsodvt,Ramir0Guevara
alonsodvt,eamon1
alonsodvt,lucaskorell
alonsodvt,CabaretBoy
alonsodvt,FranRan92
alonsodvt,diegoxsebastian
alonsodvt,Jgilloldi
alonsodvt,emilopez
alonsodvt,StateDepartment
alonsodvt,PepedeArco
alonsodvt,JosafatCc
alonsodvt,SrPurpura
alonsodvt,Mike_29
alonsodvt,mrtinezams
alonsodvt,Hugogc
alonsodvt,omoreblake
alonsodvt,Xhortez85
alonsodvt,van_vamp
alonsodvt,Elsergio
alonsodvt,lieless
alonsodvt,jareddziano
alonsodvt,nomennescior
alonsodvt,klausnomii
alonsodvt,ferdavalosg
alonsodvt,jpg_manuel
alonsodvt,dulxinea
alonsodvt,Bastis
alonsodvt,romanov05
alonsodvt,Sebbbaas
alonsodvt,ChristianMendoz
alonsodvt,maxhr
alonsodvt,salmamillan
alonsodvt,MikeTeErre
alonsodvt,MaquinadeFuego
alonsodvt,ClaudMandel
alonsodvt,natiferovsky
alonsodvt,miriamlamarka
alonsodvt,ErraticusFinch
alonsodvt,darrenMM25
alonsodvt,Matiiokk
alonsodvt,Manurs97
alonsodvt,elhadaverde
alonsodvt,bylayla_
alonsodvt,her_man
alonsodvt,dvstw
alonsodvt,marcontreraas09
alonsodvt,acasillas
alonsodvt,Dana_Kovalchik
alonsodvt,CharlieMxz
alonsodvt,Jorge_Diaz11
alonsodvt,maotan
alonsodvt,calura
alonsodvt,AntonioGS
alonsodvt,diannr
alonsodvt,alexgracia
alonsodvt,EmilioPich
alonsodvt,Pevelf
alonsodvt,dulcejazmin
alonsodvt,pamewatches
alonsodvt,Kembang
alonsodvt,isrra_Mcfly
alonsodvt,rodrigo18
alonsodvt,AndersonFlores
alonsodvt,soyyume
alonsodvt,migueaoo
alonsodvt,Teeey
alonsodvt,vscience
alonsodvt,KrnMi
alonsodvt,4KIR4
alonsodvt,mewmelon
alonsodvt,sufrida
alonsodvt,Azulin
alonsodvt,esapimienta
alonsodvt,fernandagomez
alonsodvt,LunaLord
alonsodvt,Alfonso99
alonsodvt,LuchoBitwares
alonsodvt,Yamilet_Totem
alonsodvt,juanmora
alonsodvt,ignaspa
alonsodvt,NicolasHah
alonsodvt,quiquiriquique
alonsodvt,abbaskiaroSTANi
alonsodvt,eduardo3342
alonsodvt,saintangel181
alonsodvt,PabloAlmestar
alonsodvt,majo_reg
alonsodvt,markdl
alonsodvt,Pabloo_mol
alonsodvt,FalsoProfeta
alonsodvt,MissDoolittle
alonsodvt,Luisge96
alonsodvt,EmilianoSgv
alonsodvt,CaroLeonReyes
alonsodvt,Axelsalas
alonsodvt,lgarcia150390
alonsodvt,tanis85
alonsodvt,briansaurio
alonsodvt,Saraybl
alonsodvt,eldeibik
alonsodvt,Catverine
alonsodvt,PalomaCabreraY
alonsodvt,mudpot
alonsodvt,dieghostly
alonsodvt,sofiapq
alonsodvt,abdonmendez
alonsodvt,sr16
alonsodvt,AdrianCH08
alonsodvt,cartonet
alonsodvt,mikemelo
alonsodvt,Antonio92
alonsodvt,erandi_arandino
alonsodvt,jox
alonsodvt,h3art_of_glass
alonsodvt,glzmafer
alonsodvt,MartaEstivill
alonsodvt,jebowsky
alonsodvt,lucaskater
alonsodvt,isairt04
alonsodvt,hagh__
alonsodvt,Alex_oski
alonsodvt,JoseLuisM
alonsodvt,Enol99
alonsodvt,_constanza_
alonsodvt,CristianJVD
alonsodvt,Vallentino
alonsodvt,decinqasept
alonsodvt,michellesr
alonsodvt,anagomza
alonsodvt,fabsicu
alonsodvt,carlosam
alonsodvt,f3l1p3
alonsodvt,Gontz
alonsodvt,Dan1694
alonsodvt,MadsMyke
alonsodvt,FerchoRJ
alonsodvt,davisnerstm
alonsodvt,DxArm
alonsodvt,LuiGs
alonsodvt,Arualana21
alonsodvt,The_Listmaster
alonsodvt,jimedelaf
alonsodvt,murdoc_
alonsodvt,larsonista
alonsodvt,Roy_Stiglitz
alonsodvt,Kenjy
alonsodvt,Kmila_
alonsodvt,Falconx
alonsodvt,antipo
alonsodvt,federicoy_
alonsodvt,animamundi
alonsodvt,MITRACHIK
alonsodvt,HeraclioAlonso
alonsodvt,Ed_Vilches
alonsodvt,helenvegg
alonsodvt,KarimAleixandre
alonsodvt,eiti_leda
alonsodvt,duoniela
alonsodvt,alefdiez
alonsodvt,Lin_AM
alonsodvt,Vigilant_52
alonsodvt,JonKenna
alonsodvt,blengio
alonsodvt,natalopitecus
alonsodvt,NLCR
alonsodvt,danofono
alonsodvt,Qself
alonsodvt,Dazoro777
alonsodvt,cinefagota
alonsodvt,bialacttea
alonsodvt,bott89
alonsodvt,liooon
alonsodvt,MiguelTovar
alonsodvt,julienparis
alonsodvt,KenAcote
alonsodvt,areblue
alonsodvt,Carlinho7
alonsodvt,JesusHermosillo
alonsodvt,emilianogaeloj
alonsodvt,nobody151
alonsodvt,FacuHaugh
alonsodvt,Charlyaa
alonsodvt,HolyBittchy
alonsodvt,Mati_V
alonsodvt,cgcampillo
alonsodvt,moonllie
alonsodvt,NeuroticMariani
alonsodvt,grisbr
alonsodvt,onairam321
alonsodvt,aige87
alonsodvt,chistos
alonsodvt,sofiajz
alonsodvt,kicking
alonsodvt,DavidChavero
alonsodvt,AaronCastilloJ
alonsodvt,Adoginthelight
alonsodvt,sanasaurio
alonsodvt,dieganjah
alonsodvt,cesardelaxx
alonsodvt,danielmarquez14
alonsodvt,bladeboy
alonsodvt,AmadeusMP
alonsodvt,rsnavarrete
alonsodvt,amybluecoast
alonsodvt,efectofer4
alonsodvt,Jeshua_Gar
alonsodvt,xesbirx
alonsodvt,HectorAmbriz
alonsodvt,bustinduy
alonsodvt,Danieradesu
alonsodvt,danimal1
alonsodvt,pepenutella
alonsodvt,cybergata_
alonsodvt,isadora23
alonsodvt,ecuadoriangray
alonsodvt,Aldo_Osnar
alonsodvt,AleV1lla
alonsodvt,hellohelen
alonsodvt,pedropz
alonsodvt,medicenMadness
alonsodvt,vergueiden
alonsodvt,lalehhh
alonsodvt,AlbertoVicente_
alonsodvt,Juanpa_Rl
alonsodvt,maxivg
alonsodvt,eltoni
alonsodvt,Nosferatu373
alonsodvt,manonsd_
alonsodvt,naussicaa
alonsodvt,Susinita
alonsodvt,aldojpenaflor
alonsodvt,byopredutio
alonsodvt,SaraBt
alonsodvt,axkana
alonsodvt,kevzerz13
alonsodvt,orsonlang
alonsodvt,frharo
alonsodvt,agata_pw
alonsodvt,lucabc
alonsodvt,bonivh
alonsodvt,praaxeedis
alonsodvt,may_martinez
alonsodvt,frangq
alonsodvt,OsvaldoHdez
alonsodvt,victorages
alonsodvt,jealesme
alonsodvt,edgarpaz
alonsodvt,caarolinac
alonsodvt,cartasparaivana
alonsodvt,JhonKarWai
alonsodvt,DrBroel
alonsodvt,illdylrey92
alonsodvt,jlprov
alonsodvt,LunaBlue1475
alonsodvt,MariaOr
alonsodvt,amado22
alonsodvt,diegolose
alonsodvt,Eldelosgarbanzo
alonsodvt,JFranciscoGG
alonsodvt,AndiMartinez27
alonsodvt,Mamba60
alonsodvt,Janny_Lecter
alonsodvt,Drollcarcass
alonsodvt,marling20
alonsodvt,570Cronenberg
alonsodvt,miqueleNYC
alonsodvt,ChiefMcMurphy
alonsodvt,sof_adame
alonsodvt,alanavalos
alonsodvt,technogameplay
alonsodvt,AmadeusGawain
alonsodvt,AlejandraFlores
alonsodvt,OMIO7
alonsodvt,olverann
alonsodvt,ariannnna
alonsodvt,Erickbatz_
alonsodvt,LozGrd
alonsodvt,Appatico
alonsodvt,Salmita612
alonsodvt,orlyromero
alonsodvt,elshabot24
alonsodvt,rlarrzm
alonsodvt,SPIKE1999
alonsodvt,SebasTorres04
alonsodvt,liberflores
alonsodvt,jramirezjunco
alonsodvt,0000samu
alonsodvt,AlejandroMier
alonsodvt,H_Kanga
alonsodvt,kim91
alonsodvt,paolavela
alonsodvt,Pan1n1
alonsodvt,Juan_kotorro
alonsodvt,edmndz
alonsodvt,andss
alonsodvt,Syringe_Of_Hell
alonsodvt,LorenaGC
alonsodvt,Javi1810
alonsodvt,FranSpinoza
alonsodvt,bubusshihtzu
alonsodvt,Magdaleno
alonsodvt,facuforte
alonsodvt,eliandres00lp
alonsodvt,pablo_flote
alonsodvt,dantyko_rose
alonsodvt,rlizarragah
alonsodvt,mdar
alonsodvt,angelesportela
alonsodvt,aaronherrera
alonsodvt,rafiki83
alonsodvt,fabruco
alonsodvt,LizardKing14
alonsodvt,agustinascalise
alonsodvt,tanelema
alonsodvt,Ssuarez5
alonsodvt,FrancBasmer
alonsodvt,ferPessoa
alonsodvt,ThePilgrim_F
alonsodvt,derekamp
alonsodvt,waleri020590
alonsodvt,DanielRamos_06
alonsodvt,guidoavelluto
alonsodvt,abejademiel
alonsodvt,carlosramirezr
alonsodvt,xolodorado
alonsodvt,alessandromt
alonsodvt,EmilioRivas
alonsodvt,diegoviva28
alonsodvt,Cerraduras_Ojos
alonsodvt,Andre_Armenta
alonsodvt,jacqu3s_jacqu3s
alonsodvt,Altefanie
alonsodvt,alejoalonso
alonsodvt,oscarco
alonsodvt,sebafun
alonsodvt,Poncholynch
alonsodvt,Dani_Latrik
alonsodvt,dinosaurio_hijx
alonsodvt,emannuelcs
alonsodvt,yoalas1901
alonsodvt,LorgGord
alonsodvt,Lenon777
alonsodvt,RaulPerezBahena
alonsodvt,malupenella
alonsodvt,piccasoul
alonsodvt,mivabela
alonsodvt,Ariadna_Islas
alonsodvt,nyxbox
alonsodvt,alexcinefilo
alonsodvt,larrypv97
alonsodvt,marianavelvel
alonsodvt,PlatanoChiapas
alonsodvt,HectOrtiz
alonsodvt,tonoverde
alonsodvt,ignaciooocg
alonsodvt,Mario90210
alonsodvt,zzzigno
alonsodvt,Rikimate
alonsodvt,yencygo
alonsodvt,gvmanuel
alonsodvt,Buster_Keaton
alonsodvt,Laura241_
alonsodvt,margaritasb
alonsodvt,valerojuanangel
alonsodvt,alepalancares
alonsodvt,Aquino93
alonsodvt,Vatman
alonsodvt,dcoconi
alonsodvt,ViktorAleksis
alonsodvt,AndyPineros
alonsodvt,eduardoibarra77
alonsodvt,kingdommcc
alonsodvt,vi_ave
alonsodvt,lescast
alonsodvt,TravelAndrew
alonsodvt,consentrada
alonsodvt,josejavponce
alonsodvt,Amiscito
alonsodvt,metalfetamina
alonsodvt,aleswts
alonsodvt,Paprikart
alonsodvt,Baldonedo
alonsodvt,Ragm17
alonsodvt,valebocanegra
alonsodvt,AlfaroNao
alonsodvt,Bernatus
alonsodvt,CharlieUchiha
alonsodvt,jarraez95
alonsodvt,filmwatchingg
alonsodvt,josueyo
alonsodvt,AnaVePeliculas
alonsodvt,Alanschein
alonsodvt,aldousn
alonsodvt,Joseancg7
alonsodvt,CarlosGarduza
alonsodvt,elecorter
alonsodvt,SatyMauGP
alonsodvt,GloriaPina
alonsodvt,MarianaCeja
alonsodvt,siriamoca
alonsodvt,leo_pinal
alonsodvt,paularagont
alonsodvt,Zurzuvi
alonsodvt,FerHerce
alonsodvt,DiegoHuiV
alonsodvt,oma_rc
alonsodvt,Ahmed34
alonsodvt,NestorDlaVi
alonsodvt,maax_ego
alonsodvt,aidasastre
alonsodvt,Critic17_
alonsodvt,Wera15
alonsodvt,NatBakb
alonsodvt,manriquearturo
alonsodvt,lpherrera
alonsodvt,Liany0215
alonsodvt,dfeck
alonsodvt,mmontellano
alonsodvt,alecynthia
alonsodvt,mvalladaresmx
alonsodvt,Fer_Man
alonsodvt,SergiXS
alonsodvt,monipretz
alonsodvt,hectorvs
alonsodvt,noegutierrez
alonsodvt,KevinMarin
alonsodvt,Julim_11
alonsodvt,FrancoRizzo
alonsodvt,edgagar
alonsodvt,GabrielND
alonsodvt,liololo
alonsodvt,gabrielamez
alonsodvt,michellespinoza
alonsodvt,VeronicaRiRu
alonsodvt,fgarfias
alonsodvt,kcurielita
alonsodvt,Ohla_lau
alonsodvt,marlaarreola
alonsodvt,nachocallejo
alonsodvt,Perez_Ivan
alonsodvt,joaqueen
alonsodvt,josesanchez_
alonsodvt,Bannano
alonsodvt,xando1984
alonsodvt,manacuna
alonsodvt,PELISSIN
alonsodvt,marianaqb
alonsodvt,Cazorlab
alonsodvt,nellalou
alonsodvt,T3quila_Suns3t
alonsodvt,GaboGales
alonsodvt,Diegovrr
alonsodvt,leocasanorte
alonsodvt,JuanSalazar
alonsodvt,reginaglezdc
alonsodvt,retaga_
alonsodvt,BURROPIXEL_R8
alonsodvt,AylinColmenero
alonsodvt,Corrix
alonsodvt,sergio_y_cecy
alonsodvt,Nirvanessa
alonsodvt,ireneisboring
alonsodvt,tomascampastri
alonsodvt,unmundofeliz
alonsodvt,anuaralcubo
alonsodvt,pocovicio
alonsodvt,OfeliaLadron
alonsodvt,Heikan
alonsodvt,EdithVH
alonsodvt,dsparis
alonsodvt,sailorblack
alonsodvt,cabreraalexis
alonsodvt,VicAle
alonsodvt,Carloss_04
alonsodvt,rei999
alonsodvt,heyrubi
alonsodvt,gatoenbus
alonsodvt,Brahams94
alonsodvt,blackoorun
alonsodvt,punto_jpeg
alonsodvt,JackieZonana
alonsodvt,Ian_Cordova97
alonsodvt,cesarte789
alonsodvt,saraavila
alonsodvt,Chipapu
alonsodvt,Helzapoopin
alonsodvt,Duck_of_Death
alonsodvt,gvegui
alonsodvt,Frans96
alonsodvt,pablo_munyoz
alonsodvt,Shahranwski
alonsodvt,SofiaRosalesA
alonsodvt,maurissalgado
alonsodvt,elflowers
alonsodvt,varoquita
alonsodvt,oropezaus
alonsodvt,valefz
alonsodvt,JabonZote_
alonsodvt,kattetl
alonsodvt,damchavez
alonsodvt,srmarquillo
alonsodvt,marianogomezh
alonsodvt,gansossalvajes
alonsodvt,PedroJLB
alonsodvt,MrWey
alonsodvt,jb1991jb
alonsodvt,ivancarmona10
alonsodvt,Famo00
alonsodvt,SamSaal
alonsodvt,hipofobia
alonsodvt,7JaredMontero
alonsodvt,corinavs
alonsodvt,jdeltor9
alonsodvt,fabianulloap
alonsodvt,ricardo_rg
alonsodvt,Eliseo711
alonsodvt,MiguelPreciado
alonsodvt,genesvaag
alonsodvt,Lissete
alonsodvt,felicidadman
alonsodvt,6600R
alonsodvt,bikpadrino
alonsodvt,smalltownboy96
alonsodvt,itzelgf
alonsodvt,valeriaaz
alonsodvt,vaca_diavlo
alonsodvt,RosalieMort
alonsodvt,alonkoo
alonsodvt,AnyOcadiz
alonsodvt,bigboi23
alonsodvt,CristinaPF
alonsodvt,aantonioe
alonsodvt,dlbf07
alonsodvt,PabloCamargo
alonsodvt,MaximErkin12345
alonsodvt,xanatTtttt
alonsodvt,AleN99
alonsodvt,msiaud
alonsodvt,jeduprea
alonsodvt,llen0dezafiros
alonsodvt,AGUnibe
alonsodvt,danisu
alonsodvt,JonathanFP
alonsodvt,Elahditto
alonsodvt,ml03_
alonsodvt,Phou
alonsodvt,Beto_estropajo
alonsodvt,Ancellot
alonsodvt,cynthiacirilo
alonsodvt,ulises_ovalle22
alonsodvt,AtzinOG
alonsodvt,OpinoDeCine
alonsodvt,AlejandraFlorez
alonsodvt,_judithfernanda
alonsodvt,G3rar
alonsodvt,SoyReneOn
alonsodvt,huizkol
alonsodvt,r2jimenez
alonsodvt,sayhellotoxime
alonsodvt,yozze
alonsodvt,gsus_salazar
alonsodvt,Leoguapo
alonsodvt,josue_rod
alonsodvt,cambarb
alonsodvt,p0001s
alonsodvt,javierburgosh
alonsodvt,joaquincatalano
alonsodvt,skinsautumn
alonsodvt,THE47THCHAMBER
alonsodvt,Az11
alonsodvt,ingrima11
alonsodvt,FerGarzon
alonsodvt,Medioescritora
alonsodvt,nochaveznada
alonsodvt,moronionshine
alonsodvt,AlanRivers
alonsodvt,Cel_Red
alonsodvt,jmisaelgarciag
alonsodvt,leofilms87
alonsodvt,Behnito
alonsodvt,Thenaref
alonsodvt,devanyliz
alonsodvt,ana_bernardino
alonsodvt,Anto_dlt
alonsodvt,re_alcala
alonsodvt,javimoguel
alonsodvt,JoyBL
alonsodvt,sam78c
alonsodvt,ilizaliturri04
alonsodvt,Charles1985
alonsodvt,sat21
alonsodvt,BraulioBadillo
alonsodvt,ailinmolina
alonsodvt,denissemoo
alonsodvt,lurainbow
alonsodvt,FernandoX
alonsodvt,miguecon93
alonsodvt,Nixa_h
alonsodvt,Mauriciobm
alonsodvt,ernestoma
alonsodvt,eminofa
alonsodvt,suciomalvestido
alonsodvt,lpseudo
alonsodvt,AlejoR
alonsodvt,jaxper
alonsodvt,_ALE_L
alonsodvt,JuanVigo
alonsodvt,redma
alonsodvt,robertomagana
alonsodvt,omars23
alonsodvt,gritter
alonsodvt,mllm96
alonsodvt,MedicenRo
alonsodvt,BautiBonzini
alonsodvt,isamarina
alonsodvt,MARMOTA_CULTA
alonsodvt,tristan_bongo
alonsodvt,CacaEmpanizada
alonsodvt,zeiblack
alonsodvt,marielmolino
alonsodvt,awkwarddude
alonsodvt,I7_8li
alonsodvt,maocruzv
alonsodvt,LissPNC
alonsodvt,Mouchette_23
alonsodvt,JavierAlvarez
alonsodvt,LuisDR
alonsodvt,apoloIX
alonsodvt,caroleta_
alonsodvt,axlit
alonsodvt,abrahamporras
alonsodvt,mustachedbox
alonsodvt,Frankythebest
alonsodvt,arantzafiesco
alonsodvt,Fery
alonsodvt,soldado_503
alonsodvt,PirriOwO
alonsodvt,Ananaslist
alonsodvt,t777roger
alonsodvt,vitonocorleone
alonsodvt,johnnyantuhap
alonsodvt,SimpleRamses
alonsodvt,delaisla
alonsodvt,96dflz
alonsodvt,Jordancmro
alonsodvt,Marina987
alonsodvt,clarakinski
alonsodvt,edialbert
alonsodvt,wenracines
alonsodvt,sofiarellano
alonsodvt,Alexrp03
alonsodvt,nicogomezic
alonsodvt,anton191204
alonsodvt,bfacundoe
alonsodvt,MateZ14D
alonsodvt,matycr
alonsodvt,tohavenothold
alonsodvt,fybrevis
alonsodvt,Mor_Valery
alonsodvt,namais
alonsodvt,Santi_Ospi
alonsodvt,KamikazeGuzTor
alonsodvt,paolacvd
alonsodvt,1andonlynabk
alonsodvt,lsoldano
alonsodvt,aesgalvan
alonsodvt,babyperro
alonsodvt,CarolinaMovies
alonsodvt,kynodontes
alonsodvt,hijodethomp
alonsodvt,melissagarccia
alonsodvt,alanelemele
alonsodvt,Neon11
alonsodvt,Enzocg
alonsodvt,cesarislass
alonsodvt,zamane
alonsodvt,meadowlarkie
alonsodvt,axel12
alonsodvt,VertederoFilms
alonsodvt,ArwenUwU
alonsodvt,Hanscmojica
alonsodvt,ecovegac
alonsodvt,manueltriano
alonsodvt,gerardommonroy
alonsodvt,nguinn
alonsodvt,thainamaria
alonsodvt,Samsarah714
alonsodvt,moviemario
alonsodvt,riosminor
alonsodvt,jmannu89
alonsodvt,sillycatmom
alonsodvt,LuisFSotres
alonsodvt,TanmoyZ
alonsodvt,Memeesgenial
alonsodvt,AFVM73
alonsodvt,GHerrera2309
alonsodvt,gibrancelis
alonsodvt,Yorpsih
alonsodvt,bandinisvevo
alonsodvt,Titan_Jael
alonsodvt,urielmora
alonsodvt,rbedoya
alonsodvt,danieltrevic
alonsodvt,Hasan_Atef
alonsodvt,Montsensation
alonsodvt,irinaboicu
alonsodvt,Cespamogo
alonsodvt,danip_ib_
alonsodvt,al_notchicken
alonsodvt,ferfrias77
alonsodvt,EmilianCapo
alonsodvt,laurakhoury_
alonsodvt,Manueltsj
alonsodvt,PDaniela
alonsodvt,valeerrete
alonsodvt,jimenaerc
alonsodvt,Juanzun
alonsodvt,bohoandthehobos
alonsodvt,ElNach
alonsodvt,LaloxLalo
alonsodvt,Hotaru_9
alonsodvt,dnesh34
alonsodvt,marl1n
alonsodvt,mmanzanilla
alonsodvt,EseMendez
alonsodvt,betomoctezumag
alonsodvt,frijolgris
alonsodvt,Franjosmesslav
alonsodvt,patriciapmr
alonsodvt,abelbachman
alonsodvt,Alekoh
alonsodvt,ivanelterrible
alonsodvt,Escobar4
alonsodvt,Wakkalito
alonsodvt,heyitsarturito
alonsodvt,GregoryJ
alonsodvt,Teitn
alonsodvt,GiovannyZXN
alonsodvt,dansmacias
alonsodvt,Irving_Ayala
alonsodvt,kngplsur
alonsodvt,Vicocintle
alonsodvt,Mariano
alonsodvt,BigBrand
alonsodvt,disorosas
alonsodvt,JohnnyFavourite
alonsodvt,itziaZoe
alonsodvt,sebastian_irso
alonsodvt,AlanHR
alonsodvt,EmmaWaltz1
alonsodvt,tiagocosta32
alonsodvt,CCILC
alonsodvt,lauracecilia
alonsodvt,Aldomtzestvz
alonsodvt,lasbatallas
alonsodvt,Feralita
alonsodvt,bergmanotes
alonsodvt,ernestov31
alonsodvt,thomasblock3
alonsodvt,chaomoi
alonsodvt,loremip
alonsodvt,aledunnet
alonsodvt,dsvg77
alonsodvt,jobieb
alonsodvt,rai98
alonsodvt,riprrafa
alonsodvt,ELKIKE1
alonsodvt,alcuadrado
alonsodvt,TomiGuarnaccia
alonsodvt,AlexSnz
alonsodvt,Tobpon
alonsodvt,Armando48M
alonsodvt,KarenMagia
alonsodvt,woborn
alonsodvt,Cesarxyz
alonsodvt,rayottn
alonsodvt,Presslie
alonsodvt,anarizomusic
alonsodvt,whitetowa
alonsodvt,tmarsa
alonsodvt,Chris_Velgom
alonsodvt,sergiodero
alonsodvt,mariafox99
alonsodvt,BrianOrtiz96
alonsodvt,Diego_2002
alonsodvt,Mapiu
alonsodvt,ivxmonroy
alonsodvt,sambleu
alonsodvt,acitlalivas
alonsodvt,beretomlinson
alonsodvt,vaasaltar
alonsodvt,pipenitza
alonsodvt,JSP9
alonsodvt,Bauti_Blachere
alonsodvt,dondelillo
alonsodvt,Filogonio
alonsodvt,JojoRD
alonsodvt,AmpedGranullage
alonsodvt,danteminor
alonsodvt,coriollis
alonsodvt,Este_antidoto
alonsodvt,Kin9493
alonsodvt,annlau
alonsodvt,bankrol
alonsodvt,robe90
alonsodvt,PacoRamrez
alonsodvt,mdp09
alonsodvt,agnesbglez
alonsodvt,fernandalizeth
alonsodvt,Lucy_inthe_Sky
alonsodvt,arearellano
alonsodvt,Damquien
alonsodvt,oscareruiz
alonsodvt,mama_soltera
alonsodvt,DylanMoragrega
alonsodvt,Lezcano
alonsodvt,KsayYeah
alonsodvt,man_rket
alonsodvt,victopar1207
alonsodvt,aleeexbarajas
alonsodvt,jsalinasmx
alonsodvt,palopalito
alonsodvt,AminVillalba
alonsodvt,Sofia_Jofre
alonsodvt,eduardoarrietar
alonsodvt,catadorcinema
alonsodvt,Asanisimasa1
alonsodvt,pokdawn
alonsodvt,ezerocha
alonsodvt,richobossa
alonsodvt,solari1512
alonsodvt,AvidaDollars
alonsodvt,temojimenez
alonsodvt,karenconpdepao
alonsodvt,Javier1810
alonsodvt,Luis_Toriello
alonsodvt,SonorkSixela
alonsodvt,asaucedof
alonsodvt,andreamontiel
alonsodvt,contreras372
alonsodvt,DanielLazcano
alonsodvt,thoriel93
alonsodvt,nataliapricot
alonsodvt,Sangabriel
alonsodvt,diegebkd
alonsodvt,ajdiaz
alonsodvt,gusgusuwu
alonsodvt,Pamela_RE
alonsodvt,FolkM
alonsodvt,chrispey
alonsodvt,SrBox64
alonsodvt,ilapink
alonsodvt,jasr28
alonsodvt,RainiCostas
alonsodvt,bellakaprincess
alonsodvt,EdgarCrts
alonsodvt,ciriav
alonsodvt,Maikimg
alonsodvt,Yolandavs
alonsodvt,nosesunombre
alonsodvt,nosferatu13333
alonsodvt,julioantezanaf
alonsodvt,Wall_floweR
alonsodvt,marfu
alonsodvt,martingiovanni
alonsodvt,tannyrg
alonsodvt,dafdzg
alonsodvt,Isbelop
alonsodvt,omarzc
alonsodvt,Fabriizzio
alonsodvt,senorgil
alonsodvt,emiliooo
alonsodvt,euunmiroir
alonsodvt,juancorr58
alonsodvt,abruzzz
alonsodvt,Azter
alonsodvt,Jorlex6
alonsodvt,HDLH
alonsodvt,serge_um
alonsodvt,KinoBoogie16
alonsodvt,Robercine
alonsodvt,cerovaro73
alonsodvt,Andreamrendon
alonsodvt,AldoAntC
alonsodvt,Bond250
alonsodvt,mannextdoor
alonsodvt,mannahatta
alonsodvt,alejandrodriv
alonsodvt,DaniJH
alonsodvt,TheAndyMtz
alonsodvt,Pavonski
alonsodvt,dracov
alonsodvt,GabSosa
alonsodvt,Stultumk
alonsodvt,emilianope
alonsodvt,AlexLaredo
alonsodvt,dafgy
alonsodvt,anasvj
alonsodvt,l8rloser
alonsodvt,JeanColunga
alonsodvt,ar1an
alonsodvt,pablorioscz
alonsodvt,saru_mr
alonsodvt,Diego_N08
alonsodvt,sergiorosetti
alonsodvt,nidiaac
alonsodvt,EdgarPalacios
alonsodvt,OscarMayer
alonsodvt,andrs_lucero
alonsodvt,NotDieguis
alonsodvt,occi
alonsodvt,Aridz
alonsodvt,MiguelBarragan
alonsodvt,Claudioroca
alonsodvt,Cynthia_Aragon
alonsodvt,starcrest
alonsodvt,rxdri
alonsodvt,Lucafalcon
alonsodvt,JavierRodri
alonsodvt,ginabinda
alonsodvt,monicaranda
alonsodvt,Michelleglm_
alonsodvt,danyca23
alonsodvt,Mdemateo
alonsodvt,tonyespejo
alonsodvt,normachc
alonsodvt,Dazu
alonsodvt,PosNRG
alonsodvt,Cmarti0804
alonsodvt,mauvegaam
alonsodvt,Angelll00
alonsodvt,JenyRivera
alonsodvt,joaquin0028
alonsodvt,Toquinsan81
alonsodvt,LSSuperzero
alonsodvt,GR0_
alonsodvt,fabebop_
alonsodvt,Nightwing_17
alonsodvt,AlexViledda
alonsodvt,VeroniqueSawyer
alonsodvt,dongthekong
alonsodvt,ajiacoo
alonsodvt,hugocesar
alonsodvt,omar_herrera
alonsodvt,antoniouria
alonsodvt,cinemaverse_off
alonsodvt,yaxrobles
alonsodvt,adrianet93
alonsodvt,generoblesa
alonsodvt,Molivo
alonsodvt,zulzmario
alonsodvt,ZackSif
alonsodvt,Marcolv
alonsodvt,Ela_mora
alonsodvt,il_brocoli
alonsodvt,nadiaxcabrera
alonsodvt,arantxaos
alonsodvt,celylar
alonsodvt,Deloi_97
alonsodvt,brymo27
alonsodvt,knggraham
alonsodvt,james33
alonsodvt,stefftorress
alonsodvt,RGS98
alonsodvt,Acastillo
alonsodvt,itsqalid
alonsodvt,LaloJH
alonsodvt,midnight_tea
alonsodvt,setflores
alonsodvt,Thirdeyeperson
alonsodvt,ricardopolanco_
alonsodvt,ethan_lecter
alonsodvt,carlosshue
alonsodvt,jhonyrjunco
alonsodvt,Sebas_Luna
alonsodvt,morarojisima
alonsodvt,Dagoteahulos
alonsodvt,DelRosal1
alonsodvt,Lucastron
alonsodvt,ummma
alonsodvt,bruce_the_shark
alonsodvt,Beruben09
alonsodvt,pascalviveros
alonsodvt,CharlieRuiz
alonsodvt,ypaola_r
alonsodvt,laUrracaHumana
alonsodvt,IvanBrizuela
alonsodvt,luisdanielva
alonsodvt,bcor
alonsodvt,Justmyeco
alonsodvt,RicardoMercader
alonsodvt,tobiaspeligro
alonsodvt,axelsmarin
alonsodvt,lucioc
alonsodvt,M_Nobody
alonsodvt,pabloozepeda
alonsodvt,ninafunky
alonsodvt,ax_s
alonsodvt,Juayitl
alonsodvt,valmeyda
alonsodvt,Samcine90
alonsodvt,bijchou
alonsodvt,mytasteistrash
alonsodvt,pmtzk
alonsodvt,TripleTildeEnA
alonsodvt,neowavys
alonsodvt,sacbe16
alonsodvt,jesuspinedo17
alonsodvt,_amirmohammad_
alonsodvt,vichhc
alonsodvt,Lucio_Fulci
alonsodvt,sndvlmiguel
alonsodvt,judcrandall
alonsodvt,caleidoscopio
alonsodvt,shecherry
alonsodvt,TrueGodkiller
alonsodvt,luciilugo392
alonsodvt,AndreaJose
alonsodvt,5ABIOmatic
alonsodvt,sebagitier
alonsodvt,Muguiv
alonsodvt,aldoesce
alonsodvt,Gerrard_01
alonsodvt,lonnboy16
alonsodvt,Gerardus
alonsodvt,josafatcs
alonsodvt,JhonJamesG
alonsodvt,jerryricochet
alonsodvt,NoRebeca
alonsodvt,OmarBaca
alonsodvt,omarleosamman
alonsodvt,guretodaze
alonsodvt,angelpunk
alonsodvt,anibal_ps
alonsodvt,MariaMacorina
alonsodvt,DonJose91
alonsodvt,SebastianMolina
alonsodvt,Yahuu
alonsodvt,miguelbolaos
alonsodvt,finchito
alonsodvt,dc1902
alonsodvt,_abysskiss
alonsodvt,Silviing
alonsodvt,lmg
alonsodvt,maarrrtin
alonsodvt,carman475
alonsodvt,marcoavalxs
alonsodvt,AngelMelgoza
alonsodvt,Giorgio13
alonsodvt,ramses_guzman
alonsodvt,andyfirte
alonsodvt,NicoScipio
alonsodvt,Grca3
alonsodvt,SharonDeLaT
alonsodvt,carmileaks
alonsodvt,UserTadeo
alonsodvt,cocolandam
alonsodvt,ilanaco
alonsodvt,dannychazari
alonsodvt,arkhe511
alonsodvt,anavictoriavr
alonsodvt,RoDrigo44
alonsodvt,giuliapiovezan
alonsodvt,jduica
alonsodvt,Alonso13
alonsodvt,isabellamedinag
alonsodvt,EmilioGomez
alonsodvt,ChinoFett04
alonsodvt,Augant
alonsodvt,estropeado
alonsodvt,David_fgueroa
alonsodvt,sam_elio
alonsodvt,lizvaz
alonsodvt,DEKISS
alonsodvt,nahialf
alonsodvt,ThankedApollo
alonsodvt,Jeronnim
alonsodvt,okunague
alonsodvt,ref_mmj
alonsodvt,pagusrendon
alonsodvt,Ju4ndgc
alonsodvt,punkset
alonsodvt,Naim83
alonsodvt,HectorRiveroll
alonsodvt,antross
alonsodvt,Dityroth
alonsodvt,analyticmomfic
alonsodvt,DARR0507
alonsodvt,gusdevelazquez
alonsodvt,Tefytello
alonsodvt,Andreaamustdie
alonsodvt,yadiradeita
alonsodvt,LuisPMar
alonsodvt,angelSg
alonsodvt,Emiazul
alonsodvt,ferfunes
alonsodvt,Alepaza
alonsodvt,Mamorus
alonsodvt,GaboVillarreal
alonsodvt,gael_jara
alonsodvt,doomniel
alonsodvt,renatospl
alonsodvt,jcaamano
alonsodvt,jonyvillasante2
alonsodvt,JessicaArroyo
alonsodvt,rebelaiz
alonsodvt,Sio_Credesse
alonsodvt,Cinematofilo
alonsodvt,Kemonito666
alonsodvt,SantiGP198
alonsodvt,sisipere
alonsodvt,angryteen
alonsodvt,daorey
alonsodvt,mvtabor
alonsodvt,karlamalu
alonsodvt,JefreySPineda
alonsodvt,claudi02007
alonsodvt,Paucita
alonsodvt,AndresLechuga
alonsodvt,elotorolo
alonsodvt,Apolinar79
alonsodvt,superfluaa
alonsodvt,jimena_laihe
alonsodvt,mauroazua
alonsodvt,matzzu
alonsodvt,Elislimon
alonsodvt,belenmtzz
alonsodvt,chacardenasca
alonsodvt,IsmaelEspinoza
alonsodvt,crixus777
alonsodvt,benjackson2
alonsodvt,WinslowFink1
alonsodvt,Luis_Eme
alonsodvt,bonsegnori
alonsodvt,jennycamacho
alonsodvt,ignhs
alonsodvt,CheliosChev
alonsodvt,IvanGuerreroA
alonsodvt,ambargris
alonsodvt,danii_ardilla
alonsodvt,dogmaa
alonsodvt,pepi_nooo
alonsodvt,CAVAL_____
alonsodvt,f_the_memorious
alonsodvt,greciarchivo
alonsodvt,aaovggwp
alonsodvt,JASC0001
alonsodvt,karenzgo
alonsodvt,rangi
alonsodvt,Lioooon
alonsodvt,suspiri0rum
alonsodvt,AntuanDoinel
alonsodvt,Smyther
alonsodvt,Demian666
alonsodvt,CamiloUriel666
alonsodvt,M_Penalosa
alonsodvt,jeandream
alonsodvt,outkastatlast
alonsodvt,JackPeart
alonsodvt,JosephGrimault
alonsodvt,ragua
alonsodvt,betorivers
alonsodvt,Sami_S1
alonsodvt,hashtagfilmica
alonsodvt,pikitorl
alonsodvt,Edu_vela_esco
alonsodvt,Patas_Escuadras
alonsodvt,kaic
alonsodvt,monicasaliiii
alonsodvt,Yoelito98
alonsodvt,samueleon
alonsodvt,luisandres_hdz
alonsodvt,Jose_Ibarra
alonsodvt,granados_1111
alonsodvt,soledadvioleta
alonsodvt,cracklitos00
alonsodvt,SaulSalazar
alonsodvt,sanndyrz
alonsodvt,MikelFernando23
alonsodvt,fervalastro
alonsodvt,SallyCin
alonsodvt,Tarkovsky13
alonsodvt,memanuel
alonsodvt,sergioherrasti
alonsodvt,Jose020720
alonsodvt,julie_wifmx
alonsodvt,JMGonzalez
alonsodvt,jolenejolene
alonsodvt,galkarr
alonsodvt,CharlyBastida
alonsodvt,lissona_
alonsodvt,anapauhoods
alonsodvt,joecar97
alonsodvt,paucherep
alonsodvt,IvanZgaib
alonsodvt,adamsmovies
alonsodvt,dalbicker
alonsodvt,leonvelazquez
alonsodvt,peladopaila
alonsodvt,ericvazquez
alonsodvt,JoDamian
alonsodvt,Artceron
alonsodvt,lewy_px41
alonsodvt,FerJair
alonsodvt,paglez92
alonsodvt,Thewizardofoz02
alonsodvt,artgelia
alonsodvt,boris_1992
alonsodvt,ManuelMyT
alonsodvt,bren_angr
alonsodvt,JAGVillarreal
alonsodvt,hugui
alonsodvt,JMC513
alonsodvt,DarioMiego
alonsodvt,SomePersona
alonsodvt,skythesheep
alonsodvt,VicPoncedeLeon
alonsodvt,LaloRetro
alonsodvt,Trynit
alonsodvt,Zatsuhiro
alonsodvt,uskiss
alonsodvt,cvall96
alonsodvt,juangarrido930
alonsodvt,JaimeC
alonsodvt,NerdInc
alonsodvt,papiluciano
alonsodvt,saricab
alonsodvt,Erk1
alonsodvt,alelinava
alonsodvt,remediossinvaro
alonsodvt,marthapaolac
alonsodvt,Guadalupaps
alonsodvt,pauvalencia3
alonsodvt,DiegoGmzM
alonsodvt,sofiafortoul
alonsodvt,isaiisaito
alonsodvt,felipe_gonzalez
alonsodvt,ragdezado
alonsodvt,DARKSEC
alonsodvt,Chazz24
alonsodvt,ahuitzespinal
alonsodvt,raulrdgzv
alonsodvt,JCLopez97
alonsodvt,Ag_Girl_
alonsodvt,rod747
alonsodvt,Vitulis
alonsodvt,techus
alonsodvt,davidgz
alonsodvt,Robieefresh
alonsodvt,grenteriag
alonsodvt,santiagol007
alonsodvt,ErikAguilera
alonsodvt,ChemaEMT
alonsodvt,gojulesgo
alonsodvt,ojodevidriocine
alonsodvt,greeksoy
alonsodvt,FruitSNAK
alonsodvt,MinekoGori
alonsodvt,Nikki_Mia
alonsodvt,Anggeluzz
alonsodvt,ALEXlS
alonsodvt,bonillajuanjose
alonsodvt,demkar
alonsodvt,daniel_rico98
alonsodvt,diegomeg_
alonsodvt,PostFraaank
alonsodvt,jamesranold
alonsodvt,flowercrowsykes
alonsodvt,naitsabesrl
alonsodvt,zamuthustra
alonsodvt,Andrle
alonsodvt,gromerob
alonsodvt,onlyconnect
alonsodvt,EdgarSantana
alonsodvt,sebastian_verde
alonsodvt,pollokiks
alonsodvt,manuelalacid
alonsodvt,benjamin616
alonsodvt,campelrod
alonsodvt,soydelabarrera
alonsodvt,elcastillo
alonsodvt,MireyaGonzalez
alonsodvt,Cris7u7r
alonsodvt,fafergaso
alonsodvt,ImanolBasu
alonsodvt,AlejandroMns
alonsodvt,Carin_Macia
alonsodvt,tempodeamor
alonsodvt,Fernandooculto
alonsodvt,anfibiedad
alonsodvt,g_kala
alonsodvt,albertosaul
alonsodvt,JohnPluto88
alonsodvt,Juan1227
alonsodvt,0marr
alonsodvt,andresleonnnn
alonsodvt,monsieur_jabs
alonsodvt,navedamx
alonsodvt,Manuelmoren29
alonsodvt,Mafalda1960
alonsodvt,sararosales
alonsodvt,BrenchT
alonsodvt,felixmtz
alonsodvt,jpnofa
alonsodvt,Chuchin_MVD
alonsodvt,Andre_Cano
alonsodvt,Maszy_Plath
alonsodvt,mh1806
alonsodvt,Swing47
alonsodvt,tdk_jav
alonsodvt,Menas_Jokas
alonsodvt,ana_emc
alonsodvt,alonzsoh
alonsodvt,SergioMEsqueda
alonsodvt,valevl
alonsodvt,D3adpanther
alonsodvt,theultrabril
alonsodvt,ardogm
alonsodvt,mjulius
alonsodvt,Coak
alonsodvt,Edison19
alonsodvt,urkin0971
alonsodvt,rcarson
alonsodvt,AmapolaCavatina
alonsodvt,daarioooo
alonsodvt,hiperlalol
alonsodvt,vidadiv
alonsodvt,genovaglow
alonsodvt,M4L4F4CH4
alonsodvt,isis_
alonsodvt,rgrbahi
alonsodvt,bassilisco
alonsodvt,leon769
alonsodvt,jules_sosa
alonsodvt,carlosbabun
alonsodvt,ramoncastro
alonsodvt,DevilDeWitt
alonsodvt,yagop16
alonsodvt,caletgomezc
alonsodvt,lupou
alonsodvt,valcice
alonsodvt,pinkoddity
alonsodvt,alejandroaz
alonsodvt,Josplascencia
alonsodvt,Jonathan_Eslui
alonsodvt,ROTTEM
alonsodvt,nicoPR97
alonsodvt,axeman
alonsodvt,montseanyways
alonsodvt,lulu_nc
alonsodvt,elenbrion
alonsodvt,elreycretino
alonsodvt,karenwhom
alonsodvt,glzd1999
alonsodvt,SerchL
alonsodvt,zerobyzero
alonsodvt,DarthRustyy
alonsodvt,otrovientocine
alonsodvt,blondylan
alonsodvt,antonioperezz
alonsodvt,cgracianom
alonsodvt,Anirban2046
alonsodvt,objetodestudio
alonsodvt,theyoliver
alonsodvt,benjamincortez
alonsodvt,Chuck_ci
alonsodvt,FacuuAF
alonsodvt,destrosotuano
alonsodvt,jszm
alonsodvt,saffirdf
alonsodvt,MayoDuarte
alonsodvt,Gammas575
alonsodvt,Vidi
alonsodvt,Une_Flaneuse
alonsodvt,Murasaki475
alonsodvt,PepinilloRan
alonsodvt,Hirshell
alonsodvt,AlexaLara
alonsodvt,harvek
alonsodvt,lbolland
alonsodvt,randyveg
alonsodvt,ALazyCommunist
alonsodvt,bordarampe
alonsodvt,VincentAb
alonsodvt,Dgza
alonsodvt,brau_galu
alonsodvt,Adarei
alonsodvt,juanncorb
alonsodvt,sarinrinrin
alonsodvt,salsazar
alonsodvt,kiinalvamar
alonsodvt,EduEscalera
alonsodvt,SalvatoreXi
alonsodvt,isisramirez
alonsodvt,jeronimoateho
alonsodvt,glawc
alonsodvt,aletvia
alonsodvt,ladh_42
alonsodvt,RedForeman
alonsodvt,ximesro
alonsodvt,Stinky_
alonsodvt,AleMartz
alonsodvt,aaxel_cruz
alonsodvt,NataliaChavarro
alonsodvt,patriciosimple
alonsodvt,Doraly
alonsodvt,luscofusco_lux
alonsodvt,lilydroeven
alonsodvt,Emiliano_101
alonsodvt,anaaasag
alonsodvt,arloqui
alonsodvt,Gonzap0
alonsodvt,leatll
alonsodvt,AlmaTorres
alonsodvt,Luis_Pascoe
alonsodvt,lucyisfunny
alonsodvt,sofiaronw
alonsodvt,pedroavila
alonsodvt,FerAshane
alonsodvt,venusbom
alonsodvt,hemanuelo
alonsodvt,vofgideon
alonsodvt,TyronneSlothrop
alonsodvt,DianaLuu
alonsodvt,Enriquemre
alonsodvt,AbrahamEsau
alonsodvt,joaquindelpaso
alonsodvt,EdgarAE
alonsodvt,GabyGoldfarb
alonsodvt,cortigiana
alonsodvt,Cintora91
alonsodvt,occeli
alonsodvt,Polimilan
alonsodvt,blynch
alonsodvt,JorgeSC
alonsodvt,enfermodelcine
alonsodvt,SeanPerdomo
alonsodvt,CinemaMaster101
alonsodvt,marlene_ehlers
alonsodvt,raul8pm
alonsodvt,faux_redux
alonsodvt,UltraVaiolenz
alonsodvt,fandelflan
alonsodvt,yajir85
alonsodvt,JustoLobato
alonsodvt,_danielaoliva
alonsodvt,jime11
alonsodvt,literalmario_
alonsodvt,MarcoAIslasA
alonsodvt,CharlyGalindo21
alonsodvt,XuZejie1997
alonsodvt,velvet_amethyst
alonsodvt,Navbyi
alonsodvt,garasabi
alonsodvt,leobl
alonsodvt,Abel_grc
alonsodvt,DannyCanales
alonsodvt,DiegoGarza345
alonsodvt,Anthxs
alonsodvt,Jettasccio
alonsodvt,qSanto
alonsodvt,Tasabbir
alonsodvt,bbethaniaa
alonsodvt,shrlck221
alonsodvt,AdolfoBerz
alonsodvt,RafaIturriaga
alonsodvt,CitizenJose
alonsodvt,lwonwl
alonsodvt,sbstnrv
alonsodvt,RamiroMatas
alonsodvt,Vittoriowsky
alonsodvt,em_dhh
alonsodvt,STARMAN15
alonsodvt,guillermorexx
alonsodvt,RamCM
alonsodvt,kyaramz
alonsodvt,agustinaap
alonsodvt,jpnunez
alonsodvt,manumedina
alonsodvt,rockson427
alonsodvt,RafoMarines
alonsodvt,Lahoramagica
alonsodvt,Feermartinez
alonsodvt,LanderVM
alonsodvt,lizsalasr
alonsodvt,crisrobles
alonsodvt,brisap
alonsodvt,dianabemp
alonsodvt,LeoVillegasMX
alonsodvt,quickquencio
alonsodvt,Jsrc
alonsodvt,softoledo
alonsodvt,AlanJeffrey
alonsodvt,DonMarioBros
alonsodvt,laestardust
alonsodvt,anabanan
alonsodvt,eu_borvioleta
alonsodvt,nickyyfm
alonsodvt,Canine
alonsodvt,cocidocerebral
alonsodvt,david2035
alonsodvt,mateocoronel
alonsodvt,leonzi
alonsodvt,marisolpicon
alonsodvt,latesito
alonsodvt,natirey
alonsodvt,atherionimus
alonsodvt,jeroescudero
alonsodvt,daserratos
alonsodvt,Brequel
alonsodvt,adagobe
alonsodvt,emmanegrete
alonsodvt,voidframe
alonsodvt,DiegoGil7
alonsodvt,jmgg87
alonsodvt,abeloconnor
alonsodvt,franciscojrb91
alonsodvt,Capistran2512
alonsodvt,DaliaRo
alonsodvt,DaanRotten
alonsodvt,manolo_villegaz
alonsodvt,Lencho_o_t_Apes
alonsodvt,gurkmanator
alonsodvt,fardivideomaker
alonsodvt,CristianMartin
alonsodvt,Caosmosis3
alonsodvt,CeliaSutton
alonsodvt,MiguelAngel1
alonsodvt,rafaelsalinas
alonsodvt,santi_pdm
alonsodvt,PaoloReaper
alonsodvt,Jeremito
alonsodvt,raulmcr
alonsodvt,ValeriaHerrera
alonsodvt,Xzyadane
alonsodvt,diegolivasarana
alonsodvt,ernestogv
alonsodvt,nerdbita
alonsodvt,annaRy
alonsodvt,zaomattz
alonsodvt,mar26aguilar
alonsodvt,delfihobert
alonsodvt,CortezMtz
alonsodvt,Adrian96
alonsodvt,Dayz
alonsodvt,ma4riel
alonsodvt,ghostmafia
alonsodvt,angidpq
alonsodvt,AnnavedaWe
alonsodvt,miguelgmz
alonsodvt,daniel_pensabe
alonsodvt,Yunnuen
alonsodvt,pepitadechayote
alonsodvt,danielasofiavo
alonsodvt,londyramazzini
alonsodvt,Jorge_Carabias
alonsodvt,Dantefatiasg
alonsodvt,Mlivierh7
alonsodvt,altreides21
alonsodvt,ivan92
alonsodvt,AnhelP
alonsodvt,ddenisejimenez
alonsodvt,alex159
alonsodvt,AngelCastro
alonsodvt,Maties_TP
alonsodvt,AuroraNocte
alonsodvt,dani_tarr
alonsodvt,alejndro_93
alonsodvt,PabloZamora
alonsodvt,Archimboldy
alonsodvt,dannysays_
alonsodvt,Luchivf
alonsodvt,elohydes
alonsodvt,sergiodiazo
alonsodvt,juansandoval
alonsodvt,jo_paddington
alonsodvt,Rick_Deckard_
alonsodvt,labarro
alonsodvt,themarinerito
alonsodvt,abdieldleon
alonsodvt,joao6
alonsodvt,Eugene_Christa
alonsodvt,moisesms
alonsodvt,LFTorres
alonsodvt,MaybeQueenJane
alonsodvt,ale_piq
alonsodvt,cesargh
alonsodvt,Casperiova
alonsodvt,SEBS_17
alonsodvt,noeslaura
alonsodvt,jhere
alonsodvt,aahu
alonsodvt,JustinAlf
alonsodvt,fsolisca98
alonsodvt,carlosrazon
alonsodvt,yucaninja
alonsodvt,Corrigan
alonsodvt,Cinemat2020
alonsodvt,JoseMGijon
alonsodvt,lonerlife
alonsodvt,milldr
alonsodvt,enriquegvenegas
alonsodvt,Mause
alonsodvt,bucletemporal
alonsodvt,nezse
alonsodvt,Westvy84
alonsodvt,laucifer_
alonsodvt,OmaFlores
alonsodvt,markusbalcoin
alonsodvt,abril0000
alonsodvt,dumesjennifer
alonsodvt,manceboitzel
alonsodvt,JeiC
alonsodvt,eyesforcinema
alonsodvt,kit_cady23
alonsodvt,VroomVrooom
alonsodvt,20XCM02
alonsodvt,paulinacova
alonsodvt,IvanRafy
alonsodvt,martin_lgonzale
alonsodvt,ChrisAngel
alonsodvt,Nelly_Mendoza
alonsodvt,XimenaRamos
alonsodvt,NovaBerserk
alonsodvt,SuzanneMaria
alonsodvt,Felipe_Aguero
alonsodvt,cetto27
alonsodvt,ivonnemorenog
alonsodvt,mau_banks
alonsodvt,fabiofilms
alonsodvt,xoshc
alonsodvt,shxrlocked
alonsodvt,contesimmoraux
alonsodvt,veragi
alonsodvt,corpriverez
alonsodvt,FcoVargas
alonsodvt,leguizamou
alonsodvt,TheMortuus
alonsodvt,roy_moranr
alonsodvt,Haryefun
alonsodvt,edanielagarcia
alonsodvt,oliver_99
alonsodvt,anduhlz
alonsodvt,bray_bo_delier
alonsodvt,werknockx
alonsodvt,orion_black
alonsodvt,ariguzequi
alonsodvt,annabetth
alonsodvt,patesmu
alonsodvt,anaviolenta
alonsodvt,LOCOCINEFILO
alonsodvt,AnetteVazquez
alonsodvt,elamas05
alonsodvt,Linaje
alonsodvt,ada12
alonsodvt,_dlserick
alonsodvt,grizzlyera
alonsodvt,callmek
alonsodvt,juloreto
alonsodvt,lucianaherrera
alonsodvt,erickjaimes
alonsodvt,Marriolito
alonsodvt,sebasalfaro
alonsodvt,deynahy
alonsodvt,cesardemian
alonsodvt,BrendaTorroella
alonsodvt,naticalese
alonsodvt,GiovaniG
alonsodvt,Rosebicigorria
alonsodvt,fernandamon
alonsodvt,gaaaaaaaaabo
alonsodvt,hugosalvador
alonsodvt,mandarinas
alonsodvt,monkeykong84
alonsodvt,ramirovgg
alonsodvt,dcanovag
alonsodvt,Raquehta
alonsodvt,aledomyy
alonsodvt,itzelchoi
alonsodvt,deivi_kfc
alonsodvt,AnaRascon
alonsodvt,danielalavalle1
alonsodvt,bymorgon
alonsodvt,chalitto
alonsodvt,pelidelasemana
alonsodvt,AlejandroMingo
alonsodvt,Yoshi8A
alonsodvt,cotufa
alonsodvt,angallegos92
alonsodvt,mafer_fernandez
alonsodvt,pitis
alonsodvt,sofiazpd
alonsodvt,GpViry
alonsodvt,CUCAFERRETI
alonsodvt,ndevita
alonsodvt,Andres_HC
alonsodvt,MauUribarri
alonsodvt,JulioElVate
alonsodvt,econvega
alonsodvt,poetereau
alonsodvt,Gaston_Aparicio
alonsodvt,Daniel_Rob
alonsodvt,subzappa
alonsodvt,ElJuarez68
alonsodvt,orochaos
alonsodvt,tatis_lp
alonsodvt,Guadalupapi
alonsodvt,HiraidTPuntoAco
alonsodvt,Viclr2096
alonsodvt,Rogzm6
alonsodvt,sandwichjj
alonsodvt,Gasimurgh
alonsodvt,afextuin
alonsodvt,fuegocicatriz
alonsodvt,ChecoKrispis
alonsodvt,Faustx
alonsodvt,RIKKKKK
alonsodvt,another_quique
alonsodvt,xtian09
alonsodvt,mateoespinos
alonsodvt,Mauspc
alonsodvt,James93
alonsodvt,OscJar
alonsodvt,Botas
alonsodvt,Jaden2798
alonsodvt,FernandoCuautle
alonsodvt,arantxa_ma
alonsodvt,DarkfireMaster
alonsodvt,YamKax
alonsodvt,Berges
alonsodvt,ForestFauve
alonsodvt,tunafria
alonsodvt,ajo_mx
alonsodvt,Estebittan
alonsodvt,CoyoteFlower
alonsodvt,oneohtrix
alonsodvt,PietroPagani
alonsodvt,andiezombie
alonsodvt,JavierDelacroix
alonsodvt,rivasjrene
alonsodvt,tannzavala
alonsodvt,zesaladin
alonsodvt,DavidSnow
alonsodvt,JaredTou
alonsodvt,fatalismo
alonsodvt,xrpc
alonsodvt,ksiller
alonsodvt,timidest
alonsodvt,j_lagos00
alonsodvt,dorcs
alonsodvt,CBC93
alonsodvt,jmalfaro98
alonsodvt,mariscalgj
alonsodvt,JeGera
alonsodvt,vollberta
alonsodvt,carolina987ja
alonsodvt,fabianarriaga5
alonsodvt,u_yeepez
alonsodvt,Alfredosnow
alonsodvt,Monchobeaplin
alonsodvt,Cesorellan
alonsodvt,desporo
alonsodvt,soyelarmando
alonsodvt,FilmGamer
alonsodvt,etmirabelle
alonsodvt,Estrella5zul
alonsodvt,dariomoreno13
alonsodvt,surilane
alonsodvt,WichoRivera
alonsodvt,fernandogaxiola
alonsodvt,BrunoAroesty
alonsodvt,indigoswinter
alonsodvt,LSMdza
alonsodvt,stephenbush
alonsodvt,AndReUU
alonsodvt,lofifairy
alonsodvt,Ivan_Suarez
alonsodvt,garza_73
alonsodvt,Pusher2
alonsodvt,Colmener
alonsodvt,juanalvarez95
alonsodvt,TheStoogeSebas
alonsodvt,Kidd0
alonsodvt,666dx
alonsodvt,MataTurin
alonsodvt,javimartinez
alonsodvt,Fer_Toral
alonsodvt,einberg
alonsodvt,Tugaland
alonsodvt,luisfmtz
alonsodvt,santiagoarteaga
alonsodvt,Daabid
alonsodvt,judd_hdz
alonsodvt,DylanLynch
alonsodvt,Butterbridge
alonsodvt,paulinasalazar
alonsodvt,Arbildoespinoza
alonsodvt,yo_santiago
alonsodvt,Geooorge
alonsodvt,oscar4rreguin
alonsodvt,NICOGW
alonsodvt,Danybur
alonsodvt,caparazon
alonsodvt,UrbanoJ
alonsodvt,ptoxtli
alonsodvt,AnaEscarcega
alonsodvt,matcanteros
alonsodvt,Erick71
alonsodvt,ManuelCO
alonsodvt,alanissd
alonsodvt,juandearcadia
alonsodvt,Pablo99
alonsodvt,OscarValle
alonsodvt,Angelgxx
alonsodvt,anapaola07
alonsodvt,AlexZ
alonsodvt,Fergzlz
alonsodvt,dxnoriega
alonsodvt,cizdo
alonsodvt,seemily_play
alonsodvt,Sergiob71
alonsodvt,solopablo
alonsodvt,yosoynuri
alonsodvt,joacoFloresMX
alonsodvt,gyosandoval
alonsodvt,edr_sf
alonsodvt,dc2301
alonsodvt,Armadrama
alonsodvt,maneldominguez
alonsodvt,GemmaLeyvaMach
alonsodvt,Ometeotl
alonsodvt,devilpink
alonsodvt,reinadecopas
alonsodvt,Pboy_Pepperoni
alonsodvt,luc4z0
alonsodvt,HannyGarcia
alonsodvt,Maccotto
alonsodvt,ernestitortiz
alonsodvt,feranacahuita
alonsodvt,yael_gp
alonsodvt,HugoAVA
alonsodvt,EduardoNaveda
alonsodvt,arturosaberin
alonsodvt,Robvt
alonsodvt,jcarlos
alonsodvt,Gymnopedie
alonsodvt,sofiaboogie
alonsodvt,PerroAndaluz
alonsodvt,alexjrp
alonsodvt,RosemaryK
alonsodvt,philomathgo
alonsodvt,sebas__
alonsodvt,Not_JLAparicio
alonsodvt,sandrapineda
alonsodvt,miguelalsa
alonsodvt,Bramms
alonsodvt,muathuthanhbinh
alonsodvt,jazzforfuture
alonsodvt,rainxl03
alonsodvt,luciapeal
alonsodvt,catsstroph4
alonsodvt,AaronDiaz
alonsodvt,Camilamilagros
alonsodvt,Aeternitatis
alonsodvt,Ezkirlas
alonsodvt,laaventuracine
alonsodvt,niliv
alonsodvt,mariadelrio
alonsodvt,NicoleMeneses2
alonsodvt,disainerd
alonsodvt,AriadnaTellez
alonsodvt,Bomarzo22
alonsodvt,spinneunreal
alonsodvt,Rene03
alonsodvt,balnearios
alonsodvt,emilioster
alonsodvt,andylmndz
alonsodvt,fotoscarnet
alonsodvt,irca
alonsodvt,_NoMeArrobes
alonsodvt,carmenceleste
alonsodvt,Duskylantern
alonsodvt,Mario_Melendez
alonsodvt,diegosaram
alonsodvt,herxsie
alonsodvt,pulquedeguayaba
alonsodvt,belflores
alonsodvt,RubenGarcia88
alonsodvt,Frank1298
alonsodvt,frutosrojos
alonsodvt,roy_alonso
alonsodvt,robin809
alonsodvt,DaniCid
alonsodvt,hxxroine
alonsodvt,Filmalternative
alonsodvt,yulissaic
alonsodvt,faviannaml
alonsodvt,AFabregasT
alonsodvt,elserchooo
alonsodvt,Nora_luz
alonsodvt,greatdestroyer
alonsodvt,Bopal
alonsodvt,mmtnz22
alonsodvt,Karlavqzo
alonsodvt,herread
alonsodvt,Pauli_R
alonsodvt,matiuruguayo
alonsodvt,GioBecerra
alonsodvt,emilianohdz
alonsodvt,RocioGP
alonsodvt,emiliaschettino
alonsodvt,taliaguzra
alonsodvt,Lisasori
alonsodvt,nina012666
alonsodvt,AnaMedicina
alonsodvt,itzelssp
alonsodvt,jacbaus
alonsodvt,FernandoCtello
alonsodvt,mafergxlindx
alonsodvt,Davidprz4
alonsodvt,elmmmoi
alonsodvt,enriquear
alonsodvt,aldobarush
alonsodvt,Diegocort
alonsodvt,danydoteth
alonsodvt,Colin_Maillard
alonsodvt,dbarreracastro
alonsodvt,alancastillo
alonsodvt,alejandr_bar
alonsodvt,SeivenMcRiddle
alonsodvt,guiyerblues
alonsodvt,Mavrikiy
alonsodvt,dgnoch
alonsodvt,GonzaloLopez
alonsodvt,Rosle_Aleph
alonsodvt,Fernando07
alonsodvt,diegoh13
alonsodvt,Pablo10Bautista
alonsodvt,chidoguan
alonsodvt,arturo30
alonsodvt,henryalex
alonsodvt,chinchilla
alonsodvt,adritremp19
alonsodvt,ale_stanish
alonsodvt,yahasop
alonsodvt,natt_mb
alonsodvt,panictheatre
alonsodvt,alprecam
alonsodvt,xywa
alonsodvt,betoguevara20
alonsodvt,emilycutshair
alonsodvt,KingRayo1316
alonsodvt,Desbarrancadero
alonsodvt,VenancioV
alonsodvt,JorgeArriaga
alonsodvt,Cinefagomx
alonsodvt,AndreeMora
alonsodvt,Didieegogo
alonsodvt,lemikaelus
alonsodvt,AlexValdes
alonsodvt,Moebiusfox
alonsodvt,Leo235
alonsodvt,martinsoler_
alonsodvt,LFernandoLopez
alonsodvt,RominaH
alonsodvt,CharlieAco
alonsodvt,cmedp
alonsodvt,newnarrator
alonsodvt,FitoLoko
alonsodvt,Kaoru4
alonsodvt,PANKeeki
alonsodvt,AlesxBandit
alonsodvt,YunCart
alonsodvt,konain
alonsodvt,JavierRM
alonsodvt,VLuvini
alonsodvt,JazzChocolate
alonsodvt,posiblequizas
alonsodvt,Heliot99
alonsodvt,Oscarmad
alonsodvt,legabitra
alonsodvt,arielsazu
alonsodvt,sebsss27
alonsodvt,Josdospin
alonsodvt,EnriqueTeneria
alonsodvt,Blank_portrait
alonsodvt,RobAnaya
alonsodvt,salazar_sinname
alonsodvt,YanMaci
alonsodvt,ariron
alonsodvt,jaalbert
alonsodvt,yayo27
alonsodvt,claudbrandamn
alonsodvt,iakidesantos
alonsodvt,srnmrdr
alonsodvt,estanmuertos
alonsodvt,rafitafilms
alonsodvt,iglezlq
alonsodvt,Billt
alonsodvt,mrotn
alonsodvt,dortiz339
alonsodvt,jonnahmoreno
alonsodvt,Dante97
alonsodvt,MJ1994
alonsodvt,_marabella
alonsodvt,DaveMV
alonsodvt,Autoreibot
alonsodvt,DavidQuica_15
alonsodvt,andrusadeyes
alonsodvt,Gabriel_ra
alonsodvt,Sergioab
alonsodvt,Tankgrrrl
alonsodvt,Jeantrouble
alonsodvt,Xcahdez
alonsodvt,JcLa
alonsodvt,guillermovm
alonsodvt,cinepoema
alonsodvt,skittleskadodle
alonsodvt,Royal_Fan
alonsodvt,StereoBuddy
alonsodvt,vainademielina
alonsodvt,ulises_hzgn
alonsodvt,caesarum
alonsodvt,osholetsu
alonsodvt,csarock15
alonsodvt,Kaname
alonsodvt,marco_gonz
alonsodvt,Cinexcusa
alonsodvt,kevinggalvan
alonsodvt,Lalodelavega
alonsodvt,strmey
alonsodvt,Mariana_ML
alonsodvt,lailacamhi
alonsodvt,GiovannaTetsuo
alonsodvt,habitante
alonsodvt,israel1916
alonsodvt,Omargc169
alonsodvt,Berges14
alonsodvt,jesus_fge
alonsodvt,Rohoro
alonsodvt,rodrigoakaruiz
alonsodvt,MarcoZarazua
alonsodvt,Tadeoluois
alonsodvt,arturo9
alonsodvt,abdualzizNK
alonsodvt,Dulldog
alonsodvt,DanielGonz
alonsodvt,Hachiiiko
alonsodvt,paolabracho
alonsodvt,killpig
alonsodvt,Escol86
alonsodvt,Tumbletoppel
alonsodvt,Vertig0
alonsodvt,Rivettian
alonsodvt,armandoasis
alonsodvt,MasterLD
alonsodvt,ArturoRamos
alonsodvt,WallyCams
alonsodvt,soysoloalan
alonsodvt,victoroz10
alonsodvt,_rael_
alonsodvt,pablo_staricco
alonsodvt,HippiePowers
alonsodvt,vmrs
alonsodvt,FeerTovar
alonsodvt,akzagr
alonsodvt,zeagripino
alonsodvt,FranOrtelli
alonsodvt,samolivares
alonsodvt,MuzWot
alonsodvt,snuffygoods
alonsodvt,SantiagoR
alonsodvt,Pipotrix
alonsodvt,ASTC
alonsodvt,ReedStorm223
alonsodvt,camcsan
alonsodvt,cdobler
alonsodvt,hfloresj
alonsodvt,Miguel913
alonsodvt,posverdad
alonsodvt,thejaimecorex
alonsodvt,irasema
alonsodvt,deadpaula
alonsodvt,Miotroyo
alonsodvt,Lezama95
alonsodvt,arteromeroni
alonsodvt,vicalvarez
alonsodvt,Grexios13
alonsodvt,GlezKino
alonsodvt,Dann_movies
alonsodvt,josefag
alonsodvt,wanuelgalvan
alonsodvt,ivanlipkies
alonsodvt,luiscuego
alonsodvt,anavalecillos
alonsodvt,sebastianht
alonsodvt,maytineemx
alonsodvt,Zamudioo
alonsodvt,Difamex
alonsodvt,Leoverthesea
alonsodvt,Yernay46
alonsodvt,LizHP
alonsodvt,Alons
alonsodvt,JosephLuis
alonsodvt,rata666
alonsodvt,pedrovdl
alonsodvt,ElDeivid
alonsodvt,FerJackson
alonsodvt,Alejandross
alonsodvt,Mamadordelcine
alonsodvt,Marianna_Lopez
alonsodvt,Yamy
alonsodvt,Gavito
alonsodvt,Spookyeskeleton
alonsodvt,jimebalcazar
alonsodvt,flaweeeers
alonsodvt,Ciudadsana
alonsodvt,jeremiewatson
alonsodvt,Panoptico
alonsodvt,joanrotten
alonsodvt,JorgeCOCO
alonsodvt,Alex_Hidmed
alonsodvt,narceruiz
alonsodvt,RoyCerna
alonsodvt,dianapomposo
alonsodvt,cascc
alonsodvt,esculpadePablo
alonsodvt,desesperanza
alonsodvt,aleaudiffred
alonsodvt,ApolloniaSotelo
alonsodvt,CesarEnzo
alonsodvt,chikoelektriko
alonsodvt,Rodrigo_Arnaz
alonsodvt,andre_alexandre
alonsodvt,Bubumaxxie
alonsodvt,dantherule
alonsodvt,gabrielZh
alonsodvt,joelvarela
alonsodvt,ccaelesti
alonsodvt,Sam_F_Robertson
alonsodvt,ClauAlba
alonsodvt,Sordo_rumor
alonsodvt,platanodesombra
alonsodvt,cinecodigo
alonsodvt,RaulJusto
alonsodvt,madrecomezon
alonsodvt,XimenaRD
alonsodvt,lauritayala
alonsodvt,luisgnzaless
alonsodvt,masmariansita
alonsodvt,arturo_equis
alonsodvt,_dalivillarreal
alonsodvt,mirmatias
alonsodvt,alejandromen2a
alonsodvt,SergeAnton
alonsodvt,felipicols
alonsodvt,SergioORSA
alonsodvt,David9
alonsodvt,paulacue
alonsodvt,elisesn
alonsodvt,Santoysenia
alonsodvt,MrSpoiler88
alonsodvt,julesgr
alonsodvt,luishmz
alonsodvt,Snakezacrafonix
alonsodvt,ernestorojas
alonsodvt,Diegoceprez
alonsodvt,nataliapineda
alonsodvt,nadyaaa
alonsodvt,Tepep
alonsodvt,rrome
alonsodvt,gritosysusurro
alonsodvt,Santiago_duenas
alonsodvt,Estebanca
alonsodvt,Axelrnr
alonsodvt,iker_macias
alonsodvt,yamilething
alonsodvt,JOSIPBottom
alonsodvt,cinelsentido
alonsodvt,roblezio
alonsodvt,vicvelo
alonsodvt,cristian102
alonsodvt,Juanpa_brenis
alonsodvt,Ferrauch
alonsodvt,dariana01
alonsodvt,that_victor
alonsodvt,NaranjoMelody
alonsodvt,ljm2
alonsodvt,Rojas_Rosas
alonsodvt,CinefiloMX
alonsodvt,Tambour1ne
alonsodvt,fatimaalvaradoh
alonsodvt,Pincent
alonsodvt,unfuucktheworld
alonsodvt,diamadrid
alonsodvt,agomezs
alonsodvt,dxvdn
alonsodvt,jesusdalvarez
alonsodvt,ElenaBell
alonsodvt,__abismo
alonsodvt,intergalactc
alonsodvt,Nicanor_rj
alonsodvt,Palinuruss
alonsodvt,AlanCamH
alonsodvt,diaanavb
alonsodvt,_Injustificado
alonsodvt,luisangelgnzlz
alonsodvt,Quiqul
alonsodvt,Jo_Brennan
alonsodvt,Juaneagva
alonsodvt,hama8983
alonsodvt,Adrian8539
alonsodvt,Gumy78
alonsodvt,zorrocinefilo
alonsodvt,elenameyaltzin
alonsodvt,Shohnny
alonsodvt,Alan_Hoffman
alonsodvt,baocine
alonsodvt,rfael98
alonsodvt,gigitb
alonsodvt,oraleia
alonsodvt,Jlopezglez
alonsodvt,espejonegro_
alonsodvt,VirgilZ
alonsodvt,Ricardo1810
alonsodvt,Bad_Pitches
alonsodvt,clarissagf
alonsodvt,almarr
alonsodvt,mgpedrero
alonsodvt,javierconce
alonsodvt,aGus41
alonsodvt,andreeail
alonsodvt,hectormza
alonsodvt,OlmaryCarolina
alonsodvt,JesusxQuiroz
alonsodvt,alejandroromeu
alonsodvt,1070431078
alonsodvt,FatChecoD
alonsodvt,pipesawa
alonsodvt,MovieDrivel
alonsodvt,arturotay
alonsodvt,mmgarnica
alonsodvt,DevsxVidens
alonsodvt,ElJes
alonsodvt,dante243
alonsodvt,felipezvenegas
alonsodvt,imarealcritic
alonsodvt,g_munoz
alonsodvt,rgcg
alonsodvt,Danydelacruz
alonsodvt,davidgemelo
alonsodvt,Deidali
alonsodvt,Ant7
alonsodvt,Cachas
alonsodvt,soymele
alonsodvt,dietrichscigar
alonsodvt,Muchaserres
alonsodvt,erickortiz
alonsodvt,DahetCasram
alonsodvt,kinoliva
alonsodvt,jazminsc10
alonsodvt,Harleik
alonsodvt,WalterBlake
alonsodvt,Nefta
alonsodvt,drsonnyxx
alonsodvt,Olafisaac
alonsodvt,abbsmayer
alonsodvt,miroslavasr
alonsodvt,iasdelcanto
alonsodvt,Gerardo_tri
alonsodvt,juanpablo_mtz
alonsodvt,samEsc
alonsodvt,lefitzgerald
alonsodvt,ComandanteOso
alonsodvt,gonandr
alonsodvt,inkapax
alonsodvt,danibonk
alonsodvt,dantke
alonsodvt,Heisenberg_737
alonsodvt,h_ctor
alonsodvt,RaulS
alonsodvt,fernandosiller
alonsodvt,tecozautla
alonsodvt,Grecia_juarez
alonsodvt,Dianalaujim
alonsodvt,Ivan_bttst
alonsodvt,rubynyu
alonsodvt,vicpirrica
alonsodvt,beto_essa
alonsodvt,Danelpulpo
alonsodvt,diegoyaeel
alonsodvt,ivnar26
alonsodvt,CineparaBrutos
alonsodvt,alemn
alonsodvt,Amynavarro
alonsodvt,oscarrosado
alonsodvt,alberto_cl
alonsodvt,alvarez8640
alonsodvt,cinedondestamos
alonsodvt,Jiimm
alonsodvt,fernandomardom
alonsodvt,nakadai
alonsodvt,NanSLi
alonsodvt,Vasconcelos_G
alonsodvt,Omnis
alonsodvt,mrngl
alonsodvt,victorrrhb
alonsodvt,Circe_Giton
alonsodvt,koreplastik
alonsodvt,SebsVogel
alonsodvt,Hohenheimsan
alonsodvt,franmento
alonsodvt,rbaxxiii
alonsodvt,RicardoAngeles
alonsodvt,navarropl
alonsodvt,CharlesNobody
alonsodvt,SofiaPersona
alonsodvt,ximenavval
alonsodvt,UnicornFilming
alonsodvt,nadiabronte
alonsodvt,Expialadocious
alonsodvt,konsteza
alonsodvt,DanielaOlvera
alonsodvt,deckardyang
alonsodvt,alericocoppel
alonsodvt,diegoasiro
alonsodvt,_alberto
alonsodvt,maikk
alonsodvt,valentinf
alonsodvt,LuisAngelMora
alonsodvt,sebas10
alonsodvt,Pablsm
alonsodvt,ivanfariasc
alonsodvt,bulldoguero
alonsodvt,organictea
alonsodvt,Torcida
alonsodvt,BuddyChrist
alonsodvt,ValerieMaria
alonsodvt,Evergtb
alonsodvt,Daniel_Romero
alonsodvt,Daniel54
alonsodvt,Sadyonaraa
alonsodvt,danielaobr
alonsodvt,olvera
alonsodvt,Alex_Guax
alonsodvt,xFwxFwxFw
alonsodvt,bidetpate
alonsodvt,ossilubitsch
alonsodvt,airampina
alonsodvt,oqui01
alonsodvt,apeacefulguy
alonsodvt,Ricardo_Figue
alonsodvt,abnerbega
alonsodvt,pepeporcayo
alonsodvt,Karltroubles
alonsodvt,bryanangarita
alonsodvt,Rupertpup
alonsodvt,hohohohoho
alonsodvt,Irwing
alonsodvt,Pau_on
alonsodvt,isra12
alonsodvt,lindsay_turner
alonsodvt,JulietaSanguino
alonsodvt,Dayanna_Michel
alonsodvt,alonsodv
alonsodvt,Diegoberto
alonsodvt,yoidivichon
alonsodvt,daveedortega
alonsodvt,ramirezdany27
alonsodvt,martinsch555
alonsodvt,andress_molina
alonsodvt,agenis
alonsodvt,luisgaxcia
alonsodvt,PerroNeoleones
alonsodvt,lujanats
alonsodvt,Andyphonehommie
alonsodvt,quimm
alonsodvt,mlegna
alonsodvt,QuiqueZamanillo
alonsodvt,totoced
alonsodvt,Cineuforicos
alonsodvt,Cinesentido
alonsodvt,AgadorSpartacus
alonsodvt,Mundo7
alonsodvt,Albertglez
alonsodvt,Kvvn
alonsodvt,pamesalce
alonsodvt,AbraxasAeterna
alonsodvt,Liz_mp
alonsodvt,graciano_maria
alonsodvt,eddymen213
alonsodvt,Mat25
alonsodvt,rickyricardo971
alonsodvt,SolVeraniego
alonsodvt,auredo
alonsodvt,AitanaG
alonsodvt,Fer_Espana
alonsodvt,Pau_up
alonsodvt,Mirna_GM
alonsodvt,gerasbg
alonsodvt,gonmoc
alonsodvt,FerVillasana
alonsodvt,DianaGalan
alonsodvt,DanielFuentes
alonsodvt,Diego1421
alonsodvt,Ganimedes123
alonsodvt,philosopherouge
alonsodvt,santiagoago
alonsodvt,rafavillegas
alonsodvt,erickromaq
alonsodvt,Rodowatch
alonsodvt,MariBH
alonsodvt,mozqueda
alonsodvt,edgar_rodlo
alonsodvt,Oswaldo8816
alonsodvt,Efren0rlando
alonsodvt,mikerd2
alonsodvt,awildside
alonsodvt,HGuillermoGJ
alonsodvt,ffbnchtt
alonsodvt,itzelsacnite
alonsodvt,Julius_
alonsodvt,PabloIGuadarram
alonsodvt,Fantomasmex
alonsodvt,marktom
alonsodvt,LizSuastes
alonsodvt,gonzanullo
alonsodvt,Gene1
alonsodvt,samuelurbina
alonsodvt,johniixx
alonsodvt,alex714
alonsodvt,julianchis
alonsodvt,PpWood
alonsodvt,vanairam
alonsodvt,JRruisenor
alonsodvt,gabofr
alonsodvt,pvillarrealm
alonsodvt,shueko
alonsodvt,DanielDays
alonsodvt,playermax
alonsodvt,guillermb
alonsodvt,applepieh
alonsodvt,JavierQ
alonsodvt,PauRojas
alonsodvt,MarioTrujillo
alonsodvt,danielgdegomez
alonsodvt,Proggie329
alonsodvt,starboybebop
alonsodvt,jepthe
alonsodvt,aavilla
alonsodvt,JosephineGloria
alonsodvt,sant11
alonsodvt,CynthiaMarentes
alonsodvt,Alexandroda
alonsodvt,aka_rodrigo
alonsodvt,Chucky_Lozano
alonsodvt,JessMonk
alonsodvt,laotrasole
alonsodvt,Luis_Feregrino
alonsodvt,sebastia
alonsodvt,traurigkeits
alonsodvt,dianagfons
alonsodvt,Ferrnando
alonsodvt,maxeh
alonsodvt,EmiliaLP
alonsodvt,RodrigoSant
alonsodvt,minimanimu
alonsodvt,Repichas
alonsodvt,carlota13
alonsodvt,momonster94
alonsodvt,lauzuag
alonsodvt,SVAFNERD
alonsodvt,LawrenzDada
alonsodvt,bustiang
alonsodvt,YahirRiv
alonsodvt,mexikko
alonsodvt,ed9ar300
alonsodvt,Narratografo
alonsodvt,LoganJohnson
alonsodvt,Emir30
alonsodvt,Mariana24
alonsodvt,firalejo
alonsodvt,andreareyesc
alonsodvt,supercar207
alonsodvt,JorgeJasso16
alonsodvt,HugoSilvaO
alonsodvt,CristianGV
alonsodvt,Dennielle
alonsodvt,ElSantiB
alonsodvt,ralch2
alonsodvt,frankzega
alonsodvt,Antonio_Montoya
alonsodvt,RoyManzanilla
alonsodvt,GerardoEpz
alonsodvt,aordaz
alonsodvt,MaffSimon
alonsodvt,Gonzalos
alonsodvt,ArielRMZ
alonsodvt,JVera
alonsodvt,DajelyP
alonsodvt,fernandatovar
alonsodvt,hebenaomi
alonsodvt,MaheOr
alonsodvt,adrianmeejia
alonsodvt,anaperegrino
alonsodvt,AdrianaWa
alonsodvt,felissa
alonsodvt,daniel_medra
alonsodvt,daniel_othon
alonsodvt,apuntes_cine
alonsodvt,AleStardust
alonsodvt,FelipeOD
alonsodvt,oscardelatorre
alonsodvt,DenisseJ
alonsodvt,Izquierdope
alonsodvt,OctavioJaimes
alonsodvt,PineyroLautaro
alonsodvt,Juan_09
alonsodvt,JonathanMoriar
alonsodvt,ChocheVilleneuv
alonsodvt,adan_inc5
alonsodvt,OscarAV29
alonsodvt,Crisz
alonsodvt,mikeluri
alonsodvt,disturbebe
alonsodvt,XaviB
alonsodvt,horchatx
alonsodvt,1deTantosLuises
alonsodvt,LoreVO
alonsodvt,QuirklessDeku
alonsodvt,dvdperess
alonsodvt,pablozm
alonsodvt,howard097
alonsodvt,GersonFigue
alonsodvt,azoth
alonsodvt,israel7678
alonsodvt,Hectorog
alonsodvt,orate_iracundo
alonsodvt,sauloco
alonsodvt,momoz
alonsodvt,alvarg
alonsodvt,RaulSosaAlvarez
alonsodvt,Sergio_loman
alonsodvt,ErickC
alonsodvt,ximenatoscano
alonsodvt,fferkly
alonsodvt,ferespana
alonsodvt,maukuri
alonsodvt,Octopocalipsis
alonsodvt,sebasvc7
alonsodvt,bmo985
alonsodvt,Carlangonz
alonsodvt,PacoAmaro
alonsodvt,juanamita
alonsodvt,Ms_lumoreira
alonsodvt,IVM
alonsodvt,Tafer
alonsodvt,julioceraga
alonsodvt,chidrass
alonsodvt,WillNeot
alonsodvt,LuisArroyo
alonsodvt,Eldiabloenelojo
alonsodvt,carlos_21
alonsodvt,patriciahd
alonsodvt,XYM
alonsodvt,Moroni
alonsodvt,EliasHerrera
alonsodvt,DannyRvs
alonsodvt,AndresDerp
alonsodvt,BThunder
alonsodvt,cronicasdemotel
alonsodvt,visoso
alonsodvt,Scharlach
alonsodvt,anasilcantu
alonsodvt,axelmota
alonsodvt,lnrhp
alonsodvt,Many99
alonsodvt,Agentshark23
alonsodvt,antoniosvvi
alonsodvt,Den2TheLetter
alonsodvt,jaimegsa
alonsodvt,davperz
alonsodvt,cococteau
alonsodvt,mr_milk23
alonsodvt,Amaral
alonsodvt,AldoGallardo
alonsodvt,EdEsteban
alonsodvt,sergioaudelo
alonsodvt,mariomoreno
alonsodvt,alanherrera
alonsodvt,HerminioOrequi
alonsodvt,ErnestoMayoral
alonsodvt,Alelezama
alonsodvt,ErickArpeggi
alonsodvt,bernardog
alonsodvt,Boniesc
alonsodvt,MoisesZacSal
alonsodvt,Dylanosaurio
alonsodvt,RdrgBzldClv
alonsodvt,danieltresveces
alonsodvt,Leongrx
alonsodvt,LadyVendetta
alonsodvt,alancastroa
alonsodvt,alan864
alonsodvt,villagranah
alonsodvt,jlopez
alonsodvt,raul7orres
alonsodvt,soyuncadaver
alonsodvt,carlosasse
alonsodvt,BereViveros
alonsodvt,mauriciomedina
alonsodvt,Nosenose
alonsodvt,YairAG
alonsodvt,larissaolvera
alonsodvt,AlexCaracas
alonsodvt,Leonardo_B
alonsodvt,Dailyn14d
alonsodvt,cruzaldo197
alonsodvt,sistersolaris
alonsodvt,Madame_Blanche
alonsodvt,okrc
alonsodvt,gvstavo
alonsodvt,CIPato
alonsodvt,diegotrozzo
alonsodvt,BetodRM
alonsodvt,Cinefilomnivoro
alonsodvt,itzlol
alonsodvt,Zeared
alonsodvt,cesarhum917
alonsodvt,axolotin
alonsodvt,carlosjim
alonsodvt,juankhm
alonsodvt,ACLCH08
alonsodvt,montyocean
alonsodvt,Santiagom99225
alonsodvt,SergioRivera
alonsodvt,bebecitabebelin
alonsodvt,Yeight
alonsodvt,luisart99
alonsodvt,Abel_Avellaneda
alonsodvt,arelinarr
alonsodvt,Alexvm15
alonsodvt,cole_gordon
alonsodvt,Rene_Cano
alonsodvt,Miker_torres
alonsodvt,guillermolaguna
alonsodvt,javieraxolotl
alonsodvt,veronicayalas
alonsodvt,gabromerid
alonsodvt,diegosamjc
alonsodvt,BereM
alonsodvt,carcasz
alonsodvt,mikaroscope
alonsodvt,AndresGarza
alonsodvt,MarialeBernedo
alonsodvt,sebagallera
alonsodvt,jauregui_di
alonsodvt,beemsoe
alonsodvt,rudalemos
alonsodvt,victorialinares
alonsodvt,eljovendario
alonsodvt,amechsner89
alonsodvt,AlexPC
alonsodvt,joaquinbr
alonsodvt,Maurio
alonsodvt,dattoli
alonsodvt,sracruz
alonsodvt,percival_am
alonsodvt,Monterrubio
alonsodvt,nube_pixelada
alonsodvt,samuel_lagunas
alonsodvt,joaquinurrutia
alonsodvt,freeztate
alonsodvt,Ennigma
alonsodvt,carocrv
alonsodvt,javoavo
alonsodvt,Nikco
alonsodvt,Kary_Grey
alonsodvt,eldany95
alonsodvt,IsaacRC
alonsodvt,estevandomz
alonsodvt,danilez
alonsodvt,ammatista
alonsodvt,alomir
alonsodvt,Vijuck
alonsodvt,RhodasJr
alonsodvt,horseinthesky
alonsodvt,georgeg20
alonsodvt,MaximErkin
alonsodvt,jgorton22
alonsodvt,Ka_alfaroj
alonsodvt,miguelsanchezp
alonsodvt,Itzl
alonsodvt,suttercain
alonsodvt,CJFilm
alonsodvt,Pyrobroschi
alonsodvt,anuargonzalezz
alonsodvt,PacoG
alonsodvt,elbernal
alonsodvt,jimejarcia
alonsodvt,Luis1290
alonsodvt,rodri_duarte
alonsodvt,lorenzoandresmx
alonsodvt,valeocap
alonsodvt,Daniel_Torres
alonsodvt,pabloherrera
alonsodvt,zach_nabors
alonsodvt,lpleyvs
alonsodvt,efuzii
alonsodvt,Argaiz
alonsodvt,samgutlov
alonsodvt,pauloffline
alonsodvt,rivakun
alonsodvt,Altairhhh
alonsodvt,NiTanCholo
alonsodvt,MetrOctopus
alonsodvt,HatiAg
alonsodvt,ateneam
alonsodvt,ValValencia
alonsodvt,jlrangel
alonsodvt,erreace
alonsodvt,javopintor
alonsodvt,EdAngls
alonsodvt,JuanMa_Carrera
alonsodvt,Memaa
alonsodvt,crisanto
alonsodvt,Randres
alonsodvt,gmartineza
alonsodvt,sofindie
alonsodvt,AnaPatVentura
alonsodvt,goomez
alonsodvt,Alonsuro
alonsodvt,NuevoCineArg
alonsodvt,carlatka
alonsodvt,MrErickson
alonsodvt,cmarianom
alonsodvt,aileriot
alonsodvt,Josh12
alonsodvt,Jibs
alonsodvt,martha_i
alonsodvt,AriRamo
alonsodvt,tasiturna
alonsodvt,MirosPena
alonsodvt,anjeferu
alonsodvt,becomingsam
alonsodvt,inopiazan
alonsodvt,SergiOrtiz99
alonsodvt,ferdigz
alonsodvt,LaloCastilla
alonsodvt,Alanibsan
alonsodvt,izimaiden
alonsodvt,ilimonnomili
alonsodvt,diegofilms
alonsodvt,JaredSalero
alonsodvt,Rooy
alonsodvt,chofischois
alonsodvt,emmjemez
alonsodvt,armandogugarza
alonsodvt,BrendaNo2
alonsodvt,SundanceP
alonsodvt,Sheev
alonsodvt,rocket_brother
alonsodvt,MartinMasri
alonsodvt,EduardoPalenqu
alonsodvt,CharlyDNL
alonsodvt,ItzelNoguez
alonsodvt,oscarandrew99
alonsodvt,DanySalsas
alonsodvt,ElHuitzo
alonsodvt,mario_sunjc
alonsodvt,andruk
alonsodvt,donjaime
alonsodvt,Paolanaomi
alonsodvt,rotciv7
alonsodvt,ruizenor
alonsodvt,macazagabassan
alonsodvt,Tristann
alonsodvt,emilioesteva
alonsodvt,CesarisHome
alonsodvt,jcalvills
alonsodvt,Deme0612
alonsodvt,laanasofia
alonsodvt,Betogv
alonsodvt,Zelode
alonsodvt,edifish
alonsodvt,emilio_gce
alonsodvt,RocasMb
alonsodvt,marettt
alonsodvt,SraMuchacha
alonsodvt,3amer_Ahmed
alonsodvt,RGN2093
alonsodvt,alg2093
alonsodvt,AloValenzuela
alonsodvt,Victoriano_
alonsodvt,PatrickVertiz
alonsodvt,Champz15
alonsodvt,veganbandolero
alonsodvt,sofi_maya
alonsodvt,t_carbajal
alonsodvt,PedroZenteno
alonsodvt,artjuarez
alonsodvt,fridapicazo
alonsodvt,MikeST7
alonsodvt,eduaaardo
alonsodvt,Carlosuriasa
alonsodvt,Sant492
alonsodvt,Fotogenia
alonsodvt,Emirpalomo
alonsodvt,Victordgzp
alonsodvt,gatoguchi
alonsodvt,DesdeElBosque
alonsodvt,AndreaCarro
alonsodvt,raginwriter
alonsodvt,sharpobj
alonsodvt,LinaVazquez
alonsodvt,edylopez
alonsodvt,Orlak
alonsodvt,fofo19
alonsodvt,unicronloev
alonsodvt,monikarevilla
alonsodvt,kphisch
alonsodvt,ErnVig
alonsodvt,Manolus
alonsodvt,imyae
alonsodvt,LuisABelmares
alonsodvt,ZeroExl
alonsodvt,rodrigocaris
alonsodvt,PrimerCiego
alonsodvt,pipimolina
alonsodvt,_francine_
alonsodvt,Cesarbanda
alonsodvt,JaimeUrquiza
alonsodvt,dannosaurio
alonsodvt,vaniacosyleon
alonsodvt,isalaanguila
alonsodvt,jomisari7
alonsodvt,NeoBhatia
alonsodvt,RobertoLodom
alonsodvt,mikemonito
alonsodvt,TaniaM
alonsodvt,ClarkQueta
alonsodvt,adolfonj
alonsodvt,Sallyoroz
alonsodvt,Faraone
alonsodvt,vickolo
alonsodvt,RLabradaVH
alonsodvt,Megamemo
alonsodvt,annagrajales
alonsodvt,maurikatz
alonsodvt,alerain
alonsodvt,EmilianoEstrada
alonsodvt,miguelfilm
alonsodvt,yidiridu
alonsodvt,Badwitch
alonsodvt,Miguelmigraines
alonsodvt,igortxu
alonsodvt,99adrianr
alonsodvt,chrisahuerta
alonsodvt,ItzelCoca
alonsodvt,arahiddleston
alonsodvt,pavelenlatierra
alonsodvt,Fergie139
alonsodvt,elgolocine
alonsodvt,FabSantiago
alonsodvt,el_derah
alonsodvt,licuada
alonsodvt,PauloE
alonsodvt,calacasuelta
alonsodvt,FaustoCis
alonsodvt,alicecc7
alonsodvt,marcoherrera
alonsodvt,316
alonsodvt,EmilioSantoyo
alonsodvt,Mckip
alonsodvt,Marrrr
alonsodvt,Downsisyphus
alonsodvt,lbbb
alonsodvt,jcgalindof
alonsodvt,_ed1
alonsodvt,danielo3099
alonsodvt,Jeros
alonsodvt,JCpalomino
alonsodvt,pranta
alonsodvt,terry_ny
alonsodvt,lbritom
alonsodvt,shandorb
alonsodvt,cesargalicia
alonsodvt,RodrigoJ
alonsodvt,elrrrich
alonsodvt,aprilfools
alonsodvt,yair_am
alonsodvt,raul49ra
alonsodvt,marcohdez
alonsodvt,VictorSantillan
alonsodvt,Barry40
alonsodvt,Selenioz_
alonsodvt,mgg325
alonsodvt,turnthebells
alonsodvt,RealBab
alonsodvt,Rivango
alonsodvt,xany
alonsodvt,beautyofcinema
alonsodvt,naomisame
alonsodvt,adrianxxrod
alonsodvt,FuentesLobo
alonsodvt,OhtoCritico98
alonsodvt,Velis
alonsodvt,ladra
alonsodvt,bezaleel31
alonsodvt,anakinmore07
alonsodvt,diegovazr
alonsodvt,yugolare
alonsodvt,eduardogvaz
alonsodvt,Nadroj21
alonsodvt,AsphaltReviewer
alonsodvt,GiordanoChala
alonsodvt,luisr179
alonsodvt,CrucioenLlamas
alonsodvt,IsaacEzban
alonsodvt,ixchel_abril
alonsodvt,Tato_Ruiz
alonsodvt,Estef_cervantes
alonsodvt,JoanTDO
alonsodvt,Sally_Green
alonsodvt,armandomorellon
alonsodvt,Conchobarre
alonsodvt,Ozzramozz
alonsodvt,Eli_jaume
alonsodvt,EdoMedina
alonsodvt,somecallmedanny
alonsodvt,lukerobertson95
alonsodvt,_poo_
alonsodvt,InakiMori
alonsodvt,thischarminman
alonsodvt,joelgu
alonsodvt,AlanDao
alonsodvt,andres96tejeiro
alonsodvt,preisser
alonsodvt,anasofia_sa
alonsodvt,gpsergio
alonsodvt,jluis_955
alonsodvt,jimmgarr
alonsodvt,manuelcastrov
alonsodvt,marinomn
alonsodvt,Johnnyjse
alonsodvt,luisdecoss
alonsodvt,lolameneses
alonsodvt,saavedraclaus
alonsodvt,nuriblot
alonsodvt,_pachec
alonsodvt,Joaquinlef
alonsodvt,nenufar
alonsodvt,Joakino_Colinas
alonsodvt,dairy_kiing
alonsodvt,k_ferios
alonsodvt,rubenqk
alonsodvt,Cheve
alonsodvt,MGAP
alonsodvt,santiago_rmtz
alonsodvt,gino0oneto
alonsodvt,pampolaroid
alonsodvt,RogerCres96Bar
alonsodvt,edu_luis
alonsodvt,eric_meza_
alonsodvt,zombieseb
alonsodvt,Andbouquet
alonsodvt,gusangeles
alonsodvt,itsdani
alonsodvt,MarcosJay
alonsodvt,salvadoramores
alonsodvt,Nest
alonsodvt,FantasticMrMax
alonsodvt,JavierNeri
alonsodvt,luisrgz
alonsodvt,ColinLuis
alonsodvt,gutitarka
alonsodvt,lalo_ortega
alonsodvt,Michh
alonsodvt,adrianakong
alonsodvt,smbf123
alonsodvt,jancp
alonsodvt,JerichoIsai
alonsodvt,ayala1788
alonsodvt,Gracebud
alonsodvt,renton27
alonsodvt,Agrian
alonsodvt,monsenormike
alonsodvt,Yaelo
alonsodvt,RbkGrafia
alonsodvt,albertouch
alonsodvt,palominos
alonsodvt,ser_gurrola
alonsodvt,VictorCahero
alonsodvt,DanielleLupin
alonsodvt,maarianaolmos
alonsodvt,Dolorous_Max
alonsodvt,manolocarhoe
alonsodvt,ArmandoLeal
alonsodvt,guerrero_70
alonsodvt,DanCampos
alonsodvt,RochaPedraza
alonsodvt,Sixtos94
alonsodvt,animaldoctor
alonsodvt,ChochilQ
alonsodvt,Portalino
alonsodvt,shonenbatto
alonsodvt,jorgepasco1
alonsodvt,74nuk1
alonsodvt,LuisAndreLT
alonsodvt,rumc82bo
alonsodvt,A_Karerina
alonsodvt,Manuelsen
alonsodvt,josepablo32
alonsodvt,DorotheaBr
alonsodvt,Ochoa
alonsodvt,Deryckll
alonsodvt,Israel_aroche
alonsodvt,mlpv86
alonsodvt,hDriver
alonsodvt,MirkoLC
alonsodvt,mk1993
alonsodvt,sabassbo
alonsodvt,cucucartier
alonsodvt,ilianaconi
alonsodvt,Jotze24
alonsodvt,Haske14
alonsodvt,FelipeRios
alonsodvt,udoredoframe
alonsodvt,aztequense
alonsodvt,Yosh_Kiddo
alonsodvt,NoirDarkStar
alonsodvt,JoseM98
alonsodvt,onhumies
alonsodvt,infinitapinchos
alonsodvt,Juanacm
alonsodvt,arturgranados
alonsodvt,antoniomirandai
alonsodvt,MiguelGB
alonsodvt,juanmoreno49
alonsodvt,Sharely
alonsodvt,morgenruff
alonsodvt,carlosepl20
alonsodvt,Jools8
alonsodvt,eralvy
alonsodvt,enriquefa86
alonsodvt,DanyCancino
alonsodvt,Luisangel91
alonsodvt,rubvc
alonsodvt,bluepenguin
alonsodvt,Mumoo
alonsodvt,lucerosvz
alonsodvt,TaielG
alonsodvt,Uri164
alonsodvt,Jed_Elias
alonsodvt,Rivalesq
alonsodvt,Hrauda
alonsodvt,Zerachiel
alonsodvt,cracevedob
alonsodvt,lucianohernan
alonsodvt,azulartx
alonsodvt,michelangelovq
alonsodvt,AxlFI
alonsodvt,planofrontal
alonsodvt,Gonzalo_R
alonsodvt,EmiNR
alonsodvt,Atuc
alonsodvt,enriquevazquez_
alonsodvt,Mishaelito
alonsodvt,IamEstebanMejia
alonsodvt,soto_alvizo
alonsodvt,Dieguez
alonsodvt,adygogonzalez
alonsodvt,alvaroarlo
alonsodvt,GioTheKnight
alonsodvt,Rosbori
alonsodvt,fertchervu
alonsodvt,capitangato
alonsodvt,carlosbenjamin
alonsodvt,Anzuelo
alonsodvt,roberttrejo
alonsodvt,Lazafussant
alonsodvt,natefisher76
alonsodvt,claudiowest
alonsodvt,IsraOlivares
alonsodvt,KareG6
alonsodvt,EverA
alonsodvt,rome8
alonsodvt,malefius
alonsodvt,LokiAldebaran
alonsodvt,Quique
alonsodvt,segun_joselo
alonsodvt,thisissergio
alonsodvt,TakisChampion
alonsodvt,patosol
alonsodvt,JuradoSebas
alonsodvt,Rulalc
alonsodvt,Marc0Gam3r
alonsodvt,arielperelmute
alonsodvt,pauvrepierrot
alonsodvt,kiondax
alonsodvt,ReynaLeynez
alonsodvt,Filmadores
alonsodvt,ErnestoCZ
alonsodvt,wil_oxte
alonsodvt,MrMajorTom
alonsodvt,miksang
alonsodvt,trevorcold
alonsodvt,marianne00
alonsodvt,cletifero
alonsodvt,christo1
alonsodvt,JamieMorren
alonsodvt,Pat_Bateman
alonsodvt,AlejandroVargaz
alonsodvt,CesarVasquez
alonsodvt,Nague
alonsodvt,Charliehebi
alonsodvt,JavierEspinoza
alonsodvt,tio_amazon
alonsodvt,DanielCameras
alonsodvt,renegsan
alonsodvt,MrMogollus
alonsodvt,FilmUnderdog
alonsodvt,AlanBetanzos
alonsodvt,simental
alonsodvt,Alejandro_S_S
alonsodvt,JorgeRojas
alonsodvt,TheRartes
alonsodvt,lf_macias
alonsodvt,Eduardo97
alonsodvt,MikeGO27
alonsodvt,SolitaryParade
alonsodvt,GuillermoJG
alonsodvt,davfranco
alonsodvt,carrahu
alonsodvt,Edgarlpz
alonsodvt,NihadMarwan
alonsodvt,M0608
alonsodvt,mattmiller45
alonsodvt,oldboy123
alonsodvt,Moga
alonsodvt,311PERCENT
alonsodvt,DarthLiMuBai
alonsodvt,jafrias26
alonsodvt,azwan124
alonsodvt,cdcarlos_
alonsodvt,pppppppa
alonsodvt,Estefi_Op
alonsodvt,oscarphai
alonsodvt,Noemi94
alonsodvt,osmare31
alonsodvt,markobreak
alonsodvt,nicomauricio
alonsodvt,aragoneses
alonsodvt,antonellaad
alonsodvt,eloisalopez
alonsodvt,antcrugar
alonsodvt,elverijudo
alonsodvt,JurgenUrena
alonsodvt,Manuelceronte
alonsodvt,LucianoCDL
alonsodvt,angelgarcim
alonsodvt,carlotamosegui
alonsodvt,karlabal
alonsodvt,Witchy
alonsodvt,Lispectore
alonsodvt,excreto
alonsodvt,rominatoc
alonsodvt,DrCinema
alonsodvt,hilaryz
alonsodvt,RodrigoGP
alonsodvt,CristalAguilar
alonsodvt,AlonsoAguilar
alonsodvt,rodrigogaray
alonsodvt,RomanRangel
alonsodvt,LaloSosa
alonsodvt,Saraa_
alonsodvt,Merakoe
alonsodvt,missymartinez
alonsodvt,Marcurita
alonsodvt,JJNC099
alonsodvt,estersun
alonsodvt,versalisima
alonsodvt,ca_ssius
alonsodvt,jose_cilantro
alonsodvt,Alexhdez
alonsodvt,alvmb
alonsodvt,axelbello
alonsodvt,hoynopablo
alonsodvt,Sunem
alonsodvt,rodrigodg
alonsodvt,fstqt
alonsodvt,dafnethais
alonsodvt,FaridEvGtz
alonsodvt,Rabago
alonsodvt,YossaGuz
alonsodvt,MarioAlvarez
alonsodvt,Txarles
alonsodvt,vallejojo
alonsodvt,Aragonzal
alonsodvt,adifferentsmile
alonsodvt,Patricio_GA
alonsodvt,trebison
alonsodvt,jmikenm
alonsodvt,MarcusCastaneda
alonsodvt,roro87
alonsodvt,tidedsued
alonsodvt,anafta
alonsodvt,josedluffy1997
alonsodvt,EdgarAllanys
alonsodvt,Julio
alonsodvt,unwholio
alonsodvt,jorgesistos
alonsodvt,ernestoavaca
alonsodvt,dptdav
alonsodvt,mabsalinas
alonsodvt,MayCerdis
alonsodvt,Vegto389
alonsodvt,hanry1998
alonsodvt,khiran
alonsodvt,zaratestra
alonsodvt,Paco_ml
alonsodvt,Rodrigoinverso
alonsodvt,LeticiaArrazola
alonsodvt,aaronsky21
alonsodvt,andretf
alonsodvt,Yoguez
alonsodvt,3ww7
alonsodvt,emya
alonsodvt,mascineporfavor
alonsodvt,AngelCinema
alonsodvt,aboutmonsters
alonsodvt,JorgeZ
alonsodvt,danigcjrz
alonsodvt,alaang
alonsodvt,mith_hernandez
alonsodvt,AlexRodz
alonsodvt,dianelatv
alonsodvt,Daniel_Moriarti
alonsodvt,Occhiolism
alonsodvt,arturhd
alonsodvt,Lovaq
alonsodvt,calexico_ramire
alonsodvt,johnfisherman
alonsodvt,rigoayala
alonsodvt,Sackperson
alonsodvt,Martinjuliov
alonsodvt,inon
alonsodvt,juesmc
alonsodvt,iamfercs
alonsodvt,jimenarlg
alonsodvt,andrearendon_
alonsodvt,LagunaMariana
alonsodvt,llamil_mena
alonsodvt,Javier_Cordero
alonsodvt,Vieuxcapitaine
alonsodvt,orlandoserrano
alonsodvt,maferfab17
alonsodvt,dlerer
alonsodvt,sukiya
xzetaprobe,saintless_
xzetaprobe,zapatoconbarro
xzetaprobe,IsaacPamPam
xzetaprobe,arbulinho
xzetaprobe,ShockCitrus
xzetaprobe,Tasabbir
xzetaprobe,lefitzgerald
xzetaprobe,Ahmad5656
xzetaprobe,umbralez
xzetaprobe,kurtzmagazine
xzetaprobe,tomcottey
xzetaprobe,uaxyy
xzetaprobe,chicocorchea
xzetaprobe,jjaassrr
xzetaprobe,Aliyja
xzetaprobe,luxinvariant
xzetaprobe,mairymohcnac
xzetaprobe,M0joJoj0
xzetaprobe,planxty
xzetaprobe,toingaf
xzetaprobe,hongos_cosmicos
xzetaprobe,Pauixitador
xzetaprobe,poderyempresas
xzetaprobe,JosephineGloria
xzetaprobe,vkxe25
xzetaprobe,unkunk
xzetaprobe,girlymagicalboy
xzetaprobe,john_dodge
xzetaprobe,ajiacoo
xzetaprobe,danteminor
xzetaprobe,MaromeroPaez
xzetaprobe,ein_f
xzetaprobe,alonsodvt
xzetaprobe,humanmetro
xzetaprobe,aaisarcigs
xzetaprobe,riosminor
xzetaprobe,metalhorse
xzetaprobe,kusa_nagi
xzetaprobe,C_Hochhaeusler
xzetaprobe,Kodoku_sho
xzetaprobe,SiyavashBelmont
xzetaprobe,trafff
xzetaprobe,Jcuevaeliz
xzetaprobe,clairdeterre
xzetaprobe,octoberrookie
xzetaprobe,InfiniteFlicker
xzetaprobe,el_guero_
xzetaprobe,jal90
xzetaprobe,arevsirius
xzetaprobe,DarckRevan
xzetaprobe,perrike
xzetaprobe,MaheshMidgeri
xzetaprobe,ElPelifomano
xzetaprobe,Shahranwski
xzetaprobe,AshKarr
xzetaprobe,batsebas
xzetaprobe,ElPejesapo
xzetaprobe,Artheleme
xzetaprobe,laylafterglow
xzetaprobe,sacmersault
xzetaprobe,ecovega_
xzetaprobe,jason99x
xzetaprobe,ghstl__
xzetaprobe,crustpunk
xzetaprobe,justsade
xzetaprobe,Tunturipollo
xzetaprobe,JesseJalonen
xzetaprobe,afterrequiem
xzetaprobe,marknyc
xzetaprobe,MadeInHongKong
xzetaprobe,cescuderom
xzetaprobe,amybluecoast
xzetaprobe,victormelenedez
xzetaprobe,Silverlight
xzetaprobe,Conman5748
xzetaprobe,Tryptamine
xzetaprobe,gloriosoucm
xzetaprobe,AmilcarBoetto
xzetaprobe,fedeberg
xzetaprobe,myra77
xzetaprobe,nikofco
xzetaprobe,maggieweee
xzetaprobe,EduardoEmmanuel
xzetaprobe,dogstarfran
xzetaprobe,MartialCantarel
xzetaprobe,glumdalclitch
xzetaprobe,regularaugust
xzetaprobe,parraviccini
xzetaprobe,AlaskaF8
xzetaprobe,dorribo
xzetaprobe,barrosss
xzetaprobe,jckkz
xzetaprobe,rhiz
xzetaprobe,jross
xzetaprobe,vincentniek
xzetaprobe,shovelt
xzetaprobe,mrzkva
xzetaprobe,TheChowKing
xzetaprobe,muscariaaa
xzetaprobe,Angryangie17
xzetaprobe,Mara_rabinara
xzetaprobe,LuisDaSilvz
xzetaprobe,gabigabigabi2
xzetaprobe,sam_prince
xzetaprobe,stuntgirl88
xzetaprobe,maracharliee
xzetaprobe,godleemarvin
xzetaprobe,dearlyriya
xzetaprobe,Alonsomadronal
xzetaprobe,Bugorski
xzetaprobe,fixedstars
xzetaprobe,EmilianoA2004
xzetaprobe,elifiyuv
xzetaprobe,filmfiga
xzetaprobe,deeterjeet
xzetaprobe,lostnoctua
xzetaprobe,alomir
xzetaprobe,defkorr
xzetaprobe,brendalombaldo
xzetaprobe,MarcBallesteros
xzetaprobe,liivws
xzetaprobe,tarashea
xzetaprobe,Hatethemorning
xzetaprobe,metalera_lesbi
xzetaprobe,NotteAnsia
xzetaprobe,marianoviza
xzetaprobe,Leosr
xzetaprobe,materialghost
xzetaprobe,notgonnahappen
xzetaprobe,mxngeclous
xzetaprobe,Luchadius
xzetaprobe,simulacromag
xzetaprobe,ER28_0652_09_86
xzetaprobe,MadalaFR
xzetaprobe,Roveroni
xzetaprobe,Ricoalchimim
xzetaprobe,cinefils
xzetaprobe,Not_JLAparicio
xzetaprobe,outskirtsmag
xzetaprobe,mathth
xzetaprobe,bichoazul
xzetaprobe,matmlo
xzetaprobe,caoscinefilo
xzetaprobe,nilleta4ever
xzetaprobe,maarrrtin
xzetaprobe,sirenaneptuno
xzetaprobe,marctorres
xzetaprobe,topfilmtuiter
xzetaprobe,kbrinkmann
xzetaprobe,MOTARA
xzetaprobe,gatite
xzetaprobe,alvarobx
xzetaprobe,arturocg93
xzetaprobe,gonzalosoto
xzetaprobe,acalizb
xzetaprobe,MathiasAndersen
xzetaprobe,Ruben0
xzetaprobe,rarefilmsguy
xzetaprobe,MiguelAngel1
xzetaprobe,franbell1316
xzetaprobe,omarobles00
xzetaprobe,DavidManque
xzetaprobe,corduroygos
xzetaprobe,Nellydesu
xzetaprobe,KnotTheory
xzetaprobe,willowtree03
xzetaprobe,Winnd
xzetaprobe,jujeune
xzetaprobe,berefleur
xzetaprobe,le_garra
xzetaprobe,Cinema2puntocer
xzetaprobe,vasilias
xzetaprobe,SetsukosTears
xzetaprobe,LarrySoj
xzetaprobe,sm_oak_er
xzetaprobe,PavoPavete
xzetaprobe,Joanacarreira
xzetaprobe,r0ktim
xzetaprobe,ecuadoriangray
xzetaprobe,capfly
xzetaprobe,witold84
xzetaprobe,raul8pm
xzetaprobe,nocturnalroads
xzetaprobe,rachelbenittez
xzetaprobe,Marcos_M_Rom
xzetaprobe,busquince
xzetaprobe,fractal211
xzetaprobe,ari_be
xzetaprobe,ZofiaHumaj
xzetaprobe,JCGavancho
xzetaprobe,bomarmalady
xzetaprobe,Santiag0o
xzetaprobe,Kai_CKul
xzetaprobe,dogeyeboy
xzetaprobe,Maverick2005
xzetaprobe,danbrowne
xzetaprobe,jangantanya
xzetaprobe,flunkygohard
xzetaprobe,saliettiwestern
xzetaprobe,Nelson_75
xzetaprobe,gonrod
xzetaprobe,Carlosgtf21
xzetaprobe,JigDor
xzetaprobe,kasrakarbasi
xzetaprobe,Rooy
xzetaprobe,Flamenquines
xzetaprobe,AdryaNFL
xzetaprobe,Ariadna_Islas
xzetaprobe,Tatiana_Gamarra
xzetaprobe,kaspar_h
xzetaprobe,Ramona_A_Stone
xzetaprobe,ccnconnell
xzetaprobe,iakidesantos
xzetaprobe,migueldomng
xzetaprobe,roygebive
xzetaprobe,JoseluVS
xzetaprobe,gorkalonso1
xzetaprobe,Batty
xzetaprobe,Bardamu2024
xzetaprobe,diarrheadump
xzetaprobe,Monstro
xzetaprobe,djekki
xzetaprobe,corvus_pictor
xzetaprobe,IrregularNihil
xzetaprobe,tabledogwater
xzetaprobe,Txarito
xzetaprobe,cinamanda
xzetaprobe,Guille11x
xzetaprobe,ramses_luna
xzetaprobe,daidouji
xzetaprobe,_dool
xzetaprobe,EfectoDelia
xzetaprobe,whalenschmalen
xzetaprobe,Ivan_Suarez
xzetaprobe,segun_joselo
xzetaprobe,garciaypico
xzetaprobe,RamiroMatas
xzetaprobe,mozqueda
xzetaprobe,Alejandropolus
xzetaprobe,mariataliachoy
xzetaprobe,vics75
xzetaprobe,munshun
xzetaprobe,ahmed155
xzetaprobe,stephenbroomer
xzetaprobe,thainamaria
xzetaprobe,AilinPaul
xzetaprobe,gmartineza
xzetaprobe,lanamtotriste
xzetaprobe,Diegoceprez
xzetaprobe,ciotog1
xzetaprobe,EdvardCes
xzetaprobe,paloma55
xzetaprobe,fridalin
xzetaprobe,Benjisamazing
xzetaprobe,n11aa
xzetaprobe,alexa405
xzetaprobe,Aramx
xzetaprobe,KAGO006
xzetaprobe,Mc5
xzetaprobe,nickklxxa
xzetaprobe,JordanMc22
xzetaprobe,DelaineyRae
xzetaprobe,francomos
xzetaprobe,ariasterfilm
xzetaprobe,CriticalLemon97
xzetaprobe,ZarkiZ
xzetaprobe,movies46078
xzetaprobe,httpnigel
xzetaprobe,directedbyphia
xzetaprobe,alicecc7
xzetaprobe,antolinprieto
xzetaprobe,whozivxn
xzetaprobe,locloco
xzetaprobe,gokuln
xzetaprobe,jixsaa
xzetaprobe,josephhagan75
xzetaprobe,augustkeller
xzetaprobe,BrunoStarring
xzetaprobe,egdolphin
xzetaprobe,jillian_ruz
xzetaprobe,aindanao
xzetaprobe,ChivasLad
xzetaprobe,mads88
xzetaprobe,acuevas
xzetaprobe,amirss96
xzetaprobe,JSP9
xzetaprobe,L3checondensada
xzetaprobe,carlatka
xzetaprobe,littlebirdliv
xzetaprobe,RCParrode
xzetaprobe,GreenArrow777
xzetaprobe,cadurmoura
xzetaprobe,valmoz
xzetaprobe,felipezvenegas
xzetaprobe,bott89
xzetaprobe,Antonio92
xzetaprobe,Anyeuh
xzetaprobe,Fery
xzetaprobe,Sheybert
xzetaprobe,Melocotonazo11
xzetaprobe,gomadeborrar_
xzetaprobe,Filipe_Furtado
xzetaprobe,fuzilfalcao
xzetaprobe,dianelatv
xzetaprobe,ngastuloladines
Mat25,TeresaVG
Mat25,gorkalonso1
Mat25,bogartiano
Mat25,viejoven
Mat25,ErisMar
Mat25,enriquevazquez_
Mat25,Yipurple
Mat25,ajMoviesfilm
Mat25,l_jobico
Mat25,LibrodePiedra
Mat25,sariafangirl
Mat25,HazeEstebanUt03
Mat25,tessliciouss
Mat25,bayram_tr
Mat25,ElPelifomano
Mat25,soyuncadaver
Mat25,DanCampos
Mat25,ranaquevepelis
Mat25,nocells
Mat25,topfilmtuiter
Mat25,jjm_24
Mat25,Ness011
Mat25,oscardelatorre
Mat25,WrikiKamen
Mat25,danvelina
Mat25,carlitoshalcon
Mat25,Ninotchka
Mat25,dazedgirls
Mat25,biguy
Mat25,Tetectiva
Mat25,aboutmonsters
Mat25,alejandro_guzbr
Mat25,anjeferu
Mat25,Deme0612
Mat25,JustinKOEv
Mat25,Ivan_Mapi118
Mat25,angel0__0
Mat25,hmok
Mat25,Alan_Sawyer
Mat25,esquiliano
Mat25,KarimAleixandre
Mat25,amarillomedio
Mat25,ringuyd
Mat25,Anto_17
Mat25,nqsl
Mat25,reginita
Mat25,molofino
Mat25,vivafantasma_
Mat25,jpdelaluna
Mat25,sheymuss
Mat25,luisadcg01
Mat25,sofistipop
Mat25,ecovega_
Mat25,Solark
Mat25,LoteriaLucas
Mat25,ItzcoatlEmma
Mat25,woahfilm
Mat25,edgarpaz
Mat25,emilianelag
Mat25,luisisyellow
Mat25,en__passant___
Mat25,emmvillajuana
Mat25,pueblitopue
Mat25,akalopsia
Mat25,CharlieMxz
Mat25,Fer_Orsant
Mat25,israel1916
Mat25,mannahatta
Mat25,olverann
Mat25,love_1
Mat25,caaarmensita
Mat25,Pery
Mat25,Ivanarcl
Mat25,BrumaSiliente
Mat25,Ju_cosmosxy
Mat25,KiqueMark
Mat25,gerasbg
Mat25,joseangel_gd
Mat25,filmmanic
Mat25,johnpach
Mat25,Nada_Nada
Mat25,JavierZxs
Mat25,batsebas
Mat25,alonsoarruti
Mat25,farfetchdfag
Mat25,tdk_jav
Mat25,cine_mexicano
Mat25,_armenta
Mat25,leiloqui
Mat25,jirjir676
Mat25,angelmeta
Mat25,ArmandoCvz
Mat25,Malex0117
Mat25,Nievesdiartemis
Mat25,camillabaier
Mat25,FabSantiago
Mat25,Janny_Lecter
Mat25,olivermayorga
Mat25,Vilocalli
Mat25,FaridEvGtz
Mat25,Witchy
Mat25,Diegui45
Mat25,diavloazul
Mat25,flowercrowsykes
Mat25,unwholio
Mat25,knggraham
Mat25,Tepep
Mat25,aguijon
Mat25,estoesgallo
Mat25,andss
Mat25,Chuchin_MVD
Mat25,Leo73
Mat25,nymphaeum
Mat25,frenando450
Mat25,Spotmeter
Mat25,Sheev
Mat25,Maytebela
Mat25,serdelejanias
Mat25,QuirklessDeku
Mat25,emiemuemo
Mat25,Emi_Kun
Mat25,camilacrz26
Mat25,Prieto_boy_2000
Mat25,valepalma_
Mat25,HolyBittchy
Mat25,AlfredoWalls
Mat25,thisanivan
Mat25,jafrias26
Mat25,Ramon_bernal
Mat25,marstormhiccup
Mat25,MarioJuarezM
Mat25,yusely
Mat25,eduardoag
Mat25,Jorge_arga_
Mat25,Ale_MC
Mat25,ecovegac
Mat25,romaakerman
Mat25,gabrielamez
Mat25,Makekko
Mat25,loungeymartinis
Mat25,Mor_Valery
Mat25,MiltonVC
Mat25,SergioORSA
Mat25,0000samu
Mat25,RodRosas
Mat25,LuisG1982
Mat25,dannnn21
Mat25,akiwiwa
Mat25,qvovadis
Mat25,geseru
Mat25,calexico_ramire
Mat25,alicecc7
Mat25,JFranciscoGG
Mat25,mattmiller45
Mat25,kkcio4
Mat25,SatyMauGP
Mat25,xyron
Mat25,CacaEmpanizada
Mat25,johnburrows
Mat25,_fujur
Mat25,marcoaguilar
Mat25,KarenMacho
Mat25,maagdusia
Mat25,soldado_503
Mat25,malefius
Mat25,rodri_duarte
Mat25,alvareztostado
Mat25,Occhiolism
Mat25,Repichas
Mat25,shrlck221
Mat25,andresmbtz
Mat25,herread
Mat25,smalltownboy96
Mat25,eduardovallesg
Mat25,Hugogc
Mat25,FatChecoD
Mat25,Zalifornia
Mat25,David9
Mat25,RaulS
Mat25,MBorgo
Mat25,AT0
Mat25,Freder
Mat25,anton191204
Mat25,Andreavhb
Mat25,gmartineza
Mat25,VeronikaH1
Mat25,devanyliz
Mat25,vientodeoeste
Mat25,dianelatv
Mat25,bnwa
Mat25,Juniper_girl
Mat25,Franciscoxavier
Mat25,Mauspc
Mat25,yove
Mat25,Acortez27
Mat25,LaCaneli
Mat25,rai98
Mat25,Mettralleta
Mat25,angelarramg
Mat25,KarlaLB
Mat25,AlanHR
Mat25,arelinarr
Mat25,LeoIdair
Mat25,mmtnz22
Mat25,fmuniz
Mat25,sluque14
Mat25,Justmyeco
Mat25,Chucky_Lozano
Mat25,iakidesantos
Mat25,elielarenas
Mat25,AlexLXXVI
Mat25,TheDirectorsCut
Mat25,segun_joselo
Mat25,rfael98
Mat25,ManWhoLaughs
Mat25,Zalazars2
Mat25,anfibiedad
Mat25,izhaac
Mat25,mielissita
Mat25,ciriav
Mat25,palominos
Mat25,STARMAN15
Mat25,SahoriPacheco
Mat25,AcervoFilmico
Mat25,gabrielaangulo
Mat25,kevinpolars
Mat25,oyefuentes
Mat25,hardtimesz
Mat25,Gymnopedie
Mat25,sergiocastanon
Mat25,LuisPMar
Mat25,eldeibik
Mat25,oscarjpena
Mat25,Colin_Maillard
Mat25,Archimboldy
Mat25,lbolland
Mat25,rgcg
Mat25,paloma55
Mat25,iamjacome
Mat25,arrebatx
Mat25,RogerCres96Bar
Mat25,MataTurin
Mat25,jo_paddington
Mat25,patricioes
Mat25,isra12
Mat25,yinariskarla
Mat25,rubenqk
Mat25,Itzl
Mat25,Rojas_Rosas
Mat25,alex714
Mat25,tunafria
Mat25,Charles1985
Mat25,cartoo
Mat25,Eduardo_Loera
Mat25,jlsandoval
Mat25,ferbly
Mat25,Cinema2puntocer
Mat25,ElJuarez68
Mat25,ivan92
Mat25,aide27
Mat25,keevennn
Mat25,InakiMori
Mat25,punktails
Mat25,SantanaYork
Mat25,literalmario_
Mat25,Antonio420
Mat25,alonsodvt
Mat25,maax_ego
Mat25,JRruisenor
Mat25,esternchen
Mat25,Metropolis1980
Mat25,MarianoCampos6
Mat25,angelicardzm
Mat25,MarkReagan217
Mat25,iker_macias
Mat25,chernobyl21
Mat25,Ilzen
Mat25,DanielTorero
Mat25,avocadoll
Mat25,kraven_05x
Mat25,el_noelle
Mat25,Vikander10
Mat25,cinnab
Vareludo,ehrenkm
Vareludo,Missing222
Vareludo,verzoneenozrev
Vareludo,copronim0
Vareludo,Jarsito
Vareludo,batsebas
Vareludo,andreselpenas
Vareludo,esnapur
Vareludo,genzai_2
Vareludo,orestescm76
Vareludo,adolfilm
Vareludo,cadaververano
Vareludo,trinityss
Vareludo,Mangorolo29
Vareludo,rubenmontero
Vareludo,Srhoudini
Vareludo,alsanxe
Vareludo,burk26
Vareludo,Marcos_M_Rom
Vareludo,juanjocerero
Vareludo,Borinot
Vareludo,mattozo
Vareludo,RodriManri
Vareludo,reassurance
Vareludo,paloma55
Vareludo,CinemaBrainFuk
Vareludo,apeacefulguy
Vareludo,wingseed
Vareludo,mispeliculas_
Vareludo,maaaxii
Vareludo,Air_Fryer_
Vareludo,figmare
Vareludo,Ubergg19
Vareludo,mateomg12
Vareludo,Rdosdedos
Vareludo,yuyit0
Vareludo,alaneitor
Vareludo,Batty
Vareludo,santosnem13
Vareludo,arturocg93
Vareludo,arthousecanon
Vareludo,S_Jon_
Vareludo,euunmiroir
Vareludo,Ged__
Vareludo,cinephile1980
Vareludo,Abu222
Vareludo,quber
Vareludo,raul8pm
Vareludo,ElkingDiaz
Vareludo,ElianUwU
Vareludo,Vicioinherente
Vareludo,mattegrb
Vareludo,Mann_Ohne_Namen
Vareludo,fshtravis
Vareludo,ezequiel2517
Vareludo,aflickering
Vareludo,andiOjo
Vareludo,bandinisvevo
Vareludo,baijenri
Vareludo,LeroyFucik
Vareludo,hobbitillo
Vareludo,Kai_CKul
Vareludo,peeira
Vareludo,Ninotchka
Vareludo,TakisChampion
Vareludo,Puchinha
Vareludo,AdrianVieitez
Vareludo,Glorfindel7567
Vareludo,franotero
Vareludo,RogerCres96Bar
Vareludo,Labr0mainfinita
Vareludo,arantzan
Vareludo,utges
Vareludo,straubbhuillet
Vareludo,FrancoRizzo
Vareludo,Pauixitador
Vareludo,kikujiro
Vareludo,LMRN
Vareludo,Colin_Maillard
Vareludo,Sergi
Vareludo,Isaac98tm
Vareludo,Daviidro98
Vareludo,1999_sohu
Vareludo,isaacbarragan
Vareludo,jal90
Vareludo,topfilmtuiter
Vareludo,Ivan_Suarez
Vareludo,AleV1lla
Vareludo,Blanchot
Vareludo,ikanonakis
Vareludo,jarode
Vareludo,tystnaden
Vareludo,alvmb
Vareludo,Gruffek
Vareludo,Rom7
Vareludo,_fanecabrava_
Vareludo,andrewpark86
Vareludo,joseamores65
Vareludo,srtabelivet
Vareludo,Tambour1ne
Vareludo,mmgarnica
Vareludo,flordeinterior
Vareludo,sratlantico
Vareludo,Faure
Vareludo,Ciglesiaslosada
Vareludo,Aron98
Vareludo,uryenbg
Vareludo,Travis76
Vareludo,jjm_24
Vareludo,violetaraykuaza
Vareludo,guillehormigo
Vareludo,chaotic_hugo
Vareludo,Madphoon
Vareludo,Rikireview007
Vareludo,Thomkeaton
Vareludo,mauriciolima
Vareludo,JoN_TeN
Vareludo,Ferreteiro
Vareludo,pele_alvaro
Vareludo,Maties_TP
Vareludo,OsSanstock
Vareludo,saraarjones
Vareludo,IagoVilarinho
Vareludo,LukeZoso
Vareludo,SalvaPe
Vareludo,igortxu
Vareludo,daninovoa
Vareludo,Fresita69
Vareludo,will_llermo
Vareludo,quantum_albo
Vareludo,therockenbici
Vareludo,Daxter2000
Vareludo,Jullpz
Vareludo,brnrdzzz
Vareludo,BeaFdz
Vareludo,PARRAKIMICHI
Vareludo,agawar
Vareludo,christo1
Vareludo,helios1321
Vareludo,miguelglyz
marioquema,fgonzalezse
marioquema,batsebas
marioquema,verzoneenozrev
marioquema,alonsodvt
marioquema,codeine
marioquema,tomasromero
marioquema,quber
marioquema,ElFrikiCanario
marioquema,cucaraxet
marioquema,JuleeFloating
marioquema,DavidGS90
marioquema,cenmar
marioquema,xoandsj
marioquema,Juanky97
marioquema,Blanchot
marioquema,elchampo
marioquema,BoomLight06
marioquema,AP_Schoolwork
marioquema,ChrisGC27
marioquema,Dr_Akkar
marioquema,ahmed155
marioquema,Jugamo
marioquema,LaQuimeraCult
marioquema,fydme
marioquema,Kirkis
marioquema,jlbarckly
marioquema,jaimeac
marioquema,kaizenthecave
marioquema,Fovi
marioquema,MartialCantarel
marioquema,Faure
marioquema,anaybarrad
marioquema,guxiguxi
marioquema,Shohnny
marioquema,arturocg93
marioquema,genzai_2
marioquema,robeacero1
marioquema,MaboroshiMirage
marioquema,Jorge_Luis
marioquema,ZillZon
marioquema,Ged__
marioquema,cinephile1980
marioquema,Solina1871
marioquema,makimono_cine
marioquema,jmrebollo
marioquema,Magdaleno
marioquema,httpnigel
marioquema,bergmantonioni
marioquema,iriscyta
marioquema,fabregatto
marioquema,Sarita90
marioquema,trikuxabi
marioquema,jlorenzo
marioquema,stalker98
marioquema,RogerCres96Bar
marioquema,Cristian92
marioquema,maciaflorit
marioquema,Jarsito
marioquema,movirsfan
marioquema,Mann_Ohne_Namen
marioquema,karim1992
marioquema,Jorgemz
marioquema,Midegeneracion
marioquema,AlejoR
marioquema,Ivan_Suarez
marioquema,Mikio_Fassberma
marioquema,Ankindol_j1
marioquema,joe8
marioquema,delamano
marioquema,Abu222
marioquema,utges
marioquema,amirhorror
marioquema,paloma55
marioquema,pele_alvaro
marioquema,ezequiel2517
marioquema,Artaud
marioquema,StarcoVision
marioquema,Labr0mainfinita
marioquema,Srhoudini
marioquema,4SU4
marioquema,ger_raimi
marioquema,stephenlarsson
marioquema,ROMAHE
marioquema,cvegces
marioquema,edissa
marioquema,Simonsds
marioquema,Brunovictorino
marioquema,edgarfaber
marioquema,jal90
marioquema,topfilmtuiter
marioquema,victorduchas
marioquema,BadLuckCharls
marioquema,guillehormigo
marioquema,_alvarocampoy_
marioquema,Dave_Sancho
marioquema,Ithilien
marioquema,onavmar
marioquema,Cagewho
marioquema,ReneFlowers
marioquema,cinepacografico
marioquema,Jarrete320
marioquema,gabiifp15
marioquema,FerHerce
marioquema,reassurance
marioquema,Kosti
marioquema,peybol94
marioquema,luisavilaz
marioquema,will_llermo
marioquema,alessandra_kr
marioquema,carlapbenitez
marioquema,Malefic
marioquema,fer1705
marioquema,direrocker
marioquema,Dani1Medina
marioquema,Luisxcccc
marioquema,DionarHD
marioquema,Danilugoce
marioquema,crizybooks
marioquema,davidmd
marioquema,carlostori
marioquema,Martzd
marioquema,justjosea
marioquema,marcelo86
marioquema,VistoR
marioquema,isaac1046
marioquema,BlogKuleshov
marioquema,tolonjay
marioquema,alexzapal
marioquema,isaacbarragan
marioquema,living_reminder
marioquema,astarloa
marioquema,charlyr2d2
marioquema,AlvaroNCG
marioquema,iochandiano
marioquema,wilhelmve
marioquema,JonSanSK8
marioquema,Eloisa94
marioquema,Pewey
marioquema,carlorj
marioquema,rubenqk
marioquema,Cinematictalk
marioquema,FTAwards_CHCT
marioquema,animaldoctor
marioquema,DoranMartell
marioquema,134vic
marioquema,caostotales
marioquema,calathea_os
marioquema,Tripley
marioquema,ToniGener
marioquema,NoneXIV
marioquema,Selasor
marioquema,Josemamedina98
marioquema,Seba_roar_
marioquema,AdrianVieitez
marioquema,Clough11
marioquema,alex8ymedio
marioquema,kaarlenberg
marioquema,Bishop7986
marioquema,italo_medelg
marioquema,FranSantana
marioquema,Raulrasty
marioquema,palpie
marioquema,polym0rphing
marioquema,carlostagarro99
marioquema,tragedycold
marioquema,Meleth
marioquema,violetaraykuaza
marioquema,CopydeCopy
marioquema,NachoH
marioquema,KarimIsmail
marioquema,iamyeeezus
marioquema,artplusmind1
marioquema,aitorgallego16
marioquema,abator
marioquema,GabrielDelbono
marioquema,jesuspascualsh
marioquema,chinemusic
marioquema,mulholllandrive
marioquema,ComandanteOso
marioquema,Mr_Bolex
marioquema,Ahmed
FabioVG,lostsounds22
FabioVG,_lessnape_
FabioVG,cp_alexandros
FabioVG,chubbytoad
FabioVG,dcruzz99
FabioVG,pretencioso22
FabioVG,atgigi
FabioVG,AimeeVMB
FabioVG,verzoneenozrev
FabioVG,broke_myfredo
FabioVG,annach0nic
FabioVG,topfilmtuiter
FabioVG,paloma55
FabioVG,foreverheymaybe
FabioVG,999calorias
FabioVG,tonyllo
FabioVG,beatriz1202
FabioVG,gaby13
FabioVG,jjm_24
FabioVG,darioreyes10
FabioVG,dylantmz
FabioVG,DannFranco97
FabioVG,al98_67
FabioVG,in3sdbv
FabioVG,EaterOfHemp
FabioVG,LucasC7575
FabioVG,nattiehdz
FabioVG,rachelbenittez
FabioVG,Marcos_M_Rom
FabioVG,angel0__0
FabioVG,leoama2r
FabioVG,Marilla___
FabioVG,Gymnopedie
FabioVG,cinephile911
FabioVG,afterrequiem
FabioVG,blueblueblueme
FabioVG,CallMeMrsCamus
FabioVG,morffezzz
FabioVG,Ali_Xiques
FabioVG,Terreneitor2000
FabioVG,mannahatta
FabioVG,elasblue
FabioVG,ceciliacisneros
FabioVG,EfectoDelia
FabioVG,kennyshm
FabioVG,MickeyKnox_
FabioVG,loreclau
FabioVG,SectoninLorel
FabioVG,CriticalLemon97
FabioVG,carlos_javierv
FabioVG,AssFilms
FabioVG,s6ei
FabioVG,jixsaa
FabioVG,Mc5
FabioVG,JordanMc22
FabioVG,tania101
FabioVG,josephhagan75
FabioVG,augustkeller
FabioVG,httpnigel
FabioVG,gabeto_x_street
FabioVG,fynokkya
FabioVG,josemilianoo
FabioVG,dpal20
FabioVG,diego_muro
FabioVG,griell
FabioVG,yieibi
FabioVG,sev7n98
FabioVG,apaulinea
FabioVG,Apontecita91
FabioVG,BrayanD197
FabioVG,Liany
FabioVG,Bannedalex
FabioVG,theberserk
FabioVG,nikolito
FabioVG,Anti_gona
FabioVG,rodo_mf
FabioVG,Framedxm
FabioVG,Arm979
FabioVG,diputado
FabioVG,Jafet_Angulo
FabioVG,ErisMar
FabioVG,Shxzzer
FabioVG,TommyRaddatz
FabioVG,Pinebas
FabioVG,ram1m
FabioVG,josue2904
FabioVG,puyol_67
FabioVG,solenisa
FabioVG,NestorDlaVi
FabioVG,porcelainpearl
FabioVG,ryan_goslin
FabioVG,IKivary
FabioVG,gabooooo876
FabioVG,francella
FabioVG,alexchdez_
FabioVG,ggalvanr
FabioVG,SamuelH6
FabioVG,Luiscaz
FabioVG,CesarBrdz
FabioVG,NemiTorres
FabioVG,CamiloMRT
FabioVG,teexander
FabioVG,TonatiuhAyax
FabioVG,Enzocg
FabioVG,Alberto_Barrera
FabioVG,jonrivero
FabioVG,Mikescott1998
FabioVG,Kevin_Jane
FabioVG,josep_cu
FabioVG,MadeInThe90s
FabioVG,cubancinema
pele_alvaro,lulign
pele_alvaro,platanero
pele_alvaro,Cauldio
pele_alvaro,s4rafernandez
pele_alvaro,PJOut
pele_alvaro,__RedRoom
pele_alvaro,lbma01
pele_alvaro,imnotlidia
pele_alvaro,uwugorka
pele_alvaro,glvuppglup
pele_alvaro,stoqi
pele_alvaro,berto96
pele_alvaro,Marchiaro
pele_alvaro,Muruaman
pele_alvaro,ramonisima
pele_alvaro,mirenn
pele_alvaro,verzoneenozrev
pele_alvaro,ruubengz
pele_alvaro,adrianst7
pele_alvaro,Zero_sad_boi
pele_alvaro,asegurado
pele_alvaro,NeoSxrpiente
pele_alvaro,Klepshydra
pele_alvaro,rebeasdf
pele_alvaro,LookingFore
pele_alvaro,miamalasisi
pele_alvaro,silv2
pele_alvaro,patrimimosa
pele_alvaro,simgarmal
pele_alvaro,batsebas
pele_alvaro,esnapur
pele_alvaro,alonsodvt
pele_alvaro,meershii
pele_alvaro,arrebatao
pele_alvaro,ikerbelm
pele_alvaro,marenmendi
pele_alvaro,inesdevicente
pele_alvaro,LeticiaArrazola
pele_alvaro,amashead
pele_alvaro,anilau
pele_alvaro,Nyponna
pele_alvaro,CarrotAshley
pele_alvaro,NubedeLazaro
pele_alvaro,alexiaaaa29
pele_alvaro,marionapons
pele_alvaro,teretodosveces
pele_alvaro,NonEntity87
pele_alvaro,zamilovanemaso
pele_alvaro,Eudald16
pele_alvaro,Xequi
pele_alvaro,MauPeBo
pele_alvaro,jandrofogerty
pele_alvaro,flordelisada
pele_alvaro,maxxxicastro
pele_alvaro,Millaray
pele_alvaro,LoteriaLucas
pele_alvaro,Pataliebrexd
pele_alvaro,Candelamiraz
pele_alvaro,RafaNasal
pele_alvaro,antiaa__
pele_alvaro,eeevviii
pele_alvaro,vfaaaa
pele_alvaro,albalpzz2
pele_alvaro,Mauricos
pele_alvaro,xoelllpzzz_28
pele_alvaro,nagorecalvo
pele_alvaro,sofpals
pele_alvaro,Ada0rArdor
pele_alvaro,saravalledor
pele_alvaro,SergioArgueso
pele_alvaro,en__passant___
pele_alvaro,luisru
pele_alvaro,burk26
pele_alvaro,Otocinlcusfan
pele_alvaro,sdrv6
pele_alvaro,jovenausente
pele_alvaro,derosaslagrimas
pele_alvaro,ramiromf
pele_alvaro,Ait1enelcine
pele_alvaro,dani_mirallas
pele_alvaro,matiasmatas
pele_alvaro,MrFirefox
pele_alvaro,AleixRG
pele_alvaro,bruno_arias
pele_alvaro,elsofacama
pele_alvaro,anadiplose_
pele_alvaro,gaychujang
pele_alvaro,rolinhoo
pele_alvaro,luciiamtnz
pele_alvaro,papayita1
pele_alvaro,luuciiaavg_
pele_alvaro,LucasC7575
pele_alvaro,caarmenmato
pele_alvaro,manugra6
pele_alvaro,Irea
pele_alvaro,tinch0
pele_alvaro,becevi
pele_alvaro,gonzalez1917
pele_alvaro,awzaq
pele_alvaro,elesdi
pele_alvaro,andresgl
pele_alvaro,nachoalvarezgl
pele_alvaro,edsoncostajr
pele_alvaro,qSanto
pele_alvaro,ranielaraniela
pele_alvaro,gomezmasdeu
pele_alvaro,jonmunch
pele_alvaro,lucaasmartinez
pele_alvaro,uskiss
pele_alvaro,teix1871
pele_alvaro,volandovengo
pele_alvaro,porcellana
pele_alvaro,kamaros
pele_alvaro,lobo_lamour
pele_alvaro,elenacf
pele_alvaro,sararariruss
pele_alvaro,LaSolucion
pele_alvaro,bidisini
pele_alvaro,nachou_
pele_alvaro,Ankindol_j1
pele_alvaro,sxrgiobusi
pele_alvaro,PBC1917
pele_alvaro,paulapiu
pele_alvaro,CinemaBrainFuk
pele_alvaro,SamuelLaser
pele_alvaro,mispeliculas_
pele_alvaro,Jtdarchuk
pele_alvaro,aliciamelchor
pele_alvaro,ffbnchtt
pele_alvaro,Ciskiko
pele_alvaro,solopablo
pele_alvaro,GAmengual
pele_alvaro,seemily_play
pele_alvaro,Tristan_____
pele_alvaro,Ferpepe
pele_alvaro,firletes
pele_alvaro,velocitatrix
pele_alvaro,Jausu
pele_alvaro,Jugamo
pele_alvaro,manolon67
pele_alvaro,Aninbus
pele_alvaro,Baasureta
pele_alvaro,cuerpoxceleste
pele_alvaro,sofv
pele_alvaro,nellito
pele_alvaro,mattegrb
pele_alvaro,cristinamartin
pele_alvaro,sebsperelman
pele_alvaro,VicenteMonroy
pele_alvaro,noangely
pele_alvaro,ciberdario
pele_alvaro,__susito
pele_alvaro,lauracgens
pele_alvaro,felgmzz
pele_alvaro,UserTadeo
pele_alvaro,dtp_arg
pele_alvaro,laxinoise
pele_alvaro,zarileo29
pele_alvaro,creediidae
pele_alvaro,MLopezGolan
pele_alvaro,exoticeusebia
pele_alvaro,LaQuimeraCult
pele_alvaro,fydme
pele_alvaro,genzai_2
pele_alvaro,elisamenlo
pele_alvaro,canosa9910
pele_alvaro,rodri7498
pele_alvaro,thomas_garo
pele_alvaro,Air_Fryer_
pele_alvaro,klinfilm
pele_alvaro,jorgealonsot
pele_alvaro,kaizenthecave
pele_alvaro,chemi11
pele_alvaro,malatesta19
pele_alvaro,vvvhannah
pele_alvaro,Paula_Arantzazu
pele_alvaro,Badimj
pele_alvaro,Apz
pele_alvaro,Filmandera
pele_alvaro,luisan_ogades
pele_alvaro,Trueno
pele_alvaro,Kafkaka
pele_alvaro,Peinado
pele_alvaro,comun
pele_alvaro,YacineNcr
pele_alvaro,cestinajero
pele_alvaro,mollychild
pele_alvaro,unicronloev
pele_alvaro,jazzzdip
pele_alvaro,sivil
pele_alvaro,Khunv
pele_alvaro,SolitaryParade
pele_alvaro,BdgeDxn
pele_alvaro,gloriaays
pele_alvaro,anekesc
pele_alvaro,MickT
pele_alvaro,garciaypico
pele_alvaro,saanta_mariaa
pele_alvaro,urielmora
pele_alvaro,miguiagarel
pele_alvaro,elenagos
pele_alvaro,nogueron
pele_alvaro,johnfrom
pele_alvaro,antonlh
pele_alvaro,lucas____
pele_alvaro,mmirones7
pele_alvaro,sebastianht
pele_alvaro,guille79
pele_alvaro,MikeMeltzer
pele_alvaro,cytril
pele_alvaro,Haxart
pele_alvaro,vicente_06
pele_alvaro,axoloteapolineo
pele_alvaro,estebanicm
pele_alvaro,osario
pele_alvaro,albagferrin
pele_alvaro,JeromeEsteban
pele_alvaro,albacestmoi
pele_alvaro,UbeUbe
pele_alvaro,aaqqqhhhh
pele_alvaro,despeiteada
pele_alvaro,sbantiago
pele_alvaro,boa_noite
pele_alvaro,CondeKaji
pele_alvaro,aindanao
pele_alvaro,albaelalga
pele_alvaro,mbuxan
pele_alvaro,DrDrakeRamoray
pele_alvaro,melcascabelo
pele_alvaro,migueldomng
pele_alvaro,xando1984
pele_alvaro,cprous
pele_alvaro,ukazioa
pele_alvaro,sinycoschcachin
pele_alvaro,Danse_
pele_alvaro,jx05
pele_alvaro,Bastardaco
pele_alvaro,elbruzas
pele_alvaro,asterluz
pele_alvaro,sofritofrito
pele_alvaro,luckthing
pele_alvaro,ishwi
pele_alvaro,KatoG
pele_alvaro,therockenbici
pele_alvaro,Guillermo_E
pele_alvaro,ElPelifomano
pele_alvaro,lauraloga
pele_alvaro,Joelcp12
pele_alvaro,janpv10
pele_alvaro,_sanml
pele_alvaro,Javigrz
pele_alvaro,chicocorchea
pele_alvaro,andreuvilar
pele_alvaro,VICEStaff
pele_alvaro,LeTommy
pele_alvaro,hegelmanda
pele_alvaro,bea_bbm
pele_alvaro,andera
pele_alvaro,Shohnny
pele_alvaro,marpacificos
pele_alvaro,MateoPorasso
pele_alvaro,MaboroshiMirage
pele_alvaro,rdudda
pele_alvaro,MartaEstivill
pele_alvaro,adrianaamarga
pele_alvaro,Jorge_Luis
pele_alvaro,mymoongold
pele_alvaro,liluppi
pele_alvaro,Fervi
pele_alvaro,betibakarrik
pele_alvaro,arthousecanon
pele_alvaro,firejuice
pele_alvaro,laramamba
pele_alvaro,kndel_01
pele_alvaro,inelegible
pele_alvaro,equidistanta
pele_alvaro,smlbenitez
pele_alvaro,fish_inn
pele_alvaro,Andres_Sorokin
pele_alvaro,Carlosgtf21
pele_alvaro,liia
pele_alvaro,piscis
pele_alvaro,MiguelRoman
pele_alvaro,isaacsoscar
pele_alvaro,AlfredoSuarezP
pele_alvaro,Ged__
pele_alvaro,literalquien69
pele_alvaro,cinephile1980
pele_alvaro,DenisGCD
pele_alvaro,pedrohro
pele_alvaro,ExeDavid
pele_alvaro,mariaprezz
pele_alvaro,Nachogrim
pele_alvaro,Solina1871
pele_alvaro,eusinmais
pele_alvaro,barrenillusion
pele_alvaro,mlpv86
pele_alvaro,jmrebollo
pele_alvaro,sinsol
pele_alvaro,macanxxi
pele_alvaro,JordiM
pele_alvaro,nataliabzp
pele_alvaro,Magdaleno
pele_alvaro,mariamoran
pele_alvaro,arturocg93
pele_alvaro,ErikDelRey
pele_alvaro,alexbm94
pele_alvaro,soiuxia
pele_alvaro,elaguainmovil
pele_alvaro,EloyG8
pele_alvaro,Leosr
pele_alvaro,mancub
pele_alvaro,nnevvurr
pele_alvaro,frnndlcs
pele_alvaro,nickland
pele_alvaro,morote
pele_alvaro,T3quila_Suns3t
pele_alvaro,AlbaPastor
pele_alvaro,pirracas
pele_alvaro,fabregatto
pele_alvaro,JoanPamiesLl
pele_alvaro,diegoguada
pele_alvaro,Carlosherrera
pele_alvaro,Tyler_Plunkett
pele_alvaro,trikuxabi
pele_alvaro,Tumonitor
pele_alvaro,xoaninha
pele_alvaro,jlorenzo
pele_alvaro,carmi
pele_alvaro,Nightwing_17
pele_alvaro,alantembleque
pele_alvaro,maciaflorit
pele_alvaro,marmtrdz
pele_alvaro,Inescraya
pele_alvaro,demiryildiz
pele_alvaro,AnxoBugarin
pele_alvaro,Rdosdedos
pele_alvaro,aitortkm
pele_alvaro,xosebrum
pele_alvaro,ilkevcl
pele_alvaro,bibibergman
pele_alvaro,aeronaveadolesc
pele_alvaro,saudaddy_
pele_alvaro,anagnag
pele_alvaro,cherry231
pele_alvaro,jaimegsa
pele_alvaro,Woodylan
pele_alvaro,izabellaxd
pele_alvaro,esther_grincon
pele_alvaro,bandinisvevo
pele_alvaro,Jarsito
pele_alvaro,Manex20
pele_alvaro,poetereau
pele_alvaro,xabeleiva
pele_alvaro,OdadingIron
pele_alvaro,cartonet
pele_alvaro,zombivirtual
pele_alvaro,marioquema
pele_alvaro,RogerCres96Bar
pele_alvaro,blackpineapple
pele_alvaro,xoanalopez
pele_alvaro,makimono_cine
pele_alvaro,AminVillalba
pele_alvaro,omnieya
pele_alvaro,MensajeraMojave
pele_alvaro,YeraiM
pele_alvaro,eljuaru22
pele_alvaro,victorduchas
pele_alvaro,strange_world
pele_alvaro,Tito_8
pele_alvaro,daaaaani
pele_alvaro,AlexValentine96
pele_alvaro,mikeluri
pele_alvaro,FerHerce
pele_alvaro,huedillo
pele_alvaro,Yeyo53
pele_alvaro,damoner
pele_alvaro,JorgR
pele_alvaro,juankenobi
pele_alvaro,JonSanSK8
pele_alvaro,Kipik
pele_alvaro,jondarru
pele_alvaro,39915041
pele_alvaro,MartialCantarel
pele_alvaro,AmilcarBoetto
pele_alvaro,O_Migue
pele_alvaro,YannakisManakis
pele_alvaro,AinoaFA
pele_alvaro,PavoPavete
pele_alvaro,Iturbenhi
pele_alvaro,Abu222
pele_alvaro,jlbarckly
pele_alvaro,caoscinefilo
pele_alvaro,waterlwoo
pele_alvaro,Nazare
pele_alvaro,BenSachs
pele_alvaro,Caandamo
pele_alvaro,xim0
pele_alvaro,jaimelorite
pele_alvaro,nichedeath
pele_alvaro,YulanF
pele_alvaro,notansobrio
pele_alvaro,mariavvss
pele_alvaro,JuanGL001
pele_alvaro,Kiko_deJuan
pele_alvaro,FaildeGuionista
pele_alvaro,luprifer99
pele_alvaro,FrancoRizzo
pele_alvaro,ecehrenfest
pele_alvaro,MabuseCaligari
pele_alvaro,esternchen
pele_alvaro,JavierLG
pele_alvaro,AnnabelleSwirl
pele_alvaro,paulapintoff
pele_alvaro,AndresTM
pele_alvaro,mrtoldo
pele_alvaro,Padimo02
pele_alvaro,carmenarcos
pele_alvaro,psychedelicvici
pele_alvaro,UnFrikiInculto
pele_alvaro,fouraaaa96
pele_alvaro,SSebas
pele_alvaro,AmaiaZufiaur
pele_alvaro,the_lizard
pele_alvaro,adrianet93
pele_alvaro,riduuuzz
pele_alvaro,Malala
pele_alvaro,Midegeneracion
pele_alvaro,orbitadiscordia
pele_alvaro,fshtravis
pele_alvaro,max_____
pele_alvaro,raqueldff
pele_alvaro,Glorfindel7567
pele_alvaro,Landero
pele_alvaro,tazdukla
pele_alvaro,megahouten
pele_alvaro,mllvfrp
pele_alvaro,Arzu89
pele_alvaro,ratitabovary
pele_alvaro,paloma55
pele_alvaro,fckingdumb
pele_alvaro,peeira
pele_alvaro,fgonzalezse
pele_alvaro,Salanova
pele_alvaro,MataTurin
pele_alvaro,GeorgeRodrigues
pele_alvaro,raul8pm
pele_alvaro,Labr0mainfinita
pele_alvaro,Brunovictorino
pele_alvaro,pablosantelmo
pele_alvaro,arantzan
pele_alvaro,jorgeordas
pele_alvaro,alseidex
pele_alvaro,pepitololin
pele_alvaro,manu1708
pele_alvaro,hepaviti
pele_alvaro,saralasauca
pele_alvaro,pablooarenas
pele_alvaro,an_t_ar
pele_alvaro,Estherserrat
pele_alvaro,JuanBold
pele_alvaro,juegomivida
pele_alvaro,kleinbaud
pele_alvaro,Gonlo
pele_alvaro,cadaververano
pele_alvaro,irenejustt
pele_alvaro,MxxO
pele_alvaro,Antonio92
pele_alvaro,tanzedub
pele_alvaro,Mepicalaoreja
pele_alvaro,marialouzan
pele_alvaro,paulavieitez
pele_alvaro,ersycodelia
pele_alvaro,MateoCU
pele_alvaro,AlCorona
pele_alvaro,alfredomzf
pele_alvaro,Saunak
pele_alvaro,els4rl
pele_alvaro,brunavalada
pele_alvaro,irenefmartin
pele_alvaro,PiterPonx
pele_alvaro,pabloirot
pele_alvaro,FranciscoFern
pele_alvaro,mascineporfavor
pele_alvaro,pikitorl
pele_alvaro,sprietoc
pele_alvaro,EzNaiz_
pele_alvaro,Rodri_Go
pele_alvaro,170598
pele_alvaro,camilo_medina
pele_alvaro,Dani1Medina
pele_alvaro,masmariansita
pele_alvaro,jorge_sevi
pele_alvaro,wobewww
pele_alvaro,anamc10
pele_alvaro,martinsalernx
pele_alvaro,Bailey_F
pele_alvaro,CinemaMaster101
pele_alvaro,cvegces
pele_alvaro,alvarg
pele_alvaro,RainerGaudi
pele_alvaro,LBaena
pele_alvaro,ezequiel2517
pele_alvaro,isaacbarragan
pele_alvaro,dafnethais
pele_alvaro,marctorres
pele_alvaro,nandoconde
pele_alvaro,Mikio_Fassberma
pele_alvaro,RachelMyGod
pele_alvaro,figmare
pele_alvaro,Yukasai
pele_alvaro,eadeeva
pele_alvaro,topfilmtuiter
pele_alvaro,archibaldleanch
pele_alvaro,crgarcis7
pele_alvaro,felipezvenegas
pele_alvaro,eleruelo
pele_alvaro,violetaraykuaza
pele_alvaro,MarioIglesias
pele_alvaro,bergmantonioni
pele_alvaro,Vitulis
pele_alvaro,Srhoudini
pele_alvaro,rivss
pele_alvaro,Colin_Maillard
pele_alvaro,urockbro
pele_alvaro,riot_cinephile
pele_alvaro,nargual
pele_alvaro,Daviidro98
pele_alvaro,Isart
pele_alvaro,Martinaevaeva
pele_alvaro,saracarrera
pele_alvaro,breogan_xague
pele_alvaro,Daxter2000
pele_alvaro,will_llermo
pele_alvaro,sabalde
pele_alvaro,The_Counselor
pele_alvaro,Tigress30
pele_alvaro,pablofdezperez
pele_alvaro,Ardwyw
pele_alvaro,CardenalHerrera
pele_alvaro,Anastasia28
pele_alvaro,andonimaz
pele_alvaro,gazpachin
pele_alvaro,slayerkinney
pele_alvaro,josanjosan
pele_alvaro,synthemesco
pele_alvaro,amirhorror
pele_alvaro,eze1986
pele_alvaro,MyluPorta
pele_alvaro,straubbhuillet
pele_alvaro,albertsyco_
pele_alvaro,alpargatagazer
pele_alvaro,josblz
pele_alvaro,xosemfdez
pele_alvaro,AdrianVieitez
pele_alvaro,Pauixitador
pele_alvaro,davidpardi97
pele_alvaro,hobbitillo
pele_alvaro,laragundin
pele_alvaro,DiegoH2000
pele_alvaro,Innocent
pele_alvaro,anxvi
pele_alvaro,alvmb
pele_alvaro,1999_sohu
pele_alvaro,labaru
pele_alvaro,LukeZoso
pele_alvaro,tania19
pele_alvaro,jal90
pele_alvaro,bustinduy
pele_alvaro,SalvaPe
pele_alvaro,Melocotonazo11
pele_alvaro,fotoscarnet
pele_alvaro,Jadzcor
pele_alvaro,agusagustin
pele_alvaro,samuelgrem
pele_alvaro,pkmorla
pele_alvaro,UnDetective
pele_alvaro,AlejandroGR
pele_alvaro,davidmd
pele_alvaro,alecxps
pele_alvaro,trafff
pele_alvaro,KurtZM
pele_alvaro,Nanita
pele_alvaro,UrbanoJ
pele_alvaro,ComandanteOso
pele_alvaro,efebatlle
pele_alvaro,igortxu
pele_alvaro,albertobalsam
pele_alvaro,Encar
pele_alvaro,mario_rodrigues
pele_alvaro,irca
pele_alvaro,kerstray
pele_alvaro,sratlantico
pele_alvaro,Daniblacksmoke
pele_alvaro,S_Jon_
pele_alvaro,utges
pele_alvaro,A_Karerina
pele_alvaro,julianglezg
pele_alvaro,trapunzel
pele_alvaro,Carlos_
pele_alvaro,DaveCooper
pele_alvaro,DIOchino
pele_alvaro,albagargantilla
pele_alvaro,XiPseTsu
pele_alvaro,antares_not
pele_alvaro,asm5sgr
pele_alvaro,Faure
pele_alvaro,ExplodingBoy
pele_alvaro,msgatsby
pele_alvaro,FvLluis
pele_alvaro,Spoorloos
pele_alvaro,turbochavala
pele_alvaro,Batty
pele_alvaro,Muirguen
pele_alvaro,jjm_24
pele_alvaro,Vicioinherente
pele_alvaro,ClarkQueta
pele_alvaro,benotti
pele_alvaro,guillehormigo
pele_alvaro,SrUlloa
pele_alvaro,al1997
pele_alvaro,cesarinou
pele_alvaro,Madphoon
pele_alvaro,martamagotchi
pele_alvaro,Adam_Kadmon
pele_alvaro,carlatka
pele_alvaro,Ruben0
pele_alvaro,korin
pele_alvaro,Javchas
pele_alvaro,rafaqc97
pele_alvaro,Maties_TP
pele_alvaro,srtabelivet
pele_alvaro,drogaudix
pele_alvaro,Vareludo
pele_alvaro,tystnaden
pele_alvaro,Ninotchka
pele_alvaro,gonzaloalper
pele_alvaro,Isaac98tm
pele_alvaro,IagoVilarinho
pele_alvaro,Benjaminicas
pele_alvaro,ndeignacio
pele_alvaro,Puchinha
pele_alvaro,gabriir8
pele_alvaro,JoN_TeN
pele_alvaro,albertcd17
pele_alvaro,IvanMiguez
pele_alvaro,SergioCast
pele_alvaro,letempsquipasse
pele_alvaro,Jimix
pele_alvaro,uryenbg
pele_alvaro,SimonVV
pele_alvaro,Francis87
pele_alvaro,PezEspada
pele_alvaro,BeaFdz
pele_alvaro,miguelglyz
pele_alvaro,nesetel
pele_alvaro,soymiri
pele_alvaro,guilledc
pele_alvaro,alvySinger_
pele_alvaro,mpinkfloyd
pele_alvaro,Ivan_Suarez
pele_alvaro,Thomkeaton
pele_alvaro,Nut_Hoskins
pele_alvaro,Siroguh
pele_alvaro,itsmerocio
pele_alvaro,Rolcest
pele_alvaro,Mann_Ohne_Namen
pele_alvaro,tkeoff
pele_alvaro,_keeschalmers
pele_alvaro,omgjaye
pele_alvaro,Colmener
pele_alvaro,christo1
pele_alvaro,upeftme
pele_alvaro,MiguelMSH
pele_alvaro,Travis76
pele_alvaro,Adrio
pele_alvaro,DanielQuinn
pele_alvaro,laurich
pele_alvaro,josebabonaut
pele_alvaro,mmgarnica
pele_alvaro,DanielEscaners
pele_alvaro,cehobarriga
pele_alvaro,martaganza
pele_alvaro,habia_rabia
pele_alvaro,AuroraNocte
pele_alvaro,luiscalles9
pele_alvaro,TwoCineasts
pele_alvaro,acalacedo
pele_alvaro,jorgepm91
pele_alvaro,jacobtswinney
pele_alvaro,AnotherLatre
guillehormigo,tomarx_
guillehormigo,sandraurda_
guillehormigo,Jacenie
guillehormigo,alvcarrera17
guillehormigo,sacbe16
guillehormigo,Atonich
guillehormigo,joaodmoraes
guillehormigo,JJSeries
guillehormigo,Damiiin
guillehormigo,yonosoyesa
guillehormigo,bustinduy
guillehormigo,bermeho
guillehormigo,lulign
guillehormigo,elohydes
guillehormigo,Queer_Lisboa
guillehormigo,lblancora
guillehormigo,camimonroyy
guillehormigo,Gupalegria
guillehormigo,pepsimarc
guillehormigo,platanero
guillehormigo,javiier97
guillehormigo,sarajimenezr
guillehormigo,jonesdougie
guillehormigo,Andecas99
guillehormigo,Blacksurfer
guillehormigo,lulasimk
guillehormigo,Pau_saulon
guillehormigo,lefazo
guillehormigo,nublanco
guillehormigo,l_jobico
guillehormigo,arturo03_
guillehormigo,grpcine_
guillehormigo,felantheater
guillehormigo,joacoc
guillehormigo,HdeHelen
guillehormigo,piggysuper8
guillehormigo,batsebas
guillehormigo,MagdalenaPalou
guillehormigo,juanjuan1901
guillehormigo,Tuomocine
guillehormigo,pepecamas
guillehormigo,petalo_de_sal
guillehormigo,saragnz
guillehormigo,Alvar_
guillehormigo,CharlsChap
guillehormigo,erikgonlaf
guillehormigo,helenuchisimp
guillehormigo,virginiarcas
guillehormigo,lauraenmll
guillehormigo,verzoneenozrev
guillehormigo,eurocero
guillehormigo,Ferreteiro
guillehormigo,JorgeYR
guillehormigo,quber
guillehormigo,DarthKaze
guillehormigo,chernobyl21
guillehormigo,Jcuevaeliz
guillehormigo,_josep
guillehormigo,MarcBallesteros
guillehormigo,yin1234
guillehormigo,haama
guillehormigo,tallercineyfilo
guillehormigo,maariaslg
guillehormigo,GAmengual
guillehormigo,sebas__
guillehormigo,Marcos_M_Rom
guillehormigo,yosoyjulio
guillehormigo,perradelfuturo
guillehormigo,SrPurpura
guillehormigo,Magdaley
guillehormigo,llesterday
guillehormigo,ahuerttas
guillehormigo,Miguelitross
guillehormigo,Yougpo
guillehormigo,oscar_dalmau
guillehormigo,patatattack
guillehormigo,Gonlo
guillehormigo,milicornejo
guillehormigo,SparkytheLab
guillehormigo,will_tinta
guillehormigo,afteruben
guillehormigo,antonaf
guillehormigo,gsariza
guillehormigo,teoplanell
guillehormigo,AndreTheViewer
guillehormigo,asapw78
guillehormigo,Lobo_Lopez
guillehormigo,adrivelaasco
guillehormigo,Jarsito
guillehormigo,sofv
guillehormigo,STAJO
guillehormigo,Nataliagrc
guillehormigo,angelgoco
guillehormigo,pollopigmeo
guillehormigo,dianafelez
guillehormigo,monicaco
guillehormigo,BertoRA
guillehormigo,noyoro
guillehormigo,ryuqueer
guillehormigo,galavestruz
guillehormigo,exxica
guillehormigo,Kovua
guillehormigo,benjq1
guillehormigo,Hitchcosis
guillehormigo,cglrr
guillehormigo,polloyburro
guillehormigo,alep0p
guillehormigo,jorditrenzano
guillehormigo,jesusdalvarez
guillehormigo,patrilaraf
guillehormigo,pablogonzaes
guillehormigo,makimono_cine
guillehormigo,cristinafsanz
guillehormigo,HLProductions
guillehormigo,vernell
guillehormigo,anitaselenita
guillehormigo,dumesjennifer
guillehormigo,Gara74
guillehormigo,victorduchas
guillehormigo,diegomguelz
guillehormigo,mandugar
guillehormigo,pabloalazar
guillehormigo,EstebanMJ
guillehormigo,trinitta
guillehormigo,xorgiey
guillehormigo,eljpax
guillehormigo,acalvoelorri
guillehormigo,chicaaustera
guillehormigo,Sobrevisc
guillehormigo,beaasuargallego
guillehormigo,Sammylanister
guillehormigo,lolxd
guillehormigo,jorgemarlop
guillehormigo,nicogomezic
guillehormigo,Pablopaloma
guillehormigo,albaneciendo
guillehormigo,vitoborgona
guillehormigo,nicolasnasc
guillehormigo,Aitor_Salinas
guillehormigo,anitalyyy
guillehormigo,hacer_islas
guillehormigo,LeningradCowboi
guillehormigo,sofiamkff
guillehormigo,igon6
guillehormigo,alejandromar
guillehormigo,sillycatmom
guillehormigo,albapuerto
guillehormigo,ch420
guillehormigo,luisgj03
guillehormigo,camivipla
guillehormigo,DavidCrocks
guillehormigo,Pavlik5
guillehormigo,Velcro
guillehormigo,marielajones
guillehormigo,enriquique
guillehormigo,hectordoncell
guillehormigo,jdkzrocio
guillehormigo,gravitydefying
guillehormigo,NadineG
guillehormigo,sailorblack
guillehormigo,IbanManzano
guillehormigo,osiris1994yo
guillehormigo,AporelOscar
guillehormigo,gabolvr
guillehormigo,frankintherye
guillehormigo,JoanPamiesLl
guillehormigo,Mela_Holmes
guillehormigo,Laverdadcine
guillehormigo,JonAndoni
guillehormigo,Veintiuno
guillehormigo,Ivan_Gomez
guillehormigo,jorgeordas
guillehormigo,estelaa2
guillehormigo,lucasujo
guillehormigo,pablotas
guillehormigo,Air_Fryer_
guillehormigo,aurak
guillehormigo,lunafrax
guillehormigo,JuanMercero
guillehormigo,jimnovandrea
guillehormigo,lucianaxe
guillehormigo,roxyBoss
guillehormigo,ikerarmentia
guillehormigo,marcmartinezc
guillehormigo,raulperero
guillehormigo,Sergi
guillehormigo,andreuvilar
guillehormigo,willoria
guillehormigo,SurrenderDoroty
guillehormigo,clrnvp
guillehormigo,mas1000
guillehormigo,pbrugaro
guillehormigo,sqd
guillehormigo,cibran
guillehormigo,jbopp_
guillehormigo,HTR98
guillehormigo,Zoeezebraa
guillehormigo,jovenausente
guillehormigo,Pabloperezz
guillehormigo,paulalopxz
guillehormigo,LisandroLeone
guillehormigo,juanjocerero
guillehormigo,derosaslagrimas
guillehormigo,borjals
guillehormigo,PikulSp
guillehormigo,genzai_2
guillehormigo,jepthe
guillehormigo,albertomasa
guillehormigo,yeronavarrooo
guillehormigo,luc4z0
guillehormigo,carolocampo_
guillehormigo,victorr103
guillehormigo,carmela2005
guillehormigo,DavidBizarro
guillehormigo,anto_velascoo
guillehormigo,BattleBornNX
guillehormigo,rein_ruben
guillehormigo,ElendVenture
guillehormigo,PolEB
guillehormigo,Nathansito
guillehormigo,larsonista
guillehormigo,mddsp
guillehormigo,oihu
guillehormigo,Liguelego
guillehormigo,DonJos
guillehormigo,charas
guillehormigo,bretazal
guillehormigo,allenb486
guillehormigo,sammywishes
guillehormigo,vics75
guillehormigo,eltonga252
guillehormigo,Ciskiko
guillehormigo,dariopicon
guillehormigo,VLuvini
guillehormigo,Manuel_Sobron
guillehormigo,skieser
guillehormigo,_Alejoo
guillehormigo,albaesquinas
guillehormigo,cenmar
guillehormigo,alaeimoh
guillehormigo,LouMovies
guillehormigo,PhoSwo136
guillehormigo,mele97
guillehormigo,qSanto
guillehormigo,Ravto04
guillehormigo,vnder
guillehormigo,TeletextDreamer
guillehormigo,mh1806
guillehormigo,fragilcomomundo
guillehormigo,rialchamaquito
guillehormigo,eduardoarrietar
guillehormigo,edubouvier
guillehormigo,toogeekfornames
guillehormigo,alvaross
guillehormigo,andresgarco
guillehormigo,JuanmaV7b9
guillehormigo,alonsodvt
guillehormigo,C_Hochhaeusler
guillehormigo,Tadeoluois
guillehormigo,Niagos
guillehormigo,goonie
guillehormigo,j__orge
guillehormigo,liluppi
guillehormigo,oscarisaacs
guillehormigo,bautigodoy
guillehormigo,andredeguemon
guillehormigo,Einyel
guillehormigo,CinemaBrainFuk
guillehormigo,GreenChile42
guillehormigo,mispeliculas_
guillehormigo,Rudorado
guillehormigo,amxrg
guillehormigo,crisiscrisis
guillehormigo,LilacFizz
guillehormigo,felipesolary
guillehormigo,SrtoLeivo
guillehormigo,albertsyco_
guillehormigo,judiLimon
guillehormigo,jfortizzz
guillehormigo,zoezalcman
guillehormigo,Danse_
guillehormigo,jvanpe
guillehormigo,alexkinross
guillehormigo,popecarfromcars
guillehormigo,pedrovilas
guillehormigo,figmare
guillehormigo,ahmed155
guillehormigo,juanjo_jimenez
guillehormigo,SamuelLaser
guillehormigo,bleeckerstreett
guillehormigo,AdamOviedo
guillehormigo,pauloffline
guillehormigo,AntonioMagnolia
guillehormigo,marcospeb
guillehormigo,MrCarlos8a
guillehormigo,lbraver
guillehormigo,juanamita
guillehormigo,joaquinpulpeiro
guillehormigo,PerVisibilia
guillehormigo,chamizo
guillehormigo,javvviera
guillehormigo,vvvhannah
guillehormigo,jaime_lda
guillehormigo,ersycodelia
guillehormigo,ChristianSoyYo
guillehormigo,pepitololin
guillehormigo,miguelnavarroc
guillehormigo,kerstray
guillehormigo,Xonder
guillehormigo,irenenota
guillehormigo,lucasrowi
guillehormigo,larkersito
guillehormigo,elbrujoverde
guillehormigo,MMar_Gallardo
guillehormigo,Clough11
guillehormigo,nayundes
guillehormigo,nrs182
guillehormigo,pabloirot
guillehormigo,guidomontini
guillehormigo,urielmora
guillehormigo,crispieschoqui
guillehormigo,jQuiros__
guillehormigo,utges
guillehormigo,JoanCuadrado
guillehormigo,Noemi94
guillehormigo,ornedo
guillehormigo,leee22
guillehormigo,ghimelcandido
guillehormigo,juankenobi
guillehormigo,krlosierra
guillehormigo,hollaneer
guillehormigo,gorkagoniba
guillehormigo,axoloteapolineo
guillehormigo,Pblmreo
guillehormigo,Zoomgurk
guillehormigo,Bishop7986
guillehormigo,Jotace
guillehormigo,carlosnavarrosu
guillehormigo,UrbanoJ
guillehormigo,javisomoza
guillehormigo,Endika
guillehormigo,cocidocerebral
guillehormigo,living_reminder
guillehormigo,shantall_
guillehormigo,ChristianLDV
guillehormigo,cronicasdemotel
guillehormigo,Daniel_Torres
guillehormigo,atrashorrasjr
guillehormigo,will_llermo
guillehormigo,vn0b0dy
guillehormigo,roberawards
guillehormigo,gxnisson
guillehormigo,GLMorlanes
guillehormigo,halbestran
guillehormigo,sakaluga
guillehormigo,MadeInHongKong
guillehormigo,iRagna
guillehormigo,coasterdude420
guillehormigo,Mas0204
guillehormigo,agusbr94
guillehormigo,anaagonzalezs02
guillehormigo,guxiguxi
guillehormigo,jiajieyy
guillehormigo,pvegue
guillehormigo,tomi_vicario
guillehormigo,enaraez
guillehormigo,alanohep
guillehormigo,mariaaelena_
guillehormigo,saulestelles
guillehormigo,Cyberspace_Yuri
guillehormigo,seymourelbows
guillehormigo,from_facu
guillehormigo,lejuan
guillehormigo,mmirones7
guillehormigo,9hanabi7
guillehormigo,huedillo
guillehormigo,MartinAlbillos
guillehormigo,Leguroz
guillehormigo,Anaanacleta
guillehormigo,jpnunez
guillehormigo,mlpv86
guillehormigo,Jorgemz
guillehormigo,Starring_AAryn
guillehormigo,bluerose815
guillehormigo,Josecalonso
guillehormigo,javipalacios
guillehormigo,polokoto
guillehormigo,DaleUnBeso
guillehormigo,VioletaCussac
guillehormigo,jorsan
guillehormigo,vlake
guillehormigo,arrosado
guillehormigo,Pegicaa
guillehormigo,JaimeUrquiza
guillehormigo,EnkaPFernandez
guillehormigo,alvmb
guillehormigo,Eldelosgarbanzo
guillehormigo,AlfredoSuarezP
guillehormigo,Ged__
guillehormigo,AlbertoCR
guillehormigo,cinephile1980
guillehormigo,martttinass
guillehormigo,nachoarance
guillehormigo,raquelcsimon
guillehormigo,marinadiazd
guillehormigo,GonzaloSantonja
guillehormigo,larrypv97
guillehormigo,gradoca
guillehormigo,mariagarbau
guillehormigo,Gartiach
guillehormigo,maripuncho
guillehormigo,alvargonauta92
guillehormigo,CapitanPedales
guillehormigo,pinkoddity
guillehormigo,sobotka
guillehormigo,munta98
guillehormigo,jesusrg
guillehormigo,florlifschitz
guillehormigo,victoriaharg
guillehormigo,gomezmasdeu
guillehormigo,josanjosan
guillehormigo,alberfg
guillehormigo,gemmaguegue
guillehormigo,irenefmartin
guillehormigo,Ab3l
guillehormigo,edumaura
guillehormigo,Magdaleno
guillehormigo,Serpicco
guillehormigo,irenova
guillehormigo,jake_underscore
guillehormigo,sebastian_irso
guillehormigo,KurtZM
guillehormigo,ALazyCommunist
guillehormigo,elsofacama
guillehormigo,User120505
guillehormigo,MarcosGVilas
guillehormigo,arturocg93
guillehormigo,merylinares
guillehormigo,biankyekian
guillehormigo,Padhikan
guillehormigo,gaspachomv
guillehormigo,erikreeds
guillehormigo,Velillalup
guillehormigo,contreras372
guillehormigo,lp__ximena
guillehormigo,Merismatico
guillehormigo,guillealvidrez
guillehormigo,Batty
guillehormigo,ChiefMcMurphy
guillehormigo,Diego_N08
guillehormigo,aledroner
guillehormigo,KingSpider
guillehormigo,samuelfernandez
guillehormigo,Wayne_Miyazaki
guillehormigo,Thiago85
guillehormigo,maxivg
guillehormigo,vikyair
guillehormigo,bustin_uli
guillehormigo,mategarim
guillehormigo,Funky12
guillehormigo,Padimo02
guillehormigo,mrtoldo
guillehormigo,LouisMLB
guillehormigo,pirracas
guillehormigo,xcascantex
guillehormigo,radioholic
guillehormigo,beceiro1104
guillehormigo,Kiko_deJuan
guillehormigo,astarloa
guillehormigo,gabrieloshea
guillehormigo,EloyG8
guillehormigo,leydi_rossy
guillehormigo,Miguel_MG1131
guillehormigo,jesusnomequiere
guillehormigo,Cintadinho
guillehormigo,luciachicheri
guillehormigo,LuisLS
guillehormigo,PaulCurl
guillehormigo,Periferias
guillehormigo,jjm_24
guillehormigo,anaorgana
guillehormigo,RogerCres96Bar
guillehormigo,Rodri_Go
guillehormigo,rodolfosandino
guillehormigo,PutoNukem
guillehormigo,AnaHenao
guillehormigo,Rovira
guillehormigo,Vaf
guillehormigo,loulogioreviews
guillehormigo,paadiego
guillehormigo,Adri_93
guillehormigo,Rdosdedos
guillehormigo,analauralh
guillehormigo,Pedro_546
guillehormigo,AlejoR
guillehormigo,S96mira
guillehormigo,Lezcano
guillehormigo,Depunto
guillehormigo,paxtorfilms
guillehormigo,JavierEsteban
guillehormigo,VictCoca
guillehormigo,moure
guillehormigo,Brunovictorino
guillehormigo,gifndz
guillehormigo,andreuslim
guillehormigo,joseantoniopb
guillehormigo,Ninotchka
guillehormigo,lisselotplaza
guillehormigo,BCGuille
guillehormigo,carrmenbs
guillehormigo,Rutgerus86
guillehormigo,UnDetective
guillehormigo,xosemexuto
guillehormigo,firejuice
guillehormigo,H_G_Castano
guillehormigo,Blacklodge_Hans
guillehormigo,CucoTheMower
guillehormigo,pelisdepinguino
guillehormigo,RodrigoAndres
guillehormigo,manuelmarquez
guillehormigo,arruiname
guillehormigo,paamola
guillehormigo,guillerminh2000
guillehormigo,jorgesanz88
guillehormigo,dormiloncin
guillehormigo,hugogag
guillehormigo,Borja_Ibrahim
guillehormigo,xabeleiva
guillehormigo,sophuslie
guillehormigo,exoticeusebia
guillehormigo,zoeabril
guillehormigo,Spicolixlr97
guillehormigo,Apz
guillehormigo,albertocargu
guillehormigo,hectorap99
guillehormigo,ceam3000
guillehormigo,Delri5
guillehormigo,jaimegsa
guillehormigo,AlbaPastor
guillehormigo,seemily_play
guillehormigo,mikeluri
guillehormigo,DarckRevan
guillehormigo,Cristrinaranjus
guillehormigo,JorgeAce
guillehormigo,AlvaroPelagico
guillehormigo,albalilaa
guillehormigo,Lenguas97
guillehormigo,tania19
guillehormigo,Franquicia
guillehormigo,brunopicazo
guillehormigo,romeropab
guillehormigo,akerwoman
guillehormigo,Clara1378
guillehormigo,DDHM
guillehormigo,otherfinalgirl
guillehormigo,fabregatto
guillehormigo,Maincinema
guillehormigo,pedrotoro
guillehormigo,JavierLG
guillehormigo,WorldForgot
guillehormigo,Pewey
guillehormigo,CarlosBlanch
guillehormigo,ClaraCragnolino
guillehormigo,pablo_iv
guillehormigo,byaac
guillehormigo,ScaRty
guillehormigo,AmaiaZufiaur
guillehormigo,AleN99
guillehormigo,Samcine90
guillehormigo,cecidalvarez89
guillehormigo,davidpardi97
guillehormigo,andreanigro
guillehormigo,adritremp19
guillehormigo,Blanse
guillehormigo,Robercine
guillehormigo,S_Jon_
guillehormigo,mcvcamvi
guillehormigo,ezequiel2517
guillehormigo,alfreduus
guillehormigo,Julietabahia
guillehormigo,BicameralMind
guillehormigo,davizromero
guillehormigo,maspid
guillehormigo,mesiasmecanico
guillehormigo,luc1ia
guillehormigo,ripkao
guillehormigo,jlbarckly
guillehormigo,Yukasai
guillehormigo,jorgebergia
guillehormigo,Iaral
guillehormigo,ketaboyz
guillehormigo,MiguelRoman
guillehormigo,Anzuelo
guillehormigo,stchatham
guillehormigo,manueliss
guillehormigo,sofakingdumb
guillehormigo,alvarez9779
guillehormigo,angelacs9
guillehormigo,psychedelicvici
guillehormigo,AlbertGC
guillehormigo,devuelta
guillehormigo,MataTurin
guillehormigo,Unknown93
guillehormigo,uskiss
guillehormigo,DrDrakeRamoray
guillehormigo,Ivalfull
guillehormigo,TakisChampion
guillehormigo,mllvfrp
guillehormigo,urockbro
guillehormigo,Salanova
guillehormigo,anicate
guillehormigo,amirhorror
guillehormigo,lsoldano
guillehormigo,tallerubi
guillehormigo,thejosess
guillehormigo,an_t_ar
guillehormigo,ManInElevator
guillehormigo,martinsalernx
guillehormigo,javiblxnco
guillehormigo,JosephineGloria
guillehormigo,angildm
guillehormigo,christianmrtnz
guillehormigo,Lotilot
guillehormigo,fshtravis
guillehormigo,Lahoramagica
guillehormigo,mmmmmelia
guillehormigo,unailopezocio
guillehormigo,Daxter2000
guillehormigo,rigoayala
guillehormigo,JavieRomeo
guillehormigo,volandovengo
guillehormigo,JonSanSK8
guillehormigo,proxy_gyal
guillehormigo,pedromajito97
guillehormigo,AnnabelleSwirl
guillehormigo,mi4rola
guillehormigo,iridescence
guillehormigo,AminVillalba
guillehormigo,Colin_Maillard
guillehormigo,miguelit0
guillehormigo,JuanGL001
guillehormigo,rodasons
guillehormigo,SergioArgueso
guillehormigo,Craften
guillehormigo,Pamchu
guillehormigo,Valyria
guillehormigo,Faraone
guillehormigo,l45r4
guillehormigo,arrob0
guillehormigo,AndresTM
guillehormigo,Amarantt4
guillehormigo,crisexeflores
guillehormigo,marinasiero
guillehormigo,pikitorl
guillehormigo,flafferte
guillehormigo,FrancoRizzo
guillehormigo,ikanonakis
guillehormigo,lucioc
guillehormigo,diegomoratalla
guillehormigo,jesusrubio
guillehormigo,marmtrdz
guillehormigo,nicolatauri
guillehormigo,kikujiro
guillehormigo,msgatsby
guillehormigo,profetaloko
guillehormigo,Buesa7
guillehormigo,victorab
guillehormigo,glawc
guillehormigo,Josdospin
guillehormigo,arangutan
guillehormigo,jmrebollo
guillehormigo,_alvarocampoy_
guillehormigo,pilartaratoruga
guillehormigo,MrBike
guillehormigo,ElenaBrotons
heelena9,zachmwix
heelena9,jjm_24
heelena9,ralch2
heelena9,topfilmtuiter
heelena9,nilleta4ever
heelena9,paloma55
heelena9,Marcos_M_Rom
heelena9,EloyG8
heelena9,mapus_sytaste
heelena9,hetchy
heelena9,tevanglism
heelena9,blu_ray33
heelena9,AulaCineUCO
heelena9,OsoAmargado
heelena9,Imberetumbra
heelena9,derosaslagrimas
heelena9,LoloFrieza
heelena9,danny94
heelena9,croitorugabriel
heelena9,Juanka_rs
heelena9,ivancohe
heelena9,claudiacst
heelena9,Air_Fryer_
heelena9,avvvena
heelena9,Uve54
heelena9,IVANVIU
heelena9,blueblueblueme
heelena9,guillemfgx
heelena9,cinamoongrl
heelena9,TheLordOfWine
heelena9,httpnigel
heelena9,Danse_
heelena9,dogemainkra
heelena9,crisjm
heelena9,katerinakontog
heelena9,lusofer
heelena9,crucifixd
heelena9,ManisMyName
heelena9,aogur0ihysteria
heelena9,stefania22
heelena9,KayBunga
heelena9,fernnando
heelena9,barbiqiu
heelena9,lauraaldc
heelena9,josezenin
heelena9,la_amy_caro
heelena9,pakkkkkka
heelena9,Jorge_Trece
heelena9,negratomatera
heelena9,MarcNev
heelena9,alvasmata
heelena9,genzai_2
heelena9,Cburrell
heelena9,oberal
heelena9,taniaturner
heelena9,gleefantic
heelena9,armandoasis
heelena9,Alaitz
heelena9,naradlpozo
heelena9,moyito
heelena9,Miquel_PDH
heelena9,Juanky97
AlbertoMilano,ralch2
AlbertoMilano,aileoN2000
AlbertoMilano,MagnificoManto
AlbertoMilano,Damnitsandrew
AlbertoMilano,CeliaMora
AlbertoMilano,jorgeosso
AlbertoMilano,Simonsds
AlbertoMilano,paloma55
AlbertoMilano,SaraOniria
AlbertoMilano,Ged__
AlbertoMilano,jal90
AlbertoMilano,cinephile1980
AlbertoMilano,quber
AlbertoMilano,Tilonorinco
AlbertoMilano,dekan_flm
AlbertoMilano,andrescarpiio
AlbertoMilano,carool_1003
AlbertoMilano,tuberculosis00
AlbertoMilano,topfilmtuiter
AlbertoMilano,Liaa99
AlbertoMilano,pabloqc
AlbertoMilano,Franmartinez
AlbertoMilano,AntonioSanAlo99
AlbertoMilano,Chinochano
AlbertoMilano,clarasuno
AlbertoMilano,Burdan
AlbertoMilano,alvarocc97
AlbertoMilano,Alhuak
AlbertoMilano,ReyLag
AlbertoMilano,Chucho91
AlbertoMilano,Almudaina
AlbertoMilano,utges
AlbertoMilano,Lucian0Curt1
AlbertoMilano,LughVIII
AlbertoMilano,SergioGregorio
AlbertoMilano,rafaqc97
AlbertoMilano,jjm_24
Paula_Arantzazu,HelenCal
Paula_Arantzazu,javiier97
Paula_Arantzazu,Cloesinhache
Paula_Arantzazu,llIlIlIIllllIIl
Paula_Arantzazu,FerBrun
Paula_Arantzazu,Hipsipilaa
Paula_Arantzazu,ccbaxter2
Paula_Arantzazu,SrPurpura
Paula_Arantzazu,qoppamist
Paula_Arantzazu,ElCobertizo
Paula_Arantzazu,batsebas
Paula_Arantzazu,absiched
Paula_Arantzazu,AndreeaChiper
Paula_Arantzazu,Pablete_98
Paula_Arantzazu,OkupaRC
Paula_Arantzazu,amanda629
Paula_Arantzazu,Xangnesia
Paula_Arantzazu,Lowpper
Paula_Arantzazu,Muntaner
Paula_Arantzazu,MarcosV26
Paula_Arantzazu,Spoorloos
Paula_Arantzazu,Medusa15
Paula_Arantzazu,Endika
Paula_Arantzazu,juanmaruizp
Paula_Arantzazu,jeeves83
Paula_Arantzazu,aragoneses
Paula_Arantzazu,straubbhuillet
Paula_Arantzazu,Filmandera
Paula_Arantzazu,Systematicer
Paula_Arantzazu,weird_take
Paula_Arantzazu,becevi
Paula_Arantzazu,JavierJValencia
Paula_Arantzazu,Reborivera
Paula_Arantzazu,pauladeamigos
Paula_Arantzazu,Glorfindel7567
Paula_Arantzazu,Marcos_M_Rom
Paula_Arantzazu,Marcos_M_Romero
Paula_Arantzazu,Chulita
Paula_Arantzazu,EfectoDelia
Paula_Arantzazu,Rdosdedos
Paula_Arantzazu,dondelillo
Paula_Arantzazu,Juanky97
Paula_Arantzazu,MaboroshiMirage
Paula_Arantzazu,lenakoleno
Paula_Arantzazu,laaventuracine
Paula_Arantzazu,platanero
Paula_Arantzazu,krlosierra
Paula_Arantzazu,egalakotesh
Paula_Arantzazu,BigBull1
Paula_Arantzazu,elaguainmovil
Paula_Arantzazu,garloso
Paula_Arantzazu,korin
Paula_Arantzazu,Derkaiser2024
Paula_Arantzazu,figmare
Paula_Arantzazu,ricard_mamblona
Paula_Arantzazu,Yebu
Paula_Arantzazu,davidmd
Paula_Arantzazu,jmgaranto
Paula_Arantzazu,pele_alvaro
Paula_Arantzazu,MarinaQ
Paula_Arantzazu,Soidemersol
Paula_Arantzazu,Andres_Sorokin
Paula_Arantzazu,VICEStaff
Paula_Arantzazu,luciarormero
Paula_Arantzazu,CineExposure
Paula_Arantzazu,poluxlisbon
Paula_Arantzazu,Gymnopedie
Paula_Arantzazu,_brute_
Paula_Arantzazu,sunsetelsa
Paula_Arantzazu,bobertino
Paula_Arantzazu,santialveru
Paula_Arantzazu,Ged__
Paula_Arantzazu,pirracas
Paula_Arantzazu,Lavigne1967
Paula_Arantzazu,xosemfdez
Paula_Arantzazu,cinephile1980
Paula_Arantzazu,Abu222
Paula_Arantzazu,nadador_
Paula_Arantzazu,AntonioMagnolia
Paula_Arantzazu,Arenales_Javier
Paula_Arantzazu,fabregatto
Paula_Arantzazu,NestorJuez
Paula_Arantzazu,quber
Paula_Arantzazu,pablo_iv
Paula_Arantzazu,XaviRoca66
Paula_Arantzazu,sgila
Paula_Arantzazu,flabernardez
Paula_Arantzazu,haroldandmaude
Paula_Arantzazu,pepablanes
Paula_Arantzazu,Tensin
Paula_Arantzazu,cinemapirata
Paula_Arantzazu,Fran_Abandonad
Paula_Arantzazu,IvanGtz
Paula_Arantzazu,Machinegirrl
Paula_Arantzazu,tomhansen
Paula_Arantzazu,nadiabronte
Paula_Arantzazu,raizdevaleriana
Paula_Arantzazu,DianaXebe
Paula_Arantzazu,aryamanray
Paula_Arantzazu,iamsaif
Paula_Arantzazu,fshtravis
Paula_Arantzazu,pichadin
Paula_Arantzazu,hr_baehr
Paula_Arantzazu,Colmener
Paula_Arantzazu,Neon11
Paula_Arantzazu,jonrivero
Paula_Arantzazu,Colin_Maillard
Paula_Arantzazu,rodasons
Paula_Arantzazu,ExplodingBoy
Paula_Arantzazu,jal90
Paula_Arantzazu,Ivan_Suarez
Paula_Arantzazu,karim1992
Paula_Arantzazu,bookofchimeras
Paula_Arantzazu,topfilmtuiter
Paula_Arantzazu,elsaes
Paula_Arantzazu,sheeeeeeen
Paula_Arantzazu,PJPOVEDA
Paula_Arantzazu,maneldominguez
Paula_Arantzazu,martaarmengou
Paula_Arantzazu,anicate
Paula_Arantzazu,guxiguxi
Paula_Arantzazu,Umbracle
Paula_Arantzazu,Piotrr
Paula_Arantzazu,outkastatlast
Paula_Arantzazu,Nomadcinema
Paula_Arantzazu,mrtoldo
Paula_Arantzazu,devuelta
Paula_Arantzazu,ivanconte
Paula_Arantzazu,oyejuan
Paula_Arantzazu,partaura
Paula_Arantzazu,dafilmfestival
Paula_Arantzazu,atolladero
Paula_Arantzazu,edissa
Paula_Arantzazu,dafnethais
Paula_Arantzazu,ikanonakis
Paula_Arantzazu,ezequiel2517
Paula_Arantzazu,caoscinefilo
Juanky97,jal90
Juanky97,bogartiano
Juanky97,skieser
Juanky97,rosantiago
Juanky97,apricitydrea
Juanky97,C4rvo
Juanky97,emmaclaudette
Juanky97,Warlock347
Juanky97,gabsldd
Juanky97,l1nny
Juanky97,cherryontop999
Juanky97,elgwi
Juanky97,freakenstein
Juanky97,bibibergman
Juanky97,quenolisaqueno
Juanky97,Robles_
Juanky97,melynaxxo
Juanky97,NestorDlaVi
Juanky97,cristttobal
Juanky97,Miguel_003
Juanky97,_ru
Juanky97,ChicoOstra57
Juanky97,Carlos_Rios
Juanky97,hdmi333
Juanky97,will_llermo
Juanky97,verzoneenozrev
Juanky97,uryenbg
Juanky97,JuleeFloating
Juanky97,batsebas
Juanky97,Steinbruno
Juanky97,Vera_Amat
Juanky97,TarkovskyWorld
Juanky97,Miguelitross
Juanky97,alfoonsso
Juanky97,TaeSuk
Juanky97,Simonsds
Juanky97,DavidGS90
Juanky97,Zicaville
Juanky97,gorkalonso1
Juanky97,Imberetumbra
Juanky97,shookone
Juanky97,Hildy_Johnson_
Juanky97,AulaCineUCO
Juanky97,OsoAmargado
Juanky97,nataenbutaca
Juanky97,Elenasomething
Juanky97,AntonioCinefilo
Juanky97,farinelli_
Juanky97,DoranMartell
Juanky97,ThyArtIsMahler
Juanky97,Man_lazy
Juanky97,ttodayissunny
Juanky97,The_horrorlove
Juanky97,luxiecated
Juanky97,carmenlunaa
Juanky97,carlottasanz
Juanky97,juanjocerero
Juanky97,k_atia
Juanky97,paunovak
Juanky97,justpalo
Juanky97,galeanorozco
Juanky97,elenadiaz_01
Juanky97,vikaaxsh
Juanky97,rachelbenittez
Juanky97,Marcos_M_Rom
Juanky97,Marcos_M_Romero
Juanky97,beetleboy11
Juanky97,eldartarr
Juanky97,felipes
Juanky97,daireobyrne8
Juanky97,Bernatus
Juanky97,augustkeller
Juanky97,Eneak
Juanky97,emeku11
Juanky97,pakkkkkka
Juanky97,Sangretano
Juanky97,EfectoDelia
Juanky97,edgarfaber
Juanky97,alemartin
Juanky97,Rodri_Go
Juanky97,topfilmtuiter
Juanky97,EloyG8
Juanky97,jjm_24
Juanky97,lidiawright
Juanky97,KirilovMyshkin
Juanky97,WBurnneck
Juanky97,claveriamiguel
Juanky97,iiraa
Juanky97,533estudios
Juanky97,coasterdude420
Juanky97,MadeInHongKong
Juanky97,bapstarzz
Juanky97,marinaam696
Juanky97,Mariane_reki
Juanky97,Manex_mf
Juanky97,Carli94
Juanky97,_jvs05
Juanky97,jaahs
Juanky97,franxisss
Juanky97,Air_Fryer_
Juanky97,Attesitoo
Juanky97,jefferyisfilm
Juanky97,DancerInTheDar
Juanky97,hemorragia
Juanky97,picklebun
Juanky97,zzzmary
Juanky97,Alvaromm00
Juanky97,luispad
Juanky97,aa_rrr11
Juanky97,idkcrxs
Juanky97,AndreNDR
Juanky97,SEez112
Juanky97,amargadaaaaaa
Juanky97,DonFome
Juanky97,celiakiwilliams
Juanky97,peterriviera
Juanky97,nereidaa
Juanky97,guillemfgx
Juanky97,gbaquerofilms
Juanky97,CRRNQUE
Juanky97,Danse_
Juanky97,ElBandito
Juanky97,FJ_GM_cinema_04
Juanky97,ladyglesia
Juanky97,la_amy_caro
Juanky97,barbiqiu
Juanky97,lusofer
Juanky97,paloma55
Juanky97,dogemainkra
Juanky97,mjkmiguel
Juanky97,alexavilao
Juanky97,minvarp
Juanky97,EduBueso
Juanky97,SofinesG
Juanky97,gvstlsh
Juanky97,Travmovie123
Juanky97,TaccoZ
Juanky97,jordan666x
Juanky97,ibrahim_mitjans
Juanky97,LouisDeCyphre
Juanky97,Mies_Croto
Juanky97,Nmcay
Juanky97,lauvalya
Juanky97,Marcela_
Juanky97,Gladus2
Juanky97,juankenobi
Juanky97,derosaslagrimas
Juanky97,diavolik
Juanky97,Enei
Juanky97,Gar6HUE
Juanky97,BlueBoxer
Juanky97,Gymnopedie
Juanky97,andresbj
Juanky97,cborrallx
Juanky97,musikdramen
Juanky97,boleros
Juanky97,LoloFrieza
Juanky97,e1000ia
Juanky97,Laeliusss
Juanky97,juanom5
Juanky97,LasMarianas
Juanky97,CinoscaRarities
Juanky97,pomadita
Juanky97,dariio_9
Juanky97,Cineastacabron
Juanky97,bernax16
Juanky97,Janelly9
Juanky97,Ire_land
Juanky97,patosinfiltrar
Juanky97,WlRED_
Juanky97,Jjdbs03
Juanky97,liinowo
Juanky97,marnotratstvo
Juanky97,laloquiralte
Juanky97,yarkov
Juanky97,The_Kenny
Juanky97,Paulface30
Juanky97,Bannedalex
Juanky97,Rutgerus86
Juanky97,sbantiago
Juanky97,TheWriter
Juanky97,Uve54
Juanky97,Lerele
Juanky97,juanito_opio
Juanky97,IVANVIU
Juanky97,joehrmantraut4k
Juanky97,Bocadillodelomo
Juanky97,genzai_2
Juanky97,S3b4st14h
Juanky97,trieri4
Juanky97,Kruger_
Juanky97,oberal
Juanky97,abdlrahmanomar
Juanky97,itsqalid
Juanky97,robeg4llardo
Juanky97,Alaitz
Juanky97,moyito
Juanky97,naradlpozo
Juanky97,atopepaco
Juanky97,Goya345
Juanky97,Alberto1804
Juanky97,hadrilara
Juanky97,queenpi
Juanky97,mary_310
Juanky97,dessvelvet
Juanky97,emehachero_
Juanky97,Miquel_PDH
Juanky97,taniaturner
Juanky97,ABSR444
Juanky97,RandleENM
Juanky97,Albertocoxk
Juanky97,nezukokamado
Juanky97,heelena9
Juanky97,McBiggus
Juanky97,MarcNev
Juanky97,Ajay_Kokatsu
Juanky97,wheredtruthlies
Juanky97,Jotaaiemee
Juanky97,MrNobody94
Juanky97,DI_AX
Juanky97,sgt_murasaki
Juanky97,Sammylanister
Juanky97,Dante97
Juanky97,Polyethylene34
Juanky97,satashi2
Juanky97,JulianGiuliani
Juanky97,MarkMiller
Juanky97,JoestarDME
Juanky97,praseodymium
DanielQuinn,TigerYogi
DanielQuinn,eneko21
DanielQuinn,MarialeBernedo
DanielQuinn,Mr_Porter
DanielQuinn,gonzi__
DanielQuinn,dsvolpe
DanielQuinn,MaximErkin12345
DanielQuinn,manuelk
DanielQuinn,mldeckard
DanielQuinn,PavoPavete
DanielQuinn,Marcos_M_Rom
DanielQuinn,platanero
DanielQuinn,albertvanden
DanielQuinn,Kiko_deJuan
DanielQuinn,piggysuper8
DanielQuinn,pablo_virion
DanielQuinn,batsebas
DanielQuinn,santivega
DanielQuinn,Dyer_Wick
DanielQuinn,SergioArgueso
DanielQuinn,jaimesantafe
DanielQuinn,awzaq
DanielQuinn,luc4z0
DanielQuinn,verzoneenozrev
DanielQuinn,migueldomng
DanielQuinn,ne14
DanielQuinn,alonsodvt
DanielQuinn,javivalera
DanielQuinn,edcontrasena
DanielQuinn,FraterHerrMann
DanielQuinn,alvarg
DanielQuinn,xabeleiva
DanielQuinn,joaodmoraes
DanielQuinn,Salu2
DanielQuinn,qqch
DanielQuinn,diegorecoba
DanielQuinn,esnapur
DanielQuinn,petalo_de_sal
DanielQuinn,mariilau
DanielQuinn,NickTheSick
DanielQuinn,Hulkgazt13
DanielQuinn,timetolive
DanielQuinn,frederikruysch
DanielQuinn,pkmorla
DanielQuinn,fifoleCFC
DanielQuinn,ElFrikiCanario
DanielQuinn,BojackHuman
DanielQuinn,rubenmontero
DanielQuinn,cinefagota
DanielQuinn,dianaq
DanielQuinn,RamiroMatas
DanielQuinn,Se2025
DanielQuinn,alfredomzf
DanielQuinn,Nefertrip
DanielQuinn,juanjocerero
DanielQuinn,derosaslagrimas
DanielQuinn,luisru
DanielQuinn,MonsterVision
DanielQuinn,sobotka
DanielQuinn,Casiopea39
DanielQuinn,BearsVideo
DanielQuinn,matmlo
DanielQuinn,TeresaMaravilla
DanielQuinn,CharlsChap
DanielQuinn,SrLansky
DanielQuinn,kbrinkmann
DanielQuinn,miguelareina
DanielQuinn,kevincitero
DanielQuinn,GabrielNnz
DanielQuinn,CinemaManifesto
DanielQuinn,marcaskevin4
DanielQuinn,AxlRowser
DanielQuinn,GLMorlanes
DanielQuinn,onaovisto
DanielQuinn,killyommaro
DanielQuinn,Cutetoastheroad
DanielQuinn,Varun_Vijay
DanielQuinn,djsash
DanielQuinn,anri0320
DanielQuinn,romperstomper
DanielQuinn,qSanto
DanielQuinn,miguel_ele
DanielQuinn,ansans_
DanielQuinn,Air_Fryer_
DanielQuinn,bander7
DanielQuinn,Pablopaloma
DanielQuinn,AlbaPastor
DanielQuinn,AdeTroil
DanielQuinn,estelagonzalez
DanielQuinn,Gerrymg_19
DanielQuinn,albmoyano
DanielQuinn,malatesta19
DanielQuinn,Zapaz
DanielQuinn,int1980
DanielQuinn,pgeraldo
DanielQuinn,michelangelovq
DanielQuinn,Juanky97
DanielQuinn,gussgusgus
DanielQuinn,DesEsseintes89
DanielQuinn,lashojas
DanielQuinn,Iagosesto2006
DanielQuinn,3even3even
DanielQuinn,Blanchot
DanielQuinn,delaisla
DanielQuinn,JoseParrale
DanielQuinn,iagxss
DanielQuinn,Tuco23
DanielQuinn,BoomLight06
DanielQuinn,AP_Schoolwork
DanielQuinn,GatoEnTrinchera
DanielQuinn,Danse_
DanielQuinn,MathiasAndersen
DanielQuinn,gomezmasdeu
DanielQuinn,Vareludo
DanielQuinn,tdo77
DanielQuinn,kndel_01
DanielQuinn,carlchanga
DanielQuinn,luccacica
DanielQuinn,Pete00
DanielQuinn,mispeliculas_
DanielQuinn,m4ilsi
DanielQuinn,prodriale
DanielQuinn,Aninbus
DanielQuinn,aracelli19
DanielQuinn,luisniel
DanielQuinn,ahmed155
DanielQuinn,juanjo_jimenez
DanielQuinn,popecarfromcars
DanielQuinn,figmare
DanielQuinn,Sebasthos
DanielQuinn,Expiacion
DanielQuinn,fotofobia_cine
DanielQuinn,le_samourai_x
DanielQuinn,PigeWithNoName
DanielQuinn,LaQuimeraCult
DanielQuinn,Malukita
DanielQuinn,gorkalonso1
DanielQuinn,jesusnomequiere
DanielQuinn,fydme
DanielQuinn,lIlIlIlIlIlIlIl
DanielQuinn,pirracas
DanielQuinn,ChicoOstra57
DanielQuinn,jlbarckly
DanielQuinn,Sotocu
DanielQuinn,jaimeac
DanielQuinn,josanjosan
DanielQuinn,nellito
DanielQuinn,cocidocerebral
DanielQuinn,fischer_101
DanielQuinn,miiguelallberto
DanielQuinn,kaizenthecave
DanielQuinn,sanatorios
DanielQuinn,Rodri_Go
DanielQuinn,MrPinky
DanielQuinn,Nameisbenjamin
DanielQuinn,urielmora
DanielQuinn,aindanao
DanielQuinn,danielhls
DanielQuinn,MartialCantarel
DanielQuinn,Hildy_Johnson_
DanielQuinn,jillian_ruz
DanielQuinn,LaWatchlist
DanielQuinn,thonynho
DanielQuinn,LeroyFucik
DanielQuinn,ukazioa
DanielQuinn,Niagos
DanielQuinn,LainGelion
DanielQuinn,namecantbeblank
DanielQuinn,ilkevcl
DanielQuinn,elenacf
DanielQuinn,saudaddy_
DanielQuinn,pabloirot
DanielQuinn,Dtmompo
DanielQuinn,Cristrinaranjus
DanielQuinn,Rdosdedos
DanielQuinn,mati_cf
DanielQuinn,Mas0204
DanielQuinn,marinadn22
DanielQuinn,Ruven_Romero
DanielQuinn,moskitah
DanielQuinn,Gnomodesign
DanielQuinn,Ri_Rah2
DanielQuinn,betibakarrik
DanielQuinn,Bernatus
DanielQuinn,HugoRomero
DanielQuinn,postjuan
DanielQuinn,ElPelifomano
DanielQuinn,guxiguxi
DanielQuinn,OliveiraJohnny
DanielQuinn,39915041
DanielQuinn,andresgl
DanielQuinn,jesusrg
DanielQuinn,CaligariDoctor
DanielQuinn,rigoayala
DanielQuinn,JuanluSportello
DanielQuinn,TaniaP
DanielQuinn,Shohnny
DanielQuinn,arturocg93
DanielQuinn,RIVAS98
DanielQuinn,m0liner
DanielQuinn,GreenArrow777
DanielQuinn,amanda629
DanielQuinn,hagh__
DanielQuinn,olivermayorga
DanielQuinn,JoanCuadrado
DanielQuinn,Borinot
DanielQuinn,Jorge_Luis
DanielQuinn,Trueno
DanielQuinn,thoriel93
DanielQuinn,sr_traun
DanielQuinn,alemartin
DanielQuinn,TakisChampion
DanielQuinn,Banlieues
DanielQuinn,unicronloev
DanielQuinn,Nicoconka
DanielQuinn,MarcBallesteros
DanielQuinn,MaboroshiMirage
DanielQuinn,stonesjag
DanielQuinn,arthousecanon
DanielQuinn,claramarconato
DanielQuinn,DavidGS90
DanielQuinn,Rauuulcg
DanielQuinn,delacuca
DanielQuinn,daniele_giona
DanielQuinn,kenyamatok
DanielQuinn,Cinema2puntocer
DanielQuinn,Hitchcosis
DanielQuinn,Spencer1889
DanielQuinn,tania19
DanielQuinn,irenefmartin
DanielQuinn,VictorFresno
DanielQuinn,Eldelosgarbanzo
DanielQuinn,gondmayx
DanielQuinn,Ged__
DanielQuinn,JavierLG
DanielQuinn,rodasons
DanielQuinn,cinephile1980
DanielQuinn,Solina1871
DanielQuinn,barrenillusion
DanielQuinn,Magdaleno
DanielQuinn,astarloa
DanielQuinn,mlpv86
DanielQuinn,JuanGL001
DanielQuinn,davidpardi97
DanielQuinn,H_G_Castano
DanielQuinn,victorcastro
DanielQuinn,jQuiros__
DanielQuinn,CantStopTheBot
DanielQuinn,Jarsito
DanielQuinn,chicocorchea
DanielQuinn,raul8pm
DanielQuinn,Oofeliaa
DanielQuinn,elaguainmovil
DanielQuinn,AntonioMagnolia
DanielQuinn,oblomov314
DanielQuinn,EloyG8
DanielQuinn,oconde
DanielQuinn,YeongJae
DanielQuinn,antares_not
DanielQuinn,IvanMiguez
DanielQuinn,trikuxabi
DanielQuinn,marpacificos
DanielQuinn,juankenobi
DanielQuinn,luciachicheri
DanielQuinn,maciaflorit
DanielQuinn,Jorgemz
DanielQuinn,Midegeneracion
DanielQuinn,Lahoramagica
DanielQuinn,keshifilms
DanielQuinn,ygorgouvea
DanielQuinn,labegh
DanielQuinn,ells13
DanielQuinn,SoyUnaGafapasta
DanielQuinn,pablo_iv
DanielQuinn,daniallue
DanielQuinn,Rutgerus86
DanielQuinn,allyssonbenicio
DanielQuinn,violetaraykuaza
DanielQuinn,andre_alexandre
DanielQuinn,sratlantico
DanielQuinn,Arzu89
DanielQuinn,VICEStaff
DanielQuinn,AndresTM
DanielQuinn,SamuelLaser
DanielQuinn,granato
DanielQuinn,Lenguas97
DanielQuinn,albertsyco_
DanielQuinn,poetereau
DanielQuinn,fouraaaa96
DanielQuinn,quber
DanielQuinn,esther_grincon
DanielQuinn,Euphii
DanielQuinn,victim1999
DanielQuinn,julianbrennan28
DanielQuinn,cartonet
DanielQuinn,FrancoRizzo
DanielQuinn,fabregatto
DanielQuinn,RodrigoAndres
DanielQuinn,deck03
DanielQuinn,fran97
DanielQuinn,Mariano
DanielQuinn,Trotsky97
DanielQuinn,dondelillo
DanielQuinn,alphonse
DanielQuinn,marcoagf
DanielQuinn,BeetBeatBit
DanielQuinn,Azureasfilms
DanielQuinn,noroit
DanielQuinn,Opie_12
DanielQuinn,DarthKaze
DanielQuinn,Padimo02
DanielQuinn,carmenmcab
DanielQuinn,Giovan5
DanielQuinn,P_G_C
DanielQuinn,MateoCU
DanielQuinn,clarakinski
DanielQuinn,_Carlos_
DanielQuinn,akerwoman
DanielQuinn,enaut_
DanielQuinn,velvetkarmen
DanielQuinn,aspi12
DanielQuinn,fedemuchogusto
DanielQuinn,Oraj
DanielQuinn,omnieya
DanielQuinn,fedebillie
DanielQuinn,carlosnavarrosu
DanielQuinn,spuas
DanielQuinn,crismahe
DanielQuinn,yoelwalas
DanielQuinn,bustinduy
DanielQuinn,atrashorrasjr
DanielQuinn,Amorfismolejano
DanielQuinn,anderuribarri
DanielQuinn,tallercineyfilo
DanielQuinn,ramiroc
DanielQuinn,Abu222
DanielQuinn,HAKern
DanielQuinn,AmaiaZufiaur
DanielQuinn,Saba1e7e
DanielQuinn,marcohdez
DanielQuinn,andreanigro
DanielQuinn,ricbritojr
DanielQuinn,YeraiM
DanielQuinn,Thiagochalon
DanielQuinn,FerHerce
DanielQuinn,Cinicov
DanielQuinn,S_Jon_
DanielQuinn,jaimelorite
DanielQuinn,Simonsds
DanielQuinn,kermodinamika
DanielQuinn,jpRodrigues
DanielQuinn,an_t_ar
DanielQuinn,Cenital
DanielQuinn,r0ktim
DanielQuinn,luflies
DanielQuinn,firejuice
DanielQuinn,macanxxi
DanielQuinn,Glorfindel7567
DanielQuinn,jmrebollo
DanielQuinn,synthemesco
DanielQuinn,codeine
DanielQuinn,mariavvss
DanielQuinn,AnnabelleSwirl
DanielQuinn,FvLluis
DanielQuinn,LynxTO
DanielQuinn,valde5a7
DanielQuinn,JonSanSK8
DanielQuinn,jakesfilmss
DanielQuinn,Madphoon
DanielQuinn,Paul_Benis
DanielQuinn,shueko
DanielQuinn,Melocotonazo11
DanielQuinn,skatonny
DanielQuinn,anxvi
DanielQuinn,Menas_Jokas
DanielQuinn,mytasteistrash
DanielQuinn,paloma55
DanielQuinn,paydemango
DanielQuinn,adricollantex
DanielQuinn,dobleL
DanielQuinn,PaulCurl
DanielQuinn,MataTurin
DanielQuinn,Sofiavpf
DanielQuinn,PezEspada
DanielQuinn,thiagofilardi
DanielQuinn,davidgc96
DanielQuinn,bergmantonioni
DanielQuinn,uskiss
DanielQuinn,fgonzalezse
DanielQuinn,Amani_Marshall
DanielQuinn,nandoconde
DanielQuinn,HenriDanglard
DanielQuinn,SpongeBobAndPat
DanielQuinn,fena
DanielQuinn,olilangley
DanielQuinn,jorgepm91
DanielQuinn,Cristian92
DanielQuinn,1dia1peli
DanielQuinn,frnndlcs
DanielQuinn,UnEspectador
DanielQuinn,AminVillalba
DanielQuinn,AlCorona
DanielQuinn,jburset1
DanielQuinn,luprifer99
DanielQuinn,Colin_Maillard
DanielQuinn,Ciskiko
DanielQuinn,urockbro
DanielQuinn,MikeMeltzer
DanielQuinn,repaleta
DanielQuinn,fshtravis
DanielQuinn,HelenWelonmelon
DanielQuinn,Benavente
DanielQuinn,adrianet93
DanielQuinn,lucapoe
DanielQuinn,juanamita
DanielQuinn,belenmarc15
DanielQuinn,marctorres
DanielQuinn,1999_sohu
DanielQuinn,hobbitillo
DanielQuinn,Santiag0o
DanielQuinn,Colmener
DanielQuinn,kopinaxd
DanielQuinn,j2c6
DanielQuinn,GuiLlePeli9
DanielQuinn,ezequiel2517
DanielQuinn,elchampo
DanielQuinn,YulanF
DanielQuinn,Tambour1ne
DanielQuinn,glawc
DanielQuinn,ikanonakis
DanielQuinn,Mann_Ohne_Namen
DanielQuinn,Javchas
DanielQuinn,certainwalt
DanielQuinn,edissa
DanielQuinn,Rene03
DanielQuinn,topfilmtuiter
DanielQuinn,Cinematofilo
DanielQuinn,seemily_play
DanielQuinn,msgatsby
DanielQuinn,JuuanManuelAT
DanielQuinn,Ruben0
DanielQuinn,CAVAL_____
DanielQuinn,slombardia
DanielQuinn,CristinaYG
DanielQuinn,Brunovictorino
DanielQuinn,EL_NOT4
DanielQuinn,Nachogrim
DanielQuinn,manuroma
DanielQuinn,pablo_munyoz
DanielQuinn,anaorgana
DanielQuinn,elsofacama
DanielQuinn,XuZejie1997
DanielQuinn,xosemfdez
DanielQuinn,Yorda
DanielQuinn,aralonso
DanielQuinn,esternchen
DanielQuinn,amirhorror
DanielQuinn,Gannith
DanielQuinn,PolPjn
DanielQuinn,ignaciobarrios
DanielQuinn,alfredolunap
DanielQuinn,MabuseCaligari
DanielQuinn,Selasor
DanielQuinn,Vedderman2
DanielQuinn,Innocent
DanielQuinn,Pauixitador
DanielQuinn,Salanova
DanielQuinn,stottiain
DanielQuinn,straubbhuillet
DanielQuinn,critconc
DanielQuinn,DJH12
DanielQuinn,mascineporfavor
DanielQuinn,Jaun
DanielQuinn,Mikio_Fassberma
DanielQuinn,Estrella5zul
DanielQuinn,Caandamo
DanielQuinn,estebanicm
DanielQuinn,MikelEtxebarria
DanielQuinn,Malala
DanielQuinn,NakuRandom
DanielQuinn,will_llermo
DanielQuinn,Leguroz
DanielQuinn,Alberto87FR
DanielQuinn,rupetas19
DanielQuinn,jjm_24
DanielQuinn,MuzWot
DanielQuinn,KurtZM
DanielQuinn,Bailey_F
DanielQuinn,nickland
DanielQuinn,julianglezg
DanielQuinn,andonimaz
DanielQuinn,ComandanteOso
DanielQuinn,offhook
DanielQuinn,Kansas
DanielQuinn,einberg
DanielQuinn,MiguelMSH
DanielQuinn,anaale
DanielQuinn,LTBookman
DanielQuinn,ryuqueer
DanielQuinn,A_Karerina
DanielQuinn,jobafa
DanielQuinn,apeacefulguy
DanielQuinn,andrewpark86
DanielQuinn,joseamores65
DanielQuinn,Faure
DanielQuinn,chaotic_hugo
DanielQuinn,Adrianrc_6
DanielQuinn,GeorgeRodrigues
DanielQuinn,Gabriel00
DanielQuinn,Adrio
DanielQuinn,MaximErkin
DanielQuinn,dbarranco
DanielQuinn,jgorton22
DanielQuinn,Austrohungaro
DanielQuinn,kaarlenberg
DanielQuinn,AdrianVieitez
DanielQuinn,Beatase
DanielQuinn,mendito
DanielQuinn,170598
DanielQuinn,RogerCres96Bar
DanielQuinn,korin
DanielQuinn,zahrada
DanielQuinn,post_duchowy
DanielQuinn,itsmerocio
DanielQuinn,turbochavala
DanielQuinn,lindley
DanielQuinn,mk1993
DanielQuinn,DiegoGlenn
DanielQuinn,igortxu
DanielQuinn,Batty
DanielQuinn,Francis87
DanielQuinn,nikp_
DanielQuinn,ritmomagico
DanielQuinn,slayerkinney
DanielQuinn,ScaRty
DanielQuinn,guillehormigo
DanielQuinn,isaacbarragan
DanielQuinn,Ivan_Suarez
DanielQuinn,pablofdezperez
DanielQuinn,robgordon
DanielQuinn,valenbajos
DanielQuinn,ReySol
DanielQuinn,omarobles00
DanielQuinn,novistenada
DanielQuinn,Dankar
DanielQuinn,bigalex97
DanielQuinn,muathuthanhbinh
DanielQuinn,salvasupongo
DanielQuinn,Arenales_Javier
DanielQuinn,alvySinger_
DanielQuinn,cinefils
DanielQuinn,A_de_la_Hoz
DanielQuinn,BeneGesserit
DanielQuinn,uryenbg
DanielQuinn,Adam_Kadmon
DanielQuinn,Ninotchka
DanielQuinn,NateFisher
DanielQuinn,Carlos_GMen
DanielQuinn,mpinkfloyd
DanielQuinn,Lisianthus
DanielQuinn,utges
DanielQuinn,Ricky_QD82
DanielQuinn,Thomkeaton
DanielQuinn,nguyenhiepthanh
DanielQuinn,Siroguh
DanielQuinn,Phalaen0psis
DanielQuinn,asbrom
DanielQuinn,Travis76
DanielQuinn,hanry1998
DanielQuinn,mmgarnica
DanielQuinn,anvitoria
DanielQuinn,ananula
DanielQuinn,Espatula
DanielQuinn,tystnaden
DanielQuinn,erredeme
DanielQuinn,steevo
DanielQuinn,ExplodingBoy
DanielQuinn,RoberBernas
DanielQuinn,LBaena
DanielQuinn,Yukasai
DanielQuinn,kerstray
DanielQuinn,drogaudix
DanielQuinn,nesetel
DanielQuinn,MafaldaAlegre
DanielQuinn,Siberian
DanielQuinn,RachelMyGod
DanielQuinn,atekarri
DanielQuinn,Daniblacksmoke
DanielQuinn,mahone9now9
DanielQuinn,PUNQ
DanielQuinn,jal90
DanielQuinn,pele_alvaro
DanielQuinn,efebatlle
DanielQuinn,Cesaretto
DanielQuinn,Isaac98tm
DanielQuinn,FaildeGuionista
DanielQuinn,cristianlopez
DanielQuinn,dani0obscuri
DanielQuinn,MarioIglesias
DanielQuinn,militarpancho
DanielQuinn,Endika
DanielQuinn,Lobo_Lopez
DanielQuinn,BoostGuardian
DanielQuinn,migblah
DanielQuinn,ventura111
DanielQuinn,irca
DanielQuinn,mrtoldo
DanielQuinn,juanchomntr
DanielQuinn,aixa72
DanielQuinn,DanielEscaners
DanielQuinn,Vicioinherente
DanielQuinn,jasikedevicius
Simonsds,HelenCal
Simonsds,millanvo
Simonsds,erikgonlaf
Simonsds,JuananSalmeron
Simonsds,paula310
Simonsds,waLlyBeaVeRs
Simonsds,kurtzmagazine
Simonsds,RawbPeople
Simonsds,_josep
Simonsds,braysefe
Simonsds,beatrizasin
Simonsds,yusera
Simonsds,Marcos_Inc
Simonsds,Hochibochi
Simonsds,miqueldg
Simonsds,bojan1
Simonsds,adamhakimi
Simonsds,VeggieBurgher
Simonsds,consdesalvaje
Simonsds,b_2a
Simonsds,swaldo
Simonsds,literalquien69
Simonsds,eddiedwywer
Simonsds,pshycoticbeats
Simonsds,enriquediezz
Simonsds,Wojtus12_
Simonsds,Muntaner
Simonsds,RaffVader
Simonsds,begopmds
Simonsds,PK418
Simonsds,bbee_podcast
Simonsds,Irmavep23
Simonsds,figmare
Simonsds,yashabooeeyy33
Simonsds,charlsrf
Simonsds,Tiberio_
Simonsds,verzoneenozrev
Simonsds,xilvi
Simonsds,NYHeraldTribune
Simonsds,lafuentealex
Simonsds,Hitchcosis
Simonsds,Javiju
Simonsds,omarflores11
Simonsds,maximo_
Simonsds,parhelic
Simonsds,fabregatto
Simonsds,DanielEscaners
Simonsds,actor123
Simonsds,jorgepm91
Simonsds,MartialCantarel
Simonsds,ExplodingBoy
Simonsds,ReyTrillana
Simonsds,Naughty
Simonsds,otrolopez
Simonsds,Alexandre_Singh
Simonsds,ngladape
Simonsds,Natamonc
Simonsds,AngelesDeLos
Simonsds,eusse
Simonsds,tiredan89
Simonsds,AporelOscar
Simonsds,AlbertoVicente_
Simonsds,GTFmagazione
Simonsds,iamfranlopez
Simonsds,gemaloop
Simonsds,reemiooo
Simonsds,joofe11
Simonsds,nicodiodo
Simonsds,FilmCanet
Simonsds,gardenrofeden
Simonsds,Casiopea39
Simonsds,DoranMartell
Simonsds,shadow98
Simonsds,kbrinkmann
Simonsds,swagjoy
Simonsds,Krismodeus
Simonsds,alejurgi
Simonsds,viicard
Simonsds,Toxicosmos
Simonsds,Dejan86
Simonsds,JavierZxs
Simonsds,batsebas
Simonsds,itsslorah
Simonsds,HansSchneider
Simonsds,csant7up
Simonsds,Serafimx_
Simonsds,mencialpzsan
Simonsds,92lost93
Simonsds,Mcheib
Simonsds,SNOWspring
Simonsds,CorleyOnThShore
Simonsds,ChrisGC27
Simonsds,borjanandez
Simonsds,leo_nobody
Simonsds,JoshuaCurtis
Simonsds,Davigalli
Simonsds,alemartin
Simonsds,smuca
Simonsds,nauzetmelian
Simonsds,Alberto87FR
Simonsds,adri_5003
Simonsds,TaeSuk
Simonsds,dondelillo
Simonsds,dafilmfestival
Simonsds,Zurro85
Simonsds,davidmd
Simonsds,Vladimirovsky
Simonsds,Lukinha_crispim
Simonsds,Gabbriel
Simonsds,Dicky_
Simonsds,laurafornelio
Simonsds,Rauuulcg
Simonsds,Rudorado
Simonsds,GarrickD
Simonsds,carmengaresc
Simonsds,paulitabrown
Simonsds,PauBoxOffice
Simonsds,OscarRus
Simonsds,albeertoobrr
Simonsds,nelm23
Simonsds,ahmed155
Simonsds,ells13
Simonsds,encadenados
Simonsds,elisra
Simonsds,rubenmontero
Simonsds,Kinxocas
Simonsds,cabimuz
Simonsds,AdamOviedo
Simonsds,Beat_Phil
Simonsds,PedroMoral
Simonsds,schratzi
Simonsds,LocnarPDX
Simonsds,unadevaqueros
Simonsds,Nistaler
Simonsds,edgarfaber
Simonsds,osmanpadilla
Simonsds,VictorSs
Simonsds,Ayrin8
Simonsds,aliercivan
Simonsds,ros4l_
Simonsds,glezsantaolalla
Simonsds,cokitofreskito
Simonsds,StaggerLee42
Simonsds,Jesulin22
Simonsds,mmirones7
Simonsds,ThomasVaysse
Simonsds,DeividDiGiel
Simonsds,jorsan
Simonsds,OllyBishop
Simonsds,sexycritico
Simonsds,ElTigre98
Simonsds,javisomoza
Simonsds,roberawards
Simonsds,movieists
Simonsds,Claudia_Garig
Simonsds,jorgedechicha
Simonsds,MrLombreeze
Simonsds,josephhagan75
Simonsds,The_horrorlove
Simonsds,Kazeik
Simonsds,grin_organa
Simonsds,eternalitytan
Simonsds,Gymnopedie
Simonsds,sakurass
Simonsds,Espejo3
Simonsds,nichedeath
Simonsds,jiajieyy
Simonsds,emedj
Simonsds,genzai_2
Simonsds,arturocg93
Simonsds,axelbianchi97
Simonsds,carluke6
Simonsds,Film_street
Simonsds,topfilmtuiter
Simonsds,sunsetelsa
Simonsds,CAVAL_____
Simonsds,rodasons
Simonsds,poesierock
Simonsds,bigvague
Simonsds,CinoscaRarities
Simonsds,salvador01_
Simonsds,Laparadadelcine
Simonsds,jlizaran
Simonsds,Borinot
Simonsds,ale1299
Simonsds,zapruderpics
Simonsds,Manuki
Simonsds,rosebudshears
Simonsds,gorkalonso1
Simonsds,Intrepid815
Simonsds,davidsansun
Simonsds,aangellowa
Simonsds,cloudbusting_
Simonsds,SirWilfrid
Simonsds,pablooo011
Simonsds,Josdospin
Simonsds,rafalv
Simonsds,Lettucce
Simonsds,retro_walton
Simonsds,Cinejavi
Simonsds,sowrender
Simonsds,ZillZon
Simonsds,lahugueta
Simonsds,lamorsa
Simonsds,AlvaroAlbar
Simonsds,LaCaneli
Simonsds,bernax16
Simonsds,jmromanos
Simonsds,DavidGS90
Simonsds,Jarsito
Simonsds,DavidNP78
Simonsds,MundoRath
Simonsds,elenacf
Simonsds,Lubilder
Simonsds,paloma55
Simonsds,Jorgemz
Simonsds,jal90
Simonsds,m0liner
Simonsds,Lavigne1967
Simonsds,lauraflorezc_ob
Simonsds,Handyones
Simonsds,krlosierra
Simonsds,CinefiliaCult
Simonsds,Jordikouji
Simonsds,aprendercine
Simonsds,jacm
Simonsds,prodriale
Simonsds,DianaChinea
Simonsds,SergiodelCampo
Simonsds,bernax24
Simonsds,kioravisakat
Simonsds,Adriii
Simonsds,Hildy_Johnson_
Simonsds,majitob
Simonsds,merel_al
Simonsds,Leogufe
Simonsds,daama
Simonsds,TelloTelloTello
Simonsds,Murdine
Simonsds,Lucipv02
Simonsds,HelenWelonmelon
Simonsds,miarblas
Simonsds,albertodlr
Simonsds,mikeru1399
Simonsds,MrWhite911
Simonsds,KennyLee
Simonsds,pablouribe
Simonsds,adriaSimon
Simonsds,manuroma
Simonsds,Ankindol_j1
Simonsds,ManuelBartual
Simonsds,pepablanes
Simonsds,cineurbe
Simonsds,lateralus12501
Simonsds,DSmith724
Simonsds,Presslie
Simonsds,bandinisvevo
Simonsds,citoyen
Simonsds,javiplvr
Simonsds,helosoccerfan
Simonsds,lovliet
Simonsds,Oraj
Simonsds,antoniopozueco
Simonsds,sillycatmom
Simonsds,cinemapoodle
Simonsds,eclecticmovies
Simonsds,Tankgrrrl
Simonsds,sirkafka
Simonsds,virginiagalan
Simonsds,GFilms
Simonsds,nejolin
Simonsds,TeletextDreamer
Simonsds,Apz
Simonsds,CavaloManco
Simonsds,Rob3rtolm
Simonsds,GuiMaia
Simonsds,monarig
Simonsds,angildm
Simonsds,jerryricochet
Simonsds,marioquema
Simonsds,22puddings
Simonsds,luisaceitunop
Simonsds,DanielQuinn
Simonsds,amirhorror
Simonsds,SusanWheeler
Simonsds,martegani2564
Simonsds,hakankerimpakca
Simonsds,cortinhas
Simonsds,Gavin23bales
Simonsds,SkyGene
Simonsds,Marshall4real
Simonsds,frankharmonica_
Simonsds,adricollantex
Simonsds,Javi_Garcia03
Simonsds,Labr0mainfinita
Simonsds,myliki
Simonsds,Vikander10
Simonsds,afterrequiem
Simonsds,llimoo
Simonsds,MikelGParra
Simonsds,Thephantomastic
Simonsds,Username07
Simonsds,Johnwbell109
Simonsds,xab_Brannigan
Simonsds,JoanCuadrado
Simonsds,kittypercy
Simonsds,profetaloko
Simonsds,MrLog
Simonsds,PoloMenarguez
Simonsds,raquelcsimon
Simonsds,mattegrb
Simonsds,LauraCBel
Simonsds,ferhood
Simonsds,MarcoZarazua
Simonsds,viedeflavie
Simonsds,CinemaTweets
Simonsds,GuiLlePeli9
Simonsds,_Lluis_
Simonsds,ragua
Simonsds,alexfblasco
Simonsds,jose2ur
Simonsds,calumh10
Simonsds,JohnPluto88
Simonsds,sabinazaman
Simonsds,fybrevis
Simonsds,DavidGMino
Simonsds,matthewzeitoun
Simonsds,breakit
Simonsds,guxiguxi
Simonsds,jdbrecords
Simonsds,uncon_film_nerd
Simonsds,jeremyheilman
Simonsds,The_Counselor
Simonsds,DaniDelCasar
Simonsds,Ikisabi
Simonsds,OceansReviews
Simonsds,chantelblake
Simonsds,JonSanSK8
Simonsds,azwan124
Simonsds,kerem_akca
Simonsds,deepdarque
Simonsds,ModelCitizen
Simonsds,ersycodelia
Simonsds,Shao_liu_ringon
Simonsds,Jblanch
Simonsds,Ven_Blasco
Simonsds,pimkoz
Simonsds,acboff88
Simonsds,Reborivera
Simonsds,bunnygloves
Simonsds,reassurance
Simonsds,drjonty
Simonsds,ILasierra
Simonsds,Txe_Lop
Simonsds,Henryg9876
Simonsds,gdornelescastro
Simonsds,thenumbers
Simonsds,DeadParrotMatt
Simonsds,WillMcavoy
Simonsds,Lencho_o_t_Apes
Simonsds,McBiggus
Simonsds,bearsarecoming
Simonsds,oraculopodcast
Simonsds,Jaden2798
Simonsds,luisavilaz
Simonsds,danielmmantilla
Simonsds,PowWow
Simonsds,joseluisruizcla
Simonsds,wilhelmve
Simonsds,guillehormigo
Simonsds,EdgarBurgos
Simonsds,agusagustin
Simonsds,LionelLassie
Simonsds,NoneXIV
Simonsds,Colin_Maillard
Simonsds,jmrebollo
Simonsds,Carlos_
Simonsds,Filmalternative
Simonsds,bigalex97
Simonsds,hectorap99
Simonsds,jaredmobarak
Simonsds,SaborDeSoledad
Simonsds,FernandoChaves
Simonsds,luquitiqui
Simonsds,blackdiesel
Simonsds,jaimew
Simonsds,Josebarrientos
Simonsds,Martinezglydia
Simonsds,cesarandrz
Simonsds,RupertPupkinn
Simonsds,Tumbletoppel
Simonsds,Elenid81
Simonsds,Selasor
Simonsds,Assploitation
Simonsds,clarasll
Simonsds,martinfrancisco
Simonsds,nickygra97
Simonsds,m0rningsafter
Simonsds,AndReUU
Simonsds,fbootz
Simonsds,Gizzu
Simonsds,EvrenZeybek
Simonsds,neilmaclean
Simonsds,NeoBhatia
Simonsds,barbsalv
Simonsds,Mauriciobm
Simonsds,Kieckhefer
Simonsds,OSiddharta
Simonsds,BenReavey2005
Simonsds,arturo03_
Simonsds,sneezeghost
Simonsds,PatriciaG
Simonsds,CineFan2049
Simonsds,emilopez
Simonsds,delfincannibal
Simonsds,JavierSC
Simonsds,MaikeIlona
Simonsds,RaulC
Simonsds,lebleuchris
Simonsds,omalleyg
Simonsds,SergiBarnet
Simonsds,CameronSemple
Simonsds,tristanfrench
Simonsds,florueta
Simonsds,coleya
Simonsds,zach_nabors
Simonsds,tomneedsaglass
Simonsds,Inspector
Simonsds,The_Shape_
Simonsds,Craigz23
Simonsds,victorab
Simonsds,MafaldaAlegre
Simonsds,MarianaVazano
Simonsds,christianmrtnz
Simonsds,FoofDeckman
Simonsds,clarogm
Simonsds,ptacekethx
Simonsds,tmaito
Simonsds,nicotete
Simonsds,Krisholmes
Simonsds,shimatetsuo
Simonsds,Markelretu
Simonsds,Kyleoren67
Simonsds,charlyr2d2
Simonsds,lermontov1948
Simonsds,kenru
Simonsds,manuelk
Simonsds,FrankRitz
Simonsds,Maties_TP
Simonsds,gabrielwry
Simonsds,L0ngu1
Simonsds,javinm29
Simonsds,lukasisasleep
Simonsds,ryuqueer
Simonsds,hamfruitcake
Simonsds,landonschu
Simonsds,Frodriguez29
Simonsds,elpidasmovies
Simonsds,ScaredRooster
Simonsds,ZigoAbsent
Simonsds,bresfilms41
Simonsds,marilynaffair
Simonsds,Englishpsycho
Simonsds,O_SeRKaN_O
Simonsds,Endika
Simonsds,senhordarko
Simonsds,ChrisCarr1
Simonsds,fapm
Simonsds,rawbehr
Simonsds,vincibles
Simonsds,nino98
Simonsds,alain_pixar
Simonsds,JLPickguard
Simonsds,kvela
Simonsds,Tarek007
Simonsds,angelasanchez
Simonsds,Haize
Simonsds,pilartaratoruga
Simonsds,josephhagan96
Simonsds,juanamita
Simonsds,javiroiz
Simonsds,jbarler
Simonsds,albertvanden
Simonsds,_keeschalmers
Simonsds,Punctum
Simonsds,bradychilds
Simonsds,TwoCineasts
Simonsds,christo1
Simonsds,DaveBowman
Simonsds,nisargkhatri
Simonsds,serivs
Simonsds,JesusTeatrero
Simonsds,nadiabronte
Simonsds,fightclubitis
Simonsds,jeferson3barbos
Simonsds,Tripley
Simonsds,dallashaldune
Simonsds,Panelli14
Simonsds,sgila
Simonsds,throb_bennett
Simonsds,Mattwalk
Simonsds,mulholllandrive
Simonsds,GuilhermeCianfa
Simonsds,mattyDraps
Simonsds,oyejuan
Simonsds,MichelSabbe
Simonsds,jeroendumoulein
Simonsds,Txarles
Simonsds,Belenapadget
Simonsds,Macarena
Simonsds,JimmyXin
Simonsds,p_maqueda
Simonsds,graciela_
Simonsds,aragoneses
Simonsds,aliciabc5
Simonsds,Michael_Scott
Simonsds,dennisdictus
RachelMyGod,ralch2
RachelMyGod,TigerYogi
RachelMyGod,pelisengalego
RachelMyGod,carlossanchez22
RachelMyGod,morganic_
RachelMyGod,edcontrasena
RachelMyGod,grpcine_
RachelMyGod,Caua7B
RachelMyGod,masmariansita
RachelMyGod,Gonza2020
RachelMyGod,Mr_Tixba
RachelMyGod,HazeEstebanUt03
RachelMyGod,javiier97
RachelMyGod,joaoguilherme
RachelMyGod,AmaiaZufiaur
RachelMyGod,kyleennui
RachelMyGod,_mrc
RachelMyGod,MaboroshiMirage
RachelMyGod,Epistemusing93
RachelMyGod,danifutb
RachelMyGod,mattozo
RachelMyGod,_tedepeperina
RachelMyGod,Jcuevaeliz
RachelMyGod,maesepenin
RachelMyGod,cevichitosinaji
RachelMyGod,davidit
RachelMyGod,jaimeascasoo_
RachelMyGod,pablo_virion
RachelMyGod,ElCobertizo
RachelMyGod,carmencarrasco
RachelMyGod,raufashuri
RachelMyGod,yungjey2001
RachelMyGod,bareto_skater
RachelMyGod,jjm_24
RachelMyGod,MrDecrux
RachelMyGod,Julianamr
RachelMyGod,perlamakhoull
RachelMyGod,ppzo
RachelMyGod,verzoneenozrev
RachelMyGod,fernandoOB
RachelMyGod,Aliyja
RachelMyGod,migueldomng
RachelMyGod,3motomanu3
RachelMyGod,marderosas
RachelMyGod,SamuelLaser
RachelMyGod,Danse_
RachelMyGod,jevota
RachelMyGod,Carlosgtf21
RachelMyGod,Casiopea39
RachelMyGod,estelagonzalez
RachelMyGod,Chvpakabras
RachelMyGod,Dietrico
RachelMyGod,lott_offline
RachelMyGod,ju4njose
RachelMyGod,GerardMF
RachelMyGod,loyasito
RachelMyGod,batsebas
RachelMyGod,malkuthketer
RachelMyGod,joaodmoraes
RachelMyGod,Marchiaro
RachelMyGod,doughnuts787
RachelMyGod,manoguss
RachelMyGod,esnapur
RachelMyGod,IsolarH
RachelMyGod,cglrr
RachelMyGod,OliveiraJohnny
RachelMyGod,Arthur_Barros
RachelMyGod,vnder
RachelMyGod,Konstantin_Ch
RachelMyGod,DoranMartell
RachelMyGod,JuleeFloating
RachelMyGod,cosmob
RachelMyGod,nachozullo
RachelMyGod,TheoVivas
RachelMyGod,BillyJoy
RachelMyGod,RomaSchaefer
RachelMyGod,pablocine1
RachelMyGod,Labr0mainfinita
RachelMyGod,Hawary
RachelMyGod,eduviges_dyada
RachelMyGod,cytril
RachelMyGod,tohavenothold
RachelMyGod,brunodzv
RachelMyGod,luisru
RachelMyGod,DamnedMartian
RachelMyGod,ojoseroberto
RachelMyGod,Filmandera
RachelMyGod,cartonet
RachelMyGod,florolino
RachelMyGod,Sirah_Wiedemann
RachelMyGod,fish_inn
RachelMyGod,fifoleCFC
RachelMyGod,MizoFord
RachelMyGod,igorlaine
RachelMyGod,endcometoosoon
RachelMyGod,JMGonzalez
RachelMyGod,klinfilm
RachelMyGod,alemartin
RachelMyGod,GatoEnTrinchera
RachelMyGod,19wires
RachelMyGod,CinemaBrainFuk
RachelMyGod,mispeliculas_
RachelMyGod,lebowskid1
RachelMyGod,genzai_2
RachelMyGod,aminafeed
RachelMyGod,Lautaro_A
RachelMyGod,fauth08
RachelMyGod,ahmed155
RachelMyGod,janauuu
RachelMyGod,popecarfromcars
RachelMyGod,PigeWithNoName
RachelMyGod,elenacf
RachelMyGod,fedemuchogusto
RachelMyGod,Malukita
RachelMyGod,Alvaro_souvlaki
RachelMyGod,Rousdc
RachelMyGod,MartialCantarel
RachelMyGod,matmlo
RachelMyGod,ElPelifomano
RachelMyGod,cinepoema
RachelMyGod,amanda629
RachelMyGod,Rivettian
RachelMyGod,thonynho
RachelMyGod,JorgeFRocha
RachelMyGod,mads88
RachelMyGod,Rdosdedos
RachelMyGod,dinnerTimeLive
RachelMyGod,rigoayala
RachelMyGod,AP_Schoolwork
RachelMyGod,parmeno121
RachelMyGod,heavenly_joi
RachelMyGod,CineExposure
RachelMyGod,Niagos
RachelMyGod,Glorfindel7567
RachelMyGod,DaniMcfly
RachelMyGod,yuseando
RachelMyGod,fmorato
RachelMyGod,latirdecine
RachelMyGod,alvmb
RachelMyGod,Ged__
RachelMyGod,Simonsds
RachelMyGod,cinephile1980
RachelMyGod,quber
RachelMyGod,vero_cs
RachelMyGod,mlpv86
RachelMyGod,jmrebollo
RachelMyGod,binoculares
RachelMyGod,itamik
RachelMyGod,wandryu
RachelMyGod,victorcastro
RachelMyGod,Jarsito
RachelMyGod,hobbitillo
RachelMyGod,lynchnoah
RachelMyGod,LadyPaprika
RachelMyGod,ells13
RachelMyGod,Klepshydra
RachelMyGod,rafaeldornellas
RachelMyGod,Esmaperdut
RachelMyGod,franciscotg2000
RachelMyGod,acampamentoa
RachelMyGod,robertbresson
RachelMyGod,Doctor_Fugu
RachelMyGod,EzNaiz_
RachelMyGod,fabregatto
RachelMyGod,jessicadrummond
RachelMyGod,ShimmeringNeon
RachelMyGod,Oraj
RachelMyGod,nickland
RachelMyGod,Abu222
RachelMyGod,Colin_Maillard
RachelMyGod,zamilovanemaso
RachelMyGod,jakesfilmss
RachelMyGod,algunsimon
RachelMyGod,ezequiel2517
RachelMyGod,Paul_Benis
RachelMyGod,HAKern
RachelMyGod,Vareludo
RachelMyGod,MataTurin
RachelMyGod,riezeme
RachelMyGod,Xator_Nova
RachelMyGod,Yorda
RachelMyGod,MarioIglesias
RachelMyGod,Einyel
RachelMyGod,veronicalakes
RachelMyGod,pablosantelmo
RachelMyGod,vannie77
RachelMyGod,fgonzalezse
RachelMyGod,HenriDanglard
RachelMyGod,j2c6
RachelMyGod,Ciskiko
RachelMyGod,DarkFar
RachelMyGod,Ivan_Ruiz
RachelMyGod,kiel
RachelMyGod,Baleuka
RachelMyGod,MadeInHongKong
RachelMyGod,HelenWelonmelon
RachelMyGod,EPDC
RachelMyGod,Nachogrim
RachelMyGod,RodrigoAndres
RachelMyGod,ALazyCommunist
RachelMyGod,msolde
RachelMyGod,isaacbarragan
RachelMyGod,Mikio_Fassberma
RachelMyGod,MabuseCaligari
RachelMyGod,paloma55
RachelMyGod,Diegoceprez
RachelMyGod,figmare
RachelMyGod,topfilmtuiter
RachelMyGod,bergmantonioni
RachelMyGod,juanjocerero
RachelMyGod,CAVAL_____
RachelMyGod,Cinematofilo
RachelMyGod,manuelk
RachelMyGod,cronicasdemotel
RachelMyGod,pedrohdomenico
RachelMyGod,XuZejie1997
RachelMyGod,qSanto
RachelMyGod,Brodeluca
RachelMyGod,ygorgouvea
RachelMyGod,morsixd
RachelMyGod,amirhorror
RachelMyGod,Gannith
RachelMyGod,therouxxx
RachelMyGod,Dante97
RachelMyGod,DaleUnBeso
RachelMyGod,cokeandcookies
RachelMyGod,foetuse
RachelMyGod,SantiagoLMM
RachelMyGod,Lispectore
RachelMyGod,makimono_cine
RachelMyGod,andre_alexandre
RachelMyGod,percolatorfish
RachelMyGod,Juan_Rodriguez
RachelMyGod,Pete00
RachelMyGod,adrianet93
RachelMyGod,straubbhuillet
RachelMyGod,H_G_Castano
RachelMyGod,jeromesilver
RachelMyGod,taketheatrain
RachelMyGod,Innocent
RachelMyGod,Jimbanta
RachelMyGod,Pauixitador
RachelMyGod,novistenada
RachelMyGod,DJH12
RachelMyGod,Arenales_Javier
RachelMyGod,Vedderman2
RachelMyGod,ordpm
RachelMyGod,Malala
RachelMyGod,volharys
RachelMyGod,Estrella5zul
RachelMyGod,Luis17599
RachelMyGod,cinemaci
RachelMyGod,muathuthanhbinh
RachelMyGod,lilabronte
RachelMyGod,stalker98
RachelMyGod,Juniper_girl
RachelMyGod,Selasor
RachelMyGod,aralonso
RachelMyGod,fuzilfalcao
RachelMyGod,agusagustin
RachelMyGod,Thug_Life
RachelMyGod,Batty
RachelMyGod,jamessalter
RachelMyGod,S_Jon_
RachelMyGod,Contactos
RachelMyGod,itsmerocio
RachelMyGod,Berlirina
RachelMyGod,808sheartbreak
RachelMyGod,mikevaz
RachelMyGod,JohnnyFavourite
RachelMyGod,Bloc_notes
RachelMyGod,KurtZM
RachelMyGod,Leguroz
RachelMyGod,Bailey_F
RachelMyGod,as5as
RachelMyGod,keshifilms
RachelMyGod,GShumway
RachelMyGod,OhEfialtis
RachelMyGod,Depunto
RachelMyGod,julianglezg
RachelMyGod,kelromu
RachelMyGod,offhook
RachelMyGod,anderuribarri
RachelMyGod,elchampo
RachelMyGod,Chacko_JM
RachelMyGod,yulebalster
RachelMyGod,erredeme
RachelMyGod,sratlantico
RachelMyGod,Galatea
RachelMyGod,lucastello
RachelMyGod,organictea
RachelMyGod,sata11
RachelMyGod,tulin
RachelMyGod,robertapedrosa
RachelMyGod,andrewpark86
RachelMyGod,avlro
RachelMyGod,srtabelivet
RachelMyGod,Faure
RachelMyGod,chaotic_hugo
RachelMyGod,JoseMartinez06
RachelMyGod,SpongeBobAndPat
RachelMyGod,MathNery
RachelMyGod,MaximErkin
RachelMyGod,jesusdalvarez
RachelMyGod,pinwheels
RachelMyGod,Tambour1ne
RachelMyGod,hard_lemonade
RachelMyGod,noakrakatoa
RachelMyGod,maylon
RachelMyGod,charlyr2d2
RachelMyGod,Alvarofigsal
RachelMyGod,adrianlousan
RachelMyGod,mendito
RachelMyGod,A_Karerina
RachelMyGod,Faraone
RachelMyGod,lacteavia
RachelMyGod,DivadS
RachelMyGod,highopes
RachelMyGod,NateFisher
RachelMyGod,Sergiomc90
RachelMyGod,DavithLecter
RachelMyGod,pablo_iv
RachelMyGod,RogerCres96Bar
RachelMyGod,alfredomzf
RachelMyGod,RubenSuke
RachelMyGod,Frodriguez29
RachelMyGod,NunoGoncalves
RachelMyGod,bentezanag
RachelMyGod,gecesiete
RachelMyGod,almacorsaria
RachelMyGod,post_duchowy
RachelMyGod,uryenbg
RachelMyGod,SofiaLena
RachelMyGod,kleinbaud
RachelMyGod,Jimix
RachelMyGod,Laberintos
RachelMyGod,GiovannaPalanga
RachelMyGod,DevilShiki
RachelMyGod,David95
RachelMyGod,brnrddn
RachelMyGod,DiegoGlenn
RachelMyGod,gschneider
RachelMyGod,bocatajoven
RachelMyGod,HobbsEnd
RachelMyGod,Javchas
RachelMyGod,Louie_Kraskow
RachelMyGod,Carlos_
RachelMyGod,Francis87
RachelMyGod,igortxu
RachelMyGod,angelasanchez
RachelMyGod,elpidasmovies
RachelMyGod,dragontorc
RachelMyGod,slayerkinney
RachelMyGod,christo1
RachelMyGod,pele_alvaro
RachelMyGod,JorgR
RachelMyGod,FatJow
RachelMyGod,camila150980
RachelMyGod,pablofdezperez
RachelMyGod,jlorenzo
RachelMyGod,victorfbruno
RachelMyGod,timeistheking
RachelMyGod,zahrada
RachelMyGod,militarpancho
RachelMyGod,pimkoz
RachelMyGod,dvaldiivia
RachelMyGod,rozak96
RachelMyGod,microdolores
RachelMyGod,oneflyride
RachelMyGod,Alberto87FR
RachelMyGod,valenbajos
RachelMyGod,Ivan_Suarez
RachelMyGod,Mobrahimi
RachelMyGod,zachzeidenberg
RachelMyGod,Vicetama
RachelMyGod,hexyourex
RachelMyGod,propercio
RachelMyGod,Gungart
RachelMyGod,Kirkis
RachelMyGod,cinefils
RachelMyGod,RamiroMatas
RachelMyGod,A_de_la_Hoz
RachelMyGod,BeneGesserit
RachelMyGod,irenecoccio
RachelMyGod,letipe
RachelMyGod,p4nn
RachelMyGod,letempsquipasse
RachelMyGod,Thomkeaton
RachelMyGod,crispywarrior
RachelMyGod,OzuTeapot
RachelMyGod,killekille
RachelMyGod,ought_
RachelMyGod,ariadnasc
RachelMyGod,maca_
RachelMyGod,juanchomntr
RachelMyGod,LoloKopicki
RachelMyGod,loulourevisited
RachelMyGod,aistetikos
RachelMyGod,Faeton
RachelMyGod,Lisianthus
RachelMyGod,SimonVV
RachelMyGod,KelzorHL
RachelMyGod,MacDePablo
RachelMyGod,Crisq
RachelMyGod,aaaaaaag
RachelMyGod,GeorgeSmiley
RachelMyGod,Midegeneracion
RachelMyGod,lautrinhanes
RachelMyGod,John_Palhares
RachelMyGod,gari123
RachelMyGod,arkheia
RachelMyGod,Moteiza
RachelMyGod,_Carlos_
RachelMyGod,BishBosch
RachelMyGod,Gabriel00
RachelMyGod,alvarezmartin88
RachelMyGod,Elextranjero
RachelMyGod,Indalo
RachelMyGod,Fendor
RachelMyGod,ananula
RachelMyGod,annahara
RachelMyGod,tystnaden
RachelMyGod,steevo
RachelMyGod,valde5a7
RachelMyGod,Mann_Ohne_Namen
RachelMyGod,kerstray
RachelMyGod,santibone
RachelMyGod,Siroguh
RachelMyGod,Cwest
RachelMyGod,TadeoZmbr
RachelMyGod,Cr7lomas
RachelMyGod,brunohahe
RachelMyGod,AlbertoVicente_
RachelMyGod,Blackcoffee
RachelMyGod,kattmoon
RachelMyGod,Nokhi
RachelMyGod,SergioCast
RachelMyGod,alba_yass
RachelMyGod,ExplodingBoy
RachelMyGod,AuroraNocte
RachelMyGod,will_llermo
RachelMyGod,Yukasai
RachelMyGod,PezEspada
RachelMyGod,ComandanteOso
RachelMyGod,Siberian
RachelMyGod,leomichelon
RachelMyGod,DaraScully
RachelMyGod,utges
RachelMyGod,alvySinger_
RachelMyGod,tiagocosta32
RachelMyGod,analovesfilms
RachelMyGod,jesus_b
RachelMyGod,snaker555
RachelMyGod,Adam_Kadmon
RachelMyGod,BorNaPe
RachelMyGod,atekarri
RachelMyGod,alain_pixar
RachelMyGod,mahone9now9
RachelMyGod,SrLansky
RachelMyGod,not_waving
RachelMyGod,rodasons
RachelMyGod,Daniblacksmoke
RachelMyGod,Ruben0
RachelMyGod,deck03
RachelMyGod,johnwoo
RachelMyGod,garles
RachelMyGod,FaildeGuionista
RachelMyGod,Loloaka
RachelMyGod,fidlar_wz
RachelMyGod,horrorguy42069
RachelMyGod,riosminor
RachelMyGod,ButterflyLass
RachelMyGod,ventura111
RachelMyGod,DanielQuinn
RachelMyGod,le_samourai_x
RachelMyGod,Isaac98tm
RachelMyGod,LBaena
RachelMyGod,mmgarnica
RachelMyGod,nesetel
RachelMyGod,MundoRath
RachelMyGod,Nureyev
RachelMyGod,MiguelMSH
RachelMyGod,Ed_Wood
RachelMyGod,Shankey_8
RachelMyGod,PUNQ
RachelMyGod,LoganDA1208
RachelMyGod,CitizenBill
RachelMyGod,Mr_Manuel_V
RachelMyGod,Snakes69
RachelMyGod,edissa
RachelMyGod,al1997
RachelMyGod,JEWbees12
RachelMyGod,jmcnellv
RachelMyGod,Arancha_Norris
RachelMyGod,Knicker
RachelMyGod,anth33
RachelMyGod,filmerditelle
RachelMyGod,efebatlle
RachelMyGod,Kansas
RachelMyGod,Isild
RachelMyGod,jal90
RachelMyGod,leelacolorado
RachelMyGod,Tensin
RachelMyGod,39915041
RachelMyGod,drogaudix
RachelMyGod,alaventure
RachelMyGod,estelacebrian
RachelMyGod,Carlos_GMen
RachelMyGod,cineenserio
RachelMyGod,cristianlopez
RachelMyGod,andera
RachelMyGod,JaviOsuna
RachelMyGod,richarsson
RachelMyGod,bralgrc
RachelMyGod,irca
RachelMyGod,migblah
RachelMyGod,nichedeath
RachelMyGod,danielpamies
RachelMyGod,Ninotchka
RachelMyGod,mrtoldo
RachelMyGod,alicecc7
RachelMyGod,Vicioinherente
RachelMyGod,pablogafa
RachelMyGod,Lobo_Lopez
RachelMyGod,DonEmi
RachelMyGod,fleming22
RachelMyGod,delamano
RachelMyGod,jasikedevicius
RachelMyGod,ChemaAR
RachelMyGod,JoN_TeN
RachelMyGod,Seigor
RachelMyGod,Colmener
RachelMyGod,Antonioni
RachelMyGod,Mas0204
RachelMyGod,PierceMundy
RachelMyGod,davidmd
RachelMyGod,devuelta
RachelMyGod,aixa72
jal90,Juanky97
jal90,Sor98
jal90,leebeck
jal90,pirracas
jal90,blue_reverie
jal90,woo5026
jal90,cazapajas
jal90,elkevinesc
jal90,cisceron
jal90,HazeEstebanUt03
jal90,The_Ikari
jal90,Joselu98
jal90,ElPelifomano
jal90,Rivel88
jal90,Brunoxete
jal90,ShermanWallaby
jal90,Aporos
jal90,Mr_Tixba
jal90,505andre
jal90,mcguire27
jal90,Cirulonga
jal90,Blond3
jal90,martincornejo
jal90,Movielover5629
jal90,Jesus06
jal90,chasing00
jal90,Rivettian
jal90,ecotonoperdido
jal90,thanhbinh2695
jal90,Paradis
jal90,maluu23
jal90,Lapyaemyowin
jal90,yeban228
jal90,a9p3Karakalpaks
jal90,lrvg
jal90,maxwelldeux
jal90,igorbtk
jal90,Letarg
jal90,angelgs_2904
jal90,nitrate74
jal90,nimimerkillinen
jal90,panax
jal90,roberawards
jal90,vianahits
jal90,JesutinoHur
jal90,Antony_
jal90,JuanGL001
jal90,Wolfgang124
jal90,Marshall4real
jal90,mightysparks
jal90,Roger88
jal90,verzoneenozrev
jal90,IsolarH
jal90,hawkinsj977
jal90,Doark13
jal90,a_world_of_blue
jal90,MartinBrown123
jal90,PROTEUS4000
jal90,ElPejesapo
jal90,fifoleCFC
jal90,tw_films
jal90,virtx
jal90,alexmerono
jal90,matmlo
jal90,elsayed19
jal90,Layden87
jal90,jdbrecords
jal90,rorschach
jal90,Bracero
jal90,Lakigigar
jal90,mike161106
jal90,C_Hochhaeusler
jal90,Sammylanister
jal90,pablocine1
jal90,xzetaprobe
jal90,settima
jal90,LuisDavid_8
jal90,lelopelo
jal90,Lastwarfare753
jal90,PopcornReviews0
jal90,Rana04
jal90,JoanCuadrado
jal90,Reibaka
jal90,Air_Fryer_
jal90,DarckRevan
jal90,LMMDC
jal90,Luc
jal90,VacantJoy
jal90,SaraAllorn
jal90,DanyA
jal90,Ned_Rifle
jal90,SpiritMeAway
jal90,RedgraveHepburn
jal90,HeyNorge
jal90,Peteee
jal90,EoinDaly
jal90,Lavigne1967
jal90,Fernando2004
jal90,manus8
jal90,Dmitr_Jango
jal90,jookidonato
jal90,igortxu
jal90,olivermayorga
jal90,sam_sung007
jal90,batsebas
jal90,burk26
jal90,joyboyz
jal90,juanjocerero
jal90,bajolapantalla
jal90,containMULT2DES
jal90,kbrinkmann
jal90,Conzo_o
jal90,Nikixn
jal90,cartonet
jal90,n_i_t_f_l_e_x
jal90,Vodka_Tonyque
jal90,TaranofPrydain
jal90,ghostmafia
jal90,pochipapu
jal90,FrancoRizzo
jal90,pamikeli
jal90,Simba63
jal90,Marcos_M_Rom
jal90,Marcos_M_Romero
jal90,ituuu
jal90,minervasz
jal90,PennLand
jal90,qSanto
jal90,EduBueso
jal90,Jfsterman
jal90,_Galleg0
jal90,Alioli90
jal90,sharklover3000
jal90,lostcardigann
jal90,EVILSCRE4M
jal90,WILLYPELIS
jal90,EfectoDelia
jal90,madisqnn
jal90,HorrorSyndrome
jal90,Lukinha_crispim
jal90,Damasquina
jal90,Hetsox
jal90,derinctn
jal90,Onixperado
jal90,_armenta
jal90,fausto14
jal90,breu_
jal90,JorgVicente
jal90,metasboc
jal90,LonkPlays
jal90,Amadeus_Cho
jal90,RubenDylan
jal90,TrashVHS
jal90,zpider_zoom
jal90,Bailey_Adams
jal90,___haziel____
jal90,bander7
jal90,Rowland
jal90,pere_j
jal90,genzai_2
jal90,luchofraga
jal90,vridian4luna
jal90,cesarandrz
jal90,CronicasDeckard
jal90,mcromance
jal90,gorkalonso1
jal90,edgarfaber
jal90,Kevintomiranda
jal90,Unabomber
jal90,beasterne7
jal90,equidistanta
jal90,dietmango
jal90,Pedrollz
jal90,POEman553
jal90,mahoudeer
jal90,ElCinecritico
jal90,bronco_calambre
jal90,RankingRibosome
jal90,Sedai
jal90,Holamund0
jal90,Nikan_
jal90,IH88
jal90,hownos
jal90,MovieFan1988
jal90,GRWeston
jal90,Joshhhq
jal90,GigiPesto
jal90,ulquizzn
jal90,valenpalomino
jal90,opus111
jal90,GreenArrow777
jal90,Grandine
jal90,Mauriliovich
jal90,DanielQuinn
jal90,fynokkya
jal90,Rdosdedos
jal90,SnakeGondor
jal90,mariacouto
jal90,JavierLG
jal90,yourlittlepupa
jal90,mlpv86
jal90,rhesser
jal90,evelynrose
jal90,Luisuwu
jal90,z_hia_6
jal90,vilana
jal90,Espejo3
jal90,CinemaVoyager
jal90,Olivexx_
jal90,dieggovera
jal90,mihaela_sim
jal90,lauraflorezc_ob
jal90,PADMadrid
jal90,Cuauhtemoc
jal90,TxemaS
jal90,MetforalL
jal90,deiros
jal90,MaboroshiMirage
jal90,ismasesi
jal90,arju25
jal90,arisukiss
jal90,EzNaiz_
jal90,Lubilder
jal90,rosebudshears
jal90,Big_T
jal90,Cheva10
jal90,iwarenyou
jal90,Clarentinoo
jal90,Lenny_Nero
jal90,Laruaoscura
jal90,half_star
jal90,p0n
jal90,deanthecreator
jal90,LainGelion
jal90,latirdecine
jal90,alvmb
jal90,zzzorf
jal90,Ged__
jal90,Simonsds
jal90,Saba1e7e
jal90,elenacf
jal90,cinephile1980
jal90,cdwalter226
jal90,AndresTM
jal90,EloyG8
jal90,plasticwater
jal90,S3b4st14h
jal90,Luego11
jal90,josetteandriot
jal90,ezequiel2517
jal90,brunomoraiis
jal90,Psychofrog7
jal90,cinemapirata
jal90,Souffmg_
jal90,tim2460
jal90,Knotted
jal90,linaromay
jal90,OllyBishop
jal90,BattleNug
jal90,leom1
jal90,DavidMazarro
jal90,kioravisakat
jal90,arantzan
jal90,Phiro_
jal90,DavidGS90
jal90,Carloss_04
jal90,Saulf37
jal90,Andre888
jal90,MPo
jal90,Diego_JT
jal90,TattedDidactic
jal90,luciiaord
jal90,WlRED_
jal90,cicutaxx
jal90,youngbarber
jal90,NilArana
jal90,jorgeelm
jal90,efebatlle
jal90,nesetel
jal90,amechsner89
jal90,Rutgerus86
jal90,shada21
jal90,HobbsEnd
jal90,Jarsito
jal90,ezequias_ads
jal90,UrbanoJ
jal90,dialM4murder
jal90,Payika
jal90,NoneXIV
jal90,mclovinvns
jal90,keeganwalker15
jal90,anaorgana
jal90,brunopicazo
jal90,Rob3rtolm
jal90,Lobo_Lopez
jal90,Yvonnelim99
jal90,bandinisvevo
jal90,desiria
jal90,RnDmJF
jal90,robviews
jal90,ShaggyZE
jal90,GonzyChan
jal90,nicovegadiez
jal90,zombivirtual
jal90,kaculler
jal90,HayleyEliza
jal90,DanMetcalfFilms
jal90,CHFerreiro
jal90,15stepper
jal90,Oraj
jal90,Abu222
jal90,fruitilly
jal90,emmalmarie
jal90,Fergenaprido
jal90,Dooman
jal90,poluxlisbon
jal90,agusizquierdo8
jal90,LuciferXam
jal90,villoo
jal90,batcho_
jal90,venusasdead
jal90,herzogjake
jal90,hannacanterdale
jal90,3ta
jal90,hobbitillo
jal90,Paula_Arantzazu
jal90,_alvarocampoy_
jal90,jpnunez
jal90,Davidark
jal90,Ulysses97
jal90,manuelk
jal90,matovafi
jal90,jakesfilmss
jal90,Cry_Wolf
jal90,Pelusas
jal90,ManInElevator
jal90,mitologia
jal90,bernardofelix
jal90,Steven_Clarke
jal90,BiWinning
jal90,Jbru90
jal90,jerryricochet
jal90,collab93
jal90,LaSalaOscura
jal90,ALAMLEDP
jal90,Alexander29
jal90,colistoteles
jal90,PhilKerck
jal90,georgiabratland
jal90,connorb715
jal90,77_Gianluca_88
jal90,Ardwyw
jal90,makimono_cine
jal90,trieri4
jal90,111111213
jal90,PunkinSpice39
jal90,tel1234
jal90,Colin_Maillard
jal90,maferfab17
jal90,vickybelivet
jal90,PegadoALaButaca
jal90,fshtravis
jal90,itsqalid
jal90,magnusbe
jal90,SombraEletrica
jal90,lamedwufnik
jal90,Juanka_rs
jal90,perk1234
jal90,adricollantex
jal90,Diego_N08
jal90,BuckySchuyler
jal90,AminVillalba
jal90,adrianet93
jal90,Pewey
jal90,EdoardoElric
jal90,GruesomeTwosome
jal90,TaccoZ
jal90,outkastatlast
jal90,Bernatus
jal90,Borinot
jal90,velvit
jal90,Nerdzombie
jal90,MAF93
jal90,dafnethais
jal90,kameronsteigh
jal90,DudeLanez
jal90,parhelic
jal90,pablopandolfi
jal90,nicolatauri
jal90,paloma55
jal90,Filmandera
jal90,Dani1Medina
jal90,Carlos_
jal90,marihkkl
jal90,Alberto87FR
jal90,Francis87
jal90,msolde
jal90,albertsyco_
jal90,Pauixitador
jal90,utges
jal90,Vareludo
jal90,ExplodingBoy
jal90,topfilmtuiter
jal90,Colmener
jal90,Ivan_Suarez
jal90,bustinduy
jal90,figmare
jal90,MrDurden_06
jal90,NamakoTeam
jal90,lucas_salvi
jal90,MarMG
jal90,TakisChampion
jal90,Selasor
jal90,mmgarnica
jal90,Mikio_Fassberma
jal90,Elaghica
jal90,wallen0803
jal90,MacButu
jal90,HelenWelonmelon
jal90,Willor
jal90,straubbhuillet
jal90,brocolisebacon
jal90,larstryhard
jal90,HarrietTheSpaz
jal90,Eletrust
jal90,lastjosh
jal90,southrob1231
jal90,vubaominh
jal90,nebularias
jal90,AymanFayez
jal90,jjm_24
jal90,rutag
jal90,Toppa
jal90,AndreaHvist
jal90,Chamizoplissken
jal90,danifilmer
jal90,l_meneses
jal90,lineuphere
jal90,Innocent
jal90,AdrianVieitez
jal90,vegetai
jal90,ryutaroo
jal90,merrickagain
jal90,Yarjka
jal90,nikp_
jal90,Wahrhaftig
jal90,SirWilfrid
jal90,mpinkfloyd
jal90,volharys
jal90,CaudePaimei
jal90,Ikisabi
jal90,ms_stardust
jal90,hartamlubis
jal90,EvilParsley
jal90,NahuelFanboy
jal90,IvanVega99
jal90,Milkzey
jal90,crespovv
jal90,Inescraya
jal90,maliktechnique
jal90,Spokane
jal90,matt_jennings
jal90,KennelDistrict
jal90,raven_fggt
jal90,monkeyonparole
jal90,itsmanggo
jal90,solh
jal90,Fassbinder_71
jal90,Ducat_Revel
jal90,LU1GI
jal90,bajilshafeen
jal90,RINDER
jal90,pratik_badhiya
jal90,Sean31415
jal90,DiegoSalgado
jal90,Remake_Movies
jal90,davidmd
jal90,champignon
jal90,adriaaprietoo_
jal90,MabuseCaligari
jal90,tocsin
jal90,Mister_Ezekiel
jal90,estridulacion
jal90,lilydroeven
jal90,JoeytheBrit
jal90,Tumbletoppel
jal90,organictea
jal90,valentin643
jal90,Hozeluih
jal90,guillehormigo
jal90,Ambiffy
jal90,arkheia
jal90,lunes14
jal90,LNeiva
jal90,cubukraker
jal90,riveroux
jal90,Richi_Wallace
jal90,Chacko_JM
jal90,Aixa193
jal90,rumpige
jal90,Borja_Ibrahim
jal90,Daion7
jal90,pablost23
jal90,Candevig
jal90,Alchemy97
jal90,kagura00
jal90,IvanEpte
jal90,jmryan8
jal90,S1WEL
jal90,MovieGuyisMe
jal90,gusottertrout
jal90,EvansWetmore
jal90,pabz
jal90,jiri_nvk
jal90,FlipTrotsky
jal90,greennui
jal90,MrCarmady
jal90,MikelPelaez
jal90,antares_not
jal90,perryshadow
jal90,andrewpark86
jal90,REVIVER
jal90,Faure
jal90,alexthetrex
jal90,PaulieCashews
jal90,jacobstertz
jal90,omalleyg
jal90,FunkyDandy
jal90,manolon67
jal90,twodeadmagpies
jal90,SpongeBobAndPat
jal90,ptacekethx
jal90,Nightmare020
jal90,TaxiFlyer
jal90,Cristian92
jal90,icmforum
jal90,Cheddar13
jal90,uryenbg
jal90,Ed_Wood
jal90,confuseddog
jal90,WiseSiddy
jal90,Frikicines
jal90,krodgers101
jal90,Cocomasa
jal90,Sergiomc90
jal90,Malala
jal90,Lord_Potato11
jal90,harry_r
jal90,damoner
jal90,saud21
jal90,quber
jal90,Saitoh_314
jal90,Ayleens
jal90,lupalomonieto
jal90,EpicSaxGuy
jal90,AlejandroGR
jal90,PUNQ
jal90,Maties_TP
jal90,Fran_Maestra
jal90,LuisRakin
jal90,Rosolinski
jal90,Geno3x3
jal90,Onderhond
jal90,John_Connor_
jal90,littleFranco
jal90,explorer95
jal90,horseheadfrank
jal90,Sepvira
jal90,PGonzalez
jal90,Murau
jal90,CinoscaRarities
jal90,ningunserhumano
jal90,Zelda
jal90,The_Shape_
jal90,hexe
jal90,molkovita
jal90,CineAmateur
jal90,jasikedevicius
jal90,animaldoctor
jal90,muathuthanhbinh
jal90,Stanstyn
jal90,bigalex97
jal90,SaintzGC1
jal90,VonSnuff
jal90,JamesBessant
jal90,Maquiavella
jal90,christo1
jal90,Mumoo
jal90,bradychilds
jal90,isaacbarragan
jal90,Paradox_9
jal90,filmbantha
jal90,XiPseTsu
jal90,Yam12
jal90,SeanMovie
jal90,evanxoxl
jal90,Ripley87
jal90,Ckan
jal90,itsmerocio
jal90,jennivier
jal90,Knaldskalle
jal90,thebig
jal90,Abdulrah
jal90,IgnacioPRico
jal90,nbatman
jal90,wayofthecass
jal90,Mann_Ohne_Namen
jal90,tobitaku
jal90,CDXX
jal90,zachzeidenberg
jal90,TwoCineasts
jal90,Pixi
jal90,BrandMau
jal90,AnnabelleLC
jal90,Syaoran
jal90,zoknimano
jal90,MichNiehaus
jal90,Sugoimente
jal90,maxidango
jal90,AnaVega
jal90,lvcifer
jal90,ilkevcl
jal90,BoostGuardian
jal90,dannez
jal90,YossaGuz
jal90,danp8888
jal90,Lisianthus
jal90,gcavalcanti
jal90,sabalde
jal90,Garana
jal90,Skogsdotter
jal90,Midegeneracion
jal90,Ugla
jal90,margin_walker
jal90,DanielRoca
jal90,beamsboy
jal90,69
jal90,bleakmidwinter
jal90,jiraffejustin
jal90,TokeZa
jal90,rauldc14
jal90,SonnyChivas
jal90,antoniobret
jal90,Faelyan
jal90,MichkoMart
jal90,nindeblack
jal90,epigramatica
jal90,BlueSue
jal90,devuelta
jal90,Namreg77
jal90,apodictive
jal90,AuroraNocte
jal90,Nachogrim
jal90,ryuqueer
jal90,ImawaMayka
jal90,KaiTony
jal90,Trill
jal90,Parry_Hotter
jal90,MagemiLennon
jal90,BorNaPe
jal90,DonJuanF
jal90,dadgumblah
jal90,Kieckhefer
jal90,Clipsos
jal90,SNanin
jal90,yeda
jal90,rodasons
jal90,0xMM0X
jal90,Javchas
jal90,Nokhi
jal90,kerstray
jal90,alyss
jal90,RhysBelding
jal90,FLABREZU
jal90,drogaudix
jal90,Movieyana
jal90,SergioCast
jal90,HashtagBrownies
jal90,BB99
jal90,ghetto
jal90,Isaac98tm
jal90,GabPasternak
jal90,MarioIglesias
jal90,dreki
jal90,kanafani
jal90,rischka
jal90,Velvety
jal90,YTuPadreQTalMea
jal90,LBaena
jal90,Ruben0
jal90,FelisChaus
jal90,caulfieldanna
jal90,drowning_eyes
jal90,AnthonyAndFilm
jal90,Hias
jal90,ohheyjoe
jal90,manelou
jal90,MarioGaborovic
jal90,allicinema
jal90,razortongue
jal90,Chaplintarkovsk
jal90,mulholllandrive
jal90,SimonVV
jal90,Thomkeaton
jal90,Daniblacksmoke
jal90,Batty
jal90,Aurica
jal90,Adam_Kadmon
jal90,platanodesombra
jal90,garles
jal90,HeadEditor
jal90,SaborDeSoledad
jal90,hotsake
jal90,mohdhz
jal90,Camarel
jal90,Kosti
jal90,Kiteman
jal90,Madloco
jal90,ecombs13
jal90,AutieTeleDex
jal90,ferrugas
jal90,isabelacristal
jal90,8chanfilm
jal90,ZeroMoon95
jal90,snaker555
jal90,Doctor_Mario
jal90,Doriando
jal90,Shankey_8
jal90,Yesterday95
jal90,firejuice
jal90,Jensensville
jal90,Truong78
jal90,Lightide
jal90,Snakes69
jal90,LoganDA1208
jal90,macabre87
jal90,edissa
jal90,msgatsby
jal90,Inferir
jal90,Travis76
jal90,BryanBraay
jal90,Lencho_o_t_Apes
jal90,FaildeGuionista
jal90,fleming22
jal90,DonEmi
jal90,semss46
jal90,JEWbees12
jal90,RachelMyGod
jal90,nela
jal90,Luminasia
jal90,Rothy
jal90,MovieGal
jal90,WBA
jal90,EddieWhiteJr
jal90,Sam_Doyle
jal90,inmate
jal90,kaidoh
jal90,seanc
jal90,Maex
jal90,MovieMeditation
jal90,aixa72
jal90,jmarcosso
jal90,Bruno2225
jal90,al1997
jal90,Yuna85
jal90,Nureyev
jal90,MundoRath
jal90,TheDerpMan
jal90,Jody32
jal90,AngelsArcanum
jal90,Monchita
jal90,Seigor
jal90,Jadzcor
jal90,Fendor
jal90,irca
jal90,acalacedo
jal90,MiguelMSH
jal90,gatoskuro
jal90,Tensin
jal90,Dragondave
jal90,bajonasmekas
jal90,nichedeath
jal90,Ninotchka
jal90,JoN_TeN
jal90,harvsi
jal90,Vicioinherente
Ninotchka,thebigal
Ninotchka,Mr_Porter
Ninotchka,Casiopea39
Ninotchka,ariastoteles
Ninotchka,rmmrr
Ninotchka,breu_
Ninotchka,p0lythene_pam
Ninotchka,barrabaja
Ninotchka,javiier97
Ninotchka,stupidsums
Ninotchka,jadenoo
Ninotchka,manh1
Ninotchka,alilces
Ninotchka,francisvalente
Ninotchka,polyalloy
Ninotchka,ElCobertizo
Ninotchka,dolemite_d
Ninotchka,batsebas
Ninotchka,SaschaJagla
Ninotchka,vikielmoucho
Ninotchka,Mariano
Ninotchka,alonsodvt
Ninotchka,SamuelLaser
Ninotchka,codeine
Ninotchka,Orlak
Ninotchka,MabuseCaligari
Ninotchka,Samyytp
Ninotchka,Noemi94
Ninotchka,roberawards
Ninotchka,xabeleiva
Ninotchka,fquadra
Ninotchka,Fuser2904
Ninotchka,verzoneenozrev
Ninotchka,AcervoFilmico
Ninotchka,amandajjj
Ninotchka,cinelacion
Ninotchka,Therealone1
Ninotchka,timetolive
Ninotchka,IsolarH
Ninotchka,elenacf
Ninotchka,Mitsuhirato
Ninotchka,gorkalonso1
Ninotchka,GerardMF
Ninotchka,frederikruysch
Ninotchka,Santiag0o
Ninotchka,matmlo
Ninotchka,T3quila_Suns3t
Ninotchka,ElFrikiCanario
Ninotchka,Sirah_Wiedemann
Ninotchka,Vrgtmmn
Ninotchka,vopao
Ninotchka,Sammylanister
Ninotchka,frijol_dulce
Ninotchka,aveoboryoku
Ninotchka,alfredlubitsch
Ninotchka,heisonluvcinema
Ninotchka,axeruu
Ninotchka,juanjocerero
Ninotchka,4hv
Ninotchka,IvanCillitBang
Ninotchka,pmartorias
Ninotchka,violetaraykuaza
Ninotchka,akyyt
Ninotchka,jkj9
Ninotchka,larsonista
Ninotchka,juanmca
Ninotchka,MrN0b0dy0
Ninotchka,DavidGS90
Ninotchka,Ragasovich
Ninotchka,Ivan_Ruiz
Ninotchka,Kinoglaz1971
Ninotchka,LICM0
Ninotchka,beniciosousa
Ninotchka,piscis
Ninotchka,Bracero
Ninotchka,lukemogan
Ninotchka,awzaq
Ninotchka,makimono_cine
Ninotchka,Lukinha_crispim
Ninotchka,kengoshoji
Ninotchka,yoelwalas
Ninotchka,solfege
Ninotchka,jonmunch
Ninotchka,axxxs
Ninotchka,WillOliveira
Ninotchka,tiagocosta32
Ninotchka,taketheatrain
Ninotchka,alemartin
Ninotchka,oxalaia
Ninotchka,diegomoratalla
Ninotchka,_Carlos_
Ninotchka,michelangelovq
Ninotchka,xoandsj
Ninotchka,AmaiaZufiaur
Ninotchka,RaphusHunsecker
Ninotchka,DesEsseintes89
Ninotchka,3even3even
Ninotchka,Blanchot
Ninotchka,delaisla
Ninotchka,elchampo
Ninotchka,Haaveilija
Ninotchka,BoomLight06
Ninotchka,AP_Schoolwork
Ninotchka,rhiz
Ninotchka,pirracas
Ninotchka,bidisini
Ninotchka,Dr_Akkar
Ninotchka,Diegoceprez
Ninotchka,sanglant
Ninotchka,AndresTM
Ninotchka,AtomicJerry
Ninotchka,insomniacsogo
Ninotchka,EricB_
Ninotchka,Ariane23
Ninotchka,seemily_play
Ninotchka,ahmed155
Ninotchka,Jugamo
Ninotchka,Colin_Maillard
Ninotchka,maxwolf333
Ninotchka,Aninbus
Ninotchka,qadr
Ninotchka,danielleadonis
Ninotchka,Expiacion
Ninotchka,LaQuimeraCult
Ninotchka,Malukita
Ninotchka,iagxss
Ninotchka,fydme
Ninotchka,Kirkis
Ninotchka,mads88
Ninotchka,ChicoOstra57
Ninotchka,jlbarckly
Ninotchka,jaimeac
Ninotchka,JDCASERO
Ninotchka,boa_noite
Ninotchka,MartialCantarel
Ninotchka,figmare
Ninotchka,babaemahiwaga
Ninotchka,VICEStaff
Ninotchka,HobbsEnd
Ninotchka,HugoRomero
Ninotchka,Cielnurean
Ninotchka,ramonmtnez
Ninotchka,UrbanoJ
Ninotchka,mauromachado3
Ninotchka,Juanda_
Ninotchka,CineExposure
Ninotchka,MarcBallesteros
Ninotchka,MatleTV
Ninotchka,guxiguxi
Ninotchka,jiajieyy
Ninotchka,Shohnny
Ninotchka,arturocg93
Ninotchka,genzai_2
Ninotchka,luquitiqui
Ninotchka,MaboroshiMirage
Ninotchka,mlpv86
Ninotchka,Javeux
Ninotchka,thischarminman
Ninotchka,_abed_
Ninotchka,hhson
Ninotchka,KurtZM
Ninotchka,simmono
Ninotchka,critconc
Ninotchka,Leguroz
Ninotchka,gudvybe
Ninotchka,Simonsds
Ninotchka,Ged__
Ninotchka,quber
Ninotchka,Film_street
Ninotchka,_darkpresence
Ninotchka,kaizenthecave
Ninotchka,EloyG8
Ninotchka,cinephile1980
Ninotchka,Solina1871
Ninotchka,Magdaleno
Ninotchka,jmrebollo
Ninotchka,astarloa
Ninotchka,Amfortas
Ninotchka,carmenmcab
Ninotchka,radosandar
Ninotchka,newdownfades
Ninotchka,anniecosmos
Ninotchka,AndyBeglin
Ninotchka,elaguainmovil
Ninotchka,Kesanee
Ninotchka,vinibgoulart
Ninotchka,BoostGuardian
Ninotchka,moeinfrz
Ninotchka,lilyorcomet
Ninotchka,ukikareha
Ninotchka,Xzzie
Ninotchka,trikuxabi
Ninotchka,Toshiro15
Ninotchka,jlorenzo
Ninotchka,TheOTMan
Ninotchka,utges
Ninotchka,parkregu
Ninotchka,Gabriel00
Ninotchka,gondmayx
Ninotchka,ytzhang
Ninotchka,Jorgemz
Ninotchka,maryamzz
Ninotchka,Nuriavl
Ninotchka,coolboy
Ninotchka,chum_of_chance
Ninotchka,Midegeneracion
Ninotchka,guillehormigo
Ninotchka,_Andrew_K_
Ninotchka,M_Penalosa
Ninotchka,Delfion
Ninotchka,jumaro3112
Ninotchka,joshderraji
Ninotchka,outkastatlast
Ninotchka,HAKern
Ninotchka,fuzilfalcao
Ninotchka,YeraiM
Ninotchka,yinshi
Ninotchka,moskitah
Ninotchka,Mikio_Fassberma
Ninotchka,FerHerce
Ninotchka,Didacus
Ninotchka,RogerCres96Bar
Ninotchka,zDX
Ninotchka,virgilious
Ninotchka,IsaacPamPam
Ninotchka,petarakrobata
Ninotchka,blueskymaiden
Ninotchka,stottiain
Ninotchka,omnieya
Ninotchka,marianomorita
Ninotchka,Glorfindel7567
Ninotchka,ezequiel2517
Ninotchka,alecblumes
Ninotchka,nickland
Ninotchka,Abu222
Ninotchka,BullLee
Ninotchka,bergmantonioni
Ninotchka,iamsaif
Ninotchka,3ta
Ninotchka,rodasons
Ninotchka,sodr2
Ninotchka,AGDeNiro
Ninotchka,Cry_Wolf
Ninotchka,paloma55
Ninotchka,Berlirina
Ninotchka,Amani_Marshall
Ninotchka,Selasor
Ninotchka,loriina
Ninotchka,Cryana
Ninotchka,slayerkinney
Ninotchka,fshtravis
Ninotchka,ManInElevator
Ninotchka,berkayzihni
Ninotchka,Vareludo
Ninotchka,turbochavala
Ninotchka,sratlantico
Ninotchka,mydyingbride
Ninotchka,pablosantelmo
Ninotchka,7xie77777777777
Ninotchka,mrminio
Ninotchka,Stargazer72
Ninotchka,El_Sobrante
Ninotchka,qSanto
Ninotchka,Ivan_Suarez
Ninotchka,Artaud
Ninotchka,HelenWelonmelon
Ninotchka,Edgar_Pinto
Ninotchka,vikimovielist
Ninotchka,Malala
Ninotchka,MrCosmoKramer
Ninotchka,topfilmtuiter
Ninotchka,Macondiana
Ninotchka,riot_cinephile
Ninotchka,ALazyCommunist
Ninotchka,mikno_o
Ninotchka,bnwa
Ninotchka,YulanF
Ninotchka,honeypals
Ninotchka,Brunovictorino
Ninotchka,adrianlousan
Ninotchka,Depunto
Ninotchka,Ashkanashkan
Ninotchka,hobbitillo
Ninotchka,Pauixitador
Ninotchka,esternchen
Ninotchka,jjm_24
Ninotchka,AmiraliValipour
Ninotchka,thawmrs
Ninotchka,Maverick_Nguyen
Ninotchka,Lobo_Lopez
Ninotchka,Francis87
Ninotchka,amirhorror
Ninotchka,Mann_Ohne_Namen
Ninotchka,karo10
Ninotchka,MrMajorTom
Ninotchka,SantiagoLMM
Ninotchka,Nihve
Ninotchka,rnyzlfc
Ninotchka,Jimbanta
Ninotchka,kimiow
Ninotchka,MuzWot
Ninotchka,Batty
Ninotchka,cvalle2001
Ninotchka,straubbhuillet
Ninotchka,lunamxdness
Ninotchka,gikrule
Ninotchka,SuzanneMaria
Ninotchka,ordpm
Ninotchka,Estrella5zul
Ninotchka,Colmener
Ninotchka,catlady1
Ninotchka,leoraw_
Ninotchka,Ardwyw
Ninotchka,champignon
Ninotchka,yorgos_hol
Ninotchka,collabjapan
Ninotchka,agusagustin
Ninotchka,pressedfortime
Ninotchka,barrymalkovich
Ninotchka,alifassis
Ninotchka,PlaguDocta
Ninotchka,trafff
Ninotchka,dyermaker_
Ninotchka,sulizhen
Ninotchka,Plainssong
Ninotchka,arkheia
Ninotchka,FredNatural2
Ninotchka,Matheuspaiva1
Ninotchka,bustinduy
Ninotchka,SrLansky
Ninotchka,alfenassamuel
Ninotchka,Muirguen
Ninotchka,Terreiro
Ninotchka,Clariexplains
Ninotchka,8432910
Ninotchka,popsbaron
Ninotchka,organictea
Ninotchka,S_Jon_
Ninotchka,_ed1
Ninotchka,gabrieloshea
Ninotchka,nesteterr
Ninotchka,saccard
Ninotchka,andrewpark86
Ninotchka,harvsi
Ninotchka,joseamores65
Ninotchka,mittrei
Ninotchka,BeetBeatBit
Ninotchka,Faure
Ninotchka,chaotic_hugo
Ninotchka,lostinfilms
Ninotchka,ali_almannnai
Ninotchka,apursansar
Ninotchka,surreal786
Ninotchka,oregairu
Ninotchka,noguris
Ninotchka,Madphoon
Ninotchka,vrnrs
Ninotchka,ijcaro
Ninotchka,endtell
Ninotchka,nguyenducvan
Ninotchka,SolitaryParade
Ninotchka,Spoorloos
Ninotchka,DiegoGlenn
Ninotchka,bjsylvester
Ninotchka,A_Karerina
Ninotchka,javadzabihi
Ninotchka,apeacefulguy
Ninotchka,uryenbg
Ninotchka,guille79
Ninotchka,316
Ninotchka,Minoru_Isamu
Ninotchka,will_llermo
Ninotchka,hipsterdas11h
Ninotchka,mmiau
Ninotchka,lol_v_stein
Ninotchka,alvmb
Ninotchka,DiegoH2000
Ninotchka,Lispectore
Ninotchka,melcascabelo
Ninotchka,Juniper_girl
Ninotchka,AsphaltReviewer
Ninotchka,hill_valley
Ninotchka,itsmerocio
Ninotchka,pele_alvaro
Ninotchka,maciaflorit
Ninotchka,casualwastrel
Ninotchka,Sepvira
Ninotchka,Ezequiel_CnD
Ninotchka,thi_bot
Ninotchka,CondeKaji
Ninotchka,jessicasmirror
Ninotchka,kazhoang
Ninotchka,horseheadfrank
Ninotchka,bassilisco
Ninotchka,joaovsimoes
Ninotchka,valde5a7
Ninotchka,jyuriia
Ninotchka,gafonsecaa
Ninotchka,Carlos_
Ninotchka,Al_Maek
Ninotchka,ims0tired
Ninotchka,animaldoctor
Ninotchka,Teog
Ninotchka,elpidasmovies
Ninotchka,bradychilds
Ninotchka,oneflyride
Ninotchka,bedur
Ninotchka,rohm
Ninotchka,sanatorios
Ninotchka,cliokv
Ninotchka,Kincharraco
Ninotchka,pluvs
Ninotchka,zachzeidenberg
Ninotchka,johnfrom
Ninotchka,A_de_la_Hoz
Ninotchka,jimypage2391
Ninotchka,ferfydurke
Ninotchka,Yukasai
Ninotchka,letempsquipasse
Ninotchka,Hossein97
Ninotchka,pablost23
Ninotchka,Krygio
Ninotchka,NateFisher
Ninotchka,dafnethais
Ninotchka,DanielQuinn
Ninotchka,wkw
Ninotchka,dessplanetada
Ninotchka,aistetikos
Ninotchka,Siroguh
Ninotchka,Lisianthus
Ninotchka,chloenevski
Ninotchka,lilabronte
Ninotchka,Luzaila
Ninotchka,nestorjpg
Ninotchka,Khaled11
Ninotchka,SimonVV
Ninotchka,urkan
Ninotchka,synthemesco
Ninotchka,michael__
Ninotchka,antares_not
Ninotchka,Ruben0
Ninotchka,JorgeRiera76
Ninotchka,MagemiLennon
Ninotchka,ikanonakis
Ninotchka,ahmedkhaled18
Ninotchka,Iraheta
Ninotchka,HectorMagno
Ninotchka,muneer57
Ninotchka,Phalaen0psis
Ninotchka,CiggyPoo
Ninotchka,Sad1_sin8
Ninotchka,Elextranjero
Ninotchka,LilikoZoldyck
Ninotchka,aixa72
Ninotchka,FelisChaus
Ninotchka,JBdV
Ninotchka,JessyInChains
Ninotchka,Ed_Wood
Ninotchka,Thomkeaton
Ninotchka,FaildeGuionista
Ninotchka,DonEmi
Ninotchka,mlriudoms
Ninotchka,kerstray
Ninotchka,MatiasAlbertott
Ninotchka,Tilina
Ninotchka,chocletymilk
Ninotchka,BeauBeau
Ninotchka,imanrahi
Ninotchka,Cr7lomas
Ninotchka,MariaAprietos
Ninotchka,AuroraNocte
Ninotchka,DaraScully
Ninotchka,Adam_Kadmon
Ninotchka,utsushimi
Ninotchka,Siberian
Ninotchka,VegardLind
Ninotchka,Ganso
Ninotchka,smacks
Ninotchka,luciarmida
Ninotchka,ExplodingBoy
Ninotchka,Brian_Davisson
Ninotchka,DaniMcfly
Ninotchka,Nilmar_souza10
Ninotchka,nikp_
Ninotchka,Snakes69
Ninotchka,clonkalonka
Ninotchka,eduardo_savella
Ninotchka,garles
Ninotchka,drowning_eyes
Ninotchka,Isart
Ninotchka,HeadEditor
Ninotchka,jasikedevicius
Ninotchka,tovallons
Ninotchka,notlaurapalmerr
Ninotchka,ComandanteOso
Ninotchka,filmerditelle
Ninotchka,mmgarnica
Ninotchka,HumanGrief
Ninotchka,MundoRath
Ninotchka,LBaena
Ninotchka,newnarrator
Ninotchka,Movieyana
Ninotchka,Bartleby21
Ninotchka,bbbBbB
Ninotchka,SmokingPizza
Ninotchka,TheGiant
Ninotchka,rohit76
Ninotchka,efebatlle
Ninotchka,nesetel
Ninotchka,jal90
Ninotchka,Chaplintarkovsk
Ninotchka,calexico_ramire
Ninotchka,jesusjativa
Ninotchka,zahrada
Ninotchka,irca
Ninotchka,BishBosch
Ninotchka,brotherdeacon
Ninotchka,erredeme
Ninotchka,Koubrish
Ninotchka,juleskickflip
Ninotchka,hideko
Ninotchka,Brood_Star
Ninotchka,Anastasia28
Ninotchka,acalacedo
Ninotchka,Daniel09
Ninotchka,OzuTeapot
Ninotchka,davidmd
Ninotchka,FredNatural
Ninotchka,Alsosprachzara
Ninotchka,joeldomingues
Ninotchka,rischka
Ninotchka,Kansas
Ninotchka,cinexus
Ninotchka,cuspe
Ninotchka,AlvaroMortem
Ninotchka,Daniblacksmoke
Ninotchka,andera
Ninotchka,thegeeksofiaris
Ninotchka,fleming22
Ninotchka,vini_rossitto
Ninotchka,RachelMyGod
Ninotchka,tomas
Ninotchka,brunomarra
Ninotchka,Seigor
Ninotchka,sata11
Ninotchka,Vicioinherente
Ninotchka,August
Ninotchka,jorgepm91
Ninotchka,aroncondor
Ninotchka,BryanBraay
Ninotchka,Isaac98tm
Ninotchka,msgatsby
Ninotchka,MrArashi
Ninotchka,nichedeath
Ninotchka,BorNaPe
Ninotchka,Javchas
Ninotchka,JoN_TeN
Ninotchka,drogaudix
Ninotchka,PezEspada
Ninotchka,firejuice
Ninotchka,MiguelMSH
Ninotchka,al1997
Ninotchka,Tensin
Bracero,pauetlefou
Bracero,mldeckard
Bracero,anpeas
Bracero,UserTadeo
Bracero,JavierLG
Bracero,Eftala
Bracero,Expiacion
Bracero,PampliMoore
Bracero,Alvar_
Bracero,The_Counselor
Bracero,lejosdeaqui
Bracero,latorredirigido
Bracero,Knicker
Bracero,thoriel93
Bracero,Hitchcosis
Bracero,elbinineteen
Bracero,Hulkgazt13
Bracero,bomarmalady
Bracero,JoanCuadrado
Bracero,capispaulding
Bracero,emilianogaeloj
Bracero,JoseManuel2000
Bracero,lizzworld
Bracero,Marcos_M_Rom
Bracero,Kalon17
Bracero,Indalo
Bracero,DoranMartell
Bracero,Turturro11
Bracero,gorkalonso1
Bracero,blueblueblueme
Bracero,alfredlubitsch
Bracero,alvarop99
Bracero,jal90
Bracero,xela1
Bracero,Colin_Maillard
Bracero,burk26
Bracero,DamnedMartian
Bracero,fifoleCFC
Bracero,GerardMF
Bracero,mbrando24
Bracero,Ricosalamar
Bracero,GusGardey
Bracero,mariagarbau
Bracero,genzai_2
Bracero,luisru
Bracero,jjm_24
Bracero,Antonigrav
Bracero,Casiopea39
Bracero,Ivan_Ruiz
Bracero,Borinot
Bracero,Filmandera
Bracero,arturocg93
Bracero,ciliciosdeneon
Bracero,_perico
Bracero,RamonHSosa
Bracero,tomasdeayer
Bracero,hugoogarciaaa
Bracero,klinfilm
Bracero,pablolorente
Bracero,BielMauri
Bracero,Ruubyn_
Bracero,danieldani
Bracero,A_de_la_Hoz
Bracero,Adurtxi
Bracero,Ruben0
Bracero,critconc
Bracero,McBelda
Bracero,olivermayorga
Bracero,trenbolonsky
Bracero,Jorge_Luis
Bracero,dupree39
Bracero,jmromanos
Bracero,elrau007
Bracero,pedroguerreroso
Bracero,AngyCat
Bracero,michelangelovq
Bracero,ahmed155
Bracero,miguel_la
Bracero,dondelillo
Bracero,ahuitzespinal
Bracero,andreuvilar
Bracero,marcosrv
Bracero,Vladimirovsky
Bracero,drotfult
Bracero,Quilombo
Bracero,figmare
Bracero,MariaRomancera
Bracero,miguelgarcilop
Bracero,j2c6
Bracero,FernandoDiaz88
Bracero,pirracas
Bracero,Lahoramagica
Bracero,VICEStaff
Bracero,thesalvattore
Bracero,Lamu
Bracero,marcelo86
Bracero,Marcoan78
Bracero,jondarru
Bracero,Wuil
Bracero,garciaypico
Bracero,Draculia
Bracero,taptup
Bracero,santa26
Bracero,Roybos
Bracero,roberawards
Bracero,NiTanCholo
Bracero,valentinf
Bracero,albmoyano
Bracero,int1980
Bracero,diegomoratalla
Bracero,ProblemProfane
Bracero,codeine
Bracero,LaQuimeraCult
Bracero,ElPelifomano
Bracero,malatesta19
Bracero,Spencer1889
Bracero,Hiperion
Bracero,Ged__
Bracero,dani_mirallas
Bracero,Toxwiki96
Bracero,Gitanesque
Bracero,cinephile1980
Bracero,drb11404
Bracero,hugogag
Bracero,AlbertQuingles
Bracero,quber
Bracero,SergiG
Bracero,CaligariDoctor
Bracero,kaizenthecave
Bracero,1001pelis
Bracero,Toxicosmos
Bracero,Antonio92
Bracero,krlosierra
Bracero,SrPurpura
Bracero,martafdz
Bracero,caoscinefilo
Bracero,vperis
Bracero,xaviergranell
Bracero,fabregatto
Bracero,Alexotos
Bracero,joanmoret
Bracero,rgaytan
Bracero,PavoPavete
Bracero,JorMenCor
Bracero,antoniogzapata
Bracero,stalker98
Bracero,gondmayx
Bracero,topfilmtuiter
Bracero,mesiasmecanico
Bracero,AinoaFA
Bracero,rodasons
Bracero,jaimemunoz98
Bracero,Colmener
Bracero,astarloa
Bracero,RogerCres96Bar
Bracero,Twinpasq
Bracero,Kr4
Bracero,TigreGareca26
Bracero,Mikio_Fassberma
Bracero,the_lizard
Bracero,AGDeNiro
Bracero,Artyom17
Bracero,MateoCU
Bracero,Ninotchka
Bracero,crisexeflores
Bracero,JaviLHP
Bracero,Ivan_Cheyenne
genzai_2,jdrlulu
genzai_2,ilec
genzai_2,angeljimennez
genzai_2,yvvele
genzai_2,Txonia
genzai_2,el3n4_
genzai_2,paulavimi
genzai_2,sacbe16
genzai_2,rochupa
genzai_2,vmarinaas_
genzai_2,Zakzzz
genzai_2,anuskiplz
genzai_2,Rodri_Go
genzai_2,toharararara
genzai_2,JJSeries
genzai_2,justagirlcinema
genzai_2,dianitaadi
genzai_2,nooveciientoos
genzai_2,hyuninos
genzai_2,chamizo
genzai_2,yosolomequejo
genzai_2,afuentess
genzai_2,uwugorka
genzai_2,droneevil
genzai_2,Bellido
genzai_2,mateogz
genzai_2,ElViviii
genzai_2,SantanaYork
genzai_2,grpcine_
genzai_2,elmaikel
genzai_2,Erpumero
genzai_2,Albeerto576
genzai_2,srcxbx
genzai_2,MaffSimon
genzai_2,alvaroolorence
genzai_2,jessmbtv
genzai_2,luciaahs
genzai_2,m4rinaaa
genzai_2,javiier97
genzai_2,HelenCal
genzai_2,RonnieFarfan
genzai_2,apeacefulguy
genzai_2,dariiolpzz
genzai_2,fahimfilmlover
genzai_2,kaztiel666
genzai_2,cosmefulanitoG
genzai_2,timetolive
genzai_2,beedo
genzai_2,lukass1020__
genzai_2,samuelco_
genzai_2,CineaCapela
genzai_2,victinhofilmes
genzai_2,TheChemso
genzai_2,jischw
genzai_2,Dk_S
genzai_2,lucadinho
genzai_2,Jorgemz
genzai_2,LookingFore
genzai_2,pincheharagan
genzai_2,nonshay
genzai_2,pablitto13
genzai_2,MauPeBo
genzai_2,ranadeoro
genzai_2,alvarocalo
genzai_2,natpp
genzai_2,arslliria
genzai_2,xurdonovski
genzai_2,pedroample
genzai_2,luc4z0
genzai_2,MarxTJP
genzai_2,checa_
genzai_2,HakimoBrahim
genzai_2,Alexhidr
genzai_2,FernandoX
genzai_2,vaca_diavlo
genzai_2,AValesC
genzai_2,LobitoKuro
genzai_2,jordan666x
genzai_2,petisuiis
genzai_2,euunmiroir
genzai_2,nilleta4ever
genzai_2,Lucesmirapelis
genzai_2,gggmalo
genzai_2,k_atia
genzai_2,LecheDeBruja
genzai_2,mispeliculas_
genzai_2,Zox727
genzai_2,manuelmaar
genzai_2,david_meister
genzai_2,ErickIuit96
genzai_2,andyfirte
genzai_2,hugoogarciaaa
genzai_2,sofmcarden
genzai_2,Mr_Sardonicus
genzai_2,juangodard
genzai_2,HazeEstebanUt03
genzai_2,FelipeBautista
genzai_2,Riba0
genzai_2,ArtuSegura
genzai_2,ManuFPR
genzai_2,chubbytoad
genzai_2,Eftala
genzai_2,sgmateo
genzai_2,Joeru_
genzai_2,nmayaby
genzai_2,deie
genzai_2,lrvg
genzai_2,gvstavo
genzai_2,jonesdougie
genzai_2,CorleoneMax
genzai_2,EMTV27
genzai_2,Burocratico
genzai_2,Juansa0995
genzai_2,uxiavillar
genzai_2,francisvalente
genzai_2,spiritualbaddie
genzai_2,evaabarraganpe
genzai_2,Markeel
genzai_2,derosaslagrimas
genzai_2,ElCobertizo
genzai_2,dolemite_d
genzai_2,Verosimil__
genzai_2,The_Ikari
genzai_2,El_lope
genzai_2,ArnewGonz
genzai_2,jaimeascasoo_
genzai_2,DAL9000
genzai_2,Srhoudini
genzai_2,Larra12
genzai_2,wilder_zumaran
genzai_2,scrumblin
genzai_2,jorgealonsot
genzai_2,Cee_oo
genzai_2,35TC
genzai_2,Negrex_91
genzai_2,crispywarrior
genzai_2,zenga
genzai_2,vladioto
genzai_2,Fresna
genzai_2,ouiouicris
genzai_2,inito
genzai_2,kkeita1111
genzai_2,jaqueryokai
genzai_2,myriamm_mn
genzai_2,buenorrojr
genzai_2,xabeleiva
genzai_2,verzoneenozrev
genzai_2,kiriozecla
genzai_2,Vanilaika
genzai_2,MonsterVision
genzai_2,alemartin
genzai_2,quber
genzai_2,Ivan_Suarez
genzai_2,AlejandroGR
genzai_2,JosephineGloria
genzai_2,heartshapedpie
genzai_2,Encar
genzai_2,AlbertoVicente_
genzai_2,Fia_nd
genzai_2,s4ramp10n
genzai_2,palomita98
genzai_2,carmen0bc
genzai_2,LightYo_oMe
genzai_2,kerstray
genzai_2,VacaVarvoleta
genzai_2,Sopa_de_Gato
genzai_2,roberawards
genzai_2,BertaNavarro19
genzai_2,jackcienfuegos
genzai_2,Colin_Maillard
genzai_2,tiredan89
genzai_2,ScreenWorthy
genzai_2,cristinafsanz
genzai_2,antomaa30
genzai_2,Alexcv16
genzai_2,PedroMaia
genzai_2,denizakdeniz
genzai_2,Fuser2904
genzai_2,Thetrophy
genzai_2,hdmi333
genzai_2,Rapote
genzai_2,marianoviza
genzai_2,teterax
genzai_2,LeRobertM10
genzai_2,SirWilfrid
genzai_2,carmendelavega
genzai_2,bassilisco
genzai_2,ireneaguilr
genzai_2,Winnd
genzai_2,danny13_
genzai_2,pedropam
genzai_2,AcervoFilmico
genzai_2,pablooo011
genzai_2,davidcinefilia
genzai_2,Jose_cv7
genzai_2,Ankindol_j1
genzai_2,Musikals
genzai_2,rsipionh
genzai_2,Lady_Monroe_
genzai_2,nicogomezic
genzai_2,AlejandraLaraM
genzai_2,Joni_10
genzai_2,aljimegue
genzai_2,pabloalazar
genzai_2,rob181
genzai_2,Lorena12PM
genzai_2,marialiilairam
genzai_2,Vareludo
genzai_2,miguesantanaa
genzai_2,victordr
genzai_2,SilentK8
genzai_2,chechorhcp
genzai_2,Istaking
genzai_2,matsem85
genzai_2,violettearhart
genzai_2,Kiko_deJuan
genzai_2,Hugollg03
genzai_2,tomasromero
genzai_2,Daveywavey75
genzai_2,miikeclasico
genzai_2,hm12cool
genzai_2,jumaro3112
genzai_2,habubito
genzai_2,CharlesSton
genzai_2,inigocarrascol
genzai_2,pagpogokashi
genzai_2,Criptic_P
genzai_2,malatesta19
genzai_2,rigoayala
genzai_2,MuzzarellaRC22
genzai_2,Hulkgazt13
genzai_2,Racing1913
genzai_2,MiltonOuha
genzai_2,jacobell
genzai_2,Rhuan_Hollands
genzai_2,alonsodvt
genzai_2,LuisDavid_8
genzai_2,Simonyy
genzai_2,alettheia
genzai_2,marcmartinezc
genzai_2,korin
genzai_2,PatoQCL
genzai_2,ruubengz
genzai_2,JuanDkiTR
genzai_2,__aaxeell__
genzai_2,Lenguas97
genzai_2,Mandjiu
genzai_2,Rafakar_Kenobi
genzai_2,Manuel54321
genzai_2,BestActorIndex
genzai_2,ramiroS
genzai_2,manolord
genzai_2,diegomoratalla
genzai_2,jooaaan
genzai_2,alonsosn
genzai_2,Kix03
genzai_2,Scotian_Doomer
genzai_2,Khaledbaloch
genzai_2,MatleTV
genzai_2,evgemav8
genzai_2,BertoArmas
genzai_2,moyito
genzai_2,OscarBDC
genzai_2,polyalloy
genzai_2,13reloco
genzai_2,igorbtk
genzai_2,UX10
genzai_2,Sammylanister
genzai_2,MarianoOrosco
genzai_2,JoseBenigno
genzai_2,rbedoya
genzai_2,luisru
genzai_2,jma2k
genzai_2,bennu
genzai_2,MakeleleHL
genzai_2,el_led
genzai_2,kleonnnn
genzai_2,Jarsito
genzai_2,trashgirl_
genzai_2,KailanSpier
genzai_2,SofinesG
genzai_2,aakashgenani
genzai_2,ian4ever
genzai_2,DarckRevan
genzai_2,Brittle
genzai_2,bjsylvester
genzai_2,lanadelcuriel
genzai_2,atopepaco
genzai_2,gabrielism0
genzai_2,raphissss
genzai_2,guilledelarge
genzai_2,AlexValentine96
genzai_2,DoranMartell
genzai_2,hect000r
genzai_2,mannextdoor
genzai_2,rober_t
genzai_2,Aleja21
genzai_2,javisomoza
genzai_2,UrbanoJ
genzai_2,alfredomzf
genzai_2,FER_B
genzai_2,sebastianht
genzai_2,Miguelitross
genzai_2,HeitemArar
genzai_2,BladeOfGuqin
genzai_2,totoloto
genzai_2,lefazo
genzai_2,oihan_e________
genzai_2,tgb360
genzai_2,Rupover
genzai_2,celis666
genzai_2,sergiopozo
genzai_2,NewLolita
genzai_2,luciasinpelo62
genzai_2,LouMovies
genzai_2,claragdoy
genzai_2,nesetel
genzai_2,arthurgbrr
genzai_2,utges
genzai_2,pabloirot
genzai_2,Robgom
genzai_2,bray1994
genzai_2,rachel_098
genzai_2,noblot
genzai_2,champagnehele
genzai_2,kenia_dc
genzai_2,vela___
genzai_2,cadaververano
genzai_2,Nerdy_Cynic
genzai_2,Gilego14
genzai_2,jumichi
genzai_2,Rafa_MR
genzai_2,anaalaraa_
genzai_2,jorgeeepuey
genzai_2,JoniGamer1996
genzai_2,suburban_dorm
genzai_2,Mann_Ohne_Namen
genzai_2,Jesusblake
genzai_2,toniponix
genzai_2,tanquedelech
genzai_2,rgdr7
genzai_2,blondycienta
genzai_2,DiamondA
genzai_2,Ada0rArdor
genzai_2,Romins23
genzai_2,gatodeperry
genzai_2,Chukluk
genzai_2,adriops
genzai_2,martinps_43
genzai_2,miiguelrubiio
genzai_2,Azureasfilms
genzai_2,mattegrb
genzai_2,Silenzio__Bruno
genzai_2,andreuvilar
genzai_2,Jakob_625
genzai_2,pineloide
genzai_2,Carlosgtf21
genzai_2,FemcelCEO
genzai_2,Isaac98tm
genzai_2,JonSanSK8
genzai_2,lunafrax
genzai_2,skieser
genzai_2,Pewey
genzai_2,Bracero
genzai_2,robert_dante
genzai_2,Vicioinherente
genzai_2,UrsulaE
genzai_2,Kovua
genzai_2,cinefagota
genzai_2,JeffreyBezos1
genzai_2,will_llermo
genzai_2,HobbsEnd
genzai_2,LegendOfMori
genzai_2,Rodyr
genzai_2,Dani1Medina
genzai_2,mia502x
genzai_2,alfoonsso
genzai_2,DarthKaze
genzai_2,burbufilms
genzai_2,GoobyFubber
genzai_2,Batty
genzai_2,pablillo04
genzai_2,juanjocerero
genzai_2,elenalaiper
genzai_2,nrj_m
genzai_2,Sophotype
genzai_2,Histerico
genzai_2,antoniocmpss
genzai_2,Takeshi97
genzai_2,armanddarke
genzai_2,DanielQuinn
genzai_2,guillehormigo
genzai_2,Hildy_Johnson_
genzai_2,virgenyfurioso
genzai_2,AndresTM
genzai_2,Lluis_8
genzai_2,Zyohk
genzai_2,fervic1998
genzai_2,by_chispass
genzai_2,GatoEnTrinchera
migblah,Niks_94
migblah,michaleen
migblah,vndresilva
migblah,jaulasdenoche
migblah,Joe5556
migblah,TigerYogi
migblah,dashenko
migblah,atilajms
migblah,MatheusSVillela
migblah,nicoz
migblah,teoplanell
migblah,jgroorda
migblah,Mr_Porter
migblah,RiuPedra
migblah,discobeatnik
migblah,danielggio
migblah,chatterxbox
migblah,oficinadocapeta
migblah,luizt58
migblah,marcelosob_
migblah,JaytheJayofJay
migblah,elonziadi
migblah,pasticcere
migblah,JuanitoMalaga
migblah,diego_heredia_7
migblah,NunoM
migblah,suinianyu
migblah,skutxoxo
migblah,fmcfmc
migblah,clarimonds
migblah,oddada_d
migblah,Morgan144
migblah,SurrenderDoroty
migblah,missdisfonia
migblah,vaportrails
migblah,malikq
migblah,winerocks
migblah,JoeyL2
migblah,RonnieFarfan
migblah,slint_1900
migblah,ToninoMotorino
migblah,Gatodebalcon
migblah,nublanco
migblah,meisuu
migblah,Saturno_nr
migblah,godblesyunglean
migblah,lulign
migblah,a7etere
migblah,luchofraga
migblah,lucasvilano
migblah,ArtHouseStreet
migblah,mikhabr
migblah,montalvamiguel
migblah,victorbaudasse
migblah,Pavtche
migblah,Saagri
migblah,Gustaah
migblah,cainenby
migblah,Queer_Lisboa
migblah,oalo
migblah,Mr_Tixba
migblah,luvshxt
migblah,transmemberment
migblah,Jack_Darnell
migblah,devilwearsvans
migblah,Einyel
migblah,otherplanet
migblah,Manin
migblah,OberonCruz
migblah,Sabavord
migblah,merdalixo
migblah,chuckcharles69
migblah,AdolfoBerz
migblah,Rafxls
migblah,oneohtrix
migblah,platanero
migblah,songforthesun
migblah,Santiag0o
migblah,Antoxq
migblah,Babbenco
migblah,luct74
migblah,riquissimo
migblah,TetoInvisivel
migblah,Luccgm
migblah,kayky27
migblah,adrianonetto
migblah,wieltjeszuiger
migblah,axoloteapolineo
migblah,javiier97
migblah,nicogomezic
migblah,PluraFecitDeus
migblah,ruben_garcia
migblah,salemgus
migblah,JustGlyphs
migblah,migueaa
migblah,brenoma
migblah,Papasote3000
migblah,y3onsu
migblah,JoacoNC22
migblah,cinemateusmoura
migblah,donsosa
migblah,lefitzgerald
migblah,Jameswg03
migblah,noii69
migblah,gloomy_letter
migblah,anandumadhu__
migblah,yocoolll
migblah,hogwarts
migblah,iconoC
migblah,JoanCuadrado
migblah,STAJO
migblah,nquick
migblah,Saul_Monteiro
migblah,likeaglock
migblah,Epistemusing93
migblah,ilyaberous
migblah,decisive_break
migblah,batsebas
migblah,jgs729
migblah,toharararara
migblah,Raicar95
migblah,BillyJoy
migblah,flowbare
migblah,pato0910
migblah,rooommate
migblah,anmori
migblah,loulogioreviews
migblah,j0tave
migblah,caio_omena
migblah,joacoc
migblah,dtn_rt
migblah,MoonSato
migblah,jordiapple
migblah,vonGiovanni
migblah,Theo5_
migblah,yusera
migblah,Manex20
migblah,RichardRP
migblah,LCastor
migblah,miquelTOledo
migblah,eraserheadbaby_
migblah,piggysuper8
migblah,AndresGarza
migblah,laptophorizon
migblah,Memaa
migblah,Paolanaomi
migblah,Musidoro
migblah,fovujono
migblah,juanjohaz
migblah,davidit
migblah,gui_curte_movie
migblah,grpcine_
migblah,BigmouthSA
migblah,sofmcarden
migblah,GGaribaldi_
migblah,olm_edo
migblah,cbastianr
migblah,Dune_1984
migblah,alicethibes
migblah,nicastro1
migblah,giacomom0
migblah,miguelkkjkjk
migblah,NLK
migblah,AdamsawAfilm
migblah,JavierNeri
migblah,przgui
migblah,doncaballero
migblah,Christo91
migblah,gerarzzzz
migblah,MarcBallesteros
migblah,pedrochacht
migblah,Prawnmeet
migblah,Facundo02
migblah,heisonluvcinema
migblah,neetfoidular
migblah,joaodedeus
migblah,GGmadtricks
migblah,marcobfx
migblah,ElCobertizo
migblah,polyalloy
migblah,bilenoire
migblah,dannyr_stc
migblah,DlONISIO
migblah,Mariu85
migblah,antoniocmpss
migblah,MagicLantern66
migblah,xurdonovski
migblah,skylarwylar
migblah,gjetsky
migblah,request_healing
migblah,tonyllo
migblah,Rene_Cano
migblah,vinicius_patrao
migblah,Atticus_Finch
migblah,brunoebruno
migblah,siemprepayaso
migblah,hmkei
migblah,bliten
migblah,joao62
migblah,cloudproduction
migblah,michelento
migblah,BearsVideo
migblah,oriolro
migblah,Nomaxy
migblah,thomazsa
migblah,guicomelli33
migblah,PROTEUS4000
migblah,enrisi
migblah,Caua7B
migblah,mojigato290
migblah,Neidhammel
migblah,Nikolas000
migblah,Manfredovski
migblah,guskk
migblah,guisouzaa
migblah,A_Andonov
migblah,biellecter
migblah,Susa61
migblah,patanjali
migblah,farenheit
migblah,RoberBernas
migblah,RickGrasson
migblah,LipeJupiter
migblah,aurak
migblah,tdk_jav
migblah,crvseia
migblah,sublime_objeto
migblah,SRiestra
migblah,SrUlmer
migblah,padjomb
migblah,sgmateo
migblah,thesexybeast
migblah,JuanaPolo
migblah,MichelMourlet
migblah,drb11404
migblah,JSAmeur
migblah,jpjpablo
migblah,marcelo009
migblah,voodooluis
migblah,gonzalosoto
migblah,marderosas
migblah,quber
migblah,nancysL
migblah,Dejan86
migblah,rnann
migblah,albamn
migblah,marsupialheart
migblah,elandim
migblah,Rengoestar
migblah,emilianogaeloj
migblah,flyinboobs
migblah,pilotari22
migblah,aikugur
migblah,lusi_doritos
migblah,franzino
migblah,ivanrf
migblah,Sidneisson
migblah,Dietrico
migblah,Maxim_Pervov
migblah,youkito
migblah,kittenjuice
migblah,ogabriel_
migblah,ehmacdre
migblah,asktheaudience
migblah,4xc
migblah,capalbo
migblah,desimolente
migblah,Kadu_Mendes0001
migblah,gee1958
migblah,Regges
migblah,rasp
migblah,sorenarg
migblah,nforero_
migblah,ornithopter
migblah,Noemi94
migblah,rupuze
migblah,CineyObsesion
migblah,thelifeofk
migblah,robertanthony25
migblah,settima
migblah,Mizuker
migblah,rodrigostark
migblah,vientolica
migblah,latorredirigido
migblah,epichatpong
migblah,loveuiihateu
migblah,marianxgil
migblah,Yami_
migblah,Pedro__Henrique
migblah,chiu1234
migblah,ivann04
migblah,Tano_Sher
migblah,phiilippus
migblah,gabrielrigo
migblah,knggraham
migblah,Davi_Pieri
migblah,LookingFore
migblah,HamedRezaei
migblah,jaimeac
migblah,gmbx
migblah,LuizFigueiredo
migblah,leozaofaical
migblah,danvelina
migblah,kalil64
migblah,Beau_Travail
migblah,alfredlubitsch
migblah,gabrysfrance
migblah,eusouoguto
migblah,diegxsg
migblah,rachel_098
migblah,rxdri
migblah,collagedetodo
migblah,Charloso
migblah,ultraamphibious
migblah,pabloalazar
migblah,survivorbtl
migblah,DeividDiGiel
migblah,aitanaduque
migblah,Sleptrunners
migblah,burs
migblah,Mikaina
migblah,MrMajorTom
migblah,juno_rekt
migblah,koalaloverxx
migblah,salvador01_
migblah,Kungfukabab
migblah,Eliseo711
migblah,Panoramique
migblah,Monassa
migblah,gustavoryanb
migblah,Millaray
migblah,beatrichi98
migblah,redonaa
migblah,lolacorre__
migblah,elielmiranda
migblah,Quintilindo
migblah,carlaadl
migblah,andreuvilar
migblah,snuffygoods
migblah,Punkzyx
migblah,girlymagicalboy
migblah,oyasumigram
migblah,Aforbyll
migblah,zaomattz
migblah,OldJinMills
migblah,Samukingz
migblah,rsipionh
migblah,manoguss
migblah,c0nga
migblah,israel1916
migblah,nanigall
migblah,69
migblah,zahc
migblah,thaizera
migblah,vin1_rq
migblah,wattter
migblah,battleapple
migblah,Danare
migblah,Juvnvs
migblah,drew0102
migblah,Sarkissati
migblah,diecisiete
migblah,rob181
migblah,Talesh
migblah,guileick
migblah,Ericeiradelslz
migblah,Rafa_Santos
migblah,noquierocrecer
migblah,golpe_y_poema
migblah,diegorecoba
migblah,garciaypico
migblah,Jowix
migblah,MarcoASM
migblah,l_freza
migblah,Rosende
migblah,Arthur_Barros
migblah,Valerie_Gould
migblah,kalasevsky
migblah,MaromeroPaez
migblah,dreamp0lice
migblah,KenRobb
migblah,Sonny002
migblah,qqqqu
migblah,felipe714
migblah,dumesjennifer
migblah,danielahsl
migblah,zstikel
migblah,diegoumejuarez
migblah,_willneverstop
migblah,minguel
migblah,arriagaluisjose
migblah,FriendlyGreedo
migblah,Merlike
migblah,DessTod
migblah,T1ANA
migblah,elbrujoverde
migblah,geoyabuki
migblah,1luv1jahx
migblah,grindcore
migblah,CedricB
migblah,eliottp
migblah,Vastianus
migblah,timetolive
migblah,Sol_Rojo
migblah,GusGardey
migblah,TheoVivas
migblah,asenhoradanoite
migblah,martindom19
migblah,CaptND
migblah,yuricavalcante
migblah,criticsandrec
migblah,ikanonakis
migblah,AboveAverage
migblah,DickLaurent72
migblah,iasdelcanto
migblah,malatesta19
migblah,st3333ly
migblah,RealRedo
migblah,Alegreto
migblah,Indicatorseries
migblah,mattozo
migblah,feijocas
migblah,jesusnomequiere
migblah,Miguelitross
migblah,wtbe
migblah,LucasRibeiroxD
migblah,guilhermemiq
migblah,Galleguillos
migblah,davilape
migblah,a9p3Karakalpaks
migblah,kathrynmedina
migblah,dylpix
migblah,JuSiBo
migblah,Rom1notelesfilm
migblah,roroo
migblah,RomaSchaefer
migblah,mikewini
migblah,finuli34
migblah,MarcelloWyler
migblah,DumbFreeman
migblah,WillOliveira
migblah,jacer44
migblah,Edenverso
migblah,Pedro_G_Barbosa
migblah,Films2Festivals
migblah,ramiro29421
migblah,beatrizigreja
migblah,artefr
migblah,jclaudino
migblah,inesgaudisa
migblah,manuelcarvajal_
migblah,Alephbeth
migblah,LeningradCowboi
migblah,Facundo01
migblah,Yulids
migblah,Amirh_V
migblah,crochetgun
migblah,narratologica
migblah,riquelmeee
migblah,vinirosalvo
migblah,jfilian
migblah,opropriofabio
migblah,Gusta11
migblah,blancichi
migblah,alberto20lee
migblah,eljpax
migblah,KailanSpier
migblah,ze_piriquitin
migblah,zidimc2411
migblah,pablo_flote
migblah,Space___Monkey
migblah,felipeprt
migblah,igorvalerio
migblah,marmotear
migblah,cintila116
migblah,broncobilly6666
migblah,jacqueslefou
migblah,AcervoFilmico
migblah,Kovua
migblah,rtl1
migblah,MrBelleza
migblah,cinephilegirl_
migblah,ianESO5
migblah,ScottiesTotties
migblah,AT0
migblah,DJPaboloSwager
migblah,ahuitzespinal
migblah,DrogaHiperKtiva
migblah,moodles
migblah,jshajzhzhahjq
migblah,earthpigment
migblah,scazzottare
migblah,Lukedo
migblah,Picnica
migblah,meowmeowwoof
migblah,cirobelar
migblah,alfoonsso
migblah,mattegrb
migblah,gritosysusurro
migblah,Haarotkolnua
migblah,sofiamkff
migblah,jeanluclovesss
migblah,sharklover3000
migblah,gregmachina
migblah,Shamalov
migblah,isabelabaldini
migblah,Guilezitos
migblah,sillycatmom
migblah,anafranciscoso
migblah,reicleiton
migblah,Hildy_Johnson_
migblah,Carlos_eq
migblah,alexfurg
migblah,Walterarte
migblah,SergioArgueso
migblah,Nicoconka
migblah,pelisdepinguino
migblah,tubifex
migblah,electricity777
migblah,Alexi___
migblah,Pegotoso3
migblah,EnriqueSemH
migblah,Joaolucas_2010
migblah,en__passant___
migblah,peyrol
migblah,MBachs
migblah,babicarme
migblah,Baltalc
migblah,BVCPMK
migblah,AlbertoVicente_
migblah,pauetlefou
migblah,sSAYSsO
migblah,dcsanches
migblah,Scotian_Doomer
migblah,Peni_Film_Fest
migblah,quinterodiego
migblah,Rodolfo_15
migblah,JonAndoni
migblah,fuklestar6tem
migblah,Natanael_
migblah,berito
migblah,FruechteAkin
migblah,brnmez
migblah,Camu_moor
migblah,Apoloribeiro
migblah,DM2024
migblah,mengisztu
migblah,monomatism
migblah,andradessssss
migblah,Angelowski
migblah,Expiacion
migblah,IsaExpress
migblah,cinemascope
migblah,stimtrigger
migblah,rosehustler
migblah,lucasriov
migblah,guilhermedybala
migblah,Charly_Cruz
migblah,lucadinho
migblah,miqueljaner
migblah,liluppi
migblah,applecherrytree
migblah,shakethatdevil
migblah,Arzu89
migblah,joaodmoraes
migblah,exiroo
migblah,lblancora
migblah,andrebleano
migblah,jndmrc
migblah,cristianojesus
migblah,bruno1cinefilia
migblah,rvgolzarri
migblah,Fabio_Filho
migblah,_Loppan_
migblah,WalterKaramazov
migblah,XuZejie1997
migblah,Matuschek
migblah,RenataLisboa
migblah,juanjocerero
migblah,migrms
migblah,hjhjhjhjhj
migblah,Hemete
migblah,joaogostoso
migblah,derosaslagrimas
migblah,ikicgm
migblah,Hypnerotomechia
migblah,oddmeu
migblah,MartinSagadin
migblah,materialghost
migblah,outskirtsmag
migblah,Apolo13
migblah,Casiopea39
migblah,clairdeterre
migblah,tonyhanl
migblah,kvrtz_xmjj
migblah,vitorpzk
migblah,dafetamina
migblah,allieexcel
migblah,omarznari
migblah,liamhand17
migblah,VinnyAlves
migblah,akavai78
migblah,solcha97
migblah,Carlos_Rios
migblah,Arifureteism
migblah,WrikiKamen
migblah,marcsouza
migblah,nattdesono
migblah,vitorramalho
migblah,helenaaap
migblah,Marce1Proust
migblah,tomi_vicario
migblah,pablopino
migblah,amortemor
migblah,fifoleCFC
migblah,duncan1964
migblah,tallercineyfilo
migblah,macmahon69paulo
migblah,jovenausente
migblah,Dan_Steilen
migblah,iurialbuquerque
migblah,mirandate
migblah,rohmersangsoo
migblah,jbetrian
migblah,olliedixon148
migblah,le_noobite
migblah,brendalombaldo
migblah,FullMontyPython
migblah,Alex2314
migblah,gabrielism0
migblah,alberfg
migblah,AEric_Arzola
migblah,ninetotwelve_
migblah,PedroNantet
migblah,DonJos
migblah,gabrielmsvp
migblah,Marcos_M_Rom
migblah,Thiago9111
migblah,manuelrz
migblah,lunaap
migblah,Joakino_Colinas
migblah,alekay
migblah,pauIl
migblah,rodrigo20
migblah,VacantJoy
migblah,maryamzz
migblah,estelagonzalez
migblah,bendikfo
migblah,Gui_Durand
migblah,alvarocastillo
migblah,manoelfrias
migblah,allenb486
migblah,shasjp
migblah,TaranofPrydain
migblah,Konstantin_Ch
migblah,Zettton
migblah,fish_inn
migblah,nostalgiakinky
migblah,doughnuts787
migblah,BrenoNegreiros
migblah,manuelk
migblah,mariposadecafe
migblah,suburbanborja
migblah,guario_14
migblah,norianimica
migblah,mise_en_seer
migblah,quandolasera
migblah,idktheus
migblah,v3gabi
migblah,cincosilabas
migblah,notgonnahappen
migblah,bragluis
migblah,__susito
migblah,earthandjerry
migblah,natxoney
migblah,sucozao
migblah,hectordoncell
migblah,quadrantdub
migblah,ricotti
migblah,Pinest
migblah,nathanhowell1
migblah,AlexCaracas
migblah,Arieelitta
migblah,twodor
migblah,midim
migblah,tomasdeayer
migblah,marieduardasmf
migblah,sashafichtner
migblah,LORETTA1000
migblah,PavoNocturno
migblah,ncgdes
migblah,loveubabe
migblah,davidpiizarro
migblah,Xayl
migblah,Distant_Voices
migblah,Notarainbow
migblah,alaeimoh
migblah,ih8tem0viesate
migblah,Fredeance
migblah,JaimeUrquiza
migblah,zaborchik
migblah,anavp
migblah,igorlaine
migblah,ddzzaaii
migblah,pablo_virion
migblah,JoN_TeN
migblah,miladymanzarek
migblah,lucasrgccosta
migblah,Aledoqe
migblah,beceiro1104
migblah,siderrae
migblah,wzimmermann
migblah,twiceaman
migblah,awetnhafash
migblah,Carin_rqf
migblah,ps2saveicon
migblah,baarodriguez
migblah,draperator
migblah,MizoFord
migblah,solmsds
migblah,Zezito
migblah,DouglasMattaus
migblah,giolamadrid
migblah,dedpeng
migblah,the1azy2review
migblah,lucasivuca
migblah,joaopedrosc
migblah,Mephistophelia
migblah,jonmunch
migblah,oklausz
migblah,vics75
migblah,cretineuzo
migblah,ryguy1000
migblah,glitterliss
migblah,cenmar
migblah,Bjorksbxtch
migblah,LuisLS
migblah,ydglan
migblah,kauagbarreto
migblah,aaronroyale
migblah,antcrugar
migblah,ronbrrzzz
migblah,ORIAO
migblah,mobscur
migblah,DJGS
migblah,ReynexD
migblah,tantamoqs
migblah,acidicwires
migblah,bernardog
migblah,ronaldperrone
migblah,mrminio
migblah,theanxietygirl
migblah,fabianvoitzuk
migblah,xuael
migblah,gustavofdd
migblah,Elabrzodelcine
migblah,ale_piq
migblah,joaows
migblah,manolord
migblah,cdcarlos_
migblah,schoppheineken
migblah,saturnelia
migblah,mmirones7
migblah,Leinad
migblah,RuIshmael
migblah,andrejade
migblah,_lkt
migblah,malllllcom
migblah,amauripsneto
migblah,Shico_
migblah,nickpozek
migblah,luccacica
migblah,Shaption_al
migblah,cachorroouvido
migblah,ManhattanFlashh
migblah,slowcap
migblah,fleshapoid
migblah,lampeido
migblah,novasletras
migblah,mojbsz
migblah,Marchiaro
migblah,Sergi_ll
migblah,rogew
migblah,Faridpll
migblah,Not_JLAparicio
migblah,josestempa
migblah,raysssa
migblah,Austrohungaro
migblah,duyhongpham
migblah,Pontess
migblah,NicoChifi
migblah,pablocine1
migblah,attheimax
migblah,MPza
migblah,diogocao
migblah,pscle
migblah,paralipomenes__
migblah,immerschon
migblah,Gonzalo_Alm35
migblah,arismn
migblah,Nataliagrc
migblah,marcosmma94
migblah,FMMS
migblah,santidb
migblah,JOHernandez
migblah,diegoh13
migblah,Iagosesto2006
migblah,sebsperelman
migblah,alinalabour
migblah,elenacf
migblah,haidy272
migblah,cat28096
migblah,Voidout
migblah,EndederGewalt
migblah,maariaslg
migblah,nicolasgibbs
migblah,lluuuccaassss
migblah,dirkgaston
migblah,Francisco_cruz
migblah,FxrAck3rm4n
migblah,afilmenjoyer
migblah,soto_alvizo
migblah,zachary_scahill
migblah,mistersuke
migblah,leonbtourr
migblah,AvalynWu
migblah,Giansitto
migblah,Victoriano_
migblah,Ada0rArdor
migblah,LluviaGabriel
migblah,esnapur
migblah,edupiraces
migblah,danniela
migblah,PavoPavete
migblah,FranGuerrero
migblah,milicaroy
migblah,riccardofreda
migblah,amart14
migblah,_eden
migblah,romperstomper
migblah,FeliMastro
migblah,GonzaloAvaria
migblah,bambiknu
migblah,antonipons
migblah,toni03
migblah,calexico_ramire
migblah,tutucadoidinho
migblah,juliet4a
migblah,kacper990
migblah,chernosotenets
migblah,jorgeloser
migblah,Lannoyer
migblah,IsFranka
migblah,dvimnzs
migblah,4KUltraADHD
migblah,antobar23
migblah,javicamiser
migblah,ReiGhost
migblah,drunkgourd
migblah,wenceslaopuppo
migblah,gussgusgus
migblah,AxlFI
migblah,ebsilva151
migblah,ronsouza9
migblah,sambajazz
migblah,JesutinoHur
migblah,BonsAdalas
migblah,pillanes
migblah,CleverGurl
migblah,lajoel4
migblah,moovely
migblah,El_Bromitas
migblah,iseedeadpeopl3
migblah,pascalviveros
migblah,DrakTV
migblah,carlosmundi
migblah,wholelottafonso
migblah,ffeder1co
migblah,AlejoDaz
migblah,joacook
migblah,emiodriguezamat
migblah,franciscolimaa
migblah,iamontiel
migblah,PedroDuranRuis
migblah,JoseZ16
migblah,jcalvills
migblah,rach16
migblah,Andres_Sorokin
migblah,fabiolacalvanic
migblah,emoraleslr
migblah,CinemaBrainFuk
migblah,freeztate
migblah,User120505
migblah,nogueron
migblah,LMMDC
migblah,maddieoconnorr
migblah,todaysthrill
migblah,GAmengual
migblah,khandoblel1
migblah,flunkygohard
migblah,michelangelovq
migblah,miguelit0
migblah,MrLed
migblah,ppola
migblah,countcontess
migblah,Paq_
migblah,sammyrayy
migblah,rafaelmaral
migblah,oscarwpedersen
migblah,3even3even
migblah,AleN99
migblah,davilima23423
migblah,ahmed155
migblah,markacosta
migblah,adrianocean
migblah,totkot
migblah,lalaphilia
migblah,kawhyo
migblah,valmoz
migblah,libblerabble
migblah,Placento13
migblah,CrystalYoung
migblah,pinkoddity
migblah,yzbk
migblah,UX10
migblah,marisolpicon
migblah,fiwgo_png
migblah,joaolsfilho
migblah,wanakitochikito
migblah,GatoBurro
migblah,PedroMaia
migblah,AkiiirA_
migblah,tenta_Jonathan
migblah,yanrq
migblah,Joanacarreira
migblah,JuanCruzlll
migblah,CsOliveira
migblah,fauth08
migblah,Rafael_Teniuzz
migblah,ragacuretrip
migblah,milenarivas
migblah,laurencedarrow
migblah,Yeah_its_me
migblah,Bebeto_mauad
migblah,hitchhawksiano
migblah,knightcream
migblah,ltcprsts
migblah,MrPurpur
migblah,milne00
migblah,camororo
migblah,Leo_Metsavaht
migblah,RainerGaudi
migblah,witold84
migblah,falorenzatti
migblah,joaquinlozano_
migblah,arthuthecreator
migblah,pptiago97
migblah,cine31
migblah,Quilombo
migblah,yamunita_
migblah,migzks
migblah,iagocalistro
migblah,Lewin2002
migblah,whirlwindrider
migblah,marinxcobos
migblah,sat21
migblah,picolandia
migblah,andrusadeyes
migblah,lashojas
migblah,Armageddoncn
migblah,AaronFabi
migblah,thefacu
migblah,Ardwyw
migblah,leariva
migblah,RaphaelaMarinho
migblah,vernell
migblah,luizf_lipe
migblah,sshabrang
migblah,pablogriffs
migblah,Reneto33
migblah,marielepage
migblah,zamba
migblah,lukemogan
migblah,KoalaBravo
migblah,zoezalcman
migblah,cacotanasia
migblah,evoluasol
migblah,pe4
migblah,McBelda
migblah,jesussolano
migblah,sweetzinhu
migblah,Dreamer01
migblah,onigiriyz
migblah,guilhermborges
migblah,tdy
migblah,caraazulpintudo
migblah,paulinacv
migblah,alexkinross
migblah,swim
migblah,figmare
migblah,Salchitatu
migblah,beedo
migblah,Chantylly
migblah,floripalomino
migblah,Ombilick
migblah,pestilence
migblah,chinesefotbal
migblah,franciscotg2000
migblah,eduardoibarra77
migblah,loulourevisited
migblah,davidturn
migblah,portoss
migblah,mauricio889
migblah,Stellalunar
migblah,beniciosousa
migblah,Lovelesss
migblah,victfm
migblah,andersonalamo
migblah,ilm
migblah,patxicline
migblah,davidpsieira
migblah,Estre
migblah,Dr_Akkar
migblah,hipsterdas11h
migblah,mephitis_x2
migblah,li4am
migblah,moko77
migblah,valeskagsilva
migblah,hansbeibel
migblah,Carlinho7
migblah,ihateabays
migblah,marcolopes0
migblah,fesilveira
migblah,carmenordunya
migblah,mashaclark
migblah,SergeGainsbourg
migblah,lucaxwill
migblah,matusquera
migblah,globulart20
migblah,sebastiancruz
migblah,AmaiaZufiaur
migblah,mispeliculas_
migblah,roorro
migblah,andreuslim
migblah,melmalagolli
migblah,cabitoh
migblah,PigeWithNoName
migblah,MITRACHIK
migblah,travamarela
migblah,trsto
migblah,brontosaurest
migblah,twentytwoo
migblah,miamalasisi
migblah,Mixander
migblah,SamuelLaser
migblah,yayo27
migblah,chidrass
migblah,GLMorlanes
migblah,pirracas
migblah,elisamenlo
migblah,Daniela_X
migblah,juankiK
migblah,vncs_okada
migblah,DelayedGratifi
migblah,PedroAccioly
migblah,eh_huh_meh_bah
migblah,DRDL81
migblah,AtlantisMantis
migblah,apaloseco
migblah,genzai_2
migblah,joaovitqr
migblah,aliluchp
migblah,fuegue
migblah,demtrium
migblah,Taxila
migblah,vaderedrum
migblah,Ivo_Cruz
migblah,confufn41
migblah,chanajuzga
migblah,etoilerouge
migblah,TheOTMan
migblah,PikosRikolaidis
migblah,_poo_
migblah,adriaangn
migblah,ElisaaaaaH
migblah,GuigsRodrigues
migblah,VidhuK
migblah,VitoMarchesi
migblah,marcaskevin4
migblah,lucas____
migblah,le_friauche34
migblah,lolxd
migblah,solaristico
migblah,AleOsso
migblah,WithoutWords
migblah,thi_bot
migblah,Craften
migblah,Cineyarte
migblah,alexandre_mms
migblah,Midegeneracion
migblah,levythree
migblah,nomennescior
migblah,joaoVA7
migblah,SeeKipRun
migblah,Diegoquaglia
migblah,vlaestra
migblah,Danse_
migblah,Saulo192
migblah,champerdamper
migblah,joshuapeinado
migblah,mauriescod
migblah,victoragom
migblah,Hasan_Atef
migblah,Gabriel00
migblah,rhsol
migblah,thirteensprings
migblah,irenejustt
migblah,paucherep
migblah,ju4njose
migblah,jaiimeteijeiro
migblah,GonzaloSantonja
migblah,extravagnt
migblah,sokoljose
migblah,samueltenorio
migblah,Pedrinh06
migblah,regularaugust
migblah,pablooarenas
migblah,Didascalia
migblah,matmlo
migblah,NickTheSick
migblah,Badimj
migblah,DaddyGirijaa
migblah,Gaston_Aparicio
migblah,GedMurray
migblah,jimmyWatcher
migblah,msattin
migblah,samsportello
migblah,MarioJuarezM
migblah,cinemaquinas
migblah,turnt
migblah,hogenthusiast
migblah,tatetitotu
migblah,robdyson
migblah,petewest87
migblah,jane_doe_jane
migblah,Ohitsjackhewitt
migblah,DaraghGoan
migblah,pyeongin
migblah,itsjack
migblah,holigig
migblah,pesterlovis
migblah,leoniswild
migblah,RoyCooper
migblah,jckiebrwn
migblah,Carlosgtf21
migblah,spykje
migblah,liorzalis
migblah,youngbarber
migblah,SweetBriar
migblah,Loveshaft
migblah,fanfan1212
migblah,CarlWang
migblah,chusverduras
migblah,gmartineza
migblah,j__orge
migblah,marmarmar1919
migblah,flu0xeteen
migblah,youthless
migblah,feijaogm
migblah,leorib
migblah,navemaria
migblah,danielxtmas
migblah,Gavin_No_Salads
migblah,ssn_y
migblah,JoyJoe
migblah,JoelAntoniok
migblah,salatyel
migblah,miguelmartinsw
migblah,LuizAlbuquerque
migblah,Bruno_hxzz
migblah,no_thank_you
migblah,victorbelem
migblah,lonelythay
migblah,matteoB
migblah,jfortizzz
migblah,anagomza
migblah,TheOrla
migblah,Euphii
migblah,abelamagre
migblah,oxalaia
migblah,guxiguxi
migblah,pablitorevival
migblah,lcmpst
migblah,MickT
migblah,diegoguada
migblah,AmadeusMP
migblah,COOCOO
migblah,hour_of_thestar
migblah,ecuadoriangray
migblah,frankintherye
migblah,Angeline_011
migblah,SemTitulo17
migblah,manuelitajaja
migblah,AphexRivette
migblah,jsexnihilo
migblah,DoeLecter
migblah,AgathaAngelicaW
migblah,JulioOs
migblah,lorenssxd
migblah,guilherme16
migblah,Air_Fryer_
migblah,che19
migblah,juliopr11
migblah,elenaltheman
migblah,javipalacios
migblah,ematavs
migblah,jorgeroca
migblah,Imawildcrazyguy
migblah,JuanmaV7b9
migblah,rodriguez_jp
migblah,bafio81
migblah,oliviahuidobro
migblah,soficardenas10
migblah,emecabrera
migblah,Spicolixlr97
migblah,contreras372
migblah,grelhadamista
migblah,azuosdi
migblah,mategarim
migblah,gumu13
migblah,sucotangue
migblah,glowingwabbit
migblah,mati_cf
migblah,real_noice
migblah,danielhls
migblah,Deyvid2021
migblah,EskimoFriend1
migblah,LucianoCarneiro
migblah,antonioroma14
migblah,amirmousavi912
migblah,matheus_fukuda
migblah,newsfromadri
migblah,gasparmfiadeiro
migblah,paloma55
migblah,thonynho
migblah,thethirddan
migblah,rodrigues_
migblah,DarckRevan
migblah,lirioscarr
migblah,Atuc
migblah,Octopocalipsis
migblah,Anton_ioni
migblah,mads88
migblah,egjones
migblah,sofianTonel
migblah,br0kend0ll5
migblah,vwkt
migblah,lejuan
migblah,S_Jon_
migblah,gmp1
migblah,MonsterVision
migblah,paogomez
migblah,Paxa1
migblah,diegolose
migblah,JayOfArc
migblah,Destroller
migblah,dreamsinitalian
migblah,bleeckerstreett
migblah,jlgglj
migblah,miguelgarcilop
migblah,jvlio
migblah,HenriqueEsteves
migblah,egaliza
migblah,francisvalente
migblah,lurequejo
migblah,isaacbarragan
migblah,Travics77
migblah,Roveroni
migblah,henriquesangria
migblah,pabloirot
migblah,FraMorino
migblah,Muruaman
migblah,PietroCalace
migblah,Obscenum66
migblah,oroborusx_
migblah,fgonzalezse
migblah,carlosnavarrosu
migblah,lipemf
migblah,gxlightly
migblah,Tomgaar
migblah,Kipik
migblah,AfonsoDutra
migblah,solci_
migblah,sobotka
migblah,fUrelha
migblah,anjeferu
migblah,MilenaGonzt
migblah,isra12
migblah,Garcl
migblah,Biskit123
migblah,HashimAli
migblah,Pratssss
migblah,guacamale
migblah,MikeTeErre
migblah,tidedsued
migblah,antonio1993
migblah,joaquin_penis
migblah,cfranco_ruiz
migblah,GaboGales
migblah,IsmaelSilva_
migblah,LucasC7575
migblah,disonancia
migblah,dolemite_d
migblah,albmoyano
migblah,Emirpalomo
migblah,waterlwoo
migblah,Jp1138
migblah,Ber99
migblah,loremip
migblah,MartialCantarel
migblah,axeltenaglia
migblah,jordanleung
migblah,woodMan
migblah,axapvov
migblah,Peasants
migblah,pau_ba98
migblah,ParaDistraerme
migblah,rgdr7
migblah,pennydelacalle
migblah,ivangustoli
migblah,Alanna_P
migblah,AP_Schoolwork
migblah,Valle_24
migblah,jpage
migblah,Hamahiru
migblah,newshores
migblah,LuisABelmares
migblah,alba_yass
migblah,nuugent
migblah,Virtuewill
migblah,bdnardi
migblah,PriscilaGontijo
migblah,edumago
migblah,moonsafari_
migblah,patsca
migblah,0bernull
migblah,die_larry
migblah,Charliehebi
migblah,SantiagoFont
migblah,homogay2
migblah,thischarminman
migblah,cobi1
migblah,Paulaa_cc
migblah,majo_reg
migblah,rikkinadir
migblah,charisseluvsli
migblah,przzg
migblah,CarloMigliori
migblah,joaoVA
migblah,davidwd
migblah,AlexanderQQ
migblah,ann_rko
migblah,Repichas
migblah,wil1mcmorran
migblah,Sergi
migblah,alemn
migblah,igon6
migblah,Kamui_MG
migblah,AlirezaFatehii
migblah,The_Listmaster
migblah,spacealioddity
migblah,albalilaa
migblah,raftejel
migblah,loungeymartinis
migblah,verdemanzanas
migblah,amirmohamad8
migblah,maisquiestil
migblah,Buffalino
migblah,ardimart
migblah,sofv
migblah,Covidonguita
migblah,Bruno_Garuzi
migblah,Peinado
migblah,Galvez1
migblah,MoMaPS69
migblah,nhp
migblah,luc1ia
migblah,bidisini
migblah,lucaskorell
migblah,Hitchcosis
migblah,TheChemso
migblah,wa_ztrel
migblah,omarhadi
migblah,Malala
migblah,pavanigi
migblah,RickXavier70
migblah,dippr
migblah,misoleu
migblah,GiovSA
migblah,dbuenosal
migblah,flood_
migblah,NomiMeTangere
migblah,urielmora
migblah,pedrorrcl
migblah,Stephen77
migblah,PerroAndaluz
migblah,cristinamartin
migblah,__vic
migblah,manuzampa
migblah,DeLarge13
migblah,lupij
migblah,Valingtine
migblah,angelfacee
migblah,LegallyMarcos
migblah,GayBeet
migblah,Cacokkk
migblah,Al_____Neri
migblah,Coltbus
migblah,Vlentina_
migblah,emerichricardo
migblah,gbqueiroz
migblah,JuanluSportello
migblah,AgustinBengo_
migblah,Bastardaco
migblah,senzaparole
migblah,ALE2343
migblah,qernardo
migblah,awzaq
migblah,dros
migblah,IsaacPiGa
migblah,dstrangelove
migblah,Tomasdvo
migblah,Nosferatu373
migblah,catalyna
migblah,dyllvn
migblah,felipes
migblah,giskard26
migblah,Yan_Sacia
migblah,rbedoya
migblah,rubenglez
migblah,sitwot_
migblah,deckard_97
migblah,Herculano137
migblah,RafaelBezerra
migblah,delarosa
migblah,Vnncard
migblah,hardeee
migblah,fedegalindo
migblah,kiarostamibf
migblah,GatoEnTrinchera
migblah,ManColl93
migblah,Alex_Guax
migblah,sfjonatas
migblah,jvloureiro
migblah,exoticeusebia
migblah,alejandrosotelo
migblah,NausicaaLover
migblah,FelipeSetubal42
migblah,victorguimaraes
migblah,radioholic
migblah,GuiPorpino
migblah,devstarman
migblah,segundavinda
migblah,MisaelClassim
migblah,novodia
migblah,sibaby
migblah,Raskolnikov76
migblah,BoomLight06
migblah,halcie03
migblah,lordauch
migblah,LILSHUTUP
migblah,rominpereira
migblah,vinay_arun
migblah,vitorrr0
migblah,39915041
migblah,Barjwoddef
migblah,peladopaila
migblah,_Carlos_Eduardo
migblah,frrt
migblah,tiago_de
migblah,kicking
migblah,goldenpoetries
migblah,cytril
migblah,aiiesvs
migblah,lafup
migblah,steviebbb
migblah,colooooo
migblah,nautiluss
migblah,Amfortas
migblah,ErisMar
migblah,tomasromero
migblah,Brennard
migblah,totevaga
migblah,vodkaniston
migblah,Aninbus
migblah,ygorgouvea
migblah,ALazyCommunist
migblah,analauramaziero
migblah,Pedrollz
migblah,honhonsuf
migblah,Nameisbenjamin
migblah,dormiloncin
migblah,MJRomero
migblah,Rollo2076
migblah,jackelilutsky
migblah,saulo36
migblah,gretamiauz
migblah,DesEsseintes89
migblah,strawberrymilk
migblah,holdenmontag
migblah,GabrielClimaco
migblah,dinnerTimeLive
migblah,daisylvia
migblah,Pegualda
migblah,filmzeus
migblah,tdlaker
migblah,Arrolado
migblah,Omega_Therion
migblah,Galeno
migblah,ventobravo
migblah,calura
migblah,Weeb
migblah,juaaangtd
migblah,usernamedemateo
migblah,MarcellaPeds
migblah,anoin
migblah,jairteles
migblah,jokelaoo
migblah,machinemusic
migblah,ThomasHoward
migblah,MaxLucas90
migblah,asmid
migblah,luizhonorio
migblah,ituuu
migblah,kungfuleo
migblah,jlprov
migblah,migueldomng
migblah,ericvazquez
migblah,illdylrey92
migblah,Jorgemz
migblah,javidelatour
migblah,joaohgdias
migblah,alantembleque
migblah,FranBerka
migblah,Gabrieezus
migblah,labooa
migblah,Jesse11
migblah,margaridafmn
migblah,vicenmassa
migblah,joaquincatalano
migblah,kotasy
migblah,jcortes1507
migblah,jota_de
migblah,whitedarius666
migblah,aftertheflood
migblah,riqshaw
migblah,Rikardero86
migblah,JoseluVS
migblah,ropimentel
migblah,kmysore
migblah,claudioyunge
migblah,JoaoPires
migblah,Maartun
migblah,savatedubondieu
migblah,cardiacguitar
migblah,julienparis
migblah,gon11
migblah,sigmichael
migblah,kinophagous
migblah,DrJauge
migblah,ruefontaine
migblah,benjagordon
migblah,Felipeperea
migblah,cupertino_
migblah,Bomarzo22
migblah,TheHousePainter
migblah,Ariel_96
migblah,Moviegaze
migblah,Felipesobral
migblah,GM97
migblah,danielfraile96
migblah,joaomarcosfca
migblah,alejoalonso
migblah,mario_acu21
migblah,GenaroZanetti
migblah,feuerwind
migblah,MisterColo93
migblah,panadero2196
migblah,Syringe_Of_Hell
migblah,thidvarte
migblah,lolitaflores
migblah,Verseucht
migblah,lucassianu
migblah,barrenillusion
migblah,Jordikouji
migblah,boreaI
migblah,octagest
migblah,Moliere1
migblah,lbraver
migblah,muydemarvel
migblah,Carlos_Terra
migblah,mlpv86
migblah,Ford1987
migblah,Tiago_Superoito
migblah,ravelmacedo
migblah,felipecardeco
migblah,genarob
migblah,AlexZ
migblah,vinvintheking
migblah,Danielarey
migblah,motherquechua
migblah,tarci
migblah,priscillasb
migblah,crowcrumbs
migblah,itamik
migblah,Shinji
migblah,oceanpaulina
migblah,santitorresco
migblah,juliobressane
migblah,kinojibaro
migblah,willallynrob
migblah,pedrohrtoledo
migblah,fatijoaquim
migblah,wandryu
migblah,sebastian_irso
migblah,g00dkid
migblah,tavooo
migblah,danntheriver
migblah,diegoDF
migblah,Augus22
migblah,renaao
migblah,renaneduardo
migblah,addddddams
migblah,galindeza
migblah,beggarsbanquet
migblah,amanda629
migblah,DavidPanoso
migblah,eltono15
migblah,abrilbaiz
migblah,Alons
migblah,qieroni
migblah,Ged__
migblah,Viniciouz
migblah,Pinop
migblah,Magdaleno
migblah,ArjunAnandE
migblah,pleamares
migblah,SrPurpura
migblah,vcrepaldi
migblah,vivipmx
migblah,leitordenotas
migblah,thomas_ollem
migblah,OscarBDC
migblah,florolino
migblah,fepompeu
migblah,zapruderpics
migblah,ZoeyHogan
migblah,Doc__Hollywood
migblah,LayGouveia
migblah,XYZABC12
migblah,leireroman
migblah,LigiaPowodz
migblah,arturocg93
migblah,Enrico13
migblah,joaofelipealv
migblah,elenagarnu
migblah,gabo4747
migblah,elsofacama
migblah,Pedro_546
migblah,michelincourbet
migblah,pedropinho
migblah,murjt
migblah,lucasacher
migblah,bschiavon
migblah,JuanGL001
migblah,Brunoir
migblah,brittlestar
migblah,HideakiAnnoFan
migblah,xando1984
migblah,GabrielND
migblah,AntonioMagnolia
migblah,AndreyYago
migblah,larsonista
migblah,lukigsw
migblah,Jose_Eduardo77
migblah,pshycoticbeats
migblah,nabin36
migblah,bigtoto
migblah,mparaujorib
migblah,Karly_cu
migblah,alericocoppel
migblah,FoxHound_
migblah,fesmchick
migblah,fmorato
migblah,popecarfromcars
migblah,Miguel0168
migblah,fjoaq
migblah,jonao
migblah,f_calandrelli
migblah,kiel
migblah,wofraser
migblah,luc4z0
migblah,Luisge96
migblah,jaimeascasoo_
migblah,ander_revi
migblah,pedropz
migblah,Niagos
migblah,NickolasCoelho
migblah,JICH77
migblah,Searchlike
migblah,alvvaricoque
migblah,ghostmafia
migblah,caparazon
migblah,pedroartur
migblah,Sjatch
migblah,gemmaguegue
migblah,desesperanto
migblah,ErnestoCZ
migblah,trashgirl_
migblah,Arenales_Javier
migblah,Ghammakhur
migblah,thebigal
migblah,JDoe
migblah,Venus1exe
migblah,Pemece
migblah,emiemuemo
migblah,JoaoFrancisco
migblah,LSDsouza
migblah,bluerose815
migblah,Lolisha
migblah,augieinspace
migblah,satofh
migblah,LIONEL505
migblah,tdo77
migblah,alonsodv
migblah,ramosgustavo
migblah,LeandroC
migblah,Shitbag171
migblah,shonenbatto
migblah,MartinsanchezH
migblah,andferreiramos
migblah,worldpc
migblah,SculptingMotion
migblah,lautingodoy
migblah,Pablopaloma
migblah,m4ilsi
migblah,ElPejesapo
migblah,AndreLopes
migblah,FireflyJr
migblah,T3quila_Suns3t
migblah,bsc2010
migblah,leonardohsl
migblah,gabyzammor
migblah,GreenArrow777
migblah,THE47THCHAMBER
migblah,angelscrytoo
migblah,Archimboldy
migblah,OliveiraJohnny
migblah,rigoayala
migblah,sebastianht
migblah,ManuelCO
migblah,Keitherson
migblah,rengar18
migblah,Galerna
migblah,tomhansen
migblah,andss
migblah,silvanocosta
migblah,brezelkonig
migblah,renan_pessoa
migblah,GuiSilva
migblah,thomasbanicki
migblah,davifricks
migblah,miiguelallberto
migblah,Klepshydra
migblah,pkmorla
migblah,Axel_kennedy
migblah,thiago_cido
migblah,Rutgerus86
migblah,Moonfleet
migblah,michelcvg
migblah,neries
migblah,cinecasulofilia
migblah,ivb
migblah,gugg
migblah,lorekoria
migblah,worldofecho
migblah,charcharlotte
migblah,tomasdam
migblah,JoaoGoro
migblah,AlCorona
migblah,martinto_013
migblah,vitonocorleone
migblah,Lua_lsx
migblah,parusigui
migblah,inancalis26
migblah,viclue
migblah,EmilianoG
migblah,mazius
migblah,diegw1
migblah,thiagofp
migblah,Woodylan
migblah,Earthile
migblah,Nahueland
migblah,ZiggySpurs
migblah,VeronikaH1
migblah,maeeriz
migblah,InspireMe
migblah,VICEStaff
migblah,gabritg
migblah,irzirzirz
migblah,aidanpaim
migblah,Vishnup
migblah,Tobpon
migblah,timur_kukharets
migblah,edvasil
migblah,hijodekrypton
migblah,2099
migblah,SantiVGS
migblah,katyaarakelyan
migblah,siesdarius
migblah,hmmaoo
migblah,esther_grincon
migblah,jazzforfuture
migblah,Elenasomething
migblah,ga0be
migblah,Dionyso_s
migblah,Danielmayorque
migblah,albertosaul
migblah,Doctor_Fugu
migblah,gabrielriet
migblah,FelipeDalcin
migblah,fabregatto
migblah,bajolapantalla
migblah,UbeUbe
migblah,caiopradentro
migblah,solitude_freak
migblah,malkuthketer
migblah,24flvps
migblah,groudo
migblah,Qself
migblah,Chubby1909
migblah,alanvictor
migblah,FernandoBadia
migblah,wity61
migblah,alfenassamuel
migblah,Wakkalito
migblah,agvsss
migblah,angeslico
migblah,DiegoAB
migblah,YannBancillon
migblah,Natan_Dias
migblah,DaanRotten
migblah,Mariano
migblah,opus111
migblah,Lechuguilla
migblah,hiruru
migblah,hiitsskully
migblah,MarkJf
migblah,antheos
migblah,Joao_do_Cinema
migblah,GuiUrquisa
migblah,lIlIlIlIlIlIlIl
migblah,DaleUnBeso
migblah,cartonet
migblah,axxon_n
migblah,prdolmos
migblah,chicocorchea
migblah,ehrnique
migblah,Pete00
migblah,Therealone1
migblah,samiramachado
migblah,jpnunez
migblah,SLGC
migblah,Buzo_por_desuso
migblah,LuisEnrique06
migblah,crateres
migblah,phlorencia
migblah,Carburanov
migblah,ms_oatmeal
migblah,JosueSanche
migblah,eljuaru22
migblah,Oraj
migblah,AinoaFA
migblah,egg_TLWISDTP
migblah,Juanky97
migblah,kinoshita0830
migblah,Joao12345
migblah,Nayland
migblah,Caroth
migblah,parpadeo
migblah,Calabuch
migblah,ElliottA
migblah,Torrezno
migblah,Bargo
migblah,stxrgirl_
migblah,imcesarc
migblah,IanFleischer
migblah,sceloglau
migblah,disappointedsun
migblah,antoniofagia
migblah,Zadness
migblah,tob
migblah,BrunoAnthony
migblah,NICKYGLASSES
migblah,peaceboner
migblah,Saba1e7e
migblah,riduuuzz
migblah,sunchaser35
migblah,kalicobra
migblah,EricIdlePedro
migblah,EduardaSuzumura
migblah,armandoasis
migblah,LeroyFucik
migblah,RainiCostas
migblah,fabianarriaga5
migblah,salterlight
migblah,miguelamaral
migblah,m0660x
migblah,juanpokapacienc
migblah,Filipe_Capela
migblah,tonoverde
migblah,elohydes
migblah,Juniper_girl
migblah,rodolfosandino
migblah,Juanra0
migblah,Jvsb2810
migblah,AdaTuring
migblah,jcmelo
migblah,jakesfilmss
migblah,hiddencentury
migblah,kamikaze7
migblah,waldenruidoso
migblah,Samuel56
migblah,LuccasBonjour
migblah,ari_onofri
migblah,m4rjorie
migblah,Dudu_SGen
migblah,antoniouria
migblah,sergiodiazo
migblah,skatonny
migblah,tenderhooks
migblah,montevideano
migblah,CortinasPurpura
migblah,brisap
migblah,Julietabahia
migblah,1ch1
migblah,sbantiago
migblah,lonepinkranger
migblah,allyssonbenicio
migblah,claudiagp
migblah,jasr28
migblah,jlrangel
migblah,xalamorth_flame
migblah,Camiloviotto
migblah,UserTadeo
migblah,Thirty
migblah,polromero
migblah,BrenoCabelo
migblah,LucianoEv
migblah,kbrinkmann
migblah,larasteffen
migblah,tolstoevsky
migblah,Marguihaddad
migblah,samwm
migblah,MaxGrey
migblah,victu_hentzy
migblah,NestorDlaVi
migblah,SolMacias
migblah,JoseParrale
migblah,Jack_Coull
migblah,FelipeBautista
migblah,MateoCU
migblah,Bauti_Blachere
migblah,cinepoema
migblah,jjm_24
migblah,Jeronnim
migblah,Xonder
migblah,cosmob
migblah,zDX
migblah,Apz
migblah,AaronRR
migblah,niehaus
migblah,GabiPanqueca
migblah,MathiasAndersen
migblah,axxon
migblah,AntuanDoinel
migblah,TomySendra
migblah,septuno666
migblah,ilkevcl
migblah,Colenci
migblah,gabilardo
migblah,ssnac
migblah,juanmca
migblah,CarolMinem
migblah,elcastillo
migblah,deneon
migblah,ManInElevator
migblah,poetereau
migblah,LinaVazquez
migblah,Saket18
migblah,joclinipankinky
migblah,pgeraldo
migblah,Paul_Benis
migblah,enieves
migblah,Renois
migblah,Cutetoastheroad
migblah,A_Karampatakis
migblah,Armandoavr
migblah,luzuritablasko
migblah,pablosantelmo
migblah,belouria
migblah,Daniods
migblah,camilo_medina
migblah,Yoruuri
migblah,AminVillalba
migblah,AugustoS
migblah,MyluPorta
migblah,bhlpires
migblah,jzocchio
migblah,Olafisaac
migblah,mstipp
migblah,JefreySPineda
migblah,Glorfindel7567
migblah,marianofilho
migblah,hylia
migblah,victorcastro
migblah,ho_o_sujo
migblah,mariaarri
migblah,ammamwejejenn
migblah,jvtcosta
migblah,arellanes
migblah,gustavoarsi
migblah,raven90
migblah,HenriDanglard
migblah,GuillermoRico
migblah,fena
migblah,jadlourenco
migblah,Kubrick129
migblah,nosoyhuinca
migblah,rubenmg
migblah,LVer
migblah,Pavtche0001
migblah,santibarbera
migblah,richi3112
migblah,dyguaike
migblah,sabbathcrue
migblah,MacDePablo
migblah,Homo_Maniacus
migblah,nisfornemesis
migblah,Giorgio13
migblah,jaquez
migblah,Rafaael
migblah,Icreamsweetfury
migblah,kingkirktha3rd
migblah,zach_nabors
migblah,JamalBraga
migblah,anakinmore07
migblah,sebas__
migblah,ma4riel
migblah,fannyspain
migblah,Colin_Maillard
migblah,shshellsh
migblah,marcgrandio
migblah,Madame_Blanche
migblah,gutin
migblah,willremmers
migblah,andrewgreen
migblah,borjals
migblah,evaristos
migblah,bcor
migblah,Saturnz
migblah,freierkarl
migblah,Marce_
migblah,RodrigoHeber
migblah,Pau_B
migblah,salt3g
migblah,sirhobbesington
migblah,algumapoesia
migblah,claudiaraia
migblah,HelenWelonmelon
migblah,1conradorosa
migblah,williamsalgado
migblah,tohavenothold
migblah,Qushu
migblah,boybortion
migblah,Manuel_Asin
migblah,theoabstract
migblah,pepoca
migblah,TonManoel
migblah,Thaysmz
migblah,NicholasMBF
migblah,Dracula00
migblah,pedromesquita
migblah,Rodri_Go
migblah,psychedelicvici
migblah,Padhikan
migblah,jamiemmm
migblah,YeongJae
migblah,gvstavo
migblah,laresadeiconti
migblah,AlexandrePaixao
migblah,afonsomoreda
migblah,lethe
migblah,gritter
migblah,AlejandroDeSoto
migblah,OlaAlansary
migblah,TAnandan
migblah,cuerpoxceleste
migblah,DenimAndLeather
migblah,g_kala
migblah,Bastianei
migblah,raul8pm
migblah,Ashleyyyel
migblah,DarrenCB
migblah,connectionsway
migblah,lubn_s
migblah,lorecore
migblah,bennixon74
migblah,RafaelJohnson
migblah,danionasa
migblah,itshenriqueg
migblah,euunmiroir
migblah,Don_Quijote
migblah,RodrigoAndres
migblah,WWWM
migblah,LukasAntoine
migblah,xavierperezdiaz
migblah,alec_lane
migblah,Luctero
migblah,fragilinvencibl
migblah,DaddyCactus
migblah,looepz
migblah,LucianoCDL
migblah,fshtravis
migblah,Alexotos
migblah,estefyziggy
migblah,Dmytro_Malyar
migblah,wys
migblah,skippels
migblah,KeeganACremin
migblah,jessicadrummond
migblah,PySRoy
migblah,topfilmtuiter
migblah,MabuseCaligari
migblah,bergmantonioni
migblah,JosephGrimault
migblah,jaimemunoz98
migblah,scemo
migblah,Knicker
migblah,AlexValentine96
migblah,atrashorrasjr
migblah,CAVAL_____
migblah,saradoal
migblah,aasttorr
migblah,P_G_C
migblah,Anirban2046
migblah,sgsierra
migblah,doomedinthemoon
migblah,pedrorebelomaia
migblah,pablost23
migblah,Luccahorta
migblah,Piri88
migblah,hobbitillo
migblah,javierpallero
migblah,lazzybastard
migblah,JonSanSK8
migblah,pateomeroni
migblah,mrmartinsjp
migblah,Dervish
migblah,plissken000
migblah,mahdiip
migblah,Lazafussant
migblah,pastephi
migblah,zadejem
migblah,shuttko
migblah,csmall
migblah,tyresias
migblah,calumh10
migblah,Richardoz
migblah,omaradmirable
migblah,uadyet4
migblah,larryjoe98
migblah,jorge_sevi
migblah,callou
migblah,weltmann
migblah,possession1981
migblah,josetoledo
migblah,carameli
migblah,pedrohdomenico
migblah,Nicholascn
migblah,Kaijufan67
migblah,bjork_shoegaze
migblah,Brodeluca
migblah,Esmaperdut
migblah,Remsi
migblah,Spacec0wg1rl
migblah,axeltorres
migblah,jwagner
migblah,manu1708
migblah,santiagol007
migblah,XYM
migblah,qSanto
migblah,astrohungaro
migblah,colgantes
migblah,fabmaia
migblah,kevinfonticoba
migblah,Leon1589
migblah,adamwarlock
migblah,kanibarusinema
migblah,uiltoo
migblah,franciscoeme
migblah,toful
migblah,Dani69
migblah,swertly
migblah,peterzhang
migblah,gifndz
migblah,IagoMendez
migblah,amirhorror
migblah,jcgalindof
migblah,sabina_b
migblah,TeletextDreamer
migblah,sergiopozo
migblah,filmstorymaker
migblah,Andrewtk
migblah,marctorres
migblah,victorfl97
migblah,Solipnihil
migblah,geneva_drive
migblah,ToninCarroceiro
migblah,Pablovisky
migblah,Jo_Brennan
migblah,diogouveia
migblah,elchampo
migblah,SantiagoLMM
migblah,Mehche
migblah,Blanse
migblah,Melocotonazo11
migblah,luciacastro
migblah,Gannith
migblah,Bruno2225
migblah,gila191919
migblah,Jake_Oakes
migblah,Marciozacarias
migblah,fax0_max
migblah,marusanguinetti
migblah,hardtoexplain
migblah,BrunoTR73
migblah,dr0ckbis0n
migblah,CosoSplash
migblah,marze2
migblah,john_dodge
migblah,alfredolunap
migblah,adrianet93
migblah,toniponix
migblah,burneyfan
migblah,lua___
migblah,ErickArpeggi
migblah,Jiefang
migblah,DanielEscaners
migblah,JMGonzalez
migblah,pedrocorder
migblah,coiraclara
migblah,Ciskiko
migblah,katharsisxy
migblah,ricbritojr
migblah,jeromesilver
migblah,jszm
migblah,el_flaco
migblah,Rivettian
migblah,Innocent
migblah,MDM967
migblah,Cry_Wolf
migblah,matthewblais
migblah,Faraday02
migblah,Mr_Pochoclo
migblah,ghost_hardware
migblah,aspi12
migblah,aarribas
migblah,caioindex
migblah,qqch
migblah,belenmarc15
migblah,DieRojas
migblah,Jinzo07
migblah,AHackFraud
migblah,joao6
migblah,ellenrodrigues
migblah,_anadekker
migblah,EvanPrado
migblah,Shohnny
migblah,FatigaFerca
migblah,Zioacchino
migblah,notyourbusiness
migblah,juliancno
migblah,Ramiro10
migblah,Pauixitador
migblah,elsaliien
migblah,Kiranoo
migblah,jackseibert
migblah,perk1234
migblah,stottiain
migblah,saturnvenus
migblah,astarloa
migblah,Chamizoplissken
migblah,albertcd17
migblah,felipezvenegas
migblah,Agu95
migblah,nogera
migblah,IsraelCruz
migblah,TomiGuarnaccia
migblah,gabanda
migblah,Bingham_Bryant
migblah,mcenturione
migblah,Danus
migblah,fredsrr
migblah,critconc
migblah,viveladivya
migblah,Estherserrat
migblah,Tugaland
migblah,DJH12
migblah,Lahoramagica
migblah,zamane
migblah,dalpizzolo
migblah,oblomov314
migblah,JoanPamiesLl
migblah,mesiasmecanico
migblah,catt_
migblah,Wahrhaftig
migblah,moure
migblah,elchazzz
migblah,jacatz
migblah,leandro1981
migblah,TOMMITOMMI12
migblah,MarieDubois
migblah,oconde
migblah,fr4nc4
migblah,Jesse_james
migblah,mgrimblat
migblah,Wayne_Miyazaki
migblah,ordpm
migblah,Fatimorri
migblah,Cocholomo
migblah,pacay7
migblah,Pboy_Pepperoni
migblah,aluhefm
migblah,rodrigojunior
migblah,GreenChile42
migblah,goergani
migblah,arloqui
migblah,macma32
migblah,daviraposo
migblah,planetaryfolk
migblah,masmariansita
migblah,anaorgana
migblah,farroz
migblah,Daxter2000
migblah,guilledivx
migblah,k_ferios
migblah,Monceau
migblah,Afilmbyleo
migblah,Estrella5zul
migblah,Trotsky97
migblah,montekling
migblah,straubbhuillet
migblah,delfincannibal
migblah,jonathan_me
migblah,schonfelder
migblah,fixmosca
migblah,Fabriciotm
migblah,rafafams
migblah,marioquema
migblah,unicronloev
migblah,opachecolucas
migblah,ramiroperezrios
migblah,bustinduy
migblah,VLuvini
migblah,NestorJuez
migblah,aaaaaaag
migblah,John_Palhares
migblah,vini_rossitto
migblah,ay_maris
migblah,morethanlost
migblah,W8_4_it
migblah,Javi015
migblah,nachosk
migblah,alonsodvt
migblah,caiorc
migblah,cinemaci
migblah,smirandams
migblah,TomasAlemao
migblah,crisiscrisis
migblah,Nanducho
migblah,carolfrade
migblah,soyuncadaver
migblah,SergioAlpendre
migblah,DonJuanF
migblah,Teog
migblah,Gymnopedie
migblah,lightupdear
migblah,Sullencheshire
migblah,Mateo200569
migblah,Trueno
migblah,jpduarte88
migblah,azwan124
migblah,camilacalil
migblah,BoiDGoiD
migblah,rodrigocopil
migblah,Beauden
migblah,geloo
migblah,pepitololin
migblah,Gonza2020
migblah,jimenaarenas
migblah,exochorian
migblah,Aeternitatis
migblah,rimpostorim
migblah,aralonso
migblah,Xator_Nova
migblah,dxnieels
migblah,mopimopi
migblah,Orfeonegro
migblah,Dingo98
migblah,marcoszan
migblah,AndresTM
migblah,MiguelRoman
migblah,SinCK
migblah,dancaruso
migblah,aarongo
migblah,bertto04
migblah,Olvidado20
migblah,hunrior
migblah,GusMartini
migblah,charenton
migblah,soledadmiranda
migblah,lynchberg
migblah,joaopabdala
migblah,trapunzel
migblah,andre_alexandre
migblah,lemm9191
migblah,KarimAleixandre
migblah,HoseFN
migblah,undressmedina
migblah,r00oo
migblah,808sheartbreak
migblah,highhopes_
migblah,sheisawaterfall
migblah,manuroma
migblah,MJ1994
migblah,lucioc
migblah,ReySol
migblah,fordy
migblah,jovemidoso
migblah,Didirector
migblah,Tumbletoppel
migblah,nicolathebutler
migblah,Lezcano
migblah,wobewww
migblah,pifostio
migblah,SalvaPe
migblah,HAKern
migblah,ezequiel2517
migblah,anadospassos
migblah,Thefsf
migblah,negroklix
migblah,Lumatica
migblah,didacbomp
migblah,Fedearca
migblah,MuzWot
migblah,CaueFerreira
migblah,youssefboucetta
migblah,clc
migblah,alvaroll7
migblah,pressedfortime
migblah,agusmiquel
migblah,mkultra666
migblah,csomavilla
migblah,esternchen
migblah,Sigot
migblah,seemily_play
migblah,NeoBhatia
migblah,reener
migblah,Teorema11
migblah,MLOGAN
migblah,MiguelClark
migblah,peebah61
migblah,KurtZM
migblah,Yorda
migblah,ignaciobarrios
migblah,evertonmq
migblah,lautaroblanco
migblah,UrbanoJ
migblah,snixx
migblah,cinelsentido
migblah,joaosil9
migblah,guigogfc
migblah,pedroavila
migblah,Simonsds
migblah,javieraxolotl
migblah,manueliss
migblah,Jospri_chu
migblah,LeVivisecteur
migblah,marcelomnc
migblah,Tobyrion
migblah,gabrinfurs
migblah,isra28
migblah,Andre1750
migblah,julia13
migblah,alvarg
migblah,fadodansiedade
migblah,Absinto
migblah,thierryjousse
migblah,OhEfialtis
migblah,vicentezamorano
migblah,ComandanteOso
migblah,LeoCuadrado
migblah,TakisChampion
migblah,ilyaskhatir
migblah,keshifilms
migblah,jmrebollo
migblah,mazon
migblah,Facundo06
migblah,andresrubiok
migblah,hcq
migblah,morgenruff
migblah,Chacko_JM
migblah,gabkobarg
migblah,chappelloflove
migblah,offhook
migblah,Contactos
migblah,sotiros
migblah,faithvoid
migblah,uurrxxii
migblah,maneldominguez
migblah,greenspiritboy
migblah,mariilau
migblah,NefastoCinefilo
migblah,maxbryant
migblah,iridescence
migblah,JosephineGloria
migblah,equusboy
migblah,annacavalcanti
migblah,bensinister
migblah,onfim
migblah,frankkfrnk
migblah,watermark
migblah,riot_cinephile
migblah,golazo
migblah,suttercain
migblah,naqme
migblah,RamiroVR
migblah,yaya_zakkir
migblah,quimm
migblah,Mule
migblah,aavilla
migblah,Deity
migblah,capicso
migblah,olchunkofcoal
migblah,LTBookman
migblah,deathmasks
migblah,devwatches
migblah,Erfan_heidari
migblah,PabloMarfa
migblah,pike_97
migblah,GonzaloLopez
migblah,esiseni
migblah,knixon_haan
migblah,saccard
migblah,danieldequeiroz
migblah,fischer_101
migblah,noroit
migblah,julianeassis
migblah,carosolucas
migblah,zarivan
migblah,organictea
migblah,vitordezan
migblah,JEGama
migblah,sratlantico
migblah,crisexeflores
migblah,applepan
migblah,broodnetwork
migblah,aeiouava
migblah,zosein
migblah,CeliaSutton
migblah,sathwik1
migblah,lol_v_stein
migblah,joaoguilherme
migblah,thetallestmanu
migblah,IsmaelAlzola
migblah,CosmicDude
migblah,dxtectivechilds
migblah,Tasabbir
migblah,Grausamste
migblah,FreeFred
migblah,andrewpark86
migblah,WillNeot
migblah,joseamores65
migblah,DannyRvs
migblah,rafaelqbastos
migblah,Gerard_Casau
migblah,habia_rabia
migblah,EmilioM
migblah,jpgomes
migblah,isaac1046
migblah,Hernando
migblah,fouraaaa96
migblah,pikitorl
migblah,bassilisco
migblah,TobiasCastro05
migblah,UnDetective
migblah,Luisin9
migblah,PerenelleSilver
migblah,violetaraykuaza
migblah,johnfrom
migblah,papopepo
migblah,davidpardi97
migblah,jaimegsa
migblah,Francowasabi
migblah,cadaververano
migblah,chaotic_hugo
migblah,fepilenikov
migblah,GeorgeRodrigues
migblah,capsluc
migblah,nievesdeltiempo
migblah,aevyr
migblah,andonimaz
migblah,alvmb
migblah,Adrio
migblah,Ricoalchimim
migblah,RogerCres96Bar
migblah,MaximErkin
migblah,SpongeBobAndPat
migblah,Sebastopol_27
migblah,ariasaguiar
migblah,Maverick_Nguyen
migblah,holandaotavio
migblah,A_Karerina
migblah,cascc
migblah,nikp_
migblah,Daniel_Torres
migblah,Spoorloos
migblah,pinwheels
migblah,traptimer
migblah,TitoDani
migblah,alexbm94
migblah,RaulLorite
migblah,GShumway
migblah,Gorlami
migblah,adit_am
migblah,yulebalster
migblah,filmesocialismo
migblah,Tambour1ne
migblah,CasaArjay
migblah,GAberrations
migblah,cmarianom
migblah,Nephta
migblah,gutitarka
migblah,crxsntx
migblah,thisissergio
migblah,Deme0612
migblah,sonchidi
migblah,FabioJr
migblah,Canine
migblah,FatJow
migblah,jesusdalvarez
migblah,wal
migblah,lugrao
migblah,bilugaa
migblah,Egberto
migblah,Alineal
migblah,MiriaMRampante
migblah,adrianlousan
migblah,madamegil
migblah,mbonaldi_
migblah,_emmiliaaa
migblah,rubensfabricio
migblah,SredniVashtar
migblah,maylon
migblah,Akashmb01
migblah,Brunovictorino
migblah,BrunoBPO
migblah,ramabiera
migblah,MatheusPetris
migblah,moskitah
migblah,SoffAwqay
migblah,zoeornella
migblah,3amer_Ahmed
migblah,luisniel
migblah,SunTea
migblah,loquearde
migblah,Diego352
migblah,reylo
migblah,Groklei
migblah,estebanicm
migblah,brad25m
migblah,chema5
migblah,mendito
migblah,ankepov
migblah,Madhukar
migblah,therouxxx
migblah,DiegoGlenn
migblah,joaovsimoes
migblah,DarthLiMuBai
migblah,FranciscoFern
migblah,ta2bybee
migblah,JCpalomino
migblah,faktor
migblah,RamiroMatas
migblah,joaomartinez
migblah,DivadS
migblah,Lear0
migblah,Carlos_
migblah,Srhoudini
migblah,jlrpiovan
migblah,JorgR
migblah,Eusebio_sc
migblah,highopes
migblah,ar12tru
migblah,guille79
migblah,javad_
migblah,felipesolary
migblah,xosemfdez
migblah,170598
migblah,sant11
migblah,jQuiros__
migblah,korin
migblah,MathNery
migblah,mohorte
migblah,L0ngu1
migblah,OBi_Wan
migblah,salvoret
migblah,pherrero
migblah,pranta
migblah,cinema_in_one
migblah,anderuribarri
migblah,Thug_Life
migblah,DiegoH2000
migblah,Depunto
migblah,marianomorita
migblah,patriciahd
migblah,unrepresent
migblah,damian1080
migblah,alfredomzf
migblah,ainfante93
migblah,JSJaimes
migblah,andreanigro
migblah,SlasherOz
migblah,checho_esteban
migblah,Carlos_Natalio
migblah,Warut
migblah,victorialinares
migblah,kiwiincoherente
migblah,heavenly_joi
migblah,BuenVivir
migblah,julianglezg
migblah,Joaquim85
migblah,lukerobertson95
migblah,miguelglyz
migblah,Morksuc
migblah,NunoGoncalves
migblah,noahheinrich
migblah,shokan
migblah,Leguroz
migblah,ffbnchtt
migblah,jmriku
migblah,Intento1
migblah,hurieloide
migblah,Spectralobatux
migblah,Alfacentauri
migblah,MikelEtxebarria
migblah,Mumoo
migblah,Mateussc
migblah,post_duchowy
migblah,SofiaLena
migblah,Francis87
migblah,luizbarbieri
migblah,kleinbaud
migblah,Cha_Tae_Yo
migblah,rubenCM
migblah,dannosaurio
migblah,smyykrml
migblah,Vareludo
migblah,perroalienigena
migblah,lindley
migblah,AJmoviereviewz
migblah,Artorias
migblah,PaigeBee
migblah,merrypranks
migblah,Alvaro_Cruzado
migblah,SergioCast
migblah,joelitrento
migblah,lettercoxd
migblah,GiovannaPalanga
migblah,molloy
migblah,bocatajoven
migblah,rocamadour
migblah,rafa_rdrgs
migblah,mpinkfloyd
migblah,mistofeles
migblah,marilialefevre
migblah,isaachapo
migblah,joeshivers
migblah,Gallocantor
migblah,joaovitor
migblah,hideoustowns
migblah,clonkalonka
migblah,DevilShiki
migblah,pimkoz
migblah,elpidasmovies
migblah,Gabriel_42
migblah,opendigital
migblah,nothingbutcolor
migblah,elenadommy
migblah,HalfWitt
migblah,xamzepol
migblah,ScaRty
migblah,lella
migblah,David95
migblah,kagoo27
migblah,militarpancho
migblah,Follow_Freeman
migblah,wibs
migblah,roddeers
migblah,slayerkinney
migblah,SaintzGC1
migblah,Gianmarco91c
migblah,arielperelmute
migblah,Realisator3000
migblah,fernandocosta00
migblah,deliberately
migblah,bathyry
migblah,marclefou18
migblah,EduardoConde
migblah,agarrett1105
migblah,juanZ95
migblah,percolatorfish
migblah,mascineporfavor
migblah,delaxon
migblah,bjsylvester
migblah,luadesangue
migblah,Lispectore
migblah,Multimaniaco
migblah,Syd_Bram
migblah,naotemtraducao
migblah,Jotace
migblah,Ragasovich
migblah,pedromp8
migblah,victorfbruno
migblah,robin809
migblah,Jefty
migblah,MarcosPinhanez
migblah,jburset1
migblah,Mimo_
migblah,christo1
migblah,rodrigocaris
migblah,alexatzori
migblah,roujin
migblah,fuzilfalcao
migblah,bigalex97
migblah,rutviin
migblah,int1980
migblah,robertapedrosa
migblah,NoneXIV
migblah,Ivan_Suarez
migblah,Patrish
migblah,PaulproteuX
migblah,mervlous
migblah,LexKonjedic
migblah,nahu_fg
migblah,lxmci
migblah,MonoGorra
migblah,ramiroS
migblah,oneflyride
migblah,benjamincools
migblah,Dankar
migblah,AYNT
migblah,nfxberg
migblah,guillehormigo
migblah,alexvanesso
migblah,mynameisindie
migblah,salvasupongo
migblah,SergioGregorio
migblah,cesaredeve
migblah,chico_cine
migblah,luisdecoss
migblah,Daniel_Plain666
migblah,zachzeidenberg
migblah,rafaqc97
migblah,gschneider
migblah,evillights
migblah,tulin
migblah,copticlight
migblah,JJNC099
migblah,ladykiki
migblah,mati96cabj
migblah,Syless
migblah,cinefils
migblah,xcolacique
migblah,pele_alvaro
migblah,pablofdezperez
migblah,Alberto87FR
migblah,ZigPaul
migblah,bipbop13
migblah,aleetevez
migblah,Caandamo
migblah,A_de_la_Hoz
migblah,LughVIII
migblah,Jeth112
migblah,FrancoRizzo
migblah,Lucasmrc2
migblah,Jessica326
migblah,monnsss
migblah,kevinrenan
migblah,moralitos
migblah,guisorancio
migblah,letempsquipasse
migblah,coreyasdf
migblah,eldeibik
migblah,itamaralves
migblah,alphonse
migblah,PezEspada
migblah,Banlieues
migblah,ferfydurke
migblah,Fery
migblah,cinemaniacraju
migblah,Diego_Sensei
migblah,rafaeldornellas
migblah,smokeablunt
migblah,dadafi
migblah,uskiss
migblah,novistenada
migblah,almacorsaria
migblah,SrUlloa
migblah,BigHatLogan
migblah,JAB_uy
migblah,David_95
migblah,igortxu
migblah,uryenbg
migblah,lautgc
migblah,kerstray
migblah,potatoX
migblah,AlejandroGR
migblah,mk1993
migblah,ananula
migblah,guizinhumildade
migblah,sabalde
migblah,fabiovisnadi
migblah,VictorCardozo
migblah,Luk197
migblah,kmp
migblah,LauraRuizos
migblah,_010209
migblah,Lisianthus
migblah,Lumiere1895
migblah,chloenevski
migblah,SimonVV
migblah,muathuthanhbinh
migblah,Ricky_QD82
migblah,claudiotorres
migblah,rickyappleman
migblah,filmisnothing
migblah,DiegoSanchez
migblah,thefallguy
migblah,DetlefSierck
migblah,MelaineM
migblah,James_
migblah,AmilcarBoetto
migblah,gomesdudis
migblah,Batty
migblah,lautrinhanes
migblah,MiguelForlin
migblah,trieu_h
migblah,dyltaylo
migblah,Tezcatlipokke
migblah,Kesselschmied_
migblah,rogebert
migblah,JavierLG
migblah,Bumenterprise
migblah,Miguti
migblah,lucbapt
migblah,Diegoceprez
migblah,Moteiza
migblah,alicecc7
migblah,_Carlos_
migblah,xoanalopez
migblah,LucasSamuel
migblah,grc
migblah,FelipeSoares
migblah,Horrordaily
migblah,sabmarc
migblah,r_i_e
migblah,CharlsChap
migblah,Phalaen0psis
migblah,IvanZgaib
migblah,platanodesombra
migblah,dafnethais
migblah,YCCD
migblah,mandoj54
migblah,BradyA
migblah,ariadnasc
migblah,docraxken
migblah,Chris_Savi
migblah,jatofantasma
migblah,Luttmer
migblah,brnrddn
migblah,propercio
migblah,igormamorim
migblah,rudalemos
migblah,Catherinelikes
migblah,Oliuj
migblah,harvsi
migblah,sgila
migblah,gamelan
migblah,Espatula
migblah,Jesulin22
migblah,AntonioSanAlo99
migblah,steevo
migblah,Daniblacksmoke
migblah,Codex1212
migblah,Travis76
migblah,tyletubbie
migblah,gussalvalaggio
migblah,esteban_mov
migblah,deyre
migblah,mmgarnica
migblah,Jaun
migblah,coutinho
migblah,Anthony_Moreira
migblah,cliffordsimak
migblah,WBA
migblah,amethystproject
migblah,DonEmi
migblah,AngelRueda
migblah,unitedinflames
migblah,Nanisimo
migblah,annahara
migblah,cocidocerebral
migblah,bbbBbB
migblah,glauberocha
migblah,Carlos_GMen
migblah,utges
migblah,AuroraNocte
migblah,thiagofilardi
migblah,KelzorHL
migblah,Ruben0
migblah,el_producto
migblah,brycereimann
migblah,jlorenzo
migblah,mateus_barros
migblah,Yukasai
migblah,Taynan
migblah,GarciaAlvaro
migblah,NicCage
migblah,GusDemetri
migblah,spencerparker
migblah,El_da_Costa
migblah,nnevvurr
migblah,popsbaron
migblah,leomichelon
migblah,kopp92i
migblah,bautigodoy
migblah,p_polastri
migblah,brunomarra
migblah,casaveteiro
migblah,le_samourai_x
migblah,Oliveira89
migblah,bsko
migblah,elvicho
migblah,Vinicius_Romero
migblah,Javchas
migblah,ojoespejo
migblah,Ventos
migblah,wildcombination
migblah,oedipax
migblah,cinelixir
migblah,alvySinger_
migblah,YuriLopes
migblah,mahone9now9
migblah,Colmener
migblah,johnwoo
migblah,Tibaru
migblah,Siroguh
migblah,Exileonmainst
migblah,anharivers
migblah,DrFleming
migblah,cronicasdemotel
migblah,Nokhi
migblah,eduardo_savella
migblah,thiagondim
migblah,Barrabas
migblah,cauby
migblah,Loloaka
migblah,H_G_Castano
migblah,HobbsEnd
migblah,Ninotchka
migblah,Nachogrim
migblah,ventura111
migblah,gooz
migblah,DanielQuinn
migblah,Salanova
migblah,pablo_munyoz
migblah,batangwestside
migblah,timduncan
migblah,atekarri
migblah,Adam_Kadmon
migblah,arkheia
migblah,vlademirlazo
migblah,Don_Aman
migblah,not_waving
migblah,LBaena
migblah,Doctor_Mario
migblah,Tensin
migblah,PUNQ
migblah,MarcusMartins
migblah,Jonatan_Dodo
migblah,MrArashi
migblah,MiguelMSH
migblah,drogaudix
migblah,aixa72
migblah,efebatlle
migblah,jal90
migblah,Isaac98tm
migblah,bedioyskin
migblah,snaker555
migblah,NeilBahadur
migblah,oyejuan
migblah,mrtoldo
migblah,barbademago
migblah,Vedderman2
migblah,MatthewTodd1
migblah,erredeme
migblah,alaventure
migblah,alvarezmartin88
migblah,PierceMundy
migblah,edissa
migblah,onthewall2983
migblah,Richard_Horne
migblah,Blackcoffee
migblah,will_llermo
migblah,Vicioinherente
migblah,devuelta
migblah,jackyboymilmil
migblah,cristianlopez
migblah,andera
migblah,megazord
migblah,RachelMyGod
migblah,tystnaden
migblah,irca
migblah,nichedeath
migblah,BoostGuardian
migblah,Alvaroquinn
migblah,firejuice
migblah,AnnabelleSwirl
migblah,timeistheking
migblah,taptup
migblah,nesetel
migblah,Dickmonkey1
migblah,pasty90
migblah,Brantovich
migblah,Brood_Star
migblah,KurtWalker
migblah,Poor_Yorick
migblah,aindanao
migblah,Lobo_Lopez
migblah,loganstuart
migblah,tsar
Filmandera,Mariaecarbajal
Filmandera,dafilmfestival
Filmandera,atolladero
Filmandera,augustkeller
Filmandera,Gonlo
Filmandera,javiier97
Filmandera,jjm_24
Filmandera,SrPurpura
Filmandera,jordiapple
Filmandera,silviatrz
Filmandera,eddiedwywer
Filmandera,roberawards
Filmandera,angelgf26
Filmandera,chemybote
Filmandera,thebadcolor
Filmandera,cinefilisax
Filmandera,Okitasombo
Filmandera,AcervoFilmico
Filmandera,swiftlybytaylor
Filmandera,juanjocerero
Filmandera,Lavigne1967
Filmandera,Bracero
Filmandera,Joserubio
Filmandera,valde5a7
Filmandera,Paula_Arantzazu
Filmandera,batsebas
Filmandera,darcofi
Filmandera,Tigertailz
Filmandera,Casiopea39
Filmandera,Ocubius
Filmandera,FrancoRizzo
Filmandera,miladymanzarek
Filmandera,das_Bikarbonat
Filmandera,DavidBizarro
Filmandera,Basil98
Filmandera,pkmorla
Filmandera,kbrinkmann
Filmandera,pezpalito
Filmandera,ramonicahall1
Filmandera,daydreamer92
Filmandera,davidbokoue
Filmandera,httpnigel
Filmandera,Deli750
Filmandera,BubiBrigada
Filmandera,liwenzao
Filmandera,MaruSar
Filmandera,indejcriptible
Filmandera,JamieSherry
Filmandera,Darkitos
Filmandera,clydebarrowgang
Filmandera,Rauuulcg
Filmandera,Manuki
Filmandera,Marxit0
Filmandera,coiraclara
Filmandera,Spider73
Filmandera,derinctn
Filmandera,juankenobi
Filmandera,jtora
Filmandera,Knicker
Filmandera,dlc1
Filmandera,barrabaja
Filmandera,benditabandita
Filmandera,ARiAaDNA
Filmandera,LaCaneli
Filmandera,PeterLopez
Filmandera,anabelingrado
Filmandera,LoteriaLucas
Filmandera,Green_Texas
Filmandera,oraleia
Filmandera,jackcienfuegos
Filmandera,aribdhak
Filmandera,shulafilm
Filmandera,miguel_v0
Filmandera,luiserghio
Filmandera,encadenados
Filmandera,elisra
Filmandera,Quilombo
Filmandera,teenapocalypse
Filmandera,rubenqk
Filmandera,___haziel____
Filmandera,figmare
Filmandera,SusanitaVance
Filmandera,KevinCesar
Filmandera,vridian4luna
Filmandera,cesarandrz
Filmandera,Johnny_Chandler
Filmandera,xosemfdez
Filmandera,mmirones7
Filmandera,pirracas
Filmandera,Sealish
Filmandera,Robgom
Filmandera,alex_geko
Filmandera,Pistacho84
Filmandera,Iizquierdo_
Filmandera,Onizaki
Filmandera,Bernatus
Filmandera,Jp1138
Filmandera,AlCorona
Filmandera,loungeymartinis
Filmandera,chicoas
Filmandera,Moonsfilms
Filmandera,NicoCar17
Filmandera,veronicalakes
Filmandera,malatesta19
Filmandera,gorkalonso1
Filmandera,GonzaloAlb
Filmandera,albertopatino
Filmandera,eduardobarreto
Filmandera,Lettucce
Filmandera,Toxicosmos
Filmandera,DrunkenGandor
Filmandera,MeliGalicia
Filmandera,SergioORSA
Filmandera,Gaston_Avalos
Filmandera,Truji23
Filmandera,rujluelma
Filmandera,mauricio_est
Filmandera,anamc10
Filmandera,The_horrorlove
Filmandera,ale_piq
Filmandera,babyhaim
Filmandera,Natamonc
Filmandera,atileras
Filmandera,dtp_arg
Filmandera,luquitiqui
Filmandera,MrLombreeze
Filmandera,fgarcia_
Filmandera,BigDabi
Filmandera,sonidosdebruja
Filmandera,mumblecorebb
Filmandera,Badimj
Filmandera,Kazeik
Filmandera,Jarian
Filmandera,cubodequeso
Filmandera,arpifabb
Filmandera,carlatka
Filmandera,gabrieloshea
Filmandera,akiwiwa
Filmandera,sowrender
Filmandera,GastonAlvarez0
Filmandera,TaeSuk
Filmandera,Borinot
Filmandera,Destrapo
Filmandera,_keen
Filmandera,elecanovas
Filmandera,pityzepam
Filmandera,josezenin
Filmandera,ItsMeBrianFilms
Filmandera,cristiancejas
Filmandera,taylinds
Filmandera,AlvaroAgusanHT
Filmandera,brenibreni
Filmandera,luwuisi
Filmandera,MiguelPreciado
Filmandera,deliciadete
Filmandera,elegantfood
Filmandera,Clarentinoo
Filmandera,fairycinema_
Filmandera,idiblue
Filmandera,unicronloev
Filmandera,Arenales_Javier
Filmandera,aleguz_mar
Filmandera,MAF93
Filmandera,mfntszmrn
Filmandera,beloki79
Filmandera,pieldecereza
Filmandera,okias
Filmandera,ChicoOstra57
Filmandera,Simonsds
Filmandera,Abu222
Filmandera,cinephile1980
Filmandera,mmtnz22
Filmandera,CondeKaji
Filmandera,Ebube710
Filmandera,slayerkinney
Filmandera,Yahel_thee
Filmandera,huer
Filmandera,MatheusBrbs
Filmandera,CinoscaRarities
Filmandera,fsnkzr
Filmandera,AmaiaZufiaur
Filmandera,MabuseCaligari
Filmandera,aa_rrr11
Filmandera,Rutgerus86
Filmandera,Martatg
Filmandera,Jackofblades87
Filmandera,bvs2016
Filmandera,radioholic
Filmandera,tania101
Filmandera,nataliabzp
Filmandera,topfilmtuiter
Filmandera,Ramses50
Filmandera,AlbertM15
Filmandera,ceistal
Filmandera,evaseocas
Filmandera,Lenguas97
Filmandera,asiersalvo
Filmandera,MacarenaB
Filmandera,damequipleure
Filmandera,gfmellado
Filmandera,bandinisvevo
Filmandera,pjthereal
Filmandera,marcosdiiez
Filmandera,adrian19sg
Filmandera,Vele666
Filmandera,Donkats
Filmandera,luuuluinthesky
Filmandera,FelipeIMM
Filmandera,AdryaNFL
Filmandera,mij7
Filmandera,blipbluup
Filmandera,ginnyandthejets
Filmandera,victorgib
Filmandera,mile0
Filmandera,akerwoman
Filmandera,Hussain1992D
Filmandera,LuisCGonzalez
Filmandera,alexxx_drive
Filmandera,TxemaS
Filmandera,willy_small
Filmandera,Cinepatico
Filmandera,joshcnnor
Filmandera,sinsol
Filmandera,rodrigocaris
Filmandera,Matias237
Filmandera,DarckRevan
Filmandera,Azureasfilms
Filmandera,jlbarckly
Filmandera,zamilovanemaso
Filmandera,lautarodelrey
Filmandera,FerHerce
Filmandera,brunopicazo
Filmandera,amigaspoiler
Filmandera,Leo73
Filmandera,g_illanot
Filmandera,AguilaJose
Filmandera,ecoscu
Filmandera,codyismebro420
Filmandera,yashiroxo
Filmandera,jerryricochet
Filmandera,brayan_6191
Filmandera,gabyzammor
Filmandera,Aparajit0
Filmandera,AlteaAlcalde
Filmandera,edilmalidilia
Filmandera,Feerolguin
Filmandera,otherfinalgirl
Filmandera,peeira
Filmandera,Juanmanglar
Filmandera,Ernest_calamar
Filmandera,Deby_pelis
Filmandera,LaSalaOscura
Filmandera,brettflicks
Filmandera,Ella2392
Filmandera,DEMYGOD
Filmandera,aldairnazareth
Filmandera,abruzzz
Filmandera,benjackson2
Filmandera,TripleS
Filmandera,elen16
Filmandera,juliaturner
Filmandera,Tampa_Bay
Filmandera,lunes14
Filmandera,tunonegro
Filmandera,Bannedalex
Filmandera,DaysOfJules
Filmandera,mariagarbau
Filmandera,boris_1992
Filmandera,Juliett123
Filmandera,retabloo
Filmandera,Oscar183
Filmandera,Shaun_Shine
Filmandera,ethan_lecter
Filmandera,peybol94
Filmandera,hjjjjjju
Filmandera,GroovyTony96
Filmandera,mitologia
Filmandera,memanuel
Filmandera,1dia1peli
Filmandera,Meyoan
Filmandera,DanielPSeg
Filmandera,DaniBer
Filmandera,connorb715
Filmandera,Thephantomastic
Filmandera,anacla29
Filmandera,Helengrx
Filmandera,NestorDlaVi
Filmandera,mangkb
Filmandera,evamosamorir
Filmandera,emii_mq
Filmandera,alex_onov
Filmandera,jal90
Filmandera,che19
Filmandera,blazedonayacht
Filmandera,CinemaTweets
Filmandera,leon769
Filmandera,GABRIELBC
Filmandera,cristobal96
Filmandera,TunaVoid
Filmandera,olearysreellife
Filmandera,sonams_1
Filmandera,MataTurin
Filmandera,mbrando24
Filmandera,luisavilaz
Filmandera,Cesar93
Filmandera,BriAnimator_
Filmandera,Jb_Flanagan
Filmandera,kathbertt
Filmandera,FalkonFace
Filmandera,THEBREXT
Filmandera,TebyPerez
Filmandera,Brendonyu668
Filmandera,Tigress30
Filmandera,Liamfilmreviews
Filmandera,mitskiclit
Filmandera,Tarod
Filmandera,blissfullymaje
Filmandera,Ruubyn_
Filmandera,leppetitsoldat
Filmandera,jxxlxx
Filmandera,diegocean3000
Filmandera,Maties_TP
Filmandera,Nubiadacruz
Filmandera,ianOff
Filmandera,ManInElevator
Filmandera,underrtheskinn
Filmandera,Willor
Filmandera,danifilmer
Filmandera,marmtrdz
Filmandera,diegosimon_
Filmandera,commeunerock
Filmandera,aixabad
Filmandera,AuroraNocte
Filmandera,matthewzeitoun
Filmandera,Gymnopedie
Filmandera,JReciosa
Filmandera,CaudePaimei
Filmandera,esternchen
Filmandera,Adiel18
Filmandera,violetaraykuaza
Filmandera,soymjlg
Filmandera,MetforalL
Filmandera,Aragonzal
Filmandera,frankharmonica_
Filmandera,bernax24
Filmandera,Blackcrow1980
Filmandera,Estrella5zul
Filmandera,Rinctoya
Filmandera,MrNobody94
Filmandera,guldesk94
Filmandera,abrilulloa
Filmandera,paloma55
Filmandera,nninot
Filmandera,Angeloll
Filmandera,JoanCuadrado
Filmandera,laurenferrim2
Filmandera,RubenGM
Filmandera,richi10
Filmandera,Colin_Maillard
Filmandera,Ivan_Suarez
Filmandera,Malefic
Filmandera,AnaGarro
Filmandera,lovacaine
Filmandera,CharlieRoquero
Filmandera,mariete2007_
Filmandera,beetleboy11
Filmandera,ezequiel2517
Filmandera,NicoCar18
Filmandera,SnafuEd
Filmandera,mspinto92
Filmandera,Malala
Filmandera,aparajito316
Filmandera,adriaaprietoo_
Filmandera,champignon
Filmandera,gsfox
Filmandera,LiluLopes
Filmandera,Asiateca
Filmandera,CronicasDeckard
Filmandera,Tumbletoppel
Filmandera,rupetas19
Filmandera,alevica
Filmandera,Argoskamui08
Filmandera,outkastatlast
Filmandera,fatimaalvaradoh
Filmandera,lotuscrew16
Filmandera,Pablocritica
Filmandera,ChoiCayo
Filmandera,Cocomasa
Filmandera,Leguroz
Filmandera,gondmayx
Filmandera,Itsasoylavida
Filmandera,macaronpralin
Filmandera,RinconCine1235
Filmandera,warm3wind
Filmandera,Zaidam96
Filmandera,Beauden
Filmandera,_sassypokemon
Filmandera,redbandit
Filmandera,IgnacioPRico
Filmandera,Chicaevildead
Filmandera,CarmenPrietoB
Filmandera,demirep
Filmandera,SamanthaDesachy
Filmandera,Adrianrc_6
Filmandera,cbdiabla
Filmandera,jbarler
Filmandera,DAS201
Filmandera,luisfranceschi
Filmandera,mariangelaeb
Filmandera,devamadhu
Filmandera,PabloDr
Filmandera,DenisGCD
Filmandera,SrWarnimont
Filmandera,jondarru
Filmandera,ptl688
Filmandera,redbird96
Filmandera,belenmarc15
Filmandera,DeivGarcia
Filmandera,AlvaroAGUSAN
Filmandera,TaxiFlyer
Filmandera,elpelis
Filmandera,RampantBadger
Filmandera,MatiSileo
Filmandera,lluismasdeu
Filmandera,zonzamas
Filmandera,Bloodyprincess
Filmandera,Dylan123
Filmandera,josephhagan75
Filmandera,Ivanthor
Filmandera,Pilindrajos
Filmandera,ignaciagarriz
Filmandera,Vickloz
Filmandera,amirhorror
Filmandera,sc4rface
Filmandera,molkovita
Filmandera,Orlak
Filmandera,Swimming_bird
Filmandera,fryw4lker
Filmandera,laiahdz
Filmandera,antodelcore
Filmandera,manijapones
Filmandera,IsaiUchiha
Filmandera,sebaslokicris
Filmandera,Hitchcosis
Filmandera,Lordinvernalia
Filmandera,AGDeNiro
Filmandera,musageta
Filmandera,Ayleens
Filmandera,nuovocparadiso
Filmandera,florroncayoli
Filmandera,Ipmike
Filmandera,Frikicines
Filmandera,lupalomonieto
Filmandera,PRPP
Filmandera,Cinefila_91
Filmandera,LopezRX
Filmandera,Nuriko1412
Filmandera,Elizas
Filmandera,RubenSuke
Filmandera,doncriticonblog
Filmandera,quber
Filmandera,chivancillo
Filmandera,Ferranmx
Filmandera,paula_gcastro
Filmandera,ms_stardust
Batty,pirteqal
Batty,MarialeBernedo
Batty,Mr_Porter
Batty,iamali83
Batty,VacantJoy
Batty,RonnieFarfan
Batty,fgonzalezse
Batty,edwardv7
Batty,ahmad18
Batty,batsebas
Batty,Mariano
Batty,DomenicoBarreto
Batty,ricbritojr
Batty,Brady_K
Batty,uxiavillar
Batty,tlim
Batty,adeasia
Batty,alemartin
Batty,mahoa42
Batty,alonsodvt
Batty,UX10
Batty,codeine
Batty,Sleptrunners
Batty,LeTommy
Batty,EricB_
Batty,verzoneenozrev
Batty,ebsilva151
Batty,gezgez
Batty,FortunaNorte
Batty,esnapur
Batty,petalo_de_sal
Batty,MabuseCaligari
Batty,rubenmontero
Batty,matmlo
Batty,HugoRomero
Batty,ElFrikiCanario
Batty,Alephbeth
Batty,Gustav000
Batty,_Harmonica_
Batty,Sammylanister
Batty,tristemelodia
Batty,creediidae
Batty,Anna_larry
Batty,reygallego85
Batty,amanda629
Batty,jkj9
Batty,DavidGS90
Batty,derosaslagrimas
Batty,Ragasovich
Batty,hhson
Batty,Doark13
Batty,amelia336
Batty,Borinot
Batty,aalmunim
Batty,Danse_
Batty,mahoudeer
Batty,madaklimt
Batty,ismaelrs3
Batty,Kansas
Batty,a7flh
Batty,miguel_ele
Batty,DesEsseintes89
Batty,MadeInHongKong
Batty,will_llermo
Batty,Iraheta
Batty,Rdosdedos
Batty,Carlosgtf21
Batty,Air_Fryer_
Batty,tiagocosta32
Batty,rbedoya
Batty,michelangelovq
Batty,xoandsj
Batty,Juanky97
Batty,IsaacPiGa
Batty,hectordoncell
Batty,ahmed155
Batty,3even3even
Batty,delaisla
Batty,Srhoudini
Batty,nellito
Batty,Haaveilija
Batty,Hasan_Atef
Batty,BoomLight06
Batty,AP_Schoolwork
Batty,Pauixitador
Batty,clairdeterre
Batty,riojaelibre
Batty,Dr_Akkar
Batty,Pouyamamaghani
Batty,figlio
Batty,nikaz
Batty,mispeliculas_
Batty,Rahil_Ehtesham
Batty,xzetaprobe
Batty,GAmengual
Batty,AtomicJerry
Batty,urcatarsis
Batty,benifluvia
Batty,poetereau
Batty,kusa_nagi
Batty,neovinter
Batty,EzNaiz_
Batty,rogaleite
Batty,robertomu
Batty,Ciskiko
Batty,toshiroM
Batty,philippengel
Batty,fydme
Batty,ChicoOstra57
Batty,jlbarckly
Batty,jaimeac
Batty,kaizenthecave
Batty,JDCASERO
Batty,cumpana
Batty,safalpoudel_
Batty,maryamzz
Batty,RahmanCinephile
Batty,Gymnopedie
Batty,Nasimss
Batty,GMART
Batty,elenacf
Batty,kleinbaud
Batty,Pierrott
Batty,tazdukla
Batty,oscar_rg5
Batty,AlirezaFatehii
Batty,dogstarfran
Batty,Miguel_003
Batty,MartialCantarel
Batty,ukazioa
Batty,Vareludo
Batty,DiegoGlenn
Batty,MarcBallesteros
Batty,carlosgurgel
Batty,Kulervo_
Batty,ElPelifomano
Batty,arturocg93
Batty,genzai_2
Batty,nfxberg
Batty,prv00
Batty,riqshaw
Batty,miguel221163
Batty,RamiroMatas
Batty,Mikio_Fassberma
Batty,GreenArrow777
Batty,FatJow
Batty,MaboroshiMirage
Batty,thomasblock3
Batty,sourovhosen
Batty,CtrlAltL
Batty,Icaroguara
Batty,florolino
Batty,jpnunez
Batty,drb11404
Batty,Eldelosgarbanzo
Batty,CaptND
Batty,Ged__
Batty,leifhedendal
Batty,Simonsds
Batty,quber
Batty,cinephile1980
Batty,RachelMyGod
Batty,Solina1871
Batty,barrenillusion
Batty,peterriviera
Batty,Sandwichito14
Batty,SamuelLaser
Batty,mlpv86
Batty,musicari0
Batty,Magdaleno
Batty,EloyG8
Batty,CantStopTheBot
Batty,ErikDelRey
Batty,Expiacion
Batty,pablo_iv
Batty,bjsylvester
Batty,elaguainmovil
Batty,IvanMiguez
Batty,paulasd
Batty,HAKern
Batty,trikuxabi
Batty,jlorenzo
Batty,augieinspace
Batty,tallercineyfilo
Batty,AntonioSanAlo99
Batty,xando1984
Batty,bedioyskin
Batty,RogerCres96Bar
Batty,Cristian92
Batty,maciaflorit
Batty,Gabriel00
Batty,Klepshydra
Batty,HobbsEnd
Batty,Jorgemz
Batty,asierheredia
Batty,stxrgirl_
Batty,Midegeneracion
Batty,planetaryfolk
Batty,bertto04
Batty,ells13
Batty,zamilovanemaso
Batty,AndresTM
Batty,Souvy
Batty,hobbitillo
Batty,vectormaly
Batty,AuroraNocte
Batty,parhelic
Batty,jazzforfuture
Batty,bandinisvevo
Batty,elchampo
Batty,Mann_Ohne_Namen
Batty,Cespamogo
Batty,tob
Batty,cartonet
Batty,bjork_shoegaze
Batty,Francis87
Batty,mrtoldo
Batty,noroit
Batty,SolitaryParade
Batty,dalpizzolo
Batty,PabloMarfa
Batty,kiel
Batty,MGarrett
Batty,Oraj
Batty,inesbom
Batty,Glorfindel7567
Batty,afterrequiem
Batty,Abu222
Batty,keshifilms
Batty,Carlos_
Batty,toniponix
Batty,FerHerce
Batty,Isaac98tm
Batty,Tumbletoppel
Batty,DanielQuinn
Batty,mattegrb
Batty,jeison_navia18
Batty,surleweb
Batty,andre_alexandre
Batty,peterzhang
Batty,XYM
Batty,alvmb
Batty,ALazyCommunist
Batty,ExeDavid
Batty,pablosantelmo
Batty,makimono_cine
Batty,julianglezg
Batty,nesetel
Batty,kinojibaro
Batty,DarkFar
Batty,frnndlcs
Batty,Ardwyw
Batty,AminVillalba
Batty,EdoardoElric
Batty,Colin_Maillard
Batty,WWWM
Batty,RodrigoAndres
Batty,alecblumes
Batty,cvegces
Batty,hypernuria
Batty,ezequiel2517
Batty,isaacbarragan
Batty,bergmantonioni
Batty,figmare
Batty,knockkneed
Batty,Shohnny
Batty,topfilmtuiter
Batty,Malala
Batty,amirhorror
Batty,victorialinares
Batty,Brunovictorino
Batty,PiterPonx
Batty,valelx9sm
Batty,IsaacMinaya
Batty,Cinemanicomio
Batty,ikanonakis
Batty,HelenWelonmelon
Batty,RainerGaudi
Batty,bustinduy
Batty,qSanto
Batty,Lobo_Lopez
Batty,andonimaz
Batty,jordanleung
Batty,LMRN
Batty,cadaververano
Batty,profetaloko
Batty,Ninotchka
Batty,JedPressgrove
Batty,Poxo_2
Batty,santoguille
Batty,straubbhuillet
Batty,DanielEscaners
Batty,Innocent
Batty,Koenig
Batty,critconc
Batty,MiguelMSH
Batty,casparof44
Batty,Dani1Medina
Batty,FvLluis
Batty,carlatka
Batty,mmgarnica
Batty,utges
Batty,Estrella5zul
Batty,mjuarezg
Batty,Heftpistole
Batty,Vicioinherente
Batty,davidc888
Batty,beso00
Batty,Ruben0
Batty,balnearios
Batty,S_Jon_
Batty,Leguroz
Batty,Javchas
Batty,chernobyl21
Batty,AlejandroGR
Batty,Isart
Batty,Matheuspaiva1
Batty,Ramitarkovsky
Batty,przgui
Batty,uryenbg
Batty,ExplodingBoy
Batty,respirateur
Batty,rafaqc97
Batty,organictea
Batty,fshtravis
Batty,ja239
Batty,kerstray
Batty,andrewpark86
Batty,joseamores65
Batty,AbraxasAeterna
Batty,Faure
Batty,chaotic_hugo
Batty,YacineNcr
Batty,MaximErkin
Batty,alyxbelt
Batty,radosandar
Batty,Madphoon
Batty,wobewww
Batty,Alexcuba
Batty,JaimeUrquiza
Batty,A_Karerina
Batty,EvansWetmore
Batty,apeacefulguy
Batty,nnevvurr
Batty,lacteavia
Batty,skusom
Batty,Moteiza
Batty,bbbBbB
Batty,WBA
Batty,jmrebollo
Batty,Rolcest
Batty,jjm_24
Batty,Maties_TP
Batty,nichedeath
Batty,AzizToba
Batty,msld
Batty,gabriir8
Batty,rectoverso
Batty,JoN_TeN
Batty,Oldbok
Batty,post_duchowy
Batty,Smokinbir
Batty,Martinaevaeva
Batty,lettercoxd
Batty,letempsquipasse
Batty,Ivan_Suarez
Batty,enayat
Batty,Trueno
Batty,wahabb
Batty,firejuice
Batty,Alberto87FR
Batty,ahmedworld
Batty,FaildeGuionista
Batty,brunomarra
Batty,stottiain
Batty,christo1
Batty,Thomkeaton
Batty,tystnaden
Batty,jorgepm91
Batty,brettww65
Batty,vedant_bansal
Batty,greennui
Batty,itsmerocio
Batty,pele_alvaro
Batty,bigalex97
Batty,zachzeidenberg
Batty,paloma55
Batty,MichNiehaus
Batty,Polyethylene34
Batty,Giancorredore
Batty,antares_not
Batty,BorNaPe
Batty,bettyblue1
Batty,__susito
Batty,josedluffy1997
Batty,albamagna
Batty,Daniblacksmoke
Batty,wagesoffear
Batty,mandoj54
Batty,1999_sohu
Batty,Soro93
Batty,Ira_zone
Batty,CraklyLotus
Batty,BeetBeatBit
Batty,steevo
Batty,ivb
Batty,Kipik
Batty,lvcifer
Batty,alexeysmolin
Batty,Loloaka
Batty,msgatsby
Batty,Nokhi
Batty,harvsi
Batty,nestorjpg
Batty,eslam
Batty,mahone9now9
Batty,radiorob123
Batty,aixa72
Batty,garles
Batty,el_producto
Batty,al1997
Batty,DSavisavic
Batty,jal90
Batty,wafasaqer_
Batty,cbrichmond
Batty,islamali93
Batty,Ask
Batty,zaynelshafey
Batty,PUNQ
Batty,javi_sev7
Batty,pablogafa
Batty,SmogTown
Batty,movieguy34
Batty,AnitaMorita
Batty,SrTurk
Batty,AboudMaxe
Batty,BoostGuardian
Batty,Talett34
Batty,aphexmoya
Batty,owene73
Batty,felixzzz
Batty,rahafG
Batty,Banlieues
Batty,almeron
Batty,Bolido
Batty,erickshea
Batty,onthewall2983
Batty,Kerzhan
Batty,MatthewTodd1
Batty,Keaton_B
Batty,Vladimir
Batty,iNothing
Batty,Kubrickiano
Batty,ReySol
Batty,EricBeauzay
Batty,Adam_Kadmon
Batty,Kirkis
Batty,jmromanos
Batty,NickyD
Batty,Cachtice
Batty,Luca2003
Batty,Colmener
Batty,BrendanThiecke
Batty,kenji1
Batty,McLaughlinFilms
Batty,Lux_Lisbon
Batty,Col
Batty,shadetreedad
Batty,Juanco
Batty,Fiddeeb
Batty,Himanshu123
Batty,luciarmida
Batty,Alvaroquinn
Batty,EddieWhiteJr
Batty,CatGoblin5
Batty,Ferrandis
Batty,elevenpointz
Batty,KYLE95
Batty,pat_22
Batty,miguelyllo
Batty,JuansZ
Batty,gaarci
Batty,Jarsito
Batty,Algomocu
Batty,WonderfulCinema
