Title,Year,Review
Entranced Earth,1967,"136 puntos con 30 menciones. Elegida por:<p>6 puntos: <a href='https://letterboxd.com/utges/list/tftlatam/detail'>utges</a>, <a href='https://letterboxd.com/jjm_24/list/tftlatam/detail'>jjm_24</a>, <a href='https://letterboxd.com/explodingboy/list/tftlatam/detail'>explodingboy</a>, <a href='https://letterboxd.com/pauixitador/list/tftlatinoamerica/detail'>pauixitador</a>, <a href='https://letterboxd.com/ninotchka/list/tftlatam/detail'>ninotchka</a>, <a href='https://letterboxd.com/pele_alvaro/list/tft-latam/detail'>pele_alvaro</a>, <a href='https://letterboxd.com/genzai_2/list/top-25-tft-latam/detail'>genzai_2</a>, <a href='https://letterboxd.com/migblah/list/tft-latinoamerica/detail'>migblah</a> <br> 5 puntos: <a href='https://letterboxd.com/bracero/list/tftlatam/detail'>bracero</a>, <a href='https://letterboxd.com/heelena9/list/tft-cine-latinoamericano/detail'>heelena9</a>, <a href='https://letterboxd.com/borinot/list/tftlatam/detail'>borinot</a>, <a href='https://letterboxd.com/rachelmygod/list/tftlatam/detail'>rachelmygod</a>, <a href='https://letterboxd.com/mann_ohne_namen/list/tftlatam/detail'>mann_ohne_namen</a>, <a href='https://letterboxd.com/gorkalonso1/list/mi-top-25-tftlatam/detail'>gorkalonso1</a>, <a href='https://letterboxd.com/albertomilano/list/tft-latinoamerica/detail'>albertomilano</a>, <a href='https://letterboxd.com/xzetaprobe/list/tftlatam/detail'>xzetaprobe</a>, <a href='https://letterboxd.com/marioquema/list/tftlatam/detail'>marioquema</a>, <a href='https://letterboxd.com/batty/list/tft-latinoamerica/detail'>batty</a> <br> 4 puntos: <a href='https://letterboxd.com/juanky97/list/tft-latam/detail'>juanky97</a>, <a href='https://letterboxd.com/paloma55/list/tft-latinoamerica/detail'>paloma55</a>, <a href='https://letterboxd.com/will_llermo/list/tftlatinoamerica/detail'>will_llermo</a>, <a href='https://letterboxd.com/luisru/list/tft-latam/detail'>luisru</a>, <a href='https://letterboxd.com/hugoromero/list/tft-latinoamerica/detail'>hugoromero</a>, <a href='https://letterboxd.com/eljpax/list/tft-latam-1/detail'>eljpax</a> <br> 3 puntos: <a href='https://letterboxd.com/danielquinn/list/tftlatam/detail'>danielquinn</a>, <a href='https://letterboxd.com/figmare/list/tftlatam/detail'>figmare</a>, <a href='https://letterboxd.com/filmandera/list/tftlatam/detail'>filmandera</a> <br> 2 puntos: <a href='https://letterboxd.com/marioiglesias/list/tftlatam/detail'>marioiglesias</a>, <a href='https://letterboxd.com/a_de_la_hoz/list/tftlatinoamerica/detail'>a_de_la_hoz</a> <br> 1 puntos: <a href='https://letterboxd.com/alonsodvt/list/topfilmtuiter-latinoamerica-tftlatam/detail'>alonsodvt</a>"
Él,1953,"121 puntos con 29 menciones. Elegida por:<p>6 puntos: <a href='https://letterboxd.com/gorkalonso1/list/mi-top-25-tftlatam/detail'>gorkalonso1</a>, <a href='https://letterboxd.com/mann_ohne_namen/list/tftlatam/detail'>mann_ohne_namen</a>, <a href='https://letterboxd.com/manuelsanbai/list/tft-latam/detail'>manuelsanbai</a>, <a href='https://letterboxd.com/lobo_lopez/list/tftlatinoamerica/detail'>lobo_lopez</a>, <a href='https://letterboxd.com/rachelmygod/list/tftlatam/detail'>rachelmygod</a>, <a href='https://letterboxd.com/a_de_la_hoz/list/tftlatinoamerica/detail'>a_de_la_hoz</a> <br> 5 puntos: <a href='https://letterboxd.com/migblah/list/tft-latinoamerica/detail'>migblah</a>, <a href='https://letterboxd.com/paula_arantzazu/list/tftlatam/detail'>paula_arantzazu</a>, <a href='https://letterboxd.com/borinot/list/tftlatam/detail'>borinot</a>, <a href='https://letterboxd.com/mabusecaligari/list/tftlatam/detail'>mabusecaligari</a>, <a href='https://letterboxd.com/hugoromero/list/tft-latinoamerica/detail'>hugoromero</a>, <a href='https://letterboxd.com/eljpax/list/tft-latam-1/detail'>eljpax</a>, <a href='https://letterboxd.com/jal90/list/tftlatam-1/detail'>jal90</a>, <a href='https://letterboxd.com/ninotchka/list/tftlatam/detail'>ninotchka</a>, <a href='https://letterboxd.com/bergmantonioni/list/tftlatam/detail'>bergmantonioni</a>, <a href='https://letterboxd.com/juanky97/list/tft-latam/detail'>juanky97</a> <br> 4 puntos: <a href='https://letterboxd.com/fleming22/list/tftlatam/detail'>fleming22</a>, <a href='https://letterboxd.com/aixa72/list/tftlatam/detail'>aixa72</a>, <a href='https://letterboxd.com/colmener/list/tftlatam/detail'>colmener</a>, <a href='https://letterboxd.com/explodingboy/list/tftlatam/detail'>explodingboy</a>, <a href='https://letterboxd.com/vareludo/list/tftlatam/detail'>vareludo</a> <br> 3 puntos: <a href='https://letterboxd.com/luisru/list/tft-latam/detail'>luisru</a> <br> 2 puntos: <a href='https://letterboxd.com/jarsito/list/tft-latinoamerica/detail'>jarsito</a>, <a href='https://letterboxd.com/fabiovg/list/tftlatam/detail'>fabiovg</a>, <a href='https://letterboxd.com/marialebernedo/list/tftlatam-top-filmtuiter-latinoamerica/detail'>marialebernedo</a>, <a href='https://letterboxd.com/anaavellaneda/list/tft-lta/detail'>anaavellaneda</a>, <a href='https://letterboxd.com/dr_akkar/list/tftlatam/detail'>dr_akkar</a> <br> 1 puntos: <a href='https://letterboxd.com/marioquema/list/tftlatam/detail'>marioquema</a>, <a href='https://letterboxd.com/paloma55/list/tft-latinoamerica/detail'>paloma55</a>"
Enamorada,1946,"104 puntos con 25 menciones. Elegida por:<p>6 puntos: <a href='https://letterboxd.com/synthemesco/list/tft-latinoamerica/detail'>synthemesco</a>, <a href='https://letterboxd.com/will_llermo/list/tftlatinoamerica/detail'>will_llermo</a> <br> 5 puntos: <a href='https://letterboxd.com/utges/list/tftlatam/detail'>utges</a>, <a href='https://letterboxd.com/ninotchka/list/tftlatam/detail'>ninotchka</a>, <a href='https://letterboxd.com/rachelmygod/list/tftlatam/detail'>rachelmygod</a>, <a href='https://letterboxd.com/juanky97/list/tft-latam/detail'>juanky97</a>, <a href='https://letterboxd.com/vareludo/list/tftlatam/detail'>vareludo</a>, <a href='https://letterboxd.com/luisru/list/tft-latam/detail'>luisru</a>, <a href='https://letterboxd.com/ezequiel2517/list/tftlatam/detail'>ezequiel2517</a>, <a href='https://letterboxd.com/batty/list/tft-latinoamerica/detail'>batty</a>, <a href='https://letterboxd.com/eljpax/list/tft-latam-1/detail'>eljpax</a>, <a href='https://letterboxd.com/a_de_la_hoz/list/tftlatinoamerica/detail'>a_de_la_hoz</a> <br> 4 puntos: <a href='https://letterboxd.com/hugoromero/list/tft-latinoamerica/detail'>hugoromero</a>, <a href='https://letterboxd.com/marcos_m_rom/list/tft-latinoamerica/detail'>marcos_m_rom</a>, <a href='https://letterboxd.com/fleming22/list/tftlatam/detail'>fleming22</a>, <a href='https://letterboxd.com/manuelsanbai/list/tft-latam/detail'>manuelsanbai</a>, <a href='https://letterboxd.com/mat25/list/topfilmtwitter-latinoamerica-tftlatam/detail'>mat25</a>, <a href='https://letterboxd.com/lobo_lopez/list/tftlatinoamerica/detail'>lobo_lopez</a>, <a href='https://letterboxd.com/mann_ohne_namen/list/tftlatam/detail'>mann_ohne_namen</a>, <a href='https://letterboxd.com/bracero/list/tftlatam/detail'>bracero</a> <br> 3 puntos: <a href='https://letterboxd.com/guillehormigo/list/tftlatam/detail'>guillehormigo</a>, <a href='https://letterboxd.com/mabusecaligari/list/tftlatam/detail'>mabusecaligari</a> <br> 2 puntos: <a href='https://letterboxd.com/aixa72/list/tftlatam/detail'>aixa72</a> <br> 1 puntos: <a href='https://letterboxd.com/pauixitador/list/tftlatinoamerica/detail'>pauixitador</a>, <a href='https://letterboxd.com/marialebernedo/list/tftlatam-top-filmtuiter-latinoamerica/detail'>marialebernedo</a>"
Beyond Oblivion,1956,"101 puntos con 26 menciones. Elegida por:<p>6 puntos: <a href='https://letterboxd.com/danielquinn/list/tftlatam/detail'>danielquinn</a> <br> 5 puntos: <a href='https://letterboxd.com/paloma55/list/tft-latinoamerica/detail'>paloma55</a>, <a href='https://letterboxd.com/eljpax/list/tft-latam-1/detail'>eljpax</a>, <a href='https://letterboxd.com/rachelmygod/list/tftlatam/detail'>rachelmygod</a>, <a href='https://letterboxd.com/pele_alvaro/list/tft-latam/detail'>pele_alvaro</a>, <a href='https://letterboxd.com/explodingboy/list/tftlatam/detail'>explodingboy</a>, <a href='https://letterboxd.com/luisru/list/tft-latam/detail'>luisru</a>, <a href='https://letterboxd.com/synthemesco/list/tft-latinoamerica/detail'>synthemesco</a>, <a href='https://letterboxd.com/jjm_24/list/tftlatam/detail'>jjm_24</a>, <a href='https://letterboxd.com/aixa72/list/tftlatam/detail'>aixa72</a>, <a href='https://letterboxd.com/lobo_lopez/list/tftlatinoamerica/detail'>lobo_lopez</a>, <a href='https://letterboxd.com/diogoserafim/list/tft-latam/detail'>diogoserafim</a>, <a href='https://letterboxd.com/batty/list/tft-latinoamerica/detail'>batty</a> <br> 4 puntos: <a href='https://letterboxd.com/ezequiel2517/list/tftlatam/detail'>ezequiel2517</a>, <a href='https://letterboxd.com/marcos_m_rom/list/tft-latinoamerica/detail'>marcos_m_rom</a>, <a href='https://letterboxd.com/jorgemz/list/tft-latam/detail'>jorgemz</a>, <a href='https://letterboxd.com/mann_ohne_namen/list/tftlatam/detail'>mann_ohne_namen</a> <br> 3 puntos: <a href='https://letterboxd.com/will_llermo/list/tftlatinoamerica/detail'>will_llermo</a>, <a href='https://letterboxd.com/jarsito/list/tft-latinoamerica/detail'>jarsito</a>, <a href='https://letterboxd.com/juanky97/list/tft-latam/detail'>juanky97</a>, <a href='https://letterboxd.com/manuelsanbai/list/tft-latam/detail'>manuelsanbai</a> <br> 2 puntos: <a href='https://letterboxd.com/albertomilano/list/tft-latinoamerica/detail'>albertomilano</a>, <a href='https://letterboxd.com/bracero/list/tftlatam/detail'>bracero</a> <br> 1 puntos: <a href='https://letterboxd.com/fleming22/list/tftlatam/detail'>fleming22</a>, <a href='https://letterboxd.com/gorkalonso1/list/mi-top-25-tftlatam/detail'>gorkalonso1</a>, <a href='https://letterboxd.com/migblah/list/tft-latinoamerica/detail'>migblah</a>"
The Exterminating Angel,1962,"80 puntos con 18 menciones. Elegida por:<p>6 puntos: <a href='https://letterboxd.com/mabusecaligari/list/tftlatam/detail'>mabusecaligari</a>, <a href='https://letterboxd.com/hugoromero/list/tft-latinoamerica/detail'>hugoromero</a>, <a href='https://letterboxd.com/jorgemz/list/tft-latam/detail'>jorgemz</a>, <a href='https://letterboxd.com/borinot/list/tftlatam/detail'>borinot</a> <br> 5 puntos: <a href='https://letterboxd.com/a_de_la_hoz/list/tftlatinoamerica/detail'>a_de_la_hoz</a>, <a href='https://letterboxd.com/fleming22/list/tftlatam/detail'>fleming22</a>, <a href='https://letterboxd.com/jarsito/list/tft-latinoamerica/detail'>jarsito</a>, <a href='https://letterboxd.com/bergmantonioni/list/tftlatam/detail'>bergmantonioni</a>, <a href='https://letterboxd.com/synthemesco/list/tft-latinoamerica/detail'>synthemesco</a>, <a href='https://letterboxd.com/albertomilano/list/tft-latinoamerica/detail'>albertomilano</a>, <a href='https://letterboxd.com/bracero/list/tftlatam/detail'>bracero</a>, <a href='https://letterboxd.com/filmandera/list/tftlatam/detail'>filmandera</a> <br> 4 puntos: <a href='https://letterboxd.com/figmare/list/tftlatam/detail'>figmare</a>, <a href='https://letterboxd.com/luisru/list/tft-latam/detail'>luisru</a> <br> 3 puntos: <a href='https://letterboxd.com/simonsds/list/borrador-tftlatam/detail'>simonsds</a>, <a href='https://letterboxd.com/jal90/list/tftlatam-1/detail'>jal90</a> <br> 1 puntos: <a href='https://letterboxd.com/anaavellaneda/list/tft-lta/detail'>anaavellaneda</a>, <a href='https://letterboxd.com/fabiovg/list/tftlatam/detail'>fabiovg</a>"
One Way or Another,1975,"76 puntos con 24 menciones. Elegida por:<p>6 puntos: <a href='https://letterboxd.com/heelena9/list/tft-cine-latinoamericano/detail'>heelena9</a> <br> 5 puntos: <a href='https://letterboxd.com/filmandera/list/tftlatam/detail'>filmandera</a>, <a href='https://letterboxd.com/jjm_24/list/tftlatam/detail'>jjm_24</a>, <a href='https://letterboxd.com/marcos_m_rom/list/tft-latinoamerica/detail'>marcos_m_rom</a>, <a href='https://letterboxd.com/pauixitador/list/tftlatinoamerica/detail'>pauixitador</a> <br> 4 puntos: <a href='https://letterboxd.com/migblah/list/tft-latinoamerica/detail'>migblah</a>, <a href='https://letterboxd.com/eljpax/list/tft-latam-1/detail'>eljpax</a>, <a href='https://letterboxd.com/utges/list/tftlatam/detail'>utges</a>, <a href='https://letterboxd.com/ninotchka/list/tftlatam/detail'>ninotchka</a>, <a href='https://letterboxd.com/fabiovg/list/tftlatam/detail'>fabiovg</a> <br> 3 puntos: <a href='https://letterboxd.com/batty/list/tft-latinoamerica/detail'>batty</a>, <a href='https://letterboxd.com/albertomilano/list/tft-latinoamerica/detail'>albertomilano</a>, <a href='https://letterboxd.com/marialebernedo/list/tftlatam-top-filmtuiter-latinoamerica/detail'>marialebernedo</a>, <a href='https://letterboxd.com/juanky97/list/tft-latam/detail'>juanky97</a>, <a href='https://letterboxd.com/paula_arantzazu/list/tftlatam/detail'>paula_arantzazu</a> <br> 2 puntos: <a href='https://letterboxd.com/bracero/list/tftlatam/detail'>bracero</a>, <a href='https://letterboxd.com/paloma55/list/tft-latinoamerica/detail'>paloma55</a>, <a href='https://letterboxd.com/gorkalonso1/list/mi-top-25-tftlatam/detail'>gorkalonso1</a>, <a href='https://letterboxd.com/synthemesco/list/tft-latinoamerica/detail'>synthemesco</a>, <a href='https://letterboxd.com/borinot/list/tftlatam/detail'>borinot</a>, <a href='https://letterboxd.com/mann_ohne_namen/list/tftlatam/detail'>mann_ohne_namen</a> <br> 1 puntos: <a href='https://letterboxd.com/guillehormigo/list/tftlatam/detail'>guillehormigo</a>, <a href='https://letterboxd.com/diogoserafim/list/tft-latam/detail'>diogoserafim</a>, <a href='https://letterboxd.com/alonsodvt/list/topfilmtuiter-latinoamerica-tftlatam/detail'>alonsodvt</a>"
Memories of Underdevelopment,1968,"75 puntos con 22 menciones. Elegida por:<p>5 puntos: <a href='https://letterboxd.com/paloma55/list/tft-latinoamerica/detail'>paloma55</a>, <a href='https://letterboxd.com/marialebernedo/list/tftlatam-top-filmtuiter-latinoamerica/detail'>marialebernedo</a>, <a href='https://letterboxd.com/jarsito/list/tft-latinoamerica/detail'>jarsito</a>, <a href='https://letterboxd.com/heelena9/list/tft-cine-latinoamericano/detail'>heelena9</a>, <a href='https://letterboxd.com/luisru/list/tft-latam/detail'>luisru</a> <br> 4 puntos: <a href='https://letterboxd.com/danielquinn/list/tftlatam/detail'>danielquinn</a>, <a href='https://letterboxd.com/jjm_24/list/tftlatam/detail'>jjm_24</a>, <a href='https://letterboxd.com/albertomilano/list/tft-latinoamerica/detail'>albertomilano</a>, <a href='https://letterboxd.com/pele_alvaro/list/tft-latam/detail'>pele_alvaro</a>, <a href='https://letterboxd.com/marioquema/list/tftlatam/detail'>marioquema</a> <br> 3 puntos: <a href='https://letterboxd.com/fabiovg/list/tftlatam/detail'>fabiovg</a>, <a href='https://letterboxd.com/ninotchka/list/tftlatam/detail'>ninotchka</a>, <a href='https://letterboxd.com/juanky97/list/tft-latam/detail'>juanky97</a>, <a href='https://letterboxd.com/explodingboy/list/tftlatam/detail'>explodingboy</a>, <a href='https://letterboxd.com/marcos_m_rom/list/tft-latinoamerica/detail'>marcos_m_rom</a>, <a href='https://letterboxd.com/utges/list/tftlatam/detail'>utges</a>, <a href='https://letterboxd.com/eljpax/list/tft-latam-1/detail'>eljpax</a> <br> 2 puntos: <a href='https://letterboxd.com/bergmantonioni/list/tftlatam/detail'>bergmantonioni</a>, <a href='https://letterboxd.com/a_de_la_hoz/list/tftlatinoamerica/detail'>a_de_la_hoz</a>, <a href='https://letterboxd.com/bracero/list/tftlatam/detail'>bracero</a>, <a href='https://letterboxd.com/filmandera/list/tftlatam/detail'>filmandera</a> <br> 1 puntos: <a href='https://letterboxd.com/anaavellaneda/list/tft-lta/detail'>anaavellaneda</a>"
Extraordinary Stories,2008,"73 puntos con 21 menciones. Elegida por:<p>6 puntos: <a href='https://letterboxd.com/jasikedevicius/list/tftlatam/detail'>jasikedevicius</a>, <a href='https://letterboxd.com/vareludo/list/tftlatam/detail'>vareludo</a> <br> 5 puntos: <a href='https://letterboxd.com/jjm_24/list/tftlatam/detail'>jjm_24</a>, <a href='https://letterboxd.com/danielquinn/list/tftlatam/detail'>danielquinn</a>, <a href='https://letterboxd.com/pauixitador/list/tftlatinoamerica/detail'>pauixitador</a>, <a href='https://letterboxd.com/bracero/list/tftlatam/detail'>bracero</a>, <a href='https://letterboxd.com/mann_ohne_namen/list/tftlatam/detail'>mann_ohne_namen</a> <br> 4 puntos: <a href='https://letterboxd.com/gorkalonso1/list/mi-top-25-tftlatam/detail'>gorkalonso1</a>, <a href='https://letterboxd.com/albertomilano/list/tft-latinoamerica/detail'>albertomilano</a>, <a href='https://letterboxd.com/juanky97/list/tft-latam/detail'>juanky97</a> <br> 3 puntos: <a href='https://letterboxd.com/a_de_la_hoz/list/tftlatinoamerica/detail'>a_de_la_hoz</a>, <a href='https://letterboxd.com/hugoromero/list/tft-latinoamerica/detail'>hugoromero</a>, <a href='https://letterboxd.com/pele_alvaro/list/tft-latam/detail'>pele_alvaro</a>, <a href='https://letterboxd.com/jarsito/list/tft-latinoamerica/detail'>jarsito</a> <br> 2 puntos: <a href='https://letterboxd.com/diogoserafim/list/tft-latam/detail'>diogoserafim</a>, <a href='https://letterboxd.com/colmener/list/tftlatam/detail'>colmener</a>, <a href='https://letterboxd.com/utges/list/tftlatam/detail'>utges</a>, <a href='https://letterboxd.com/lobo_lopez/list/tftlatinoamerica/detail'>lobo_lopez</a>, <a href='https://letterboxd.com/bergmantonioni/list/tftlatam/detail'>bergmantonioni</a> <br> 1 puntos: <a href='https://letterboxd.com/aixa72/list/tftlatam/detail'>aixa72</a>, <a href='https://letterboxd.com/ninotchka/list/tftlatam/detail'>ninotchka</a>"
Limite,1931,"70 puntos con 17 menciones. Elegida por:<p>6 puntos: <a href='https://letterboxd.com/xzetaprobe/list/tftlatam/detail'>xzetaprobe</a> <br> 5 puntos: <a href='https://letterboxd.com/paula_arantzazu/list/tftlatam/detail'>paula_arantzazu</a>, <a href='https://letterboxd.com/genzai_2/list/top-25-tft-latam/detail'>genzai_2</a>, <a href='https://letterboxd.com/diogoserafim/list/tft-latam/detail'>diogoserafim</a>, <a href='https://letterboxd.com/bracero/list/tftlatam/detail'>bracero</a>, <a href='https://letterboxd.com/a_de_la_hoz/list/tftlatinoamerica/detail'>a_de_la_hoz</a>, <a href='https://letterboxd.com/hugoromero/list/tft-latinoamerica/detail'>hugoromero</a>, <a href='https://letterboxd.com/colmener/list/tftlatam/detail'>colmener</a> <br> 4 puntos: <a href='https://letterboxd.com/marioiglesias/list/tftlatam/detail'>marioiglesias</a>, <a href='https://letterboxd.com/mabusecaligari/list/tftlatam/detail'>mabusecaligari</a>, <a href='https://letterboxd.com/manuelsanbai/list/tft-latam/detail'>manuelsanbai</a> <br> 3 puntos: <a href='https://letterboxd.com/rachelmygod/list/tftlatam/detail'>rachelmygod</a>, <a href='https://letterboxd.com/marcos_m_rom/list/tft-latinoamerica/detail'>marcos_m_rom</a>, <a href='https://letterboxd.com/vareludo/list/tftlatam/detail'>vareludo</a>, <a href='https://letterboxd.com/lobo_lopez/list/tftlatinoamerica/detail'>lobo_lopez</a>, <a href='https://letterboxd.com/batty/list/tft-latinoamerica/detail'>batty</a> <br> 2 puntos: <a href='https://letterboxd.com/marialebernedo/list/tftlatam-top-filmtuiter-latinoamerica/detail'>marialebernedo</a>"
The Young and the Damned,1950,"68 puntos con 15 menciones. Elegida por:<p>6 puntos: <a href='https://letterboxd.com/fleming22/list/tftlatam/detail'>fleming22</a>, <a href='https://letterboxd.com/simonsds/list/borrador-tftlatam/detail'>simonsds</a> <br> 5 puntos: <a href='https://letterboxd.com/marioiglesias/list/tftlatam/detail'>marioiglesias</a>, <a href='https://letterboxd.com/mabusecaligari/list/tftlatam/detail'>mabusecaligari</a>, <a href='https://letterboxd.com/figmare/list/tftlatam/detail'>figmare</a>, <a href='https://letterboxd.com/anaavellaneda/list/tft-lta/detail'>anaavellaneda</a>, <a href='https://letterboxd.com/a_de_la_hoz/list/tftlatinoamerica/detail'>a_de_la_hoz</a>, <a href='https://letterboxd.com/jarsito/list/tft-latinoamerica/detail'>jarsito</a>, <a href='https://letterboxd.com/utges/list/tftlatam/detail'>utges</a> <br> 4 puntos: <a href='https://letterboxd.com/lobo_lopez/list/tftlatinoamerica/detail'>lobo_lopez</a>, <a href='https://letterboxd.com/synthemesco/list/tft-latinoamerica/detail'>synthemesco</a>, <a href='https://letterboxd.com/fabiovg/list/tftlatam/detail'>fabiovg</a> <br> 3 puntos: <a href='https://letterboxd.com/eljpax/list/tft-latam-1/detail'>eljpax</a>, <a href='https://letterboxd.com/hugoromero/list/tft-latinoamerica/detail'>hugoromero</a>, <a href='https://letterboxd.com/filmandera/list/tftlatam/detail'>filmandera</a>"
Autumn Days,1963,"61 puntos con 17 menciones. Elegida por:<p>6 puntos: <a href='https://letterboxd.com/paloma55/list/tft-latinoamerica/detail'>paloma55</a> <br> 5 puntos: <a href='https://letterboxd.com/dr_akkar/list/tftlatam/detail'>dr_akkar</a>, <a href='https://letterboxd.com/rachelmygod/list/tftlatam/detail'>rachelmygod</a>, <a href='https://letterboxd.com/danielquinn/list/tftlatam/detail'>danielquinn</a> <br> 4 puntos: <a href='https://letterboxd.com/diogoserafim/list/tft-latam/detail'>diogoserafim</a>, <a href='https://letterboxd.com/marialebernedo/list/tftlatam-top-filmtuiter-latinoamerica/detail'>marialebernedo</a>, <a href='https://letterboxd.com/marcos_m_rom/list/tft-latinoamerica/detail'>marcos_m_rom</a>, <a href='https://letterboxd.com/juanky97/list/tft-latam/detail'>juanky97</a>, <a href='https://letterboxd.com/explodingboy/list/tftlatam/detail'>explodingboy</a> <br> 3 puntos: <a href='https://letterboxd.com/will_llermo/list/tftlatinoamerica/detail'>will_llermo</a>, <a href='https://letterboxd.com/synthemesco/list/tft-latinoamerica/detail'>synthemesco</a>, <a href='https://letterboxd.com/luisru/list/tft-latam/detail'>luisru</a>, <a href='https://letterboxd.com/gorkalonso1/list/mi-top-25-tftlatam/detail'>gorkalonso1</a>, <a href='https://letterboxd.com/aixa72/list/tftlatam/detail'>aixa72</a> <br> 2 puntos: <a href='https://letterboxd.com/fleming22/list/tftlatam/detail'>fleming22</a>, <a href='https://letterboxd.com/genzai_2/list/top-25-tft-latam/detail'>genzai_2</a> <br> 1 puntos: <a href='https://letterboxd.com/fabiovg/list/tftlatam/detail'>fabiovg</a>"
Twenty Years Later,1984,"61 puntos con 17 menciones. Elegida por:<p>6 puntos: <a href='https://letterboxd.com/bracero/list/tftlatam/detail'>bracero</a> <br> 5 puntos: <a href='https://letterboxd.com/explodingboy/list/tftlatam/detail'>explodingboy</a>, <a href='https://letterboxd.com/lobo_lopez/list/tftlatinoamerica/detail'>lobo_lopez</a>, <a href='https://letterboxd.com/paula_arantzazu/list/tftlatam/detail'>paula_arantzazu</a>, <a href='https://letterboxd.com/guillehormigo/list/tftlatam/detail'>guillehormigo</a> <br> 4 puntos: <a href='https://letterboxd.com/paloma55/list/tft-latinoamerica/detail'>paloma55</a>, <a href='https://letterboxd.com/borinot/list/tftlatam/detail'>borinot</a>, <a href='https://letterboxd.com/utges/list/tftlatam/detail'>utges</a>, <a href='https://letterboxd.com/marialebernedo/list/tftlatam-top-filmtuiter-latinoamerica/detail'>marialebernedo</a>, <a href='https://letterboxd.com/filmandera/list/tftlatam/detail'>filmandera</a> <br> 3 puntos: <a href='https://letterboxd.com/eljpax/list/tft-latam-1/detail'>eljpax</a>, <a href='https://letterboxd.com/rachelmygod/list/tftlatam/detail'>rachelmygod</a>, <a href='https://letterboxd.com/ninotchka/list/tftlatam/detail'>ninotchka</a>, <a href='https://letterboxd.com/gorkalonso1/list/mi-top-25-tftlatam/detail'>gorkalonso1</a> <br> 1 puntos: <a href='https://letterboxd.com/marcos_m_rom/list/tft-latinoamerica/detail'>marcos_m_rom</a>, <a href='https://letterboxd.com/jasikedevicius/list/tftlatam/detail'>jasikedevicius</a>, <a href='https://letterboxd.com/pauixitador/list/tftlatinoamerica/detail'>pauixitador</a>"
Trenque Lauquen,2022,"61 puntos con 16 menciones. Elegida por:<p>6 puntos: <a href='https://letterboxd.com/juanky97/list/tft-latam/detail'>juanky97</a>, <a href='https://letterboxd.com/filmandera/list/tftlatam/detail'>filmandera</a> <br> 5 puntos: <a href='https://letterboxd.com/mann_ohne_namen/list/tftlatam/detail'>mann_ohne_namen</a>, <a href='https://letterboxd.com/hugoromero/list/tft-latinoamerica/detail'>hugoromero</a>, <a href='https://letterboxd.com/jorgemz/list/tft-latam/detail'>jorgemz</a>, <a href='https://letterboxd.com/vareludo/list/tftlatam/detail'>vareludo</a>, <a href='https://letterboxd.com/marioquema/list/tftlatam/detail'>marioquema</a> <br> 4 puntos: <a href='https://letterboxd.com/jasikedevicius/list/tftlatam/detail'>jasikedevicius</a>, <a href='https://letterboxd.com/gorkalonso1/list/mi-top-25-tftlatam/detail'>gorkalonso1</a>, <a href='https://letterboxd.com/bergmantonioni/list/tftlatam/detail'>bergmantonioni</a>, <a href='https://letterboxd.com/genzai_2/list/top-25-tft-latam/detail'>genzai_2</a> <br> 2 puntos: <a href='https://letterboxd.com/marialebernedo/list/tftlatam-top-filmtuiter-latinoamerica/detail'>marialebernedo</a>, <a href='https://letterboxd.com/paula_arantzazu/list/tftlatam/detail'>paula_arantzazu</a>, <a href='https://letterboxd.com/danielquinn/list/tftlatam/detail'>danielquinn</a> <br> 1 puntos: <a href='https://letterboxd.com/aixa72/list/tftlatam/detail'>aixa72</a>, <a href='https://letterboxd.com/a_de_la_hoz/list/tftlatinoamerica/detail'>a_de_la_hoz</a>"
Araya,1959,"60 puntos con 21 menciones. Elegida por:<p>5 puntos: <a href='https://letterboxd.com/migblah/list/tft-latinoamerica/detail'>migblah</a>, <a href='https://letterboxd.com/utges/list/tftlatam/detail'>utges</a>, <a href='https://letterboxd.com/jal90/list/tftlatam-1/detail'>jal90</a>, <a href='https://letterboxd.com/albertomilano/list/tft-latinoamerica/detail'>albertomilano</a>, <a href='https://letterboxd.com/will_llermo/list/tftlatinoamerica/detail'>will_llermo</a> <br> 4 puntos: <a href='https://letterboxd.com/ninotchka/list/tftlatam/detail'>ninotchka</a>, <a href='https://letterboxd.com/fleming22/list/tftlatam/detail'>fleming22</a>, <a href='https://letterboxd.com/paula_arantzazu/list/tftlatam/detail'>paula_arantzazu</a> <br> 3 puntos: <a href='https://letterboxd.com/paloma55/list/tft-latinoamerica/detail'>paloma55</a>, <a href='https://letterboxd.com/vareludo/list/tftlatam/detail'>vareludo</a>, <a href='https://letterboxd.com/aixa72/list/tftlatam/detail'>aixa72</a> <br> 2 puntos: <a href='https://letterboxd.com/danielquinn/list/tftlatam/detail'>danielquinn</a>, <a href='https://letterboxd.com/pauixitador/list/tftlatinoamerica/detail'>pauixitador</a>, <a href='https://letterboxd.com/synthemesco/list/tft-latinoamerica/detail'>synthemesco</a>, <a href='https://letterboxd.com/jjm_24/list/tftlatam/detail'>jjm_24</a> <br> 1 puntos: <a href='https://letterboxd.com/gorkalonso1/list/mi-top-25-tftlatam/detail'>gorkalonso1</a>, <a href='https://letterboxd.com/juanky97/list/tft-latam/detail'>juanky97</a>, <a href='https://letterboxd.com/borinot/list/tftlatam/detail'>borinot</a>, <a href='https://letterboxd.com/marcos_m_rom/list/tft-latinoamerica/detail'>marcos_m_rom</a>, <a href='https://letterboxd.com/mann_ohne_namen/list/tftlatam/detail'>mann_ohne_namen</a>, <a href='https://letterboxd.com/batty/list/tft-latinoamerica/detail'>batty</a>"
La Flor,2018,"58 puntos con 13 menciones. Elegida por:<p>6 puntos: <a href='https://letterboxd.com/marioquema/list/tftlatam/detail'>marioquema</a>, <a href='https://letterboxd.com/guillehormigo/list/tftlatam/detail'>guillehormigo</a> <br> 5 puntos: <a href='https://letterboxd.com/paloma55/list/tft-latinoamerica/detail'>paloma55</a>, <a href='https://letterboxd.com/aixa72/list/tftlatam/detail'>aixa72</a>, <a href='https://letterboxd.com/will_llermo/list/tftlatinoamerica/detail'>will_llermo</a>, <a href='https://letterboxd.com/filmandera/list/tftlatam/detail'>filmandera</a> <br> 4 puntos: <a href='https://letterboxd.com/eljpax/list/tft-latam-1/detail'>eljpax</a>, <a href='https://letterboxd.com/hugoromero/list/tft-latinoamerica/detail'>hugoromero</a>, <a href='https://letterboxd.com/synthemesco/list/tft-latinoamerica/detail'>synthemesco</a>, <a href='https://letterboxd.com/simonsds/list/borrador-tftlatam/detail'>simonsds</a>, <a href='https://letterboxd.com/batty/list/tft-latinoamerica/detail'>batty</a> <br> 3 puntos: <a href='https://letterboxd.com/vareludo/list/tftlatam/detail'>vareludo</a>, <a href='https://letterboxd.com/genzai_2/list/top-25-tft-latam/detail'>genzai_2</a>"
One Hundred Children Waiting for a Train,1988,"49 puntos con 18 menciones. Elegida por:<p>6 puntos: <a href='https://letterboxd.com/albertomilano/list/tft-latinoamerica/detail'>albertomilano</a> <br> 4 puntos: <a href='https://letterboxd.com/marcos_m_rom/list/tft-latinoamerica/detail'>marcos_m_rom</a>, <a href='https://letterboxd.com/pele_alvaro/list/tft-latam/detail'>pele_alvaro</a>, <a href='https://letterboxd.com/genzai_2/list/top-25-tft-latam/detail'>genzai_2</a>, <a href='https://letterboxd.com/mann_ohne_namen/list/tftlatam/detail'>mann_ohne_namen</a>, <a href='https://letterboxd.com/guillehormigo/list/tftlatam/detail'>guillehormigo</a>, <a href='https://letterboxd.com/marialebernedo/list/tftlatam-top-filmtuiter-latinoamerica/detail'>marialebernedo</a> <br> 3 puntos: <a href='https://letterboxd.com/paloma55/list/tft-latinoamerica/detail'>paloma55</a>, <a href='https://letterboxd.com/eljpax/list/tft-latam-1/detail'>eljpax</a> <br> 2 puntos: <a href='https://letterboxd.com/borinot/list/tftlatam/detail'>borinot</a>, <a href='https://letterboxd.com/alonsodvt/list/topfilmtuiter-latinoamerica-tftlatam/detail'>alonsodvt</a>, <a href='https://letterboxd.com/aixa72/list/tftlatam/detail'>aixa72</a>, <a href='https://letterboxd.com/ezequiel2517/list/tftlatam/detail'>ezequiel2517</a> <br> 1 puntos: <a href='https://letterboxd.com/utges/list/tftlatam/detail'>utges</a>, <a href='https://letterboxd.com/mabusecaligari/list/tftlatam/detail'>mabusecaligari</a>, <a href='https://letterboxd.com/synthemesco/list/tft-latinoamerica/detail'>synthemesco</a>, <a href='https://letterboxd.com/gorkalonso1/list/mi-top-25-tftlatam/detail'>gorkalonso1</a>, <a href='https://letterboxd.com/migblah/list/tft-latinoamerica/detail'>migblah</a>"
Death of a Bureaucrat,1966,"45 puntos con 14 menciones. Elegida por:<p>5 puntos: <a href='https://letterboxd.com/heelena9/list/tft-cine-latinoamericano/detail'>heelena9</a>, <a href='https://letterboxd.com/albertomilano/list/tft-latinoamerica/detail'>albertomilano</a> <br> 4 puntos: <a href='https://letterboxd.com/mabusecaligari/list/tftlatam/detail'>mabusecaligari</a>, <a href='https://letterboxd.com/gorkalonso1/list/mi-top-25-tftlatam/detail'>gorkalonso1</a>, <a href='https://letterboxd.com/fleming22/list/tftlatam/detail'>fleming22</a>, <a href='https://letterboxd.com/borinot/list/tftlatam/detail'>borinot</a>, <a href='https://letterboxd.com/will_llermo/list/tftlatinoamerica/detail'>will_llermo</a>, <a href='https://letterboxd.com/fabiovg/list/tftlatam/detail'>fabiovg</a> <br> 2 puntos: <a href='https://letterboxd.com/marioiglesias/list/tftlatam/detail'>marioiglesias</a>, <a href='https://letterboxd.com/mann_ohne_namen/list/tftlatam/detail'>mann_ohne_namen</a>, <a href='https://letterboxd.com/jarsito/list/tft-latinoamerica/detail'>jarsito</a>, <a href='https://letterboxd.com/rachelmygod/list/tftlatam/detail'>rachelmygod</a>, <a href='https://letterboxd.com/jal90/list/tftlatam-1/detail'>jal90</a> <br> 1 puntos: <a href='https://letterboxd.com/bergmantonioni/list/tftlatam/detail'>bergmantonioni</a>"
The Criminal Life of Archibaldo de la Cruz,1955,"45 puntos con 11 menciones. Elegida por:<p>6 puntos: <a href='https://letterboxd.com/luisru/list/tft-latam/detail'>luisru</a> <br> 5 puntos: <a href='https://letterboxd.com/ezequiel2517/list/tftlatam/detail'>ezequiel2517</a>, <a href='https://letterboxd.com/fabiovg/list/tftlatam/detail'>fabiovg</a>, <a href='https://letterboxd.com/danielquinn/list/tftlatam/detail'>danielquinn</a>, <a href='https://letterboxd.com/genzai_2/list/top-25-tft-latam/detail'>genzai_2</a> <br> 4 puntos: <a href='https://letterboxd.com/a_de_la_hoz/list/tftlatinoamerica/detail'>a_de_la_hoz</a>, <a href='https://letterboxd.com/jorgemz/list/tft-latam/detail'>jorgemz</a> <br> 3 puntos: <a href='https://letterboxd.com/fleming22/list/tftlatam/detail'>fleming22</a>, <a href='https://letterboxd.com/jarsito/list/tft-latinoamerica/detail'>jarsito</a>, <a href='https://letterboxd.com/jal90/list/tftlatam-1/detail'>jal90</a> <br> 2 puntos: <a href='https://letterboxd.com/vareludo/list/tftlatam/detail'>vareludo</a>"
Invasion,1969,"44 puntos con 15 menciones. Elegida por:<p>5 puntos: <a href='https://letterboxd.com/jasikedevicius/list/tftlatam/detail'>jasikedevicius</a>, <a href='https://letterboxd.com/borinot/list/tftlatam/detail'>borinot</a> <br> 4 puntos: <a href='https://letterboxd.com/mann_ohne_namen/list/tftlatam/detail'>mann_ohne_namen</a>, <a href='https://letterboxd.com/manuelsanbai/list/tft-latam/detail'>manuelsanbai</a>, <a href='https://letterboxd.com/rachelmygod/list/tftlatam/detail'>rachelmygod</a> <br> 3 puntos: <a href='https://letterboxd.com/marioiglesias/list/tftlatam/detail'>marioiglesias</a>, <a href='https://letterboxd.com/lobo_lopez/list/tftlatinoamerica/detail'>lobo_lopez</a>, <a href='https://letterboxd.com/guillehormigo/list/tftlatam/detail'>guillehormigo</a>, <a href='https://letterboxd.com/albertomilano/list/tft-latinoamerica/detail'>albertomilano</a>, <a href='https://letterboxd.com/migblah/list/tft-latinoamerica/detail'>migblah</a> <br> 2 puntos: <a href='https://letterboxd.com/eljpax/list/tft-latam-1/detail'>eljpax</a>, <a href='https://letterboxd.com/luisru/list/tft-latam/detail'>luisru</a> <br> 1 puntos: <a href='https://letterboxd.com/diogoserafim/list/tft-latam/detail'>diogoserafim</a>, <a href='https://letterboxd.com/marcos_m_rom/list/tft-latinoamerica/detail'>marcos_m_rom</a>, <a href='https://letterboxd.com/batty/list/tft-latinoamerica/detail'>batty</a>"
Juan: As If Nothing Ever Happened,1987,"42 puntos con 14 menciones. Elegida por:<p>5 puntos: <a href='https://letterboxd.com/marioiglesias/list/tftlatam/detail'>marioiglesias</a> <br> 4 puntos: <a href='https://letterboxd.com/jjm_24/list/tftlatam/detail'>jjm_24</a>, <a href='https://letterboxd.com/eljpax/list/tft-latam-1/detail'>eljpax</a>, <a href='https://letterboxd.com/albertomilano/list/tft-latinoamerica/detail'>albertomilano</a>, <a href='https://letterboxd.com/juanky97/list/tft-latam/detail'>juanky97</a>, <a href='https://letterboxd.com/batty/list/tft-latinoamerica/detail'>batty</a> <br> 3 puntos: <a href='https://letterboxd.com/paloma55/list/tft-latinoamerica/detail'>paloma55</a>, <a href='https://letterboxd.com/gorkalonso1/list/mi-top-25-tftlatam/detail'>gorkalonso1</a>, <a href='https://letterboxd.com/rachelmygod/list/tftlatam/detail'>rachelmygod</a> <br> 2 puntos: <a href='https://letterboxd.com/will_llermo/list/tftlatinoamerica/detail'>will_llermo</a>, <a href='https://letterboxd.com/danielquinn/list/tftlatam/detail'>danielquinn</a>, <a href='https://letterboxd.com/genzai_2/list/top-25-tft-latam/detail'>genzai_2</a> <br> 1 puntos: <a href='https://letterboxd.com/lobo_lopez/list/tftlatinoamerica/detail'>lobo_lopez</a>, <a href='https://letterboxd.com/guillehormigo/list/tftlatam/detail'>guillehormigo</a>"
La Ciénaga,2001,"41 puntos con 12 menciones. Elegida por:<p>5 puntos: <a href='https://letterboxd.com/jasikedevicius/list/tftlatam/detail'>jasikedevicius</a>, <a href='https://letterboxd.com/jorgemz/list/tft-latam/detail'>jorgemz</a>, <a href='https://letterboxd.com/xzetaprobe/list/tftlatam/detail'>xzetaprobe</a>, <a href='https://letterboxd.com/simonsds/list/borrador-tftlatam/detail'>simonsds</a> <br> 4 puntos: <a href='https://letterboxd.com/mabusecaligari/list/tftlatam/detail'>mabusecaligari</a>, <a href='https://letterboxd.com/hugoromero/list/tft-latinoamerica/detail'>hugoromero</a>, <a href='https://letterboxd.com/vareludo/list/tftlatam/detail'>vareludo</a> <br> 3 puntos: <a href='https://letterboxd.com/heelena9/list/tft-cine-latinoamericano/detail'>heelena9</a> <br> 2 puntos: <a href='https://letterboxd.com/a_de_la_hoz/list/tftlatinoamerica/detail'>a_de_la_hoz</a>, <a href='https://letterboxd.com/filmandera/list/tftlatam/detail'>filmandera</a> <br> 1 puntos: <a href='https://letterboxd.com/bergmantonioni/list/tftlatam/detail'>bergmantonioni</a>, <a href='https://letterboxd.com/aixa72/list/tftlatam/detail'>aixa72</a>"
Rosaura at 10 O'Clock,1958,"38 puntos con 11 menciones. Elegida por:<p>5 puntos: <a href='https://letterboxd.com/figmare/list/tftlatam/detail'>figmare</a>, <a href='https://letterboxd.com/manuelsanbai/list/tft-latam/detail'>manuelsanbai</a> <br> 4 puntos: <a href='https://letterboxd.com/gorkalonso1/list/mi-top-25-tftlatam/detail'>gorkalonso1</a>, <a href='https://letterboxd.com/colmener/list/tftlatam/detail'>colmener</a>, <a href='https://letterboxd.com/jal90/list/tftlatam-1/detail'>jal90</a> <br> 3 puntos: <a href='https://letterboxd.com/aixa72/list/tftlatam/detail'>aixa72</a>, <a href='https://letterboxd.com/borinot/list/tftlatam/detail'>borinot</a>, <a href='https://letterboxd.com/will_llermo/list/tftlatinoamerica/detail'>will_llermo</a>, <a href='https://letterboxd.com/mat25/list/topfilmtwitter-latinoamerica-tftlatam/detail'>mat25</a>, <a href='https://letterboxd.com/danielquinn/list/tftlatam/detail'>danielquinn</a> <br> 1 puntos: <a href='https://letterboxd.com/fleming22/list/tftlatam/detail'>fleming22</a>"
Nazarín,1959,"38 puntos con 9 menciones. Elegida por:<p>6 puntos: <a href='https://letterboxd.com/jal90/list/tftlatam-1/detail'>jal90</a>, <a href='https://letterboxd.com/batty/list/tft-latinoamerica/detail'>batty</a> <br> 5 puntos: <a href='https://letterboxd.com/bergmantonioni/list/tftlatam/detail'>bergmantonioni</a>, <a href='https://letterboxd.com/lobo_lopez/list/tftlatinoamerica/detail'>lobo_lopez</a> <br> 4 puntos: <a href='https://letterboxd.com/dr_akkar/list/tftlatam/detail'>dr_akkar</a>, <a href='https://letterboxd.com/a_de_la_hoz/list/tftlatinoamerica/detail'>a_de_la_hoz</a>, <a href='https://letterboxd.com/guillehormigo/list/tftlatam/detail'>guillehormigo</a> <br> 3 puntos: <a href='https://letterboxd.com/fabiovg/list/tftlatam/detail'>fabiovg</a> <br> 1 puntos: <a href='https://letterboxd.com/jarsito/list/tft-latinoamerica/detail'>jarsito</a>"
The Romance of Aniceto and Francisca,1967,"36 puntos con 13 menciones. Elegida por:<p>5 puntos: <a href='https://letterboxd.com/juanky97/list/tft-latam/detail'>juanky97</a> <br> 4 puntos: <a href='https://letterboxd.com/ezequiel2517/list/tftlatam/detail'>ezequiel2517</a>, <a href='https://letterboxd.com/migblah/list/tft-latinoamerica/detail'>migblah</a>, <a href='https://letterboxd.com/batty/list/tft-latinoamerica/detail'>batty</a> <br> 3 puntos: <a href='https://letterboxd.com/marialebernedo/list/tftlatam-top-filmtuiter-latinoamerica/detail'>marialebernedo</a>, <a href='https://letterboxd.com/jjm_24/list/tftlatam/detail'>jjm_24</a>, <a href='https://letterboxd.com/eljpax/list/tft-latam-1/detail'>eljpax</a>, <a href='https://letterboxd.com/explodingboy/list/tftlatam/detail'>explodingboy</a> <br> 2 puntos: <a href='https://letterboxd.com/fleming22/list/tftlatam/detail'>fleming22</a>, <a href='https://letterboxd.com/synthemesco/list/tft-latinoamerica/detail'>synthemesco</a> <br> 1 puntos: <a href='https://letterboxd.com/paloma55/list/tft-latinoamerica/detail'>paloma55</a>, <a href='https://letterboxd.com/mabusecaligari/list/tftlatam/detail'>mabusecaligari</a>, <a href='https://letterboxd.com/aixa72/list/tftlatam/detail'>aixa72</a>"
Chronicle of a Boy Alone,1965,"35 puntos con 9 menciones. Elegida por:<p>5 puntos: <a href='https://letterboxd.com/marialebernedo/list/tftlatam-top-filmtuiter-latinoamerica/detail'>marialebernedo</a>, <a href='https://letterboxd.com/fleming22/list/tftlatam/detail'>fleming22</a>, <a href='https://letterboxd.com/genzai_2/list/top-25-tft-latam/detail'>genzai_2</a> <br> 4 puntos: <a href='https://letterboxd.com/jasikedevicius/list/tftlatam/detail'>jasikedevicius</a>, <a href='https://letterboxd.com/gorkalonso1/list/mi-top-25-tftlatam/detail'>gorkalonso1</a> <br> 3 puntos: <a href='https://letterboxd.com/mabusecaligari/list/tftlatam/detail'>mabusecaligari</a>, <a href='https://letterboxd.com/diogoserafim/list/tft-latam/detail'>diogoserafim</a>, <a href='https://letterboxd.com/borinot/list/tftlatam/detail'>borinot</a>, <a href='https://letterboxd.com/synthemesco/list/tft-latinoamerica/detail'>synthemesco</a>"
Pueblerina,1949,"33 puntos con 8 menciones. Elegida por:<p>5 puntos: <a href='https://letterboxd.com/paloma55/list/tft-latinoamerica/detail'>paloma55</a>, <a href='https://letterboxd.com/jjm_24/list/tftlatam/detail'>jjm_24</a>, <a href='https://letterboxd.com/explodingboy/list/tftlatam/detail'>explodingboy</a>, <a href='https://letterboxd.com/alonsodvt/list/topfilmtuiter-latinoamerica-tftlatam/detail'>alonsodvt</a> <br> 4 puntos: <a href='https://letterboxd.com/eljpax/list/tft-latam-1/detail'>eljpax</a>, <a href='https://letterboxd.com/ninotchka/list/tftlatam/detail'>ninotchka</a> <br> 3 puntos: <a href='https://letterboxd.com/hugoromero/list/tft-latinoamerica/detail'>hugoromero</a> <br> 2 puntos: <a href='https://letterboxd.com/mabusecaligari/list/tftlatam/detail'>mabusecaligari</a>"
The Age of the Earth,1980,"31 puntos con 8 menciones. Elegida por:<p>5 puntos: <a href='https://letterboxd.com/diogoserafim/list/tft-latam/detail'>diogoserafim</a>, <a href='https://letterboxd.com/eljpax/list/tft-latam-1/detail'>eljpax</a> <br> 4 puntos: <a href='https://letterboxd.com/ezequiel2517/list/tftlatam/detail'>ezequiel2517</a>, <a href='https://letterboxd.com/vareludo/list/tftlatam/detail'>vareludo</a>, <a href='https://letterboxd.com/guillehormigo/list/tftlatam/detail'>guillehormigo</a> <br> 3 puntos: <a href='https://letterboxd.com/jasikedevicius/list/tftlatam/detail'>jasikedevicius</a>, <a href='https://letterboxd.com/hugoromero/list/tft-latinoamerica/detail'>hugoromero</a>, <a href='https://letterboxd.com/fabiovg/list/tftlatam/detail'>fabiovg</a>"
The Hour of the Furnaces,1968,"30 puntos con 8 menciones. Elegida por:<p>5 puntos: <a href='https://letterboxd.com/marioiglesias/list/tftlatam/detail'>marioiglesias</a>, <a href='https://letterboxd.com/pauixitador/list/tftlatinoamerica/detail'>pauixitador</a>, <a href='https://letterboxd.com/xzetaprobe/list/tftlatam/detail'>xzetaprobe</a> <br> 4 puntos: <a href='https://letterboxd.com/heelena9/list/tft-cine-latinoamericano/detail'>heelena9</a>, <a href='https://letterboxd.com/bracero/list/tftlatam/detail'>bracero</a> <br> 3 puntos: <a href='https://letterboxd.com/marialebernedo/list/tftlatam-top-filmtuiter-latinoamerica/detail'>marialebernedo</a> <br> 2 puntos: <a href='https://letterboxd.com/jjm_24/list/tftlatam/detail'>jjm_24</a>, <a href='https://letterboxd.com/will_llermo/list/tftlatinoamerica/detail'>will_llermo</a>"
City of God,2002,"29 puntos con 7 menciones. Elegida por:<p>6 puntos: <a href='https://letterboxd.com/figmare/list/tftlatam/detail'>figmare</a> <br> 5 puntos: <a href='https://letterboxd.com/colmener/list/tftlatam/detail'>colmener</a> <br> 4 puntos: <a href='https://letterboxd.com/anaavellaneda/list/tft-lta/detail'>anaavellaneda</a>, <a href='https://letterboxd.com/jarsito/list/tft-latinoamerica/detail'>jarsito</a>, <a href='https://letterboxd.com/jal90/list/tftlatam-1/detail'>jal90</a> <br> 3 puntos: <a href='https://letterboxd.com/fleming22/list/tftlatam/detail'>fleming22</a>, <a href='https://letterboxd.com/filmandera/list/tftlatam/detail'>filmandera</a>"
Pure Blood,1982,"28 puntos con 10 menciones. Elegida por:<p>4 puntos: <a href='https://letterboxd.com/explodingboy/list/tftlatam/detail'>explodingboy</a>, <a href='https://letterboxd.com/vareludo/list/tftlatam/detail'>vareludo</a>, <a href='https://letterboxd.com/rachelmygod/list/tftlatam/detail'>rachelmygod</a> <br> 3 puntos: <a href='https://letterboxd.com/gorkalonso1/list/mi-top-25-tftlatam/detail'>gorkalonso1</a>, <a href='https://letterboxd.com/mann_ohne_namen/list/tftlatam/detail'>mann_ohne_namen</a>, <a href='https://letterboxd.com/jjm_24/list/tftlatam/detail'>jjm_24</a>, <a href='https://letterboxd.com/migblah/list/tft-latinoamerica/detail'>migblah</a> <br> 2 puntos: <a href='https://letterboxd.com/juanky97/list/tft-latam/detail'>juanky97</a> <br> 1 puntos: <a href='https://letterboxd.com/marcos_m_rom/list/tft-latinoamerica/detail'>marcos_m_rom</a>, <a href='https://letterboxd.com/will_llermo/list/tftlatinoamerica/detail'>will_llermo</a>"
"Rio, Northern Zone",1957,"27 puntos con 11 menciones. Elegida por:<p>5 puntos: <a href='https://letterboxd.com/ninotchka/list/tftlatam/detail'>ninotchka</a> <br> 4 puntos: <a href='https://letterboxd.com/jjm_24/list/tftlatam/detail'>jjm_24</a>, <a href='https://letterboxd.com/utges/list/tftlatam/detail'>utges</a> <br> 3 puntos: <a href='https://letterboxd.com/fleming22/list/tftlatam/detail'>fleming22</a> <br> 2 puntos: <a href='https://letterboxd.com/paloma55/list/tft-latinoamerica/detail'>paloma55</a>, <a href='https://letterboxd.com/diogoserafim/list/tft-latam/detail'>diogoserafim</a>, <a href='https://letterboxd.com/borinot/list/tftlatam/detail'>borinot</a>, <a href='https://letterboxd.com/albertomilano/list/tft-latinoamerica/detail'>albertomilano</a> <br> 1 puntos: <a href='https://letterboxd.com/eljpax/list/tft-latam-1/detail'>eljpax</a>, <a href='https://letterboxd.com/alonsodvt/list/topfilmtuiter-latinoamerica-tftlatam/detail'>alonsodvt</a>, <a href='https://letterboxd.com/danielquinn/list/tftlatam/detail'>danielquinn</a>"
The Secret in Their Eyes,2009,"27 puntos con 10 menciones. Elegida por:<p>6 puntos: <a href='https://letterboxd.com/anaavellaneda/list/tft-lta/detail'>anaavellaneda</a> <br> 5 puntos: <a href='https://letterboxd.com/figmare/list/tftlatam/detail'>figmare</a>, <a href='https://letterboxd.com/jal90/list/tftlatam-1/detail'>jal90</a> <br> 3 puntos: <a href='https://letterboxd.com/manuelsanbai/list/tft-latam/detail'>manuelsanbai</a> <br> 2 puntos: <a href='https://letterboxd.com/fleming22/list/tftlatam/detail'>fleming22</a>, <a href='https://letterboxd.com/colmener/list/tftlatam/detail'>colmener</a> <br> 1 puntos: <a href='https://letterboxd.com/bergmantonioni/list/tftlatam/detail'>bergmantonioni</a>, <a href='https://letterboxd.com/a_de_la_hoz/list/tftlatinoamerica/detail'>a_de_la_hoz</a>, <a href='https://letterboxd.com/jarsito/list/tft-latinoamerica/detail'>jarsito</a>, <a href='https://letterboxd.com/albertomilano/list/tft-latinoamerica/detail'>albertomilano</a>"
Amores Perros,2000,"27 puntos con 9 menciones. Elegida por:<p>5 puntos: <a href='https://letterboxd.com/marioiglesias/list/tftlatam/detail'>marioiglesias</a>, <a href='https://letterboxd.com/colmener/list/tftlatam/detail'>colmener</a> <br> 4 puntos: <a href='https://letterboxd.com/figmare/list/tftlatam/detail'>figmare</a>, <a href='https://letterboxd.com/anaavellaneda/list/tft-lta/detail'>anaavellaneda</a> <br> 3 puntos: <a href='https://letterboxd.com/bergmantonioni/list/tftlatam/detail'>bergmantonioni</a>, <a href='https://letterboxd.com/filmandera/list/tftlatam/detail'>filmandera</a> <br> 1 puntos: <a href='https://letterboxd.com/a_de_la_hoz/list/tftlatinoamerica/detail'>a_de_la_hoz</a>, <a href='https://letterboxd.com/manuelsanbai/list/tft-latam/detail'>manuelsanbai</a>, <a href='https://letterboxd.com/bracero/list/tftlatam/detail'>bracero</a>"
Macario,1960,"27 puntos con 9 menciones. Elegida por:<p>4 puntos: <a href='https://letterboxd.com/colmener/list/tftlatam/detail'>colmener</a>, <a href='https://letterboxd.com/synthemesco/list/tft-latinoamerica/detail'>synthemesco</a>, <a href='https://letterboxd.com/jal90/list/tftlatam-1/detail'>jal90</a>, <a href='https://letterboxd.com/filmandera/list/tftlatam/detail'>filmandera</a> <br> 3 puntos: <a href='https://letterboxd.com/figmare/list/tftlatam/detail'>figmare</a>, <a href='https://letterboxd.com/borinot/list/tftlatam/detail'>borinot</a> <br> 2 puntos: <a href='https://letterboxd.com/fleming22/list/tftlatam/detail'>fleming22</a>, <a href='https://letterboxd.com/vareludo/list/tftlatam/detail'>vareludo</a> <br> 1 puntos: <a href='https://letterboxd.com/jasikedevicius/list/tftlatam/detail'>jasikedevicius</a>"
Black Wind,1965,"27 puntos con 7 menciones. Elegida por:<p>5 puntos: <a href='https://letterboxd.com/dr_akkar/list/tftlatam/detail'>dr_akkar</a>, <a href='https://letterboxd.com/will_llermo/list/tftlatinoamerica/detail'>will_llermo</a>, <a href='https://letterboxd.com/manuelsanbai/list/tft-latam/detail'>manuelsanbai</a>, <a href='https://letterboxd.com/juanky97/list/tft-latam/detail'>juanky97</a> <br> 4 puntos: <a href='https://letterboxd.com/genzai_2/list/top-25-tft-latam/detail'>genzai_2</a> <br> 2 puntos: <a href='https://letterboxd.com/jasikedevicius/list/tftlatam/detail'>jasikedevicius</a> <br> 1 puntos: <a href='https://letterboxd.com/mabusecaligari/list/tftlatam/detail'>mabusecaligari</a>"
Movie Dementia,1986,"27 puntos con 7 menciones. Elegida por:<p>5 puntos: <a href='https://letterboxd.com/utges/list/tftlatam/detail'>utges</a>, <a href='https://letterboxd.com/ninotchka/list/tftlatam/detail'>ninotchka</a> <br> 4 puntos: <a href='https://letterboxd.com/jjm_24/list/tftlatam/detail'>jjm_24</a>, <a href='https://letterboxd.com/luisru/list/tft-latam/detail'>luisru</a> <br> 3 puntos: <a href='https://letterboxd.com/pauixitador/list/tftlatinoamerica/detail'>pauixitador</a>, <a href='https://letterboxd.com/albertomilano/list/tft-latinoamerica/detail'>albertomilano</a>, <a href='https://letterboxd.com/batty/list/tft-latinoamerica/detail'>batty</a>"
The Battle of Chile: Part I,1975,"27 puntos con 7 menciones. Elegida por:<p>6 puntos: <a href='https://letterboxd.com/marioiglesias/list/tftlatam/detail'>marioiglesias</a> <br> 5 puntos: <a href='https://letterboxd.com/anaavellaneda/list/tft-lta/detail'>anaavellaneda</a>, <a href='https://letterboxd.com/explodingboy/list/tftlatam/detail'>explodingboy</a>, <a href='https://letterboxd.com/guillehormigo/list/tftlatam/detail'>guillehormigo</a> <br> 4 puntos: <a href='https://letterboxd.com/xzetaprobe/list/tftlatam/detail'>xzetaprobe</a> <br> 1 puntos: <a href='https://letterboxd.com/mann_ohne_namen/list/tftlatam/detail'>mann_ohne_namen</a>, <a href='https://letterboxd.com/a_de_la_hoz/list/tftlatinoamerica/detail'>a_de_la_hoz</a>"
"Black God, White Devil",1964,"27 puntos con 6 menciones. Elegida por:<p>5 puntos: <a href='https://letterboxd.com/mabusecaligari/list/tftlatam/detail'>mabusecaligari</a>, <a href='https://letterboxd.com/marialebernedo/list/tftlatam-top-filmtuiter-latinoamerica/detail'>marialebernedo</a>, <a href='https://letterboxd.com/marcos_m_rom/list/tft-latinoamerica/detail'>marcos_m_rom</a> <br> 4 puntos: <a href='https://letterboxd.com/jasikedevicius/list/tftlatam/detail'>jasikedevicius</a>, <a href='https://letterboxd.com/jarsito/list/tft-latinoamerica/detail'>jarsito</a>, <a href='https://letterboxd.com/heelena9/list/tft-cine-latinoamericano/detail'>heelena9</a>"
Metal and Melancholy,1994,"24 puntos con 7 menciones. Elegida por:<p>6 puntos: <a href='https://letterboxd.com/marialebernedo/list/tftlatam-top-filmtuiter-latinoamerica/detail'>marialebernedo</a> <br> 4 puntos: <a href='https://letterboxd.com/ninotchka/list/tftlatam/detail'>ninotchka</a> <br> 3 puntos: <a href='https://letterboxd.com/ezequiel2517/list/tftlatam/detail'>ezequiel2517</a>, <a href='https://letterboxd.com/lobo_lopez/list/tftlatinoamerica/detail'>lobo_lopez</a>, <a href='https://letterboxd.com/utges/list/tftlatam/detail'>utges</a>, <a href='https://letterboxd.com/rachelmygod/list/tftlatam/detail'>rachelmygod</a> <br> 2 puntos: <a href='https://letterboxd.com/eljpax/list/tft-latam-1/detail'>eljpax</a>"
Another Dawn,1943,"23 puntos con 11 menciones. Elegida por:<p>5 puntos: <a href='https://letterboxd.com/marcos_m_rom/list/tft-latinoamerica/detail'>marcos_m_rom</a> <br> 3 puntos: <a href='https://letterboxd.com/paloma55/list/tft-latinoamerica/detail'>paloma55</a>, <a href='https://letterboxd.com/danielquinn/list/tftlatam/detail'>danielquinn</a> <br> 2 puntos: <a href='https://letterboxd.com/marioiglesias/list/tftlatam/detail'>marioiglesias</a>, <a href='https://letterboxd.com/gorkalonso1/list/mi-top-25-tftlatam/detail'>gorkalonso1</a>, <a href='https://letterboxd.com/dr_akkar/list/tftlatam/detail'>dr_akkar</a>, <a href='https://letterboxd.com/pauixitador/list/tftlatinoamerica/detail'>pauixitador</a> <br> 1 puntos: <a href='https://letterboxd.com/diogoserafim/list/tft-latam/detail'>diogoserafim</a>, <a href='https://letterboxd.com/will_llermo/list/tftlatinoamerica/detail'>will_llermo</a>, <a href='https://letterboxd.com/manuelsanbai/list/tft-latam/detail'>manuelsanbai</a>, <a href='https://letterboxd.com/albertomilano/list/tft-latinoamerica/detail'>albertomilano</a>"
Mirage,1972,"22 puntos con 8 menciones. Elegida por:<p>4 puntos: <a href='https://letterboxd.com/jasikedevicius/list/tftlatam/detail'>jasikedevicius</a>, <a href='https://letterboxd.com/pauixitador/list/tftlatinoamerica/detail'>pauixitador</a> <br> 3 puntos: <a href='https://letterboxd.com/marialebernedo/list/tftlatam-top-filmtuiter-latinoamerica/detail'>marialebernedo</a>, <a href='https://letterboxd.com/utges/list/tftlatam/detail'>utges</a>, <a href='https://letterboxd.com/ninotchka/list/tftlatam/detail'>ninotchka</a> <br> 2 puntos: <a href='https://letterboxd.com/paloma55/list/tft-latinoamerica/detail'>paloma55</a>, <a href='https://letterboxd.com/marcos_m_rom/list/tft-latinoamerica/detail'>marcos_m_rom</a> <br> 1 puntos: <a href='https://letterboxd.com/albertomilano/list/tft-latinoamerica/detail'>albertomilano</a>"
The Skeleton of Mrs. Morales,1960,"22 puntos con 8 menciones. Elegida por:<p>4 puntos: <a href='https://letterboxd.com/mabusecaligari/list/tftlatam/detail'>mabusecaligari</a>, <a href='https://letterboxd.com/jal90/list/tftlatam-1/detail'>jal90</a> <br> 3 puntos: <a href='https://letterboxd.com/a_de_la_hoz/list/tftlatinoamerica/detail'>a_de_la_hoz</a>, <a href='https://letterboxd.com/luisru/list/tft-latam/detail'>luisru</a>, <a href='https://letterboxd.com/paula_arantzazu/list/tftlatam/detail'>paula_arantzazu</a> <br> 2 puntos: <a href='https://letterboxd.com/figmare/list/tftlatam/detail'>figmare</a>, <a href='https://letterboxd.com/manuelsanbai/list/tft-latam/detail'>manuelsanbai</a> <br> 1 puntos: <a href='https://letterboxd.com/anaavellaneda/list/tft-lta/detail'>anaavellaneda</a>"
Jauja,2014,"22 puntos con 7 menciones. Elegida por:<p>6 puntos: <a href='https://letterboxd.com/bergmantonioni/list/tftlatam/detail'>bergmantonioni</a> <br> 5 puntos: <a href='https://letterboxd.com/jarsito/list/tft-latinoamerica/detail'>jarsito</a> <br> 3 puntos: <a href='https://letterboxd.com/a_de_la_hoz/list/tftlatinoamerica/detail'>a_de_la_hoz</a>, <a href='https://letterboxd.com/hugoromero/list/tft-latinoamerica/detail'>hugoromero</a> <br> 2 puntos: <a href='https://letterboxd.com/marioiglesias/list/tftlatam/detail'>marioiglesias</a>, <a href='https://letterboxd.com/paula_arantzazu/list/tftlatam/detail'>paula_arantzazu</a> <br> 1 puntos: <a href='https://letterboxd.com/vareludo/list/tftlatam/detail'>vareludo</a>"
Now!,1965,"22 puntos con 7 menciones. Elegida por:<p>5 puntos: <a href='https://letterboxd.com/heelena9/list/tft-cine-latinoamericano/detail'>heelena9</a> <br> 3 puntos: <a href='https://letterboxd.com/mann_ohne_namen/list/tftlatam/detail'>mann_ohne_namen</a>, <a href='https://letterboxd.com/luisru/list/tft-latam/detail'>luisru</a>, <a href='https://letterboxd.com/pauixitador/list/tftlatinoamerica/detail'>pauixitador</a>, <a href='https://letterboxd.com/paula_arantzazu/list/tftlatam/detail'>paula_arantzazu</a>, <a href='https://letterboxd.com/bracero/list/tftlatam/detail'>bracero</a> <br> 2 puntos: <a href='https://letterboxd.com/marioquema/list/tftlatam/detail'>marioquema</a>"
"My Son, the Hero",1961,"21 puntos con 10 menciones. Elegida por:<p>5 puntos: <a href='https://letterboxd.com/gorkalonso1/list/mi-top-25-tftlatam/detail'>gorkalonso1</a> <br> 3 puntos: <a href='https://letterboxd.com/fleming22/list/tftlatam/detail'>fleming22</a> <br> 2 puntos: <a href='https://letterboxd.com/mann_ohne_namen/list/tftlatam/detail'>mann_ohne_namen</a>, <a href='https://letterboxd.com/jjm_24/list/tftlatam/detail'>jjm_24</a>, <a href='https://letterboxd.com/eljpax/list/tft-latam-1/detail'>eljpax</a>, <a href='https://letterboxd.com/borinot/list/tftlatam/detail'>borinot</a>, <a href='https://letterboxd.com/batty/list/tft-latinoamerica/detail'>batty</a> <br> 1 puntos: <a href='https://letterboxd.com/dr_akkar/list/tftlatam/detail'>dr_akkar</a>, <a href='https://letterboxd.com/manuelsanbai/list/tft-latam/detail'>manuelsanbai</a>, <a href='https://letterboxd.com/juanky97/list/tft-latam/detail'>juanky97</a>"
The Terrace,1963,"21 puntos con 8 menciones. Elegida por:<p>5 puntos: <a href='https://letterboxd.com/guillehormigo/list/tftlatam/detail'>guillehormigo</a>, <a href='https://letterboxd.com/genzai_2/list/top-25-tft-latam/detail'>genzai_2</a> <br> 3 puntos: <a href='https://letterboxd.com/aixa72/list/tftlatam/detail'>aixa72</a> <br> 2 puntos: <a href='https://letterboxd.com/gorkalonso1/list/mi-top-25-tftlatam/detail'>gorkalonso1</a>, <a href='https://letterboxd.com/explodingboy/list/tftlatam/detail'>explodingboy</a>, <a href='https://letterboxd.com/rachelmygod/list/tftlatam/detail'>rachelmygod</a> <br> 1 puntos: <a href='https://letterboxd.com/will_llermo/list/tftlatinoamerica/detail'>will_llermo</a>, <a href='https://letterboxd.com/bracero/list/tftlatam/detail'>bracero</a>"
A Place in the World,1992,"21 puntos con 6 menciones. Elegida por:<p>6 puntos: <a href='https://letterboxd.com/colmener/list/tftlatam/detail'>colmener</a> <br> 5 puntos: <a href='https://letterboxd.com/ezequiel2517/list/tftlatam/detail'>ezequiel2517</a> <br> 3 puntos: <a href='https://letterboxd.com/anaavellaneda/list/tft-lta/detail'>anaavellaneda</a>, <a href='https://letterboxd.com/fleming22/list/tftlatam/detail'>fleming22</a>, <a href='https://letterboxd.com/manuelsanbai/list/tft-latam/detail'>manuelsanbai</a> <br> 1 puntos: <a href='https://letterboxd.com/a_de_la_hoz/list/tftlatinoamerica/detail'>a_de_la_hoz</a>"
"Rio, 100 Degrees F°",1955,"20 puntos con 6 menciones. Elegida por:<p>5 puntos: <a href='https://letterboxd.com/will_llermo/list/tftlatinoamerica/detail'>will_llermo</a> <br> 4 puntos: <a href='https://letterboxd.com/marcos_m_rom/list/tft-latinoamerica/detail'>marcos_m_rom</a>, <a href='https://letterboxd.com/genzai_2/list/top-25-tft-latam/detail'>genzai_2</a> <br> 3 puntos: <a href='https://letterboxd.com/xzetaprobe/list/tftlatam/detail'>xzetaprobe</a> <br> 2 puntos: <a href='https://letterboxd.com/pauixitador/list/tftlatinoamerica/detail'>pauixitador</a>, <a href='https://letterboxd.com/fabiovg/list/tftlatam/detail'>fabiovg</a>"
Santa Sangre,1989,20 puntos con 5 menciones. Elegida por:<p>6 puntos: <a href='https://letterboxd.com/fabiovg/list/tftlatam/detail'>fabiovg</a> <br> 5 puntos: <a href='https://letterboxd.com/fleming22/list/tftlatam/detail'>fleming22</a> <br> 4 puntos: <a href='https://letterboxd.com/jorgemz/list/tft-latam/detail'>jorgemz</a> <br> 3 puntos: <a href='https://letterboxd.com/figmare/list/tftlatam/detail'>figmare</a> <br> 2 puntos: <a href='https://letterboxd.com/heelena9/list/tft-cine-latinoamericano/detail'>heelena9</a>
Shark Hunters,1963,"19 puntos con 6 menciones. Elegida por:<p>4 puntos: <a href='https://letterboxd.com/lobo_lopez/list/tftlatinoamerica/detail'>lobo_lopez</a>, <a href='https://letterboxd.com/bracero/list/tftlatam/detail'>bracero</a>, <a href='https://letterboxd.com/batty/list/tft-latinoamerica/detail'>batty</a> <br> 3 puntos: <a href='https://letterboxd.com/marialebernedo/list/tftlatam-top-filmtuiter-latinoamerica/detail'>marialebernedo</a>, <a href='https://letterboxd.com/genzai_2/list/top-25-tft-latam/detail'>genzai_2</a> <br> 1 puntos: <a href='https://letterboxd.com/ezequiel2517/list/tftlatam/detail'>ezequiel2517</a>"
The Bitter Stems,1956,"18 puntos con 9 menciones. Elegida por:<p>4 puntos: <a href='https://letterboxd.com/manuelsanbai/list/tft-latam/detail'>manuelsanbai</a> <br> 3 puntos: <a href='https://letterboxd.com/anaavellaneda/list/tft-lta/detail'>anaavellaneda</a>, <a href='https://letterboxd.com/a_de_la_hoz/list/tftlatinoamerica/detail'>a_de_la_hoz</a> <br> 2 puntos: <a href='https://letterboxd.com/mat25/list/topfilmtwitter-latinoamerica-tftlatam/detail'>mat25</a>, <a href='https://letterboxd.com/albertomilano/list/tft-latinoamerica/detail'>albertomilano</a> <br> 1 puntos: <a href='https://letterboxd.com/mabusecaligari/list/tftlatam/detail'>mabusecaligari</a>, <a href='https://letterboxd.com/gorkalonso1/list/mi-top-25-tftlatam/detail'>gorkalonso1</a>, <a href='https://letterboxd.com/jal90/list/tftlatam-1/detail'>jal90</a>, <a href='https://letterboxd.com/genzai_2/list/top-25-tft-latam/detail'>genzai_2</a>"
Passacaglia and Fugue,1975,"18 puntos con 6 menciones. Elegida por:<p>5 puntos: <a href='https://letterboxd.com/pauixitador/list/tftlatinoamerica/detail'>pauixitador</a> <br> 4 puntos: <a href='https://letterboxd.com/pele_alvaro/list/tft-latam/detail'>pele_alvaro</a> <br> 3 puntos: <a href='https://letterboxd.com/synthemesco/list/tft-latinoamerica/detail'>synthemesco</a> <br> 2 puntos: <a href='https://letterboxd.com/luisru/list/tft-latam/detail'>luisru</a>, <a href='https://letterboxd.com/genzai_2/list/top-25-tft-latam/detail'>genzai_2</a>, <a href='https://letterboxd.com/batty/list/tft-latinoamerica/detail'>batty</a>"
Arabian Coffee,1968,"18 puntos con 5 menciones. Elegida por:<p>6 puntos: <a href='https://letterboxd.com/marcos_m_rom/list/tft-latinoamerica/detail'>marcos_m_rom</a> <br> 4 puntos: <a href='https://letterboxd.com/albertomilano/list/tft-latinoamerica/detail'>albertomilano</a> <br> 3 puntos: <a href='https://letterboxd.com/jjm_24/list/tftlatam/detail'>jjm_24</a>, <a href='https://letterboxd.com/batty/list/tft-latinoamerica/detail'>batty</a> <br> 2 puntos: <a href='https://letterboxd.com/danielquinn/list/tftlatam/detail'>danielquinn</a>"
Nine Queens,2000,"18 puntos con 5 menciones. Elegida por:<p>5 puntos: <a href='https://letterboxd.com/anaavellaneda/list/tft-lta/detail'>anaavellaneda</a> <br> 4 puntos: <a href='https://letterboxd.com/jarsito/list/tft-latinoamerica/detail'>jarsito</a>, <a href='https://letterboxd.com/marioquema/list/tftlatam/detail'>marioquema</a> <br> 3 puntos: <a href='https://letterboxd.com/colmener/list/tftlatam/detail'>colmener</a> <br> 2 puntos: <a href='https://letterboxd.com/figmare/list/tftlatam/detail'>figmare</a>"
Two Monks,1934,"17 puntos con 9 menciones. Elegida por:<p>4 puntos: <a href='https://letterboxd.com/manuelsanbai/list/tft-latam/detail'>manuelsanbai</a> <br> 3 puntos: <a href='https://letterboxd.com/mabusecaligari/list/tftlatam/detail'>mabusecaligari</a>, <a href='https://letterboxd.com/borinot/list/tftlatam/detail'>borinot</a> <br> 2 puntos: <a href='https://letterboxd.com/pauixitador/list/tftlatinoamerica/detail'>pauixitador</a> <br> 1 puntos: <a href='https://letterboxd.com/jjm_24/list/tftlatam/detail'>jjm_24</a>, <a href='https://letterboxd.com/synthemesco/list/tft-latinoamerica/detail'>synthemesco</a>, <a href='https://letterboxd.com/rachelmygod/list/tftlatam/detail'>rachelmygod</a>, <a href='https://letterboxd.com/genzai_2/list/top-25-tft-latam/detail'>genzai_2</a>, <a href='https://letterboxd.com/batty/list/tft-latinoamerica/detail'>batty</a>"
The Boy and the Wind,1967,"17 puntos con 5 menciones. Elegida por:<p>4 puntos: <a href='https://letterboxd.com/utges/list/tftlatam/detail'>utges</a>, <a href='https://letterboxd.com/pauixitador/list/tftlatinoamerica/detail'>pauixitador</a>, <a href='https://letterboxd.com/will_llermo/list/tftlatinoamerica/detail'>will_llermo</a>, <a href='https://letterboxd.com/danielquinn/list/tftlatam/detail'>danielquinn</a> <br> 1 puntos: <a href='https://letterboxd.com/jjm_24/list/tftlatam/detail'>jjm_24</a>"
The Holy Girl,2004,"17 puntos con 5 menciones. Elegida por:<p>5 puntos: <a href='https://letterboxd.com/jasikedevicius/list/tftlatam/detail'>jasikedevicius</a> <br> 4 puntos: <a href='https://letterboxd.com/vareludo/list/tftlatam/detail'>vareludo</a>, <a href='https://letterboxd.com/filmandera/list/tftlatam/detail'>filmandera</a> <br> 3 puntos: <a href='https://letterboxd.com/paula_arantzazu/list/tftlatam/detail'>paula_arantzazu</a> <br> 1 puntos: <a href='https://letterboxd.com/marialebernedo/list/tftlatam-top-filmtuiter-latinoamerica/detail'>marialebernedo</a>"
The Circus Cavalcade,1945,"16 puntos con 7 menciones. Elegida por:<p>4 puntos: <a href='https://letterboxd.com/jjm_24/list/tftlatam/detail'>jjm_24</a> <br> 3 puntos: <a href='https://letterboxd.com/marcos_m_rom/list/tft-latinoamerica/detail'>marcos_m_rom</a>, <a href='https://letterboxd.com/juanky97/list/tft-latam/detail'>juanky97</a> <br> 2 puntos: <a href='https://letterboxd.com/paloma55/list/tft-latinoamerica/detail'>paloma55</a>, <a href='https://letterboxd.com/eljpax/list/tft-latam-1/detail'>eljpax</a> <br> 1 puntos: <a href='https://letterboxd.com/synthemesco/list/tft-latinoamerica/detail'>synthemesco</a>, <a href='https://letterboxd.com/ninotchka/list/tftlatam/detail'>ninotchka</a>"
Arroz con leche,1950,"16 puntos con 6 menciones. Elegida por:<p>4 puntos: <a href='https://letterboxd.com/diogoserafim/list/tft-latam/detail'>diogoserafim</a>, <a href='https://letterboxd.com/danielquinn/list/tftlatam/detail'>danielquinn</a>, <a href='https://letterboxd.com/rachelmygod/list/tftlatam/detail'>rachelmygod</a> <br> 2 puntos: <a href='https://letterboxd.com/paloma55/list/tft-latinoamerica/detail'>paloma55</a> <br> 1 puntos: <a href='https://letterboxd.com/eljpax/list/tft-latam-1/detail'>eljpax</a>, <a href='https://letterboxd.com/explodingboy/list/tftlatam/detail'>explodingboy</a>"
Silvia Prieto,1999,"16 puntos con 5 menciones. Elegida por:<p>4 puntos: <a href='https://letterboxd.com/guillehormigo/list/tftlatam/detail'>guillehormigo</a>, <a href='https://letterboxd.com/filmandera/list/tftlatam/detail'>filmandera</a> <br> 3 puntos: <a href='https://letterboxd.com/diogoserafim/list/tft-latam/detail'>diogoserafim</a>, <a href='https://letterboxd.com/migblah/list/tft-latinoamerica/detail'>migblah</a> <br> 2 puntos: <a href='https://letterboxd.com/aixa72/list/tftlatam/detail'>aixa72</a>"
Aventurera,1950,"15 puntos con 6 menciones. Elegida por:<p>5 puntos: <a href='https://letterboxd.com/luisru/list/tft-latam/detail'>luisru</a> <br> 3 puntos: <a href='https://letterboxd.com/jal90/list/tftlatam-1/detail'>jal90</a> <br> 2 puntos: <a href='https://letterboxd.com/lobo_lopez/list/tftlatinoamerica/detail'>lobo_lopez</a>, <a href='https://letterboxd.com/a_de_la_hoz/list/tftlatinoamerica/detail'>a_de_la_hoz</a>, <a href='https://letterboxd.com/rachelmygod/list/tftlatam/detail'>rachelmygod</a> <br> 1 puntos: <a href='https://letterboxd.com/marcos_m_rom/list/tft-latinoamerica/detail'>marcos_m_rom</a>"
If I Should Die Before I Wake,1952,"15 puntos con 6 menciones. Elegida por:<p>5 puntos: <a href='https://letterboxd.com/synthemesco/list/tft-latinoamerica/detail'>synthemesco</a> <br> 3 puntos: <a href='https://letterboxd.com/gorkalonso1/list/mi-top-25-tftlatam/detail'>gorkalonso1</a> <br> 2 puntos: <a href='https://letterboxd.com/diogoserafim/list/tft-latam/detail'>diogoserafim</a>, <a href='https://letterboxd.com/manuelsanbai/list/tft-latam/detail'>manuelsanbai</a>, <a href='https://letterboxd.com/vareludo/list/tftlatam/detail'>vareludo</a> <br> 1 puntos: <a href='https://letterboxd.com/bracero/list/tftlatam/detail'>bracero</a>"
Pinochet's Women,2005,"15 puntos con 6 menciones. Elegida por:<p>4 puntos: <a href='https://letterboxd.com/pele_alvaro/list/tft-latam/detail'>pele_alvaro</a> <br> 3 puntos: <a href='https://letterboxd.com/pauixitador/list/tftlatinoamerica/detail'>pauixitador</a>, <a href='https://letterboxd.com/will_llermo/list/tftlatinoamerica/detail'>will_llermo</a> <br> 2 puntos: <a href='https://letterboxd.com/guillehormigo/list/tftlatam/detail'>guillehormigo</a>, <a href='https://letterboxd.com/juanky97/list/tft-latam/detail'>juanky97</a> <br> 1 puntos: <a href='https://letterboxd.com/danielquinn/list/tftlatam/detail'>danielquinn</a>"
The Margin,1967,"15 puntos con 4 menciones. Elegida por:<p>4 puntos: <a href='https://letterboxd.com/ezequiel2517/list/tftlatam/detail'>ezequiel2517</a>, <a href='https://letterboxd.com/diogoserafim/list/tft-latam/detail'>diogoserafim</a>, <a href='https://letterboxd.com/genzai_2/list/top-25-tft-latam/detail'>genzai_2</a> <br> 3 puntos: <a href='https://letterboxd.com/xzetaprobe/list/tftlatam/detail'>xzetaprobe</a>"
A Family Like Many Others,1949,"14 puntos con 4 menciones. Elegida por:<p>5 puntos: <a href='https://letterboxd.com/danielquinn/list/tftlatam/detail'>danielquinn</a> <br> 4 puntos: <a href='https://letterboxd.com/aixa72/list/tftlatam/detail'>aixa72</a>, <a href='https://letterboxd.com/rachelmygod/list/tftlatam/detail'>rachelmygod</a> <br> 1 puntos: <a href='https://letterboxd.com/dr_akkar/list/tftlatam/detail'>dr_akkar</a>"
Embrace of the Serpent,2015,"13 puntos con 6 menciones. Elegida por:<p>5 puntos: <a href='https://letterboxd.com/marioquema/list/tftlatam/detail'>marioquema</a> <br> 3 puntos: <a href='https://letterboxd.com/anaavellaneda/list/tft-lta/detail'>anaavellaneda</a> <br> 2 puntos: <a href='https://letterboxd.com/colmener/list/tftlatam/detail'>colmener</a> <br> 1 puntos: <a href='https://letterboxd.com/figmare/list/tftlatam/detail'>figmare</a>, <a href='https://letterboxd.com/vareludo/list/tftlatam/detail'>vareludo</a>, <a href='https://letterboxd.com/juanky97/list/tft-latam/detail'>juanky97</a>"
Wild Tales,2014,"13 puntos con 6 menciones. Elegida por:<p>4 puntos: <a href='https://letterboxd.com/anaavellaneda/list/tft-lta/detail'>anaavellaneda</a> <br> 3 puntos: <a href='https://letterboxd.com/colmener/list/tftlatam/detail'>colmener</a> <br> 2 puntos: <a href='https://letterboxd.com/jarsito/list/tft-latinoamerica/detail'>jarsito</a>, <a href='https://letterboxd.com/jal90/list/tftlatam-1/detail'>jal90</a> <br> 1 puntos: <a href='https://letterboxd.com/figmare/list/tftlatam/detail'>figmare</a>, <a href='https://letterboxd.com/filmandera/list/tftlatam/detail'>filmandera</a>"
The Official Story,1985,"13 puntos con 5 menciones. Elegida por:<p>4 puntos: <a href='https://letterboxd.com/marioquema/list/tftlatam/detail'>marioquema</a> <br> 3 puntos: <a href='https://letterboxd.com/a_de_la_hoz/list/tftlatinoamerica/detail'>a_de_la_hoz</a>, <a href='https://letterboxd.com/manuelsanbai/list/tft-latam/detail'>manuelsanbai</a> <br> 2 puntos: <a href='https://letterboxd.com/bergmantonioni/list/tftlatam/detail'>bergmantonioni</a> <br> 1 puntos: <a href='https://letterboxd.com/figmare/list/tftlatam/detail'>figmare</a>"
Buccaneer Soul,1993,13 puntos con 4 menciones. Elegida por:<p>5 puntos: <a href='https://letterboxd.com/diogoserafim/list/tft-latam/detail'>diogoserafim</a> <br> 4 puntos: <a href='https://letterboxd.com/paloma55/list/tft-latinoamerica/detail'>paloma55</a> <br> 3 puntos: <a href='https://letterboxd.com/fabiovg/list/tftlatam/detail'>fabiovg</a> <br> 1 puntos: <a href='https://letterboxd.com/marialebernedo/list/tftlatam-top-filmtuiter-latinoamerica/detail'>marialebernedo</a>
Fake Blonde,2007,13 puntos con 4 menciones. Elegida por:<p>5 puntos: <a href='https://letterboxd.com/gorkalonso1/list/mi-top-25-tftlatam/detail'>gorkalonso1</a> <br> 4 puntos: <a href='https://letterboxd.com/will_llermo/list/tftlatinoamerica/detail'>will_llermo</a> <br> 3 puntos: <a href='https://letterboxd.com/explodingboy/list/tftlatam/detail'>explodingboy</a> <br> 1 puntos: <a href='https://letterboxd.com/guillehormigo/list/tftlatam/detail'>guillehormigo</a>
Our Land,2025,"13 puntos con 4 menciones. Elegida por:<p>4 puntos: <a href='https://letterboxd.com/mann_ohne_namen/list/tftlatam/detail'>mann_ohne_namen</a>, <a href='https://letterboxd.com/marialebernedo/list/tftlatam-top-filmtuiter-latinoamerica/detail'>marialebernedo</a> <br> 3 puntos: <a href='https://letterboxd.com/guillehormigo/list/tftlatam/detail'>guillehormigo</a> <br> 2 puntos: <a href='https://letterboxd.com/marioquema/list/tftlatam/detail'>marioquema</a>"
The Guns,1964,13 puntos con 4 menciones. Elegida por:<p>5 puntos: <a href='https://letterboxd.com/borinot/list/tftlatam/detail'>borinot</a> <br> 4 puntos: <a href='https://letterboxd.com/bracero/list/tftlatam/detail'>bracero</a> <br> 3 puntos: <a href='https://letterboxd.com/mabusecaligari/list/tftlatam/detail'>mabusecaligari</a> <br> 1 puntos: <a href='https://letterboxd.com/mann_ohne_namen/list/tftlatam/detail'>mann_ohne_namen</a>
Isabelita,1940,13 puntos con 3 menciones. Elegida por:<p>6 puntos: <a href='https://letterboxd.com/eljpax/list/tft-latam-1/detail'>eljpax</a> <br> 5 puntos: <a href='https://letterboxd.com/marcos_m_rom/list/tft-latinoamerica/detail'>marcos_m_rom</a> <br> 2 puntos: <a href='https://letterboxd.com/gorkalonso1/list/mi-top-25-tftlatam/detail'>gorkalonso1</a>
Edad difícil,1956,"12 puntos con 5 menciones. Elegida por:<p>3 puntos: <a href='https://letterboxd.com/aixa72/list/tftlatam/detail'>aixa72</a>, <a href='https://letterboxd.com/vareludo/list/tftlatam/detail'>vareludo</a> <br> 2 puntos: <a href='https://letterboxd.com/jjm_24/list/tftlatam/detail'>jjm_24</a>, <a href='https://letterboxd.com/albertomilano/list/tft-latinoamerica/detail'>albertomilano</a>, <a href='https://letterboxd.com/rachelmygod/list/tftlatam/detail'>rachelmygod</a>"
The Battle of Chile: Part II,1976,"12 puntos con 5 menciones. Elegida por:<p>4 puntos: <a href='https://letterboxd.com/bracero/list/tftlatam/detail'>bracero</a> <br> 3 puntos: <a href='https://letterboxd.com/marioquema/list/tftlatam/detail'>marioquema</a> <br> 2 puntos: <a href='https://letterboxd.com/jjm_24/list/tftlatam/detail'>jjm_24</a>, <a href='https://letterboxd.com/heelena9/list/tft-cine-latinoamericano/detail'>heelena9</a> <br> 1 puntos: <a href='https://letterboxd.com/will_llermo/list/tftlatinoamerica/detail'>will_llermo</a>"
Memoria,2021,"12 puntos con 4 menciones. Elegida por:<p>4 puntos: <a href='https://letterboxd.com/hugoromero/list/tft-latinoamerica/detail'>hugoromero</a>, <a href='https://letterboxd.com/borinot/list/tftlatam/detail'>borinot</a> <br> 3 puntos: <a href='https://letterboxd.com/jarsito/list/tft-latinoamerica/detail'>jarsito</a> <br> 1 puntos: <a href='https://letterboxd.com/marioquema/list/tftlatam/detail'>marioquema</a>"
The Other,1946,12 puntos con 4 menciones. Elegida por:<p>5 puntos: <a href='https://letterboxd.com/manuelsanbai/list/tft-latam/detail'>manuelsanbai</a> <br> 4 puntos: <a href='https://letterboxd.com/aixa72/list/tftlatam/detail'>aixa72</a> <br> 2 puntos: <a href='https://letterboxd.com/batty/list/tft-latinoamerica/detail'>batty</a> <br> 1 puntos: <a href='https://letterboxd.com/fleming22/list/tftlatam/detail'>fleming22</a>
¡Qué Viva México!,1979,"12 puntos con 4 menciones. Elegida por:<p>4 puntos: <a href='https://letterboxd.com/diogoserafim/list/tft-latam/detail'>diogoserafim</a>, <a href='https://letterboxd.com/batty/list/tft-latinoamerica/detail'>batty</a> <br> 3 puntos: <a href='https://letterboxd.com/lobo_lopez/list/tftlatinoamerica/detail'>lobo_lopez</a> <br> 1 puntos: <a href='https://letterboxd.com/eljpax/list/tft-latam-1/detail'>eljpax</a>"
Anhell69,2022,"12 puntos con 3 menciones. Elegida por:<p>5 puntos: <a href='https://letterboxd.com/jorgemz/list/tft-latam/detail'>jorgemz</a>, <a href='https://letterboxd.com/pele_alvaro/list/tft-latam/detail'>pele_alvaro</a> <br> 2 puntos: <a href='https://letterboxd.com/mat25/list/topfilmtwitter-latinoamerica-tftlatam/detail'>mat25</a>"
El Topo,1970,12 puntos con 3 menciones. Elegida por:<p>5 puntos: <a href='https://letterboxd.com/fabiovg/list/tftlatam/detail'>fabiovg</a> <br> 4 puntos: <a href='https://letterboxd.com/borinot/list/tftlatam/detail'>borinot</a> <br> 3 puntos: <a href='https://letterboxd.com/figmare/list/tftlatam/detail'>figmare</a>
The Holy Mountain,1973,12 puntos con 3 menciones. Elegida por:<p>5 puntos: <a href='https://letterboxd.com/fabiovg/list/tftlatam/detail'>fabiovg</a> <br> 4 puntos: <a href='https://letterboxd.com/fleming22/list/tftlatam/detail'>fleming22</a> <br> 3 puntos: <a href='https://letterboxd.com/filmandera/list/tftlatam/detail'>filmandera</a>
The Net,1953,12 puntos con 3 menciones. Elegida por:<p>6 puntos: <a href='https://letterboxd.com/aixa72/list/tftlatam/detail'>aixa72</a> <br> 4 puntos: <a href='https://letterboxd.com/danielquinn/list/tftlatam/detail'>danielquinn</a> <br> 2 puntos: <a href='https://letterboxd.com/fleming22/list/tftlatam/detail'>fleming22</a>
The Vampires of Poverty,1977,"11 puntos con 6 menciones. Elegida por:<p>4 puntos: <a href='https://letterboxd.com/pele_alvaro/list/tft-latam/detail'>pele_alvaro</a> <br> 3 puntos: <a href='https://letterboxd.com/marioquema/list/tftlatam/detail'>marioquema</a> <br> 1 puntos: <a href='https://letterboxd.com/paloma55/list/tft-latinoamerica/detail'>paloma55</a>, <a href='https://letterboxd.com/marialebernedo/list/tftlatam-top-filmtuiter-latinoamerica/detail'>marialebernedo</a>, <a href='https://letterboxd.com/alonsodvt/list/topfilmtuiter-latinoamerica-tftlatam/detail'>alonsodvt</a>, <a href='https://letterboxd.com/juanky97/list/tft-latam/detail'>juanky97</a>"
Victims of Sin,1951,11 puntos con 4 menciones. Elegida por:<p>5 puntos: <a href='https://letterboxd.com/gorkalonso1/list/mi-top-25-tftlatam/detail'>gorkalonso1</a> <br> 3 puntos: <a href='https://letterboxd.com/utges/list/tftlatam/detail'>utges</a> <br> 2 puntos: <a href='https://letterboxd.com/borinot/list/tftlatam/detail'>borinot</a> <br> 1 puntos: <a href='https://letterboxd.com/simonsds/list/borrador-tftlatam/detail'>simonsds</a>
The Beginning and the End,1993,11 puntos con 3 menciones. Elegida por:<p>5 puntos: <a href='https://letterboxd.com/simonsds/list/borrador-tftlatam/detail'>simonsds</a> <br> 4 puntos: <a href='https://letterboxd.com/a_de_la_hoz/list/tftlatinoamerica/detail'>a_de_la_hoz</a> <br> 2 puntos: <a href='https://letterboxd.com/mabusecaligari/list/tftlatam/detail'>mabusecaligari</a>
Habeas Corpus,1986,11 puntos con 2 menciones. Elegida por:<p>6 puntos: <a href='https://letterboxd.com/mat25/list/topfilmtwitter-latinoamerica-tftlatam/detail'>mat25</a> <br> 5 puntos: <a href='https://letterboxd.com/fleming22/list/tftlatam/detail'>fleming22</a>
The South,1988,"10 puntos con 5 menciones. Elegida por:<p>5 puntos: <a href='https://letterboxd.com/mann_ohne_namen/list/tftlatam/detail'>mann_ohne_namen</a> <br> 2 puntos: <a href='https://letterboxd.com/fabiovg/list/tftlatam/detail'>fabiovg</a> <br> 1 puntos: <a href='https://letterboxd.com/utges/list/tftlatam/detail'>utges</a>, <a href='https://letterboxd.com/rachelmygod/list/tftlatam/detail'>rachelmygod</a>, <a href='https://letterboxd.com/ninotchka/list/tftlatam/detail'>ninotchka</a>"
Spelling Love,1984,10 puntos con 4 menciones. Elegida por:<p>4 puntos: <a href='https://letterboxd.com/ninotchka/list/tftlatam/detail'>ninotchka</a> <br> 3 puntos: <a href='https://letterboxd.com/utges/list/tftlatam/detail'>utges</a> <br> 2 puntos: <a href='https://letterboxd.com/explodingboy/list/tftlatam/detail'>explodingboy</a> <br> 1 puntos: <a href='https://letterboxd.com/jjm_24/list/tftlatam/detail'>jjm_24</a>
The Passion of Berenice,1976,"10 puntos con 4 menciones. Elegida por:<p>4 puntos: <a href='https://letterboxd.com/explodingboy/list/tftlatam/detail'>explodingboy</a>, <a href='https://letterboxd.com/rachelmygod/list/tftlatam/detail'>rachelmygod</a> <br> 1 puntos: <a href='https://letterboxd.com/paloma55/list/tft-latinoamerica/detail'>paloma55</a>, <a href='https://letterboxd.com/gorkalonso1/list/mi-top-25-tftlatam/detail'>gorkalonso1</a>"
The Red Light Bandit,1968,"10 puntos con 4 menciones. Elegida por:<p>4 puntos: <a href='https://letterboxd.com/will_llermo/list/tftlatinoamerica/detail'>will_llermo</a> <br> 2 puntos: <a href='https://letterboxd.com/mabusecaligari/list/tftlatam/detail'>mabusecaligari</a>, <a href='https://letterboxd.com/rachelmygod/list/tftlatam/detail'>rachelmygod</a>, <a href='https://letterboxd.com/migblah/list/tft-latinoamerica/detail'>migblah</a>"
Time to Die,1966,"10 puntos con 4 menciones. Elegida por:<p>4 puntos: <a href='https://letterboxd.com/mabusecaligari/list/tftlatam/detail'>mabusecaligari</a> <br> 2 puntos: <a href='https://letterboxd.com/gorkalonso1/list/mi-top-25-tftlatam/detail'>gorkalonso1</a>, <a href='https://letterboxd.com/mann_ohne_namen/list/tftlatam/detail'>mann_ohne_namen</a>, <a href='https://letterboxd.com/vareludo/list/tftlatam/detail'>vareludo</a>"
Calle Santa Fe,2007,"10 puntos con 3 menciones. Elegida por:<p>4 puntos: <a href='https://letterboxd.com/paloma55/list/tft-latinoamerica/detail'>paloma55</a> <br> 3 puntos: <a href='https://letterboxd.com/marioiglesias/list/tftlatam/detail'>marioiglesias</a>, <a href='https://letterboxd.com/pauixitador/list/tftlatinoamerica/detail'>pauixitador</a>"
"No Way, Spider",1970,10 puntos con 3 menciones. Elegida por:<p>6 puntos: <a href='https://letterboxd.com/diogoserafim/list/tft-latam/detail'>diogoserafim</a> <br> 3 puntos: <a href='https://letterboxd.com/alonsodvt/list/topfilmtuiter-latinoamerica-tftlatam/detail'>alonsodvt</a> <br> 1 puntos: <a href='https://letterboxd.com/ninotchka/list/tftlatam/detail'>ninotchka</a>
Anacrusa,1979,"10 puntos con 2 menciones. Elegida por:<p>5 puntos: <a href='https://letterboxd.com/alonsodvt/list/topfilmtuiter-latinoamerica-tftlatam/detail'>alonsodvt</a>, <a href='https://letterboxd.com/mat25/list/topfilmtwitter-latinoamerica-tftlatam/detail'>mat25</a>"
Güeros,2014,10 puntos con 2 menciones. Elegida por:<p>6 puntos: <a href='https://letterboxd.com/jarsito/list/tft-latinoamerica/detail'>jarsito</a> <br> 4 puntos: <a href='https://letterboxd.com/colmener/list/tftlatam/detail'>colmener</a>
Boy & the World,2013,"9 puntos con 4 menciones. Elegida por:<p>3 puntos: <a href='https://letterboxd.com/marioquema/list/tftlatam/detail'>marioquema</a> <br> 2 puntos: <a href='https://letterboxd.com/bergmantonioni/list/tftlatam/detail'>bergmantonioni</a>, <a href='https://letterboxd.com/jarsito/list/tft-latinoamerica/detail'>jarsito</a>, <a href='https://letterboxd.com/colmener/list/tftlatam/detail'>colmener</a>"
Deep Crimson,1996,"9 puntos con 4 menciones. Elegida por:<p>4 puntos: <a href='https://letterboxd.com/a_de_la_hoz/list/tftlatinoamerica/detail'>a_de_la_hoz</a> <br> 3 puntos: <a href='https://letterboxd.com/simonsds/list/borrador-tftlatam/detail'>simonsds</a> <br> 1 puntos: <a href='https://letterboxd.com/anaavellaneda/list/tft-lta/detail'>anaavellaneda</a>, <a href='https://letterboxd.com/manuelsanbai/list/tft-latam/detail'>manuelsanbai</a>"
Never Open That Door,1952,"9 puntos con 4 menciones. Elegida por:<p>4 puntos: <a href='https://letterboxd.com/lobo_lopez/list/tftlatinoamerica/detail'>lobo_lopez</a> <br> 3 puntos: <a href='https://letterboxd.com/rachelmygod/list/tftlatam/detail'>rachelmygod</a> <br> 1 puntos: <a href='https://letterboxd.com/ezequiel2517/list/tftlatam/detail'>ezequiel2517</a>, <a href='https://letterboxd.com/genzai_2/list/top-25-tft-latam/detail'>genzai_2</a>"
Brief Heaven,1969,"9 puntos con 3 menciones. Elegida por:<p>5 puntos: <a href='https://letterboxd.com/synthemesco/list/tft-latinoamerica/detail'>synthemesco</a> <br> 2 puntos: <a href='https://letterboxd.com/utges/list/tftlatam/detail'>utges</a>, <a href='https://letterboxd.com/ninotchka/list/tftlatam/detail'>ninotchka</a>"
Dreams of Ice,1994,9 puntos con 3 menciones. Elegida por:<p>4 puntos: <a href='https://letterboxd.com/albertomilano/list/tft-latinoamerica/detail'>albertomilano</a> <br> 3 puntos: <a href='https://letterboxd.com/jjm_24/list/tftlatam/detail'>jjm_24</a> <br> 2 puntos: <a href='https://letterboxd.com/batty/list/tft-latinoamerica/detail'>batty</a>
In the Palm of Your Hand,1951,9 puntos con 3 menciones. Elegida por:<p>4 puntos: <a href='https://letterboxd.com/luisru/list/tft-latam/detail'>luisru</a> <br> 3 puntos: <a href='https://letterboxd.com/mann_ohne_namen/list/tftlatam/detail'>mann_ohne_namen</a> <br> 2 puntos: <a href='https://letterboxd.com/dr_akkar/list/tftlatam/detail'>dr_akkar</a>
Post Tenebras Lux,2012,"9 puntos con 3 menciones. Elegida por:<p>4 puntos: <a href='https://letterboxd.com/marioquema/list/tftlatam/detail'>marioquema</a>, <a href='https://letterboxd.com/fabiovg/list/tftlatam/detail'>fabiovg</a> <br> 1 puntos: <a href='https://letterboxd.com/bracero/list/tftlatam/detail'>bracero</a>"
Women Who Work,1938,9 puntos con 3 menciones. Elegida por:<p>5 puntos: <a href='https://letterboxd.com/aixa72/list/tftlatam/detail'>aixa72</a> <br> 3 puntos: <a href='https://letterboxd.com/danielquinn/list/tftlatam/detail'>danielquinn</a> <br> 1 puntos: <a href='https://letterboxd.com/paula_arantzazu/list/tftlatam/detail'>paula_arantzazu</a>
Zama,2017,"9 puntos con 3 menciones. Elegida por:<p>5 puntos: <a href='https://letterboxd.com/hugoromero/list/tft-latinoamerica/detail'>hugoromero</a> <br> 2 puntos: <a href='https://letterboxd.com/luisru/list/tft-latam/detail'>luisru</a>, <a href='https://letterboxd.com/juanky97/list/tft-latam/detail'>juanky97</a>"
Japón,2002,9 puntos con 2 menciones. Elegida por:<p>5 puntos: <a href='https://letterboxd.com/simonsds/list/borrador-tftlatam/detail'>simonsds</a> <br> 4 puntos: <a href='https://letterboxd.com/borinot/list/tftlatam/detail'>borinot</a>
Litoral,2008,9 puntos con 2 menciones. Elegida por:<p>6 puntos: <a href='https://letterboxd.com/ezequiel2517/list/tftlatam/detail'>ezequiel2517</a> <br> 3 puntos: <a href='https://letterboxd.com/genzai_2/list/top-25-tft-latam/detail'>genzai_2</a>
Little White Dove,1992,9 puntos con 2 menciones. Elegida por:<p>5 puntos: <a href='https://letterboxd.com/jasikedevicius/list/tftlatam/detail'>jasikedevicius</a> <br> 4 puntos: <a href='https://letterboxd.com/paula_arantzazu/list/tftlatam/detail'>paula_arantzazu</a>
Mexican Bus Ride,1952,9 puntos con 2 menciones. Elegida por:<p>5 puntos: <a href='https://letterboxd.com/dr_akkar/list/tftlatam/detail'>dr_akkar</a> <br> 4 puntos: <a href='https://letterboxd.com/diogoserafim/list/tft-latam/detail'>diogoserafim</a>
Crosses Over the Wasteland,1967,"8 puntos con 5 menciones. Elegida por:<p>3 puntos: <a href='https://letterboxd.com/genzai_2/list/top-25-tft-latam/detail'>genzai_2</a> <br> 2 puntos: <a href='https://letterboxd.com/utges/list/tftlatam/detail'>utges</a> <br> 1 puntos: <a href='https://letterboxd.com/mann_ohne_namen/list/tftlatam/detail'>mann_ohne_namen</a>, <a href='https://letterboxd.com/figmare/list/tftlatam/detail'>figmare</a>, <a href='https://letterboxd.com/ninotchka/list/tftlatam/detail'>ninotchka</a>"
The Delinquents,2023,"8 puntos con 5 menciones. Elegida por:<p>3 puntos: <a href='https://letterboxd.com/bergmantonioni/list/tftlatam/detail'>bergmantonioni</a> <br> 2 puntos: <a href='https://letterboxd.com/guillehormigo/list/tftlatam/detail'>guillehormigo</a> <br> 1 puntos: <a href='https://letterboxd.com/vareludo/list/tftlatam/detail'>vareludo</a>, <a href='https://letterboxd.com/albertomilano/list/tft-latinoamerica/detail'>albertomilano</a>, <a href='https://letterboxd.com/juanky97/list/tft-latam/detail'>juanky97</a>"
Altiplano,2018,"8 puntos con 4 menciones. Elegida por:<p>4 puntos: <a href='https://letterboxd.com/synthemesco/list/tft-latinoamerica/detail'>synthemesco</a> <br> 2 puntos: <a href='https://letterboxd.com/juanky97/list/tft-latam/detail'>juanky97</a> <br> 1 puntos: <a href='https://letterboxd.com/vareludo/list/tftlatam/detail'>vareludo</a>, <a href='https://letterboxd.com/batty/list/tft-latinoamerica/detail'>batty</a>"
Blood of the Condor,1969,"8 puntos con 4 menciones. Elegida por:<p>5 puntos: <a href='https://letterboxd.com/mabusecaligari/list/tftlatam/detail'>mabusecaligari</a> <br> 1 puntos: <a href='https://letterboxd.com/colmener/list/tftlatam/detail'>colmener</a>, <a href='https://letterboxd.com/alonsodvt/list/topfilmtuiter-latinoamerica-tftlatam/detail'>alonsodvt</a>, <a href='https://letterboxd.com/jal90/list/tftlatam-1/detail'>jal90</a>"
Rough Gang,1933,"8 puntos con 4 menciones. Elegida por:<p>3 puntos: <a href='https://letterboxd.com/migblah/list/tft-latinoamerica/detail'>migblah</a> <br> 2 puntos: <a href='https://letterboxd.com/mabusecaligari/list/tftlatam/detail'>mabusecaligari</a>, <a href='https://letterboxd.com/lobo_lopez/list/tftlatinoamerica/detail'>lobo_lopez</a> <br> 1 puntos: <a href='https://letterboxd.com/diogoserafim/list/tft-latam/detail'>diogoserafim</a>"
Whisky,2004,"8 puntos con 4 menciones. Elegida por:<p>3 puntos: <a href='https://letterboxd.com/marioquema/list/tftlatam/detail'>marioquema</a> <br> 2 puntos: <a href='https://letterboxd.com/aixa72/list/tftlatam/detail'>aixa72</a>, <a href='https://letterboxd.com/simonsds/list/borrador-tftlatam/detail'>simonsds</a> <br> 1 puntos: <a href='https://letterboxd.com/mat25/list/topfilmtwitter-latinoamerica-tftlatam/detail'>mat25</a>"
Johnny Chicano,1981,"8 puntos con 3 menciones. Elegida por:<p>4 puntos: <a href='https://letterboxd.com/paloma55/list/tft-latinoamerica/detail'>paloma55</a> <br> 2 puntos: <a href='https://letterboxd.com/utges/list/tftlatam/detail'>utges</a>, <a href='https://letterboxd.com/ninotchka/list/tftlatam/detail'>ninotchka</a>"
Los Muertos,2004,8 puntos con 3 menciones. Elegida por:<p>4 puntos: <a href='https://letterboxd.com/aixa72/list/tftlatam/detail'>aixa72</a> <br> 3 puntos: <a href='https://letterboxd.com/bracero/list/tftlatam/detail'>bracero</a> <br> 1 puntos: <a href='https://letterboxd.com/borinot/list/tftlatam/detail'>borinot</a>
Sentimental Education,2013,8 puntos con 3 menciones. Elegida por:<p>4 puntos: <a href='https://letterboxd.com/jarsito/list/tft-latinoamerica/detail'>jarsito</a> <br> 3 puntos: <a href='https://letterboxd.com/batty/list/tft-latinoamerica/detail'>batty</a> <br> 1 puntos: <a href='https://letterboxd.com/jasikedevicius/list/tftlatam/detail'>jasikedevicius</a>
The Dependent,1969,8 puntos con 3 menciones. Elegida por:<p>5 puntos: <a href='https://letterboxd.com/jal90/list/tftlatam-1/detail'>jal90</a> <br> 2 puntos: <a href='https://letterboxd.com/aixa72/list/tftlatam/detail'>aixa72</a> <br> 1 puntos: <a href='https://letterboxd.com/manuelsanbai/list/tft-latam/detail'>manuelsanbai</a>
The Last Supper,1976,8 puntos con 3 menciones. Elegida por:<p>4 puntos: <a href='https://letterboxd.com/figmare/list/tftlatam/detail'>figmare</a> <br> 3 puntos: <a href='https://letterboxd.com/heelena9/list/tft-cine-latinoamericano/detail'>heelena9</a> <br> 1 puntos: <a href='https://letterboxd.com/jal90/list/tftlatam-1/detail'>jal90</a>
Valparaiso,1963,8 puntos con 3 menciones. Elegida por:<p>4 puntos: <a href='https://letterboxd.com/luisru/list/tft-latam/detail'>luisru</a> <br> 3 puntos: <a href='https://letterboxd.com/bracero/list/tftlatam/detail'>bracero</a> <br> 1 puntos: <a href='https://letterboxd.com/eljpax/list/tft-latam-1/detail'>eljpax</a>
I Am Cuba,1964,8 puntos con 2 menciones. Elegida por:<p>5 puntos: <a href='https://letterboxd.com/filmandera/list/tftlatam/detail'>filmandera</a> <br> 3 puntos: <a href='https://letterboxd.com/heelena9/list/tft-cine-latinoamericano/detail'>heelena9</a>
Simon of the Desert,1965,"8 puntos con 2 menciones. Elegida por:<p>4 puntos: <a href='https://letterboxd.com/bergmantonioni/list/tftlatam/detail'>bergmantonioni</a>, <a href='https://letterboxd.com/a_de_la_hoz/list/tftlatinoamerica/detail'>a_de_la_hoz</a>"
Terminal Young,2023,8 puntos con 2 menciones. Elegida por:<p>5 puntos: <a href='https://letterboxd.com/guillehormigo/list/tftlatam/detail'>guillehormigo</a> <br> 3 puntos: <a href='https://letterboxd.com/will_llermo/list/tftlatinoamerica/detail'>will_llermo</a>
The Secret Agent,2025,"8 puntos con 2 menciones. Elegida por:<p>4 puntos: <a href='https://letterboxd.com/jorgemz/list/tft-latam/detail'>jorgemz</a>, <a href='https://letterboxd.com/simonsds/list/borrador-tftlatam/detail'>simonsds</a>"
A-Dios,1989,7 puntos con 3 menciones. Elegida por:<p>4 puntos: <a href='https://letterboxd.com/juanky97/list/tft-latam/detail'>juanky97</a> <br> 2 puntos: <a href='https://letterboxd.com/will_llermo/list/tftlatinoamerica/detail'>will_llermo</a> <br> 1 puntos: <a href='https://letterboxd.com/genzai_2/list/top-25-tft-latam/detail'>genzai_2</a>
Bacurau,2019,7 puntos con 3 menciones. Elegida por:<p>4 puntos: <a href='https://letterboxd.com/jorgemz/list/tft-latam/detail'>jorgemz</a> <br> 2 puntos: <a href='https://letterboxd.com/filmandera/list/tftlatam/detail'>filmandera</a> <br> 1 puntos: <a href='https://letterboxd.com/marioquema/list/tftlatam/detail'>marioquema</a>
Strawberry and Chocolate,1993,7 puntos con 3 menciones. Elegida por:<p>4 puntos: <a href='https://letterboxd.com/bergmantonioni/list/tftlatam/detail'>bergmantonioni</a> <br> 2 puntos: <a href='https://letterboxd.com/anaavellaneda/list/tft-lta/detail'>anaavellaneda</a> <br> 1 puntos: <a href='https://letterboxd.com/colmener/list/tftlatam/detail'>colmener</a>
The Beast Must Die,1952,"7 puntos con 3 menciones. Elegida por:<p>3 puntos: <a href='https://letterboxd.com/manuelsanbai/list/tft-latam/detail'>manuelsanbai</a>, <a href='https://letterboxd.com/mat25/list/topfilmtwitter-latinoamerica-tftlatam/detail'>mat25</a> <br> 1 puntos: <a href='https://letterboxd.com/rachelmygod/list/tftlatam/detail'>rachelmygod</a>"
The Turning Wind,1962,"7 puntos con 3 menciones. Elegida por:<p>5 puntos: <a href='https://letterboxd.com/vareludo/list/tftlatam/detail'>vareludo</a> <br> 1 puntos: <a href='https://letterboxd.com/fleming22/list/tftlatam/detail'>fleming22</a>, <a href='https://letterboxd.com/heelena9/list/tft-cine-latinoamericano/detail'>heelena9</a>"
The Wolf House,2018,"7 puntos con 3 menciones. Elegida por:<p>3 puntos: <a href='https://letterboxd.com/borinot/list/tftlatam/detail'>borinot</a>, <a href='https://letterboxd.com/jal90/list/tftlatam-1/detail'>jal90</a> <br> 1 puntos: <a href='https://letterboxd.com/xzetaprobe/list/tftlatam/detail'>xzetaprobe</a>"
Time for Revenge,1981,7 puntos con 3 menciones. Elegida por:<p>4 puntos: <a href='https://letterboxd.com/anaavellaneda/list/tft-lta/detail'>anaavellaneda</a> <br> 2 puntos: <a href='https://letterboxd.com/mabusecaligari/list/tftlatam/detail'>mabusecaligari</a> <br> 1 puntos: <a href='https://letterboxd.com/colmener/list/tftlatam/detail'>colmener</a>
Intimidad de los parques,1965,7 puntos con 2 menciones. Elegida por:<p>4 puntos: <a href='https://letterboxd.com/migblah/list/tft-latinoamerica/detail'>migblah</a> <br> 3 puntos: <a href='https://letterboxd.com/ezequiel2517/list/tftlatam/detail'>ezequiel2517</a>
Lucía,1968,7 puntos con 2 menciones. Elegida por:<p>4 puntos: <a href='https://letterboxd.com/heelena9/list/tft-cine-latinoamericano/detail'>heelena9</a> <br> 3 puntos: <a href='https://letterboxd.com/figmare/list/tftlatam/detail'>figmare</a>
Martin (Hache),1997,7 puntos con 2 menciones. Elegida por:<p>5 puntos: <a href='https://letterboxd.com/anaavellaneda/list/tft-lta/detail'>anaavellaneda</a> <br> 2 puntos: <a href='https://letterboxd.com/simonsds/list/borrador-tftlatam/detail'>simonsds</a>
Neruda,2016,7 puntos con 2 menciones. Elegida por:<p>4 puntos: <a href='https://letterboxd.com/simonsds/list/borrador-tftlatam/detail'>simonsds</a> <br> 3 puntos: <a href='https://letterboxd.com/colmener/list/tftlatam/detail'>colmener</a>
Poison for the Fairies,1986,7 puntos con 2 menciones. Elegida por:<p>4 puntos: <a href='https://letterboxd.com/synthemesco/list/tft-latinoamerica/detail'>synthemesco</a> <br> 3 puntos: <a href='https://letterboxd.com/luisru/list/tft-latam/detail'>luisru</a>
The House of the Angel,1957,7 puntos con 2 menciones. Elegida por:<p>4 puntos: <a href='https://letterboxd.com/marioiglesias/list/tftlatam/detail'>marioiglesias</a> <br> 3 puntos: <a href='https://letterboxd.com/synthemesco/list/tft-latinoamerica/detail'>synthemesco</a>
Wild Flower,1943,7 puntos con 2 menciones. Elegida por:<p>5 puntos: <a href='https://letterboxd.com/migblah/list/tft-latinoamerica/detail'>migblah</a> <br> 2 puntos: <a href='https://letterboxd.com/jal90/list/tftlatam-1/detail'>jal90</a>
Women's Things,1979,7 puntos con 2 menciones. Elegida por:<p>5 puntos: <a href='https://letterboxd.com/ezequiel2517/list/tftlatam/detail'>ezequiel2517</a> <br> 2 puntos: <a href='https://letterboxd.com/marialebernedo/list/tftlatam-top-filmtuiter-latinoamerica/detail'>marialebernedo</a>
Back to Stay,2011,"6 puntos con 3 menciones. Elegida por:<p>4 puntos: <a href='https://letterboxd.com/bergmantonioni/list/tftlatam/detail'>bergmantonioni</a> <br> 1 puntos: <a href='https://letterboxd.com/aixa72/list/tftlatam/detail'>aixa72</a>, <a href='https://letterboxd.com/danielquinn/list/tftlatam/detail'>danielquinn</a>"
Nostalgia for the Light,2010,6 puntos con 3 menciones. Elegida por:<p>3 puntos: <a href='https://letterboxd.com/vareludo/list/tftlatam/detail'>vareludo</a> <br> 2 puntos: <a href='https://letterboxd.com/heelena9/list/tft-cine-latinoamericano/detail'>heelena9</a> <br> 1 puntos: <a href='https://letterboxd.com/jarsito/list/tft-latinoamerica/detail'>jarsito</a>
The Mole Agent,2020,6 puntos con 3 menciones. Elegida por:<p>3 puntos: <a href='https://letterboxd.com/simonsds/list/borrador-tftlatam/detail'>simonsds</a> <br> 2 puntos: <a href='https://letterboxd.com/anaavellaneda/list/tft-lta/detail'>anaavellaneda</a> <br> 1 puntos: <a href='https://letterboxd.com/jarsito/list/tft-latinoamerica/detail'>jarsito</a>
Camila,1984,6 puntos con 2 menciones. Elegida por:<p>4 puntos: <a href='https://letterboxd.com/mat25/list/topfilmtwitter-latinoamerica-tftlatam/detail'>mat25</a> <br> 2 puntos: <a href='https://letterboxd.com/manuelsanbai/list/tft-latam/detail'>manuelsanbai</a>
Copacabana Mon Amour,1970,6 puntos con 2 menciones. Elegida por:<p>5 puntos: <a href='https://letterboxd.com/batty/list/tft-latinoamerica/detail'>batty</a> <br> 1 puntos: <a href='https://letterboxd.com/utges/list/tftlatam/detail'>utges</a>
Dark River,1952,6 puntos con 2 menciones. Elegida por:<p>5 puntos: <a href='https://letterboxd.com/vareludo/list/tftlatam/detail'>vareludo</a> <br> 1 puntos: <a href='https://letterboxd.com/utges/list/tftlatam/detail'>utges</a>
La calesita,1963,6 puntos con 2 menciones. Elegida por:<p>4 puntos: <a href='https://letterboxd.com/utges/list/tftlatam/detail'>utges</a> <br> 2 puntos: <a href='https://letterboxd.com/ninotchka/list/tftlatam/detail'>ninotchka</a>
Playing,2007,"6 puntos con 2 menciones. Elegida por:<p>3 puntos: <a href='https://letterboxd.com/diogoserafim/list/tft-latam/detail'>diogoserafim</a>, <a href='https://letterboxd.com/genzai_2/list/top-25-tft-latam/detail'>genzai_2</a>"
Prisoners of the Land,1939,6 puntos con 2 menciones. Elegida por:<p>4 puntos: <a href='https://letterboxd.com/aixa72/list/tftlatam/detail'>aixa72</a> <br> 2 puntos: <a href='https://letterboxd.com/mat25/list/topfilmtwitter-latinoamerica-tftlatam/detail'>mat25</a>
Silent Light,2007,6 puntos con 2 menciones. Elegida por:<p>4 puntos: <a href='https://letterboxd.com/marioiglesias/list/tftlatam/detail'>marioiglesias</a> <br> 2 puntos: <a href='https://letterboxd.com/simonsds/list/borrador-tftlatam/detail'>simonsds</a>
Soledad's Shawl,1952,6 puntos con 2 menciones. Elegida por:<p>4 puntos: <a href='https://letterboxd.com/lobo_lopez/list/tftlatinoamerica/detail'>lobo_lopez</a> <br> 2 puntos: <a href='https://letterboxd.com/dr_akkar/list/tftlatam/detail'>dr_akkar</a>
Stolen Heaven,1951,6 puntos con 2 menciones. Elegida por:<p>4 puntos: <a href='https://letterboxd.com/ezequiel2517/list/tftlatam/detail'>ezequiel2517</a> <br> 2 puntos: <a href='https://letterboxd.com/lobo_lopez/list/tftlatinoamerica/detail'>lobo_lopez</a>
Three Sad Tigers,1968,6 puntos con 2 menciones. Elegida por:<p>4 puntos: <a href='https://letterboxd.com/jasikedevicius/list/tftlatam/detail'>jasikedevicius</a> <br> 2 puntos: <a href='https://letterboxd.com/migblah/list/tft-latinoamerica/detail'>migblah</a>
Viola,2012,6 puntos con 2 menciones. Elegida por:<p>5 puntos: <a href='https://letterboxd.com/bergmantonioni/list/tftlatam/detail'>bergmantonioni</a> <br> 1 puntos: <a href='https://letterboxd.com/danielquinn/list/tftlatam/detail'>danielquinn</a>
Y Tu Mamá También,2001,6 puntos con 2 menciones. Elegida por:<p>5 puntos: <a href='https://letterboxd.com/jorgemz/list/tft-latam/detail'>jorgemz</a> <br> 1 puntos: <a href='https://letterboxd.com/fleming22/list/tftlatam/detail'>fleming22</a>
Luz's Motives,1985,6 puntos con 1 menciones. Elegida por:<p>6 puntos: <a href='https://letterboxd.com/alonsodvt/list/topfilmtuiter-latinoamerica-tftlatam/detail'>alonsodvt</a>
The Secret Formula,1965,6 puntos con 1 menciones. Elegida por:<p>6 puntos: <a href='https://letterboxd.com/paula_arantzazu/list/tftlatam/detail'>paula_arantzazu</a>
The Shadow of the Tyrant,1960,6 puntos con 1 menciones. Elegida por:<p>6 puntos: <a href='https://letterboxd.com/dr_akkar/list/tftlatam/detail'>dr_akkar</a>
Aquarius,2016,"5 puntos con 3 menciones. Elegida por:<p>3 puntos: <a href='https://letterboxd.com/jarsito/list/tft-latinoamerica/detail'>jarsito</a> <br> 1 puntos: <a href='https://letterboxd.com/borinot/list/tftlatam/detail'>borinot</a>, <a href='https://letterboxd.com/mat25/list/topfilmtwitter-latinoamerica-tftlatam/detail'>mat25</a>"
Serpents of the Pirate Moon,1973,"5 puntos con 3 menciones. Elegida por:<p>2 puntos: <a href='https://letterboxd.com/explodingboy/list/tftlatam/detail'>explodingboy</a>, <a href='https://letterboxd.com/alonsodvt/list/topfilmtuiter-latinoamerica-tftlatam/detail'>alonsodvt</a> <br> 1 puntos: <a href='https://letterboxd.com/paula_arantzazu/list/tftlatam/detail'>paula_arantzazu</a>"
About Thirty,2023,5 puntos con 2 menciones. Elegida por:<p>4 puntos: <a href='https://letterboxd.com/guillehormigo/list/tftlatam/detail'>guillehormigo</a> <br> 1 puntos: <a href='https://letterboxd.com/mat25/list/topfilmtwitter-latinoamerica-tftlatam/detail'>mat25</a>
Barren Lives,1963,5 puntos con 2 menciones. Elegida por:<p>3 puntos: <a href='https://letterboxd.com/mabusecaligari/list/tftlatam/detail'>mabusecaligari</a> <br> 2 puntos: <a href='https://letterboxd.com/bracero/list/tftlatam/detail'>bracero</a>
Come Out,1971,5 puntos con 2 menciones. Elegida por:<p>4 puntos: <a href='https://letterboxd.com/xzetaprobe/list/tftlatam/detail'>xzetaprobe</a> <br> 1 puntos: <a href='https://letterboxd.com/ezequiel2517/list/tftlatam/detail'>ezequiel2517</a>
Desde la Habana ¡1969! Recordar,1969,5 puntos con 2 menciones. Elegida por:<p>3 puntos: <a href='https://letterboxd.com/juanky97/list/tft-latam/detail'>juanky97</a> <br> 2 puntos: <a href='https://letterboxd.com/will_llermo/list/tftlatinoamerica/detail'>will_llermo</a>
Dialogues of the Exiles,1975,5 puntos con 2 menciones. Elegida por:<p>4 puntos: <a href='https://letterboxd.com/pauixitador/list/tftlatinoamerica/detail'>pauixitador</a> <br> 1 puntos: <a href='https://letterboxd.com/guillehormigo/list/tftlatam/detail'>guillehormigo</a>
Duelo en las montañas,1950,5 puntos con 2 menciones. Elegida por:<p>4 puntos: <a href='https://letterboxd.com/dr_akkar/list/tftlatam/detail'>dr_akkar</a> <br> 1 puntos: <a href='https://letterboxd.com/lobo_lopez/list/tftlatinoamerica/detail'>lobo_lopez</a>
Hermia & Helena,2016,5 puntos con 2 menciones. Elegida por:<p>3 puntos: <a href='https://letterboxd.com/bergmantonioni/list/tftlatam/detail'>bergmantonioni</a> <br> 2 puntos: <a href='https://letterboxd.com/marioiglesias/list/tftlatam/detail'>marioiglesias</a>
In the Intense Now,2017,5 puntos con 2 menciones. Elegida por:<p>3 puntos: <a href='https://letterboxd.com/marioiglesias/list/tftlatam/detail'>marioiglesias</a> <br> 2 puntos: <a href='https://letterboxd.com/figmare/list/tftlatam/detail'>figmare</a>
La libertad,2001,5 puntos con 2 menciones. Elegida por:<p>3 puntos: <a href='https://letterboxd.com/marioquema/list/tftlatam/detail'>marioquema</a> <br> 2 puntos: <a href='https://letterboxd.com/xzetaprobe/list/tftlatam/detail'>xzetaprobe</a>
Light in the Tropics,2020,5 puntos con 2 menciones. Elegida por:<p>4 puntos: <a href='https://letterboxd.com/xzetaprobe/list/tftlatam/detail'>xzetaprobe</a> <br> 1 puntos: <a href='https://letterboxd.com/pauixitador/list/tftlatinoamerica/detail'>pauixitador</a>
Madagascar,1995,5 puntos con 2 menciones. Elegida por:<p>3 puntos: <a href='https://letterboxd.com/fabiovg/list/tftlatam/detail'>fabiovg</a> <br> 2 puntos: <a href='https://letterboxd.com/marcos_m_rom/list/tft-latinoamerica/detail'>marcos_m_rom</a>
Rebellion in Patagonia,1974,5 puntos con 2 menciones. Elegida por:<p>3 puntos: <a href='https://letterboxd.com/bergmantonioni/list/tftlatam/detail'>bergmantonioni</a> <br> 2 puntos: <a href='https://letterboxd.com/marioquema/list/tftlatam/detail'>marioquema</a>
Roma,2018,5 puntos con 2 menciones. Elegida por:<p>4 puntos: <a href='https://letterboxd.com/simonsds/list/borrador-tftlatam/detail'>simonsds</a> <br> 1 puntos: <a href='https://letterboxd.com/colmener/list/tftlatam/detail'>colmener</a>
Suite Habana,2003,5 puntos con 2 menciones. Elegida por:<p>3 puntos: <a href='https://letterboxd.com/albertomilano/list/tft-latinoamerica/detail'>albertomilano</a> <br> 2 puntos: <a href='https://letterboxd.com/fabiovg/list/tftlatam/detail'>fabiovg</a>
The Dark Side of the Heart,1992,5 puntos con 2 menciones. Elegida por:<p>3 puntos: <a href='https://letterboxd.com/anaavellaneda/list/tft-lta/detail'>anaavellaneda</a> <br> 2 puntos: <a href='https://letterboxd.com/manuelsanbai/list/tft-latam/detail'>manuelsanbai</a>
The Green Wall,1970,5 puntos con 2 menciones. Elegida por:<p>4 puntos: <a href='https://letterboxd.com/marioiglesias/list/tftlatam/detail'>marioiglesias</a> <br> 1 puntos: <a href='https://letterboxd.com/jasikedevicius/list/tftlatam/detail'>jasikedevicius</a>
The Idea of a Lake,2016,5 puntos con 2 menciones. Elegida por:<p>3 puntos: <a href='https://letterboxd.com/bergmantonioni/list/tftlatam/detail'>bergmantonioni</a> <br> 2 puntos: <a href='https://letterboxd.com/guillehormigo/list/tftlatam/detail'>guillehormigo</a>
The Night Is Fading Away,2025,5 puntos con 2 menciones. Elegida por:<p>3 puntos: <a href='https://letterboxd.com/guillehormigo/list/tftlatam/detail'>guillehormigo</a> <br> 2 puntos: <a href='https://letterboxd.com/juanky97/list/tft-latam/detail'>juanky97</a>
The Option,1981,5 puntos con 2 menciones. Elegida por:<p>3 puntos: <a href='https://letterboxd.com/paloma55/list/tft-latinoamerica/detail'>paloma55</a> <br> 2 puntos: <a href='https://letterboxd.com/genzai_2/list/top-25-tft-latam/detail'>genzai_2</a>
The Secret Nation,1989,5 puntos con 2 menciones. Elegida por:<p>4 puntos: <a href='https://letterboxd.com/pauixitador/list/tftlatinoamerica/detail'>pauixitador</a> <br> 1 puntos: <a href='https://letterboxd.com/jasikedevicius/list/tftlatam/detail'>jasikedevicius</a>
Wuthering Heights,1954,5 puntos con 2 menciones. Elegida por:<p>3 puntos: <a href='https://letterboxd.com/lobo_lopez/list/tftlatinoamerica/detail'>lobo_lopez</a> <br> 2 puntos: <a href='https://letterboxd.com/a_de_la_hoz/list/tftlatinoamerica/detail'>a_de_la_hoz</a>
Allá en el Rancho Grande,1936,5 puntos con 1 menciones. Elegida por:<p>5 puntos: <a href='https://letterboxd.com/migblah/list/tft-latinoamerica/detail'>migblah</a>
Anselmo,1967,5 puntos con 1 menciones. Elegida por:<p>5 puntos: <a href='https://letterboxd.com/pele_alvaro/list/tft-latam/detail'>pele_alvaro</a>
Casa Particular,1990,5 puntos con 1 menciones. Elegida por:<p>5 puntos: <a href='https://letterboxd.com/mat25/list/topfilmtwitter-latinoamerica-tftlatam/detail'>mat25</a>
Cosas de mi vida,1976,5 puntos con 1 menciones. Elegida por:<p>5 puntos: <a href='https://letterboxd.com/pele_alvaro/list/tft-latam/detail'>pele_alvaro</a>
Eternity,2017,5 puntos con 1 menciones. Elegida por:<p>5 puntos: <a href='https://letterboxd.com/marialebernedo/list/tftlatam-top-filmtuiter-latinoamerica/detail'>marialebernedo</a>
Fernando has Returned,1998,5 puntos con 1 menciones. Elegida por:<p>5 puntos: <a href='https://letterboxd.com/mat25/list/topfilmtwitter-latinoamerica-tftlatam/detail'>mat25</a>
Greatest Hits,2012,5 puntos con 1 menciones. Elegida por:<p>5 puntos: <a href='https://letterboxd.com/alonsodvt/list/topfilmtuiter-latinoamerica-tftlatam/detail'>alonsodvt</a>
Invisible Life,2019,5 puntos con 1 menciones. Elegida por:<p>5 puntos: <a href='https://letterboxd.com/marioquema/list/tftlatam/detail'>marioquema</a>
Machuca,2004,5 puntos con 1 menciones. Elegida por:<p>5 puntos: <a href='https://letterboxd.com/figmare/list/tftlatam/detail'>figmare</a>
Silent Witnesses,2023,5 puntos con 1 menciones. Elegida por:<p>5 puntos: <a href='https://letterboxd.com/mat25/list/topfilmtwitter-latinoamerica-tftlatam/detail'>mat25</a>
The Abandoned,1945,5 puntos con 1 menciones. Elegida por:<p>5 puntos: <a href='https://letterboxd.com/dr_akkar/list/tftlatam/detail'>dr_akkar</a>
The Dance of Reality,2013,5 puntos con 1 menciones. Elegida por:<p>5 puntos: <a href='https://letterboxd.com/fabiovg/list/tftlatam/detail'>fabiovg</a>
The Deceased,1965,5 puntos con 1 menciones. Elegida por:<p>5 puntos: <a href='https://letterboxd.com/paula_arantzazu/list/tftlatam/detail'>paula_arantzazu</a>
The Given Word,1962,5 puntos con 1 menciones. Elegida por:<p>5 puntos: <a href='https://letterboxd.com/manuelsanbai/list/tft-latam/detail'>manuelsanbai</a>
The Motorcycle Diaries,2004,5 puntos con 1 menciones. Elegida por:<p>5 puntos: <a href='https://letterboxd.com/colmener/list/tftlatam/detail'>colmener</a>
The Place Without Limits,1978,5 puntos con 1 menciones. Elegida por:<p>5 puntos: <a href='https://letterboxd.com/simonsds/list/borrador-tftlatam/detail'>simonsds</a>
The Unloved Woman,1949,5 puntos con 1 menciones. Elegida por:<p>5 puntos: <a href='https://letterboxd.com/lobo_lopez/list/tftlatinoamerica/detail'>lobo_lopez</a>
The Wick,2003,5 puntos con 1 menciones. Elegida por:<p>5 puntos: <a href='https://letterboxd.com/aixa72/list/tftlatam/detail'>aixa72</a>
This Night I'll Possess Your Corpse,1967,5 puntos con 1 menciones. Elegida por:<p>5 puntos: <a href='https://letterboxd.com/xzetaprobe/list/tftlatam/detail'>xzetaprobe</a>
Untouched,1954,5 puntos con 1 menciones. Elegida por:<p>5 puntos: <a href='https://letterboxd.com/alonsodvt/list/topfilmtuiter-latinoamerica-tftlatam/detail'>alonsodvt</a>
A Letter of Love,1943,"4 puntos con 3 menciones. Elegida por:<p>2 puntos: <a href='https://letterboxd.com/will_llermo/list/tftlatinoamerica/detail'>will_llermo</a> <br> 1 puntos: <a href='https://letterboxd.com/paloma55/list/tft-latinoamerica/detail'>paloma55</a>, <a href='https://letterboxd.com/jjm_24/list/tftlatam/detail'>jjm_24</a>"
Alucarda,1977,4 puntos con 2 menciones. Elegida por:<p>3 puntos: <a href='https://letterboxd.com/synthemesco/list/tft-latinoamerica/detail'>synthemesco</a> <br> 1 puntos: <a href='https://letterboxd.com/filmandera/list/tftlatam/detail'>filmandera</a>
And So It Is,1966,4 puntos con 2 menciones. Elegida por:<p>3 puntos: <a href='https://letterboxd.com/bracero/list/tftlatam/detail'>bracero</a> <br> 1 puntos: <a href='https://letterboxd.com/danielquinn/list/tftlatam/detail'>danielquinn</a>
Brasil,1981,"4 puntos con 2 menciones. Elegida por:<p>2 puntos: <a href='https://letterboxd.com/ezequiel2517/list/tftlatam/detail'>ezequiel2517</a>, <a href='https://letterboxd.com/guillehormigo/list/tftlatam/detail'>guillehormigo</a>"
"Safo, historia de una pasión",1943,"4 puntos con 2 menciones. Elegida por:<p>2 puntos: <a href='https://letterboxd.com/utges/list/tftlatam/detail'>utges</a>, <a href='https://letterboxd.com/ninotchka/list/tftlatam/detail'>ninotchka</a>"
Surcos de sangre,1950,4 puntos con 2 menciones. Elegida por:<p>3 puntos: <a href='https://letterboxd.com/ninotchka/list/tftlatam/detail'>ninotchka</a> <br> 1 puntos: <a href='https://letterboxd.com/pauixitador/list/tftlatinoamerica/detail'>pauixitador</a>
The Princess of France,2014,"4 puntos con 2 menciones. Elegida por:<p>2 puntos: <a href='https://letterboxd.com/bergmantonioni/list/tftlatam/detail'>bergmantonioni</a>, <a href='https://letterboxd.com/paula_arantzazu/list/tftlatam/detail'>paula_arantzazu</a>"
¡Que vivan los crotos!,1990,4 puntos con 2 menciones. Elegida por:<p>3 puntos: <a href='https://letterboxd.com/jal90/list/tftlatam-1/detail'>jal90</a> <br> 1 puntos: <a href='https://letterboxd.com/batty/list/tft-latinoamerica/detail'>batty</a>
Antonio One Two Three,2017,4 puntos con 1 menciones. Elegida por:<p>4 puntos: <a href='https://letterboxd.com/colmener/list/tftlatam/detail'>colmener</a>
Bitter Cane,1983,4 puntos con 1 menciones. Elegida por:<p>4 puntos: <a href='https://letterboxd.com/alonsodvt/list/topfilmtuiter-latinoamerica-tftlatam/detail'>alonsodvt</a>
Bordando la frontera,1986,4 puntos con 1 menciones. Elegida por:<p>4 puntos: <a href='https://letterboxd.com/migblah/list/tft-latinoamerica/detail'>migblah</a>
Chuquiago,1977,4 puntos con 1 menciones. Elegida por:<p>4 puntos: <a href='https://letterboxd.com/figmare/list/tftlatam/detail'>figmare</a>
Communiqué From Argentina,1978,4 puntos con 1 menciones. Elegida por:<p>4 puntos: <a href='https://letterboxd.com/paula_arantzazu/list/tftlatam/detail'>paula_arantzazu</a>
Cronos,1992,4 puntos con 1 menciones. Elegida por:<p>4 puntos: <a href='https://letterboxd.com/simonsds/list/borrador-tftlatam/detail'>simonsds</a>
Endless Poetry,2016,4 puntos con 1 menciones. Elegida por:<p>4 puntos: <a href='https://letterboxd.com/fabiovg/list/tftlatam/detail'>fabiovg</a>
God Bless You,1948,4 puntos con 1 menciones. Elegida por:<p>4 puntos: <a href='https://letterboxd.com/figmare/list/tftlatam/detail'>figmare</a>
Guanabacoa: Chronicle of My Family,1966,4 puntos con 1 menciones. Elegida por:<p>4 puntos: <a href='https://letterboxd.com/heelena9/list/tft-cine-latinoamericano/detail'>heelena9</a>
I'm Still Here,2024,4 puntos con 1 menciones. Elegida por:<p>4 puntos: <a href='https://letterboxd.com/anaavellaneda/list/tft-lta/detail'>anaavellaneda</a>
Identifying Features,2020,4 puntos con 1 menciones. Elegida por:<p>4 puntos: <a href='https://letterboxd.com/marioquema/list/tftlatam/detail'>marioquema</a>
Killed the Family and Went to the Movies,1969,4 puntos con 1 menciones. Elegida por:<p>4 puntos: <a href='https://letterboxd.com/xzetaprobe/list/tftlatam/detail'>xzetaprobe</a>
Longitud de Guerra,1976,4 puntos con 1 menciones. Elegida por:<p>4 puntos: <a href='https://letterboxd.com/explodingboy/list/tftlatam/detail'>explodingboy</a>
Mata Atlântica,2016,4 puntos con 1 menciones. Elegida por:<p>4 puntos: <a href='https://letterboxd.com/jarsito/list/tft-latinoamerica/detail'>jarsito</a>
Miss Mary,1986,4 puntos con 1 menciones. Elegida por:<p>4 puntos: <a href='https://letterboxd.com/mat25/list/topfilmtwitter-latinoamerica-tftlatam/detail'>mat25</a>
Neighboring Sounds,2012,4 puntos con 1 menciones. Elegida por:<p>4 puntos: <a href='https://letterboxd.com/marialebernedo/list/tftlatam-top-filmtuiter-latinoamerica/detail'>marialebernedo</a>
Orpheus and Eurydice,1976,4 puntos con 1 menciones. Elegida por:<p>4 puntos: <a href='https://letterboxd.com/pauixitador/list/tftlatinoamerica/detail'>pauixitador</a>
Pixote,1980,4 puntos con 1 menciones. Elegida por:<p>4 puntos: <a href='https://letterboxd.com/jal90/list/tftlatam-1/detail'>jal90</a>
Puchuncaví,2014,4 puntos con 1 menciones. Elegida por:<p>4 puntos: <a href='https://letterboxd.com/paula_arantzazu/list/tftlatam/detail'>paula_arantzazu</a>
Spectrum Restoration,2022,4 puntos con 1 menciones. Elegida por:<p>4 puntos: <a href='https://letterboxd.com/paula_arantzazu/list/tftlatam/detail'>paula_arantzazu</a>
Stories of the Revolution,1960,4 puntos con 1 menciones. Elegida por:<p>4 puntos: <a href='https://letterboxd.com/heelena9/list/tft-cine-latinoamericano/detail'>heelena9</a>
Story of a Great Love,1942,4 puntos con 1 menciones. Elegida por:<p>4 puntos: <a href='https://letterboxd.com/migblah/list/tft-latinoamerica/detail'>migblah</a>
Teat Monteok: The Tale of the God of Lightning,1985,4 puntos con 1 menciones. Elegida por:<p>4 puntos: <a href='https://letterboxd.com/alonsodvt/list/topfilmtuiter-latinoamerica-tftlatam/detail'>alonsodvt</a>
The Enemy Blood,1971,4 puntos con 1 menciones. Elegida por:<p>4 puntos: <a href='https://letterboxd.com/dr_akkar/list/tftlatam/detail'>dr_akkar</a>
The Hand in the Trap,1961,4 puntos con 1 menciones. Elegida por:<p>4 puntos: <a href='https://letterboxd.com/danielquinn/list/tftlatam/detail'>danielquinn</a>
The Heiresses,2018,4 puntos con 1 menciones. Elegida por:<p>4 puntos: <a href='https://letterboxd.com/mat25/list/topfilmtwitter-latinoamerica-tftlatam/detail'>mat25</a>
The Man from Maisinicu,1973,4 puntos con 1 menciones. Elegida por:<p>4 puntos: <a href='https://letterboxd.com/marioiglesias/list/tftlatam/detail'>marioiglesias</a>
The Mouth of the Wolf,1988,4 puntos con 1 menciones. Elegida por:<p>4 puntos: <a href='https://letterboxd.com/alonsodvt/list/topfilmtuiter-latinoamerica-tftlatam/detail'>alonsodvt</a>
The Reasons of the Heart,2011,4 puntos con 1 menciones. Elegida por:<p>4 puntos: <a href='https://letterboxd.com/bergmantonioni/list/tftlatam/detail'>bergmantonioni</a>
The Rose Seller,1998,4 puntos con 1 menciones. Elegida por:<p>4 puntos: <a href='https://letterboxd.com/filmandera/list/tftlatam/detail'>filmandera</a>
Thresholds,1980,4 puntos con 1 menciones. Elegida por:<p>4 puntos: <a href='https://letterboxd.com/alonsodvt/list/topfilmtuiter-latinoamerica-tftlatam/detail'>alonsodvt</a>
Tlayucan,1962,4 puntos con 1 menciones. Elegida por:<p>4 puntos: <a href='https://letterboxd.com/mat25/list/topfilmtwitter-latinoamerica-tftlatam/detail'>mat25</a>
To Each His Own Life,1960,4 puntos con 1 menciones. Elegida por:<p>4 puntos: <a href='https://letterboxd.com/dr_akkar/list/tftlatam/detail'>dr_akkar</a>
Valentin de las Sierras,1968,4 puntos con 1 menciones. Elegida por:<p>4 puntos: <a href='https://letterboxd.com/alonsodvt/list/topfilmtuiter-latinoamerica-tftlatam/detail'>alonsodvt</a>
Yanco,1961,4 puntos con 1 menciones. Elegida por:<p>4 puntos: <a href='https://letterboxd.com/dr_akkar/list/tftlatam/detail'>dr_akkar</a>
brazil is thee haiti is (t)here,2020,4 puntos con 1 menciones. Elegida por:<p>4 puntos: <a href='https://letterboxd.com/xzetaprobe/list/tftlatam/detail'>xzetaprobe</a>
"São Paulo, Incorporated",1965,"3 puntos con 3 menciones. Elegida por:<p>1 puntos: <a href='https://letterboxd.com/borinot/list/tftlatam/detail'>borinot</a>, <a href='https://letterboxd.com/fabiovg/list/tftlatam/detail'>fabiovg</a>, <a href='https://letterboxd.com/rachelmygod/list/tftlatam/detail'>rachelmygod</a>"
Central Station,1998,3 puntos con 2 menciones. Elegida por:<p>2 puntos: <a href='https://letterboxd.com/simonsds/list/borrador-tftlatam/detail'>simonsds</a> <br> 1 puntos: <a href='https://letterboxd.com/colmener/list/tftlatam/detail'>colmener</a>
Hardly a Criminal,1949,3 puntos con 2 menciones. Elegida por:<p>2 puntos: <a href='https://letterboxd.com/manuelsanbai/list/tft-latam/detail'>manuelsanbai</a> <br> 1 puntos: <a href='https://letterboxd.com/explodingboy/list/tftlatam/detail'>explodingboy</a>
Odd Number,1962,3 puntos con 2 menciones. Elegida por:<p>2 puntos: <a href='https://letterboxd.com/danielquinn/list/tftlatam/detail'>danielquinn</a> <br> 1 puntos: <a href='https://letterboxd.com/rachelmygod/list/tftlatam/detail'>rachelmygod</a>
Runan Caycu,1973,3 puntos con 2 menciones. Elegida por:<p>2 puntos: <a href='https://letterboxd.com/marialebernedo/list/tftlatam-top-filmtuiter-latinoamerica/detail'>marialebernedo</a> <br> 1 puntos: <a href='https://letterboxd.com/bracero/list/tftlatam/detail'>bracero</a>
The Circular Scene,1982,3 puntos con 2 menciones. Elegida por:<p>2 puntos: <a href='https://letterboxd.com/migblah/list/tft-latinoamerica/detail'>migblah</a> <br> 1 puntos: <a href='https://letterboxd.com/ezequiel2517/list/tftlatam/detail'>ezequiel2517</a>
The Great Movement,2021,3 puntos con 2 menciones. Elegida por:<p>2 puntos: <a href='https://letterboxd.com/marioquema/list/tftlatam/detail'>marioquema</a> <br> 1 puntos: <a href='https://letterboxd.com/vareludo/list/tftlatam/detail'>vareludo</a>
Through the Ruins,1982,3 puntos con 2 menciones. Elegida por:<p>2 puntos: <a href='https://letterboxd.com/batty/list/tft-latinoamerica/detail'>batty</a> <br> 1 puntos: <a href='https://letterboxd.com/luisru/list/tft-latam/detail'>luisru</a>
79 Springs,1969,3 puntos con 1 menciones. Elegida por:<p>3 puntos: <a href='https://letterboxd.com/ezequiel2517/list/tftlatam/detail'>ezequiel2517</a>
Autopsy of a Ghost,1968,3 puntos con 1 menciones. Elegida por:<p>3 puntos: <a href='https://letterboxd.com/dr_akkar/list/tftlatam/detail'>dr_akkar</a>
Bang Bang,1971,3 puntos con 1 menciones. Elegida por:<p>3 puntos: <a href='https://letterboxd.com/diogoserafim/list/tft-latam/detail'>diogoserafim</a>
Chewing Gum,1968,3 puntos con 1 menciones. Elegida por:<p>3 puntos: <a href='https://letterboxd.com/dr_akkar/list/tftlatam/detail'>dr_akkar</a>
Colombia 70,1970,3 puntos con 1 menciones. Elegida por:<p>3 puntos: <a href='https://letterboxd.com/migblah/list/tft-latinoamerica/detail'>migblah</a>
Color,1955,3 puntos con 1 menciones. Elegida por:<p>3 puntos: <a href='https://letterboxd.com/alonsodvt/list/topfilmtuiter-latinoamerica-tftlatam/detail'>alonsodvt</a>
Dar la cara,1962,3 puntos con 1 menciones. Elegida por:<p>3 puntos: <a href='https://letterboxd.com/marioiglesias/list/tftlatam/detail'>marioiglesias</a>
Dry Ground Burning,2022,3 puntos con 1 menciones. Elegida por:<p>3 puntos: <a href='https://letterboxd.com/xzetaprobe/list/tftlatam/detail'>xzetaprobe</a>
El Aleph,2005,3 puntos con 1 menciones. Elegida por:<p>3 puntos: <a href='https://letterboxd.com/alonsodvt/list/topfilmtuiter-latinoamerica-tftlatam/detail'>alonsodvt</a>
El compadre Mendoza,1934,3 puntos con 1 menciones. Elegida por:<p>3 puntos: <a href='https://letterboxd.com/marcos_m_rom/list/tft-latinoamerica/detail'>marcos_m_rom</a>
Homework,1991,3 puntos con 1 menciones. Elegida por:<p>3 puntos: <a href='https://letterboxd.com/ezequiel2517/list/tftlatam/detail'>ezequiel2517</a>
"I, the Worst of All",1990,3 puntos con 1 menciones. Elegida por:<p>3 puntos: <a href='https://letterboxd.com/mat25/list/topfilmtwitter-latinoamerica-tftlatam/detail'>mat25</a>
Julio Begins in July,1979,3 puntos con 1 menciones. Elegida por:<p>3 puntos: <a href='https://letterboxd.com/jasikedevicius/list/tftlatam/detail'>jasikedevicius</a>
La Choca,1974,3 puntos con 1 menciones. Elegida por:<p>3 puntos: <a href='https://letterboxd.com/dr_akkar/list/tftlatam/detail'>dr_akkar</a>
Let's Go with Pancho Villa!,1936,3 puntos con 1 menciones. Elegida por:<p>3 puntos: <a href='https://letterboxd.com/diogoserafim/list/tft-latam/detail'>diogoserafim</a>
Life Sentence,1979,3 puntos con 1 menciones. Elegida por:<p>3 puntos: <a href='https://letterboxd.com/alonsodvt/list/topfilmtuiter-latinoamerica-tftlatam/detail'>alonsodvt</a>
Man Facing Southeast,1986,3 puntos con 1 menciones. Elegida por:<p>3 puntos: <a href='https://letterboxd.com/colmener/list/tftlatam/detail'>colmener</a>
Maria Candelaria,1944,3 puntos con 1 menciones. Elegida por:<p>3 puntos: <a href='https://letterboxd.com/simonsds/list/borrador-tftlatam/detail'>simonsds</a>
Nazareno Cruz and the Wolf,1975,3 puntos con 1 menciones. Elegida por:<p>3 puntos: <a href='https://letterboxd.com/jasikedevicius/list/tftlatam/detail'>jasikedevicius</a>
Night Falls,1952,3 puntos con 1 menciones. Elegida por:<p>3 puntos: <a href='https://letterboxd.com/dr_akkar/list/tftlatam/detail'>dr_akkar</a>
No es por gusto,1981,3 puntos con 1 menciones. Elegida por:<p>3 puntos: <a href='https://letterboxd.com/paula_arantzazu/list/tftlatam/detail'>paula_arantzazu</a>
Nobody's Wife,1982,3 puntos con 1 menciones. Elegida por:<p>3 puntos: <a href='https://letterboxd.com/danielquinn/list/tftlatam/detail'>danielquinn</a>
O Canto da Saudade,1952,3 puntos con 1 menciones. Elegida por:<p>3 puntos: <a href='https://letterboxd.com/explodingboy/list/tftlatam/detail'>explodingboy</a>
On the Empty Balcony,1961,3 puntos con 1 menciones. Elegida por:<p>3 puntos: <a href='https://letterboxd.com/mann_ohne_namen/list/tftlatam/detail'>mann_ohne_namen</a>
"Our Voice of Earth, Memory and Future",1982,3 puntos con 1 menciones. Elegida por:<p>3 puntos: <a href='https://letterboxd.com/pauixitador/list/tftlatinoamerica/detail'>pauixitador</a>
P3nd3jo5,2013,3 puntos con 1 menciones. Elegida por:<p>3 puntos: <a href='https://letterboxd.com/xzetaprobe/list/tftlatam/detail'>xzetaprobe</a>
Paula contra la mitad más uno,1971,3 puntos con 1 menciones. Elegida por:<p>3 puntos: <a href='https://letterboxd.com/guillehormigo/list/tftlatam/detail'>guillehormigo</a>
Rodrigo D. No Future,1990,3 puntos con 1 menciones. Elegida por:<p>3 puntos: <a href='https://letterboxd.com/explodingboy/list/tftlatam/detail'>explodingboy</a>
"Seen, Not Seen",2013,3 puntos con 1 menciones. Elegida por:<p>3 puntos: <a href='https://letterboxd.com/ezequiel2517/list/tftlatam/detail'>ezequiel2517</a>
Son of the Bride,2001,3 puntos con 1 menciones. Elegida por:<p>3 puntos: <a href='https://letterboxd.com/anaavellaneda/list/tft-lta/detail'>anaavellaneda</a>
"São Paulo, a Metropolitan Symphony",1929,3 puntos con 1 menciones. Elegida por:<p>3 puntos: <a href='https://letterboxd.com/albertomilano/list/tft-latinoamerica/detail'>albertomilano</a>
The Aura,2005,3 puntos con 1 menciones. Elegida por:<p>3 puntos: <a href='https://letterboxd.com/colmener/list/tftlatam/detail'>colmener</a>
The Barracks,1945,3 puntos con 1 menciones. Elegida por:<p>3 puntos: <a href='https://letterboxd.com/jjm_24/list/tftlatam/detail'>jjm_24</a>
The Battle of Chile: Part III,1979,3 puntos con 1 menciones. Elegida por:<p>3 puntos: <a href='https://letterboxd.com/heelena9/list/tft-cine-latinoamericano/detail'>heelena9</a>
The Blonds,2003,3 puntos con 1 menciones. Elegida por:<p>3 puntos: <a href='https://letterboxd.com/jasikedevicius/list/tftlatam/detail'>jasikedevicius</a>
The Brute,1953,3 puntos con 1 menciones. Elegida por:<p>3 puntos: <a href='https://letterboxd.com/simonsds/list/borrador-tftlatam/detail'>simonsds</a>
The Currents,2025,3 puntos con 1 menciones. Elegida por:<p>3 puntos: <a href='https://letterboxd.com/mann_ohne_namen/list/tftlatam/detail'>mann_ohne_namen</a>
The First Charge of the Machete,1969,3 puntos con 1 menciones. Elegida por:<p>3 puntos: <a href='https://letterboxd.com/heelena9/list/tft-cine-latinoamericano/detail'>heelena9</a>
The Headless Woman,2008,3 puntos con 1 menciones. Elegida por:<p>3 puntos: <a href='https://letterboxd.com/marcos_m_rom/list/tft-latinoamerica/detail'>marcos_m_rom</a>
The Mansion of Madness,1973,3 puntos con 1 menciones. Elegida por:<p>3 puntos: <a href='https://letterboxd.com/xzetaprobe/list/tftlatam/detail'>xzetaprobe</a>
The Moon in the Mirror,1990,3 puntos con 1 menciones. Elegida por:<p>3 puntos: <a href='https://letterboxd.com/jasikedevicius/list/tftlatam/detail'>jasikedevicius</a>
The Strong Ones,2019,3 puntos con 1 menciones. Elegida por:<p>3 puntos: <a href='https://letterboxd.com/mat25/list/topfilmtwitter-latinoamerica-tftlatam/detail'>mat25</a>
The Unscrupulous Ones,1962,3 puntos con 1 menciones. Elegida por:<p>3 puntos: <a href='https://letterboxd.com/alonsodvt/list/topfilmtuiter-latinoamerica-tftlatam/detail'>alonsodvt</a>
The Wave,1936,3 puntos con 1 menciones. Elegida por:<p>3 puntos: <a href='https://letterboxd.com/bracero/list/tftlatam/detail'>bracero</a>
The Way He Looks,2014,3 puntos con 1 menciones. Elegida por:<p>3 puntos: <a href='https://letterboxd.com/mat25/list/topfilmtwitter-latinoamerica-tftlatam/detail'>mat25</a>
The White Rose,1961,3 puntos con 1 menciones. Elegida por:<p>3 puntos: <a href='https://letterboxd.com/marioiglesias/list/tftlatam/detail'>marioiglesias</a>
To the Left of the Father,2001,3 puntos con 1 menciones. Elegida por:<p>3 puntos: <a href='https://letterboxd.com/ninotchka/list/tftlatam/detail'>ninotchka</a>
Twilight,1945,3 puntos con 1 menciones. Elegida por:<p>3 puntos: <a href='https://letterboxd.com/dr_akkar/list/tftlatam/detail'>dr_akkar</a>
Vadi-Samvadi,1981,3 puntos con 1 menciones. Elegida por:<p>3 puntos: <a href='https://letterboxd.com/pele_alvaro/list/tft-latam/detail'>pele_alvaro</a>
La Cucaracha,1959,"2 puntos con 2 menciones. Elegida por:<p>1 puntos: <a href='https://letterboxd.com/utges/list/tftlatam/detail'>utges</a>, <a href='https://letterboxd.com/migblah/list/tft-latinoamerica/detail'>migblah</a>"
Memoirs of a Strangler of Blondes,1971,"2 puntos con 2 menciones. Elegida por:<p>1 puntos: <a href='https://letterboxd.com/jjm_24/list/tftlatam/detail'>jjm_24</a>, <a href='https://letterboxd.com/albertomilano/list/tft-latinoamerica/detail'>albertomilano</a>"
The Sun Quartet,2017,"2 puntos con 2 menciones. Elegida por:<p>1 puntos: <a href='https://letterboxd.com/xzetaprobe/list/tftlatam/detail'>xzetaprobe</a>, <a href='https://letterboxd.com/genzai_2/list/top-25-tft-latam/detail'>genzai_2</a>"
The Untamed,2016,"2 puntos con 2 menciones. Elegida por:<p>1 puntos: <a href='https://letterboxd.com/borinot/list/tftlatam/detail'>borinot</a>, <a href='https://letterboxd.com/filmandera/list/tftlatam/detail'>filmandera</a>"
A Useful Life,2010,2 puntos con 1 menciones. Elegida por:<p>2 puntos: <a href='https://letterboxd.com/alonsodvt/list/topfilmtuiter-latinoamerica-tftlatam/detail'>alonsodvt</a>
A la sombra del sol,1974,2 puntos con 1 menciones. Elegida por:<p>2 puntos: <a href='https://letterboxd.com/jasikedevicius/list/tftlatam/detail'>jasikedevicius</a>
Antonio das Mortes,1969,2 puntos con 1 menciones. Elegida por:<p>2 puntos: <a href='https://letterboxd.com/filmandera/list/tftlatam/detail'>filmandera</a>
Argentina 1985,2022,2 puntos con 1 menciones. Elegida por:<p>2 puntos: <a href='https://letterboxd.com/colmener/list/tftlatam/detail'>colmener</a>
Assault on the Pay Train,1962,2 puntos con 1 menciones. Elegida por:<p>2 puntos: <a href='https://letterboxd.com/mann_ohne_namen/list/tftlatam/detail'>mann_ohne_namen</a>
Black Pit of Dr. M,1959,2 puntos con 1 menciones. Elegida por:<p>2 puntos: <a href='https://letterboxd.com/diogoserafim/list/tft-latam/detail'>diogoserafim</a>
"Bolívar, a Tropical Symphony",1979,2 puntos con 1 menciones. Elegida por:<p>2 puntos: <a href='https://letterboxd.com/migblah/list/tft-latinoamerica/detail'>migblah</a>
Castle of Purity,1972,2 puntos con 1 menciones. Elegida por:<p>2 puntos: <a href='https://letterboxd.com/fabiovg/list/tftlatam/detail'>fabiovg</a>
Crane World,1999,2 puntos con 1 menciones. Elegida por:<p>2 puntos: <a href='https://letterboxd.com/jasikedevicius/list/tftlatam/detail'>jasikedevicius</a>
Dark Angel,1942,2 puntos con 1 menciones. Elegida por:<p>2 puntos: <a href='https://letterboxd.com/explodingboy/list/tftlatam/detail'>explodingboy</a>
Di Cavalcanti Di Glauber,1977,2 puntos con 1 menciones. Elegida por:<p>2 puntos: <a href='https://letterboxd.com/eljpax/list/tft-latam-1/detail'>eljpax</a>
Don't You Let Me Go,2024,2 puntos con 1 menciones. Elegida por:<p>2 puntos: <a href='https://letterboxd.com/guillehormigo/list/tftlatam/detail'>guillehormigo</a>
Doña Bárbara,1943,2 puntos con 1 menciones. Elegida por:<p>2 puntos: <a href='https://letterboxd.com/dr_akkar/list/tftlatam/detail'>dr_akkar</a>
Elite Squad,2007,2 puntos con 1 menciones. Elegida por:<p>2 puntos: <a href='https://letterboxd.com/figmare/list/tftlatam/detail'>figmare</a>
Elite Squad: The Enemy Within,2010,2 puntos con 1 menciones. Elegida por:<p>2 puntos: <a href='https://letterboxd.com/marioquema/list/tftlatam/detail'>marioquema</a>
Escala en la ciudad,1935,2 puntos con 1 menciones. Elegida por:<p>2 puntos: <a href='https://letterboxd.com/alonsodvt/list/topfilmtuiter-latinoamerica-tftlatam/detail'>alonsodvt</a>
"Hanoi, Tuesday 13th",1968,2 puntos con 1 menciones. Elegida por:<p>2 puntos: <a href='https://letterboxd.com/heelena9/list/tft-cine-latinoamericano/detail'>heelena9</a>
Hidden River,1948,2 puntos con 1 menciones. Elegida por:<p>2 puntos: <a href='https://letterboxd.com/genzai_2/list/top-25-tft-latam/detail'>genzai_2</a>
History of Brazil,1974,2 puntos con 1 menciones. Elegida por:<p>2 puntos: <a href='https://letterboxd.com/paula_arantzazu/list/tftlatam/detail'>paula_arantzazu</a>
Improper Conduct,1984,2 puntos con 1 menciones. Elegida por:<p>2 puntos: <a href='https://letterboxd.com/mat25/list/topfilmtwitter-latinoamerica-tftlatam/detail'>mat25</a>
Inca de Oro,1996,2 puntos con 1 menciones. Elegida por:<p>2 puntos: <a href='https://letterboxd.com/explodingboy/list/tftlatam/detail'>explodingboy</a>
Jackal of Nahueltoro,1969,2 puntos con 1 menciones. Elegida por:<p>2 puntos: <a href='https://letterboxd.com/marcos_m_rom/list/tft-latinoamerica/detail'>marcos_m_rom</a>
Juan Moreira,1973,2 puntos con 1 menciones. Elegida por:<p>2 puntos: <a href='https://letterboxd.com/jal90/list/tftlatam-1/detail'>jal90</a>
Kukuli,1961,2 puntos con 1 menciones. Elegida por:<p>2 puntos: <a href='https://letterboxd.com/jasikedevicius/list/tftlatam/detail'>jasikedevicius</a>
Kuntur Wachana,1977,2 puntos con 1 menciones. Elegida por:<p>2 puntos: <a href='https://letterboxd.com/jal90/list/tftlatam-1/detail'>jal90</a>
La Cocina,2024,2 puntos con 1 menciones. Elegida por:<p>2 puntos: <a href='https://letterboxd.com/jarsito/list/tft-latinoamerica/detail'>jarsito</a>
La ausencia,1968,2 puntos con 1 menciones. Elegida por:<p>2 puntos: <a href='https://letterboxd.com/marcos_m_rom/list/tft-latinoamerica/detail'>marcos_m_rom</a>
Las pirañas,1967,2 puntos con 1 menciones. Elegida por:<p>2 puntos: <a href='https://letterboxd.com/luisru/list/tft-latam/detail'>luisru</a>
Lightning Dance,2018,2 puntos con 1 menciones. Elegida por:<p>2 puntos: <a href='https://letterboxd.com/xzetaprobe/list/tftlatam/detail'>xzetaprobe</a>
Maria of My Heart,1979,2 puntos con 1 menciones. Elegida por:<p>2 puntos: <a href='https://letterboxd.com/alonsodvt/list/topfilmtuiter-latinoamerica-tftlatam/detail'>alonsodvt</a>
Pachamama: Our Land,1995,2 puntos con 1 menciones. Elegida por:<p>2 puntos: <a href='https://letterboxd.com/ezequiel2517/list/tftlatam/detail'>ezequiel2517</a>
Pistol Duel,1896,2 puntos con 1 menciones. Elegida por:<p>2 puntos: <a href='https://letterboxd.com/ezequiel2517/list/tftlatam/detail'>ezequiel2517</a>
Popsicles,1984,2 puntos con 1 menciones. Elegida por:<p>2 puntos: <a href='https://letterboxd.com/xzetaprobe/list/tftlatam/detail'>xzetaprobe</a>
Retratos de Identificação,2014,2 puntos con 1 menciones. Elegida por:<p>2 puntos: <a href='https://letterboxd.com/paula_arantzazu/list/tftlatam/detail'>paula_arantzazu</a>
Revolution,1963,2 puntos con 1 menciones. Elegida por:<p>2 puntos: <a href='https://letterboxd.com/migblah/list/tft-latinoamerica/detail'>migblah</a>
Robinson Crusoe Island,1999,2 puntos con 1 menciones. Elegida por:<p>2 puntos: <a href='https://letterboxd.com/ezequiel2517/list/tftlatam/detail'>ezequiel2517</a>
Satanic Pandemonium,1975,2 puntos con 1 menciones. Elegida por:<p>2 puntos: <a href='https://letterboxd.com/synthemesco/list/tft-latinoamerica/detail'>synthemesco</a>
Sea of Roses,1977,2 puntos con 1 menciones. Elegida por:<p>2 puntos: <a href='https://letterboxd.com/marcos_m_rom/list/tft-latinoamerica/detail'>marcos_m_rom</a>
The Angel Was Born,1969,2 puntos con 1 menciones. Elegida por:<p>2 puntos: <a href='https://letterboxd.com/diogoserafim/list/tft-latam/detail'>diogoserafim</a>
The Bricklayers,1976,2 puntos con 1 menciones. Elegida por:<p>2 puntos: <a href='https://letterboxd.com/bracero/list/tftlatam/detail'>bracero</a>
The Club,2015,2 puntos con 1 menciones. Elegida por:<p>2 puntos: <a href='https://letterboxd.com/anaavellaneda/list/tft-lta/detail'>anaavellaneda</a>
The Giant of America,1980,2 puntos con 1 menciones. Elegida por:<p>2 puntos: <a href='https://letterboxd.com/jasikedevicius/list/tftlatam/detail'>jasikedevicius</a>
The Human Surge,2016,2 puntos con 1 menciones. Elegida por:<p>2 puntos: <a href='https://letterboxd.com/xzetaprobe/list/tftlatam/detail'>xzetaprobe</a>
The Naked Angel,1946,2 puntos con 1 menciones. Elegida por:<p>2 puntos: <a href='https://letterboxd.com/synthemesco/list/tft-latinoamerica/detail'>synthemesco</a>
The Prince of Nanawa,2025,2 puntos con 1 menciones. Elegida por:<p>2 puntos: <a href='https://letterboxd.com/pauixitador/list/tftlatinoamerica/detail'>pauixitador</a>
The Realm of Fortune,1986,2 puntos con 1 menciones. Elegida por:<p>2 puntos: <a href='https://letterboxd.com/simonsds/list/borrador-tftlatam/detail'>simonsds</a>
The Sidewalks of Saturn,1986,2 puntos con 1 menciones. Elegida por:<p>2 puntos: <a href='https://letterboxd.com/vareludo/list/tftlatam/detail'>vareludo</a>
The Strategy of the Snail,1993,2 puntos con 1 menciones. Elegida por:<p>2 puntos: <a href='https://letterboxd.com/anaavellaneda/list/tft-lta/detail'>anaavellaneda</a>
The Survivors,1979,2 puntos con 1 menciones. Elegida por:<p>2 puntos: <a href='https://letterboxd.com/heelena9/list/tft-cine-latinoamericano/detail'>heelena9</a>
The Trial,2023,2 puntos con 1 menciones. Elegida por:<p>2 puntos: <a href='https://letterboxd.com/albertomilano/list/tft-latinoamerica/detail'>albertomilano</a>
The Witch's Mirror,1962,2 puntos con 1 menciones. Elegida por:<p>2 puntos: <a href='https://letterboxd.com/luisru/list/tft-latam/detail'>luisru</a>
Traveller,1998,2 puntos con 1 menciones. Elegida por:<p>2 puntos: <a href='https://letterboxd.com/ninotchka/list/tftlatam/detail'>ninotchka</a>
Tótem,2023,2 puntos con 1 menciones. Elegida por:<p>2 puntos: <a href='https://letterboxd.com/filmandera/list/tftlatam/detail'>filmandera</a>
Undertow,2009,2 puntos con 1 menciones. Elegida por:<p>2 puntos: <a href='https://letterboxd.com/mat25/list/topfilmtwitter-latinoamerica-tftlatam/detail'>mat25</a>
Valparaiso My Love,1969,2 puntos con 1 menciones. Elegida por:<p>2 puntos: <a href='https://letterboxd.com/lobo_lopez/list/tftlatinoamerica/detail'>lobo_lopez</a>
Ventana,1975,2 puntos con 1 menciones. Elegida por:<p>2 puntos: <a href='https://letterboxd.com/xzetaprobe/list/tftlatam/detail'>xzetaprobe</a>
Voto + Fusil,1971,2 puntos con 1 menciones. Elegida por:<p>2 puntos: <a href='https://letterboxd.com/figmare/list/tftlatam/detail'>figmare</a>
7 Boxes,2012,1 puntos con 1 menciones. Elegida por:<p>1 puntos: <a href='https://letterboxd.com/anaavellaneda/list/tft-lta/detail'>anaavellaneda</a>
A Farewell to Memory,2020,1 puntos con 1 menciones. Elegida por:<p>1 puntos: <a href='https://letterboxd.com/marioiglesias/list/tftlatam/detail'>marioiglesias</a>
A Poet,2025,1 puntos con 1 menciones. Elegida por:<p>1 puntos: <a href='https://letterboxd.com/simonsds/list/borrador-tftlatam/detail'>simonsds</a>
A Stranger on the Stairs,1955,1 puntos con 1 menciones. Elegida por:<p>1 puntos: <a href='https://letterboxd.com/marioiglesias/list/tftlatam/detail'>marioiglesias</a>
Ana and the Others,2003,1 puntos con 1 menciones. Elegida por:<p>1 puntos: <a href='https://letterboxd.com/explodingboy/list/tftlatam/detail'>explodingboy</a>
Aniceto,2008,1 puntos con 1 menciones. Elegida por:<p>1 puntos: <a href='https://letterboxd.com/guillehormigo/list/tftlatam/detail'>guillehormigo</a>
Bonsai,2011,1 puntos con 1 menciones. Elegida por:<p>1 puntos: <a href='https://letterboxd.com/bergmantonioni/list/tftlatam/detail'>bergmantonioni</a>
Buena Vista Social Club,1999,1 puntos con 1 menciones. Elegida por:<p>1 puntos: <a href='https://letterboxd.com/filmandera/list/tftlatam/detail'>filmandera</a>
Carnaval Atlântida,1952,1 puntos con 1 menciones. Elegida por:<p>1 puntos: <a href='https://letterboxd.com/diogoserafim/list/tft-latam/detail'>diogoserafim</a>
Common Ground,2002,1 puntos con 1 menciones. Elegida por:<p>1 puntos: <a href='https://letterboxd.com/luisru/list/tft-latam/detail'>luisru</a>
Confessing to Laura,1990,1 puntos con 1 menciones. Elegida por:<p>1 puntos: <a href='https://letterboxd.com/lobo_lopez/list/tftlatinoamerica/detail'>lobo_lopez</a>
Crystal Eyes,2017,1 puntos con 1 menciones. Elegida por:<p>1 puntos: <a href='https://letterboxd.com/luisru/list/tft-latam/detail'>luisru</a>
Death in Buenos Aires,2014,1 puntos con 1 menciones. Elegida por:<p>1 puntos: <a href='https://letterboxd.com/luisru/list/tft-latam/detail'>luisru</a>
Dieciséis años,1943,1 puntos con 1 menciones. Elegida por:<p>1 puntos: <a href='https://letterboxd.com/synthemesco/list/tft-latinoamerica/detail'>synthemesco</a>
Elena,2012,1 puntos con 1 menciones. Elegida por:<p>1 puntos: <a href='https://letterboxd.com/synthemesco/list/tft-latinoamerica/detail'>synthemesco</a>
Enough Praying,1972,1 puntos con 1 menciones. Elegida por:<p>1 puntos: <a href='https://letterboxd.com/explodingboy/list/tftlatam/detail'>explodingboy</a>
From Afar,2015,1 puntos con 1 menciones. Elegida por:<p>1 puntos: <a href='https://letterboxd.com/simonsds/list/borrador-tftlatam/detail'>simonsds</a>
Fuego,1969,1 puntos con 1 menciones. Elegida por:<p>1 puntos: <a href='https://letterboxd.com/migblah/list/tft-latinoamerica/detail'>migblah</a>
I Am Not Your Negro,2016,1 puntos con 1 menciones. Elegida por:<p>1 puntos: <a href='https://letterboxd.com/simonsds/list/borrador-tftlatam/detail'>simonsds</a>
I Am a Son of America,1972,1 puntos con 1 menciones. Elegida por:<p>1 puntos: <a href='https://letterboxd.com/heelena9/list/tft-cine-latinoamericano/detail'>heelena9</a>
I'm Going to Santiago,1964,1 puntos con 1 menciones. Elegida por:<p>1 puntos: <a href='https://letterboxd.com/heelena9/list/tft-cine-latinoamericano/detail'>heelena9</a>
Iracema,1975,1 puntos con 1 menciones. Elegida por:<p>1 puntos: <a href='https://letterboxd.com/lobo_lopez/list/tftlatinoamerica/detail'>lobo_lopez</a>
Kiss of the Spider Woman,1985,1 puntos con 1 menciones. Elegida por:<p>1 puntos: <a href='https://letterboxd.com/jal90/list/tftlatam-1/detail'>jal90</a>
La fe del volcán,2001,1 puntos con 1 menciones. Elegida por:<p>1 puntos: <a href='https://letterboxd.com/pauixitador/list/tftlatinoamerica/detail'>pauixitador</a>
Life Is to Whistle,1998,1 puntos con 1 menciones. Elegida por:<p>1 puntos: <a href='https://letterboxd.com/bergmantonioni/list/tftlatam/detail'>bergmantonioni</a>
Liverpool,2008,1 puntos con 1 menciones. Elegida por:<p>1 puntos: <a href='https://letterboxd.com/mann_ohne_namen/list/tftlatam/detail'>mann_ohne_namen</a>
Manuela,1966,1 puntos con 1 menciones. Elegida por:<p>1 puntos: <a href='https://letterboxd.com/figmare/list/tftlatam/detail'>figmare</a>
Museo,2018,1 puntos con 1 menciones. Elegida por:<p>1 puntos: <a href='https://letterboxd.com/jarsito/list/tft-latinoamerica/detail'>jarsito</a>
National Mechanics,1972,1 puntos con 1 menciones. Elegida por:<p>1 puntos: <a href='https://letterboxd.com/dr_akkar/list/tftlatam/detail'>dr_akkar</a>
On the Other Island,1968,1 puntos con 1 menciones. Elegida por:<p>1 puntos: <a href='https://letterboxd.com/marioiglesias/list/tftlatam/detail'>marioiglesias</a>
Paulina,2015,1 puntos con 1 menciones. Elegida por:<p>1 puntos: <a href='https://letterboxd.com/marioiglesias/list/tftlatam/detail'>marioiglesias</a>
Pinochet and His Three Generals,2004,1 puntos con 1 menciones. Elegida por:<p>1 puntos: <a href='https://letterboxd.com/paula_arantzazu/list/tftlatam/detail'>paula_arantzazu</a>
Reina y Rey,1994,1 puntos con 1 menciones. Elegida por:<p>1 puntos: <a href='https://letterboxd.com/mat25/list/topfilmtwitter-latinoamerica-tftlatam/detail'>mat25</a>
Retablo,2017,1 puntos con 1 menciones. Elegida por:<p>1 puntos: <a href='https://letterboxd.com/mat25/list/topfilmtwitter-latinoamerica-tftlatam/detail'>mat25</a>
Return to the Nest,1938,1 puntos con 1 menciones. Elegida por:<p>1 puntos: <a href='https://letterboxd.com/will_llermo/list/tftlatinoamerica/detail'>will_llermo</a>
Seven Years in May,2019,1 puntos con 1 menciones. Elegida por:<p>1 puntos: <a href='https://letterboxd.com/xzetaprobe/list/tftlatam/detail'>xzetaprobe</a>
Surely Bach Closed the Door When He Wanted to Work,1979,1 puntos con 1 menciones. Elegida por:<p>1 puntos: <a href='https://letterboxd.com/migblah/list/tft-latinoamerica/detail'>migblah</a>
Susana,1951,1 puntos con 1 menciones. Elegida por:<p>1 puntos: <a href='https://letterboxd.com/lobo_lopez/list/tftlatinoamerica/detail'>lobo_lopez</a>
Tango,1998,1 puntos con 1 menciones. Elegida por:<p>1 puntos: <a href='https://letterboxd.com/marioquema/list/tftlatam/detail'>marioquema</a>
The Amulet of Ogum,1974,1 puntos con 1 menciones. Elegida por:<p>1 puntos: <a href='https://letterboxd.com/fabiovg/list/tftlatam/detail'>fabiovg</a>
The Apostate,2015,1 puntos con 1 menciones. Elegida por:<p>1 puntos: <a href='https://letterboxd.com/simonsds/list/borrador-tftlatam/detail'>simonsds</a>
The Courage of the People,1971,1 puntos con 1 menciones. Elegida por:<p>1 puntos: <a href='https://letterboxd.com/marialebernedo/list/tftlatam-top-filmtuiter-latinoamerica/detail'>marialebernedo</a>
The Daughters of Fire,2018,1 puntos con 1 menciones. Elegida por:<p>1 puntos: <a href='https://letterboxd.com/xzetaprobe/list/tftlatam/detail'>xzetaprobe</a>
The Golden Cockerel,1964,1 puntos con 1 menciones. Elegida por:<p>1 puntos: <a href='https://letterboxd.com/dr_akkar/list/tftlatam/detail'>dr_akkar</a>
The Heights of Cumanday,1965,1 puntos con 1 menciones. Elegida por:<p>1 puntos: <a href='https://letterboxd.com/explodingboy/list/tftlatam/detail'>explodingboy</a>
The House at the End of Time,2013,1 puntos con 1 menciones. Elegida por:<p>1 puntos: <a href='https://letterboxd.com/luisru/list/tft-latam/detail'>luisru</a>
The Long Night of Francisco Sanctis,2016,1 puntos con 1 menciones. Elegida por:<p>1 puntos: <a href='https://letterboxd.com/marioiglesias/list/tftlatam/detail'>marioiglesias</a>
The Mandarin,1995,1 puntos con 1 menciones. Elegida por:<p>1 puntos: <a href='https://letterboxd.com/paula_arantzazu/list/tftlatam/detail'>paula_arantzazu</a>
The Milk of Sorrow,2009,1 puntos con 1 menciones. Elegida por:<p>1 puntos: <a href='https://letterboxd.com/heelena9/list/tft-cine-latinoamericano/detail'>heelena9</a>
The Night,2016,1 puntos con 1 menciones. Elegida por:<p>1 puntos: <a href='https://letterboxd.com/xzetaprobe/list/tftlatam/detail'>xzetaprobe</a>
The Poulterer Hawk,1951,1 puntos con 1 menciones. Elegida por:<p>1 puntos: <a href='https://letterboxd.com/dr_akkar/list/tftlatam/detail'>dr_akkar</a>
The Sand Dune,1955,1 puntos con 1 menciones. Elegida por:<p>1 puntos: <a href='https://letterboxd.com/heelena9/list/tft-cine-latinoamericano/detail'>heelena9</a>
The Sugar Curtain,2005,1 puntos con 1 menciones. Elegida por:<p>1 puntos: <a href='https://letterboxd.com/ezequiel2517/list/tftlatam/detail'>ezequiel2517</a>
"The Tiger Leaps and Kills, But It Will Die... It Will Die...",1973,1 puntos con 1 menciones. Elegida por:<p>1 puntos: <a href='https://letterboxd.com/eljpax/list/tft-latam-1/detail'>eljpax</a>
The Woman Who Invented Love,1980,1 puntos con 1 menciones. Elegida por:<p>1 puntos: <a href='https://letterboxd.com/fabiovg/list/tftlatam/detail'>fabiovg</a>
Tigers Are Not Afraid,2017,1 puntos con 1 menciones. Elegida por:<p>1 puntos: <a href='https://letterboxd.com/filmandera/list/tftlatam/detail'>filmandera</a>
Toponymy,2015,1 puntos con 1 menciones. Elegida por:<p>1 puntos: <a href='https://letterboxd.com/paula_arantzazu/list/tftlatam/detail'>paula_arantzazu</a>
"Under the Flags, the Sun",2025,1 puntos con 1 menciones. Elegida por:<p>1 puntos: <a href='https://letterboxd.com/marioquema/list/tftlatam/detail'>marioquema</a>
Vampires in Havana,1985,1 puntos con 1 menciones. Elegida por:<p>1 puntos: <a href='https://letterboxd.com/jal90/list/tftlatam-1/detail'>jal90</a>
Woman,1931,1 puntos con 1 menciones. Elegida por:<p>1 puntos: <a href='https://letterboxd.com/mabusecaligari/list/tftlatam/detail'>mabusecaligari</a>
