,Pos,Titulo,Anio,url_peli,url,Puntos
0,1,Autumn Days,1963,/film/autumn-days-1963/,https://letterboxd.com/paloma55/list/tft-latinoamerica/detail,6
1,2,Beyond Oblivion,1956,/film/beyond-oblivion/,https://letterboxd.com/paloma55/list/tft-latinoamerica/detail,5
2,3,Pueblerina,1949,/film/pueblerina/,https://letterboxd.com/paloma55/list/tft-latinoamerica/detail,5
3,4,La Flor,2018,/film/la-flor/,https://letterboxd.com/paloma55/list/tft-latinoamerica/detail,5
4,5,Memories of Underdevelopment,1968,/film/memories-of-underdevelopment/,https://letterboxd.com/paloma55/list/tft-latinoamerica/detail,5
5,6,Johnny Chicano,1981,/film/johnny-chicano/,https://letterboxd.com/paloma55/list/tft-latinoamerica/detail,4
6,7,Entranced Earth,1967,/film/entranced-earth/,https://letterboxd.com/paloma55/list/tft-latinoamerica/detail,4
7,8,Calle Santa Fe,2007,/film/calle-santa-fe/,https://letterboxd.com/paloma55/list/tft-latinoamerica/detail,4
8,9,Buccaneer Soul,1993,/film/buccaneer-soul/,https://letterboxd.com/paloma55/list/tft-latinoamerica/detail,4
9,10,Twenty Years Later,1984,/film/twenty-years-later/,https://letterboxd.com/paloma55/list/tft-latinoamerica/detail,4
10,11,One Hundred Children Waiting for a Train,1988,/film/one-hundred-children-waiting-for-a-train/,https://letterboxd.com/paloma55/list/tft-latinoamerica/detail,3
11,12,Juan: As If Nothing Ever Happened,1987,/film/juan-as-if-nothing-ever-happened/,https://letterboxd.com/paloma55/list/tft-latinoamerica/detail,3
12,13,Araya,1959,/film/araya/,https://letterboxd.com/paloma55/list/tft-latinoamerica/detail,3
13,14,Another Dawn,1943,/film/another-dawn-1943/,https://letterboxd.com/paloma55/list/tft-latinoamerica/detail,3
14,15,The Option,1981,/film/the-option/,https://letterboxd.com/paloma55/list/tft-latinoamerica/detail,3
15,16,"Rio, Northern Zone",1957,/film/rio-northern-zone/,https://letterboxd.com/paloma55/list/tft-latinoamerica/detail,2
16,17,The Circus Cavalcade,1945,/film/the-circus-cavalcade/,https://letterboxd.com/paloma55/list/tft-latinoamerica/detail,2
17,18,One Way or Another,1975,/film/one-way-or-another-1975/,https://letterboxd.com/paloma55/list/tft-latinoamerica/detail,2
18,19,Mirage,1972,/film/mirage-1972/,https://letterboxd.com/paloma55/list/tft-latinoamerica/detail,2
19,20,Arroz con leche,1950,/film/arroz-con-leche/,https://letterboxd.com/paloma55/list/tft-latinoamerica/detail,2
20,21,A Letter of Love,1943,/film/a-letter-of-love/,https://letterboxd.com/paloma55/list/tft-latinoamerica/detail,1
21,22,The Passion of Berenice,1976,/film/the-passion-of-berenice/,https://letterboxd.com/paloma55/list/tft-latinoamerica/detail,1
22,23,The Romance of Aniceto and Francisca,1967,/film/the-romance-of-aniceto-and-francisca/,https://letterboxd.com/paloma55/list/tft-latinoamerica/detail,1
23,24,The Vampires of Poverty,1977,/film/the-vampires-of-poverty/,https://letterboxd.com/paloma55/list/tft-latinoamerica/detail,1
24,25,Él,1953,/film/el/,https://letterboxd.com/paloma55/list/tft-latinoamerica/detail,1
25,1,The Battle of Chile: Part I,1975,/film/the-battle-of-chile-part-i/,https://letterboxd.com/marioiglesias/list/tftlatam/detail,6
26,2,Juan: As If Nothing Ever Happened,1987,/film/juan-as-if-nothing-ever-happened/,https://letterboxd.com/marioiglesias/list/tftlatam/detail,5
27,3,The Young and the Damned,1950,/film/the-young-and-the-damned/,https://letterboxd.com/marioiglesias/list/tftlatam/detail,5
28,4,The Hour of the Furnaces,1968,/film/the-hour-of-the-furnaces/,https://letterboxd.com/marioiglesias/list/tftlatam/detail,5
29,5,Amores Perros,2000,/film/amores-perros/,https://letterboxd.com/marioiglesias/list/tftlatam/detail,5
30,6,The House of the Angel,1957,/film/the-house-of-the-angel/,https://letterboxd.com/marioiglesias/list/tftlatam/detail,4
31,7,Silent Light,2007,/film/silent-light/,https://letterboxd.com/marioiglesias/list/tftlatam/detail,4
32,8,Limite,1931,/film/limite/,https://letterboxd.com/marioiglesias/list/tftlatam/detail,4
33,9,The Green Wall,1970,/film/the-green-wall/,https://letterboxd.com/marioiglesias/list/tftlatam/detail,4
34,10,The Man from Maisinicu,1973,/film/the-man-from-maisinicu/,https://letterboxd.com/marioiglesias/list/tftlatam/detail,4
35,11,The White Rose,1961,/film/the-white-rose-1961/,https://letterboxd.com/marioiglesias/list/tftlatam/detail,3
36,12,Dar la cara,1962,/film/dar-la-cara/,https://letterboxd.com/marioiglesias/list/tftlatam/detail,3
37,13,Calle Santa Fe,2007,/film/calle-santa-fe/,https://letterboxd.com/marioiglesias/list/tftlatam/detail,3
38,14,Invasion,1969,/film/invasion-1969/,https://letterboxd.com/marioiglesias/list/tftlatam/detail,3
39,15,In the Intense Now,2017,/film/in-the-intense-now/,https://letterboxd.com/marioiglesias/list/tftlatam/detail,3
40,16,Another Dawn,1943,/film/another-dawn-1943/,https://letterboxd.com/marioiglesias/list/tftlatam/detail,2
41,17,Hermia & Helena,2016,/film/hermia-helena/,https://letterboxd.com/marioiglesias/list/tftlatam/detail,2
42,18,Death of a Bureaucrat,1966,/film/death-of-a-bureaucrat/,https://letterboxd.com/marioiglesias/list/tftlatam/detail,2
43,19,Jauja,2014,/film/jauja/,https://letterboxd.com/marioiglesias/list/tftlatam/detail,2
44,20,Entranced Earth,1967,/film/entranced-earth/,https://letterboxd.com/marioiglesias/list/tftlatam/detail,2
45,21,A Stranger on the Stairs,1955,/film/a-stranger-on-the-stairs/,https://letterboxd.com/marioiglesias/list/tftlatam/detail,1
46,22,The Long Night of Francisco Sanctis,2016,/film/the-long-night-of-francisco-sanctis/,https://letterboxd.com/marioiglesias/list/tftlatam/detail,1
47,23,Paulina,2015,/film/paulina/,https://letterboxd.com/marioiglesias/list/tftlatam/detail,1
48,24,On the Other Island,1968,/film/on-the-other-island/,https://letterboxd.com/marioiglesias/list/tftlatam/detail,1
49,25,A Farewell to Memory,2020,/film/a-farewell-to-memory/,https://letterboxd.com/marioiglesias/list/tftlatam/detail,1
50,1,Extraordinary Stories,2008,/film/extraordinary-stories/,https://letterboxd.com/jasikedevicius/list/tftlatam/detail,6
51,2,La Ciénaga,2001,/film/la-cienaga/,https://letterboxd.com/jasikedevicius/list/tftlatam/detail,5
52,3,The Holy Girl,2004,/film/the-holy-girl/,https://letterboxd.com/jasikedevicius/list/tftlatam/detail,5
53,4,Little White Dove,1992,/film/little-white-dove/,https://letterboxd.com/jasikedevicius/list/tftlatam/detail,5
54,5,Invasion,1969,/film/invasion-1969/,https://letterboxd.com/jasikedevicius/list/tftlatam/detail,5
55,6,"Black God, White Devil",1964,/film/black-god-white-devil/,https://letterboxd.com/jasikedevicius/list/tftlatam/detail,4
56,7,Trenque Lauquen,2022,/film/trenque-lauquen/,https://letterboxd.com/jasikedevicius/list/tftlatam/detail,4
57,8,Chronicle of a Boy Alone,1965,/film/chronicle-of-a-boy-alone/,https://letterboxd.com/jasikedevicius/list/tftlatam/detail,4
58,9,Three Sad Tigers,1968,/film/three-sad-tigers/,https://letterboxd.com/jasikedevicius/list/tftlatam/detail,4
59,10,Mirage,1972,/film/mirage-1972/,https://letterboxd.com/jasikedevicius/list/tftlatam/detail,4
60,11,The Age of the Earth,1980,/film/the-age-of-the-earth/,https://letterboxd.com/jasikedevicius/list/tftlatam/detail,3
61,12,The Moon in the Mirror,1990,/film/the-moon-in-the-mirror/,https://letterboxd.com/jasikedevicius/list/tftlatam/detail,3
62,13,Nazareno Cruz and the Wolf,1975,/film/nazareno-cruz-and-the-wolf/,https://letterboxd.com/jasikedevicius/list/tftlatam/detail,3
63,14,Julio Begins in July,1979,/film/julio-begins-in-july/,https://letterboxd.com/jasikedevicius/list/tftlatam/detail,3
64,15,The Blonds,2003,/film/the-blonds/,https://letterboxd.com/jasikedevicius/list/tftlatam/detail,3
65,16,The Giant of America,1980,/film/the-giant-of-america/,https://letterboxd.com/jasikedevicius/list/tftlatam/detail,2
66,17,Crane World,1999,/film/crane-world/,https://letterboxd.com/jasikedevicius/list/tftlatam/detail,2
67,18,A la sombra del sol,1974,/film/a-la-sombra-del-sol/,https://letterboxd.com/jasikedevicius/list/tftlatam/detail,2
68,19,Black Wind,1965,/film/black-wind/,https://letterboxd.com/jasikedevicius/list/tftlatam/detail,2
69,20,Kukuli,1961,/film/kukuli/,https://letterboxd.com/jasikedevicius/list/tftlatam/detail,2
70,21,Macario,1960,/film/macario/,https://letterboxd.com/jasikedevicius/list/tftlatam/detail,1
71,22,Sentimental Education,2013,/film/sentimental-education-2013/,https://letterboxd.com/jasikedevicius/list/tftlatam/detail,1
72,23,Twenty Years Later,1984,/film/twenty-years-later/,https://letterboxd.com/jasikedevicius/list/tftlatam/detail,1
73,24,The Secret Nation,1989,/film/the-secret-nation/,https://letterboxd.com/jasikedevicius/list/tftlatam/detail,1
74,25,The Green Wall,1970,/film/the-green-wall/,https://letterboxd.com/jasikedevicius/list/tftlatam/detail,1
75,1,The Exterminating Angel,1962,/film/the-exterminating-angel/,https://letterboxd.com/mabusecaligari/list/tftlatam/detail,6
76,2,The Young and the Damned,1950,/film/the-young-and-the-damned/,https://letterboxd.com/mabusecaligari/list/tftlatam/detail,5
77,3,"Black God, White Devil",1964,/film/black-god-white-devil/,https://letterboxd.com/mabusecaligari/list/tftlatam/detail,5
78,4,Blood of the Condor,1969,/film/blood-of-the-condor/,https://letterboxd.com/mabusecaligari/list/tftlatam/detail,5
79,5,Él,1953,/film/el/,https://letterboxd.com/mabusecaligari/list/tftlatam/detail,5
80,6,The Skeleton of Mrs. Morales,1960,/film/the-skeleton-of-mrs-morales/,https://letterboxd.com/mabusecaligari/list/tftlatam/detail,4
81,7,La Ciénaga,2001,/film/la-cienaga/,https://letterboxd.com/mabusecaligari/list/tftlatam/detail,4
82,8,Limite,1931,/film/limite/,https://letterboxd.com/mabusecaligari/list/tftlatam/detail,4
83,9,Time to Die,1966,/film/time-to-die-1966/,https://letterboxd.com/mabusecaligari/list/tftlatam/detail,4
84,10,Death of a Bureaucrat,1966,/film/death-of-a-bureaucrat/,https://letterboxd.com/mabusecaligari/list/tftlatam/detail,4
85,11,Chronicle of a Boy Alone,1965,/film/chronicle-of-a-boy-alone/,https://letterboxd.com/mabusecaligari/list/tftlatam/detail,3
86,12,The Guns,1964,/film/the-guns/,https://letterboxd.com/mabusecaligari/list/tftlatam/detail,3
87,13,Enamorada,1946,/film/enamorada/,https://letterboxd.com/mabusecaligari/list/tftlatam/detail,3
88,14,Barren Lives,1963,/film/barren-lives/,https://letterboxd.com/mabusecaligari/list/tftlatam/detail,3
89,15,Two Monks,1934,/film/two-monks/,https://letterboxd.com/mabusecaligari/list/tftlatam/detail,3
90,16,The Beginning and the End,1993,/film/the-beginning-and-the-end/,https://letterboxd.com/mabusecaligari/list/tftlatam/detail,2
91,17,Pueblerina,1949,/film/pueblerina/,https://letterboxd.com/mabusecaligari/list/tftlatam/detail,2
92,18,Rough Gang,1933,/film/rough-gang/,https://letterboxd.com/mabusecaligari/list/tftlatam/detail,2
93,19,The Red Light Bandit,1968,/film/the-red-light-bandit/,https://letterboxd.com/mabusecaligari/list/tftlatam/detail,2
94,20,Time for Revenge,1981,/film/time-for-revenge/,https://letterboxd.com/mabusecaligari/list/tftlatam/detail,2
95,21,Woman,1931,/film/woman-1931/,https://letterboxd.com/mabusecaligari/list/tftlatam/detail,1
96,22,One Hundred Children Waiting for a Train,1988,/film/one-hundred-children-waiting-for-a-train/,https://letterboxd.com/mabusecaligari/list/tftlatam/detail,1
97,23,Black Wind,1965,/film/black-wind/,https://letterboxd.com/mabusecaligari/list/tftlatam/detail,1
98,24,The Romance of Aniceto and Francisca,1967,/film/the-romance-of-aniceto-and-francisca/,https://letterboxd.com/mabusecaligari/list/tftlatam/detail,1
99,25,The Bitter Stems,1956,/film/the-bitter-stems/,https://letterboxd.com/mabusecaligari/list/tftlatam/detail,1
100,1,Litoral,2008,/film/litoral-2008/,https://letterboxd.com/ezequiel2517/list/tftlatam/detail,6
101,2,Enamorada,1946,/film/enamorada/,https://letterboxd.com/ezequiel2517/list/tftlatam/detail,5
102,3,The Criminal Life of Archibaldo de la Cruz,1955,/film/the-criminal-life-of-archibaldo-de-la-cruz/,https://letterboxd.com/ezequiel2517/list/tftlatam/detail,5
103,4,Women's Things,1979,/film/womens-things/,https://letterboxd.com/ezequiel2517/list/tftlatam/detail,5
104,5,A Place in the World,1992,/film/a-place-in-the-world/,https://letterboxd.com/ezequiel2517/list/tftlatam/detail,5
105,6,Stolen Heaven,1951,/film/stolen-heaven-1951/,https://letterboxd.com/ezequiel2517/list/tftlatam/detail,4
106,7,Beyond Oblivion,1956,/film/beyond-oblivion/,https://letterboxd.com/ezequiel2517/list/tftlatam/detail,4
107,8,The Romance of Aniceto and Francisca,1967,/film/the-romance-of-aniceto-and-francisca/,https://letterboxd.com/ezequiel2517/list/tftlatam/detail,4
108,9,The Margin,1967,/film/the-margin/,https://letterboxd.com/ezequiel2517/list/tftlatam/detail,4
109,10,The Age of the Earth,1980,/film/the-age-of-the-earth/,https://letterboxd.com/ezequiel2517/list/tftlatam/detail,4
110,11,Intimidad de los parques,1965,/film/intimidad-de-los-parques/,https://letterboxd.com/ezequiel2517/list/tftlatam/detail,3
111,12,79 Springs,1969,/film/79-springs/,https://letterboxd.com/ezequiel2517/list/tftlatam/detail,3
112,13,Homework,1991,/film/homework-1991/,https://letterboxd.com/ezequiel2517/list/tftlatam/detail,3
113,14,Metal and Melancholy,1994,/film/metal-and-melancholy/,https://letterboxd.com/ezequiel2517/list/tftlatam/detail,3
114,15,"Seen, Not Seen",2013,/film/seen-not-seen/,https://letterboxd.com/ezequiel2517/list/tftlatam/detail,3
115,16,Pistol Duel,1896,/film/pistol-duel/,https://letterboxd.com/ezequiel2517/list/tftlatam/detail,2
116,17,Brasil,1981,/film/brasil/,https://letterboxd.com/ezequiel2517/list/tftlatam/detail,2
117,18,One Hundred Children Waiting for a Train,1988,/film/one-hundred-children-waiting-for-a-train/,https://letterboxd.com/ezequiel2517/list/tftlatam/detail,2
118,19,Pachamama: Our Land,1995,/film/pachamama-our-land/,https://letterboxd.com/ezequiel2517/list/tftlatam/detail,2
119,20,Robinson Crusoe Island,1999,/film/robinson-crusoe-island/,https://letterboxd.com/ezequiel2517/list/tftlatam/detail,2
120,21,Never Open That Door,1952,/film/never-open-that-door/,https://letterboxd.com/ezequiel2517/list/tftlatam/detail,1
121,22,Shark Hunters,1963,/film/shark-hunters/,https://letterboxd.com/ezequiel2517/list/tftlatam/detail,1
122,23,The Circular Scene,1982,/film/the-circular-scene/,https://letterboxd.com/ezequiel2517/list/tftlatam/detail,1
123,24,Come Out,1971,/film/come-out/,https://letterboxd.com/ezequiel2517/list/tftlatam/detail,1
124,25,The Sugar Curtain,2005,/film/the-sugar-curtain/,https://letterboxd.com/ezequiel2517/list/tftlatam/detail,1
125,1,Él,1953,/film/el/,https://letterboxd.com/gorkalonso1/list/mi-top-25-tftlatam/detail,6
126,2,Entranced Earth,1967,/film/entranced-earth/,https://letterboxd.com/gorkalonso1/list/mi-top-25-tftlatam/detail,5
127,3,"My Son, the Hero",1961,/film/my-son-the-hero-1961/,https://letterboxd.com/gorkalonso1/list/mi-top-25-tftlatam/detail,5
128,4,Fake Blonde,2007,/film/fake-blonde/,https://letterboxd.com/gorkalonso1/list/mi-top-25-tftlatam/detail,5
129,5,Victims of Sin,1951,/film/victims-of-sin/,https://letterboxd.com/gorkalonso1/list/mi-top-25-tftlatam/detail,5
130,6,Extraordinary Stories,2008,/film/extraordinary-stories/,https://letterboxd.com/gorkalonso1/list/mi-top-25-tftlatam/detail,4
131,7,Chronicle of a Boy Alone,1965,/film/chronicle-of-a-boy-alone/,https://letterboxd.com/gorkalonso1/list/mi-top-25-tftlatam/detail,4
132,8,Trenque Lauquen,2022,/film/trenque-lauquen/,https://letterboxd.com/gorkalonso1/list/mi-top-25-tftlatam/detail,4
133,9,Death of a Bureaucrat,1966,/film/death-of-a-bureaucrat/,https://letterboxd.com/gorkalonso1/list/mi-top-25-tftlatam/detail,4
134,10,Rosaura at 10 O'Clock,1958,/film/rosaura-at-10-oclock/,https://letterboxd.com/gorkalonso1/list/mi-top-25-tftlatam/detail,4
135,11,Twenty Years Later,1984,/film/twenty-years-later/,https://letterboxd.com/gorkalonso1/list/mi-top-25-tftlatam/detail,3
136,12,Juan: As If Nothing Ever Happened,1987,/film/juan-as-if-nothing-ever-happened/,https://letterboxd.com/gorkalonso1/list/mi-top-25-tftlatam/detail,3
137,13,If I Should Die Before I Wake,1952,/film/if-i-should-die-before-i-wake-1952/,https://letterboxd.com/gorkalonso1/list/mi-top-25-tftlatam/detail,3
138,14,Autumn Days,1963,/film/autumn-days-1963/,https://letterboxd.com/gorkalonso1/list/mi-top-25-tftlatam/detail,3
139,15,Pure Blood,1982,/film/pure-blood-1982/,https://letterboxd.com/gorkalonso1/list/mi-top-25-tftlatam/detail,3
140,16,One Way or Another,1975,/film/one-way-or-another-1975/,https://letterboxd.com/gorkalonso1/list/mi-top-25-tftlatam/detail,2
141,17,Time to Die,1966,/film/time-to-die-1966/,https://letterboxd.com/gorkalonso1/list/mi-top-25-tftlatam/detail,2
142,18,The Terrace,1963,/film/the-terrace-1963/,https://letterboxd.com/gorkalonso1/list/mi-top-25-tftlatam/detail,2
143,19,Another Dawn,1943,/film/another-dawn-1943/,https://letterboxd.com/gorkalonso1/list/mi-top-25-tftlatam/detail,2
144,20,Isabelita,1940,/film/isabelita/,https://letterboxd.com/gorkalonso1/list/mi-top-25-tftlatam/detail,2
145,21,Beyond Oblivion,1956,/film/beyond-oblivion/,https://letterboxd.com/gorkalonso1/list/mi-top-25-tftlatam/detail,1
146,22,The Passion of Berenice,1976,/film/the-passion-of-berenice/,https://letterboxd.com/gorkalonso1/list/mi-top-25-tftlatam/detail,1
147,23,The Bitter Stems,1956,/film/the-bitter-stems/,https://letterboxd.com/gorkalonso1/list/mi-top-25-tftlatam/detail,1
148,24,One Hundred Children Waiting for a Train,1988,/film/one-hundred-children-waiting-for-a-train/,https://letterboxd.com/gorkalonso1/list/mi-top-25-tftlatam/detail,1
149,25,Araya,1959,/film/araya/,https://letterboxd.com/gorkalonso1/list/mi-top-25-tftlatam/detail,1
150,1,Él,1953,/film/el/,https://letterboxd.com/mann_ohne_namen/list/tftlatam/detail,6
151,2,Extraordinary Stories,2008,/film/extraordinary-stories/,https://letterboxd.com/mann_ohne_namen/list/tftlatam/detail,5
152,3,The South,1988,/film/the-south/,https://letterboxd.com/mann_ohne_namen/list/tftlatam/detail,5
153,4,Entranced Earth,1967,/film/entranced-earth/,https://letterboxd.com/mann_ohne_namen/list/tftlatam/detail,5
154,5,Trenque Lauquen,2022,/film/trenque-lauquen/,https://letterboxd.com/mann_ohne_namen/list/tftlatam/detail,5
155,6,Beyond Oblivion,1956,/film/beyond-oblivion/,https://letterboxd.com/mann_ohne_namen/list/tftlatam/detail,4
156,7,Enamorada,1946,/film/enamorada/,https://letterboxd.com/mann_ohne_namen/list/tftlatam/detail,4
157,8,One Hundred Children Waiting for a Train,1988,/film/one-hundred-children-waiting-for-a-train/,https://letterboxd.com/mann_ohne_namen/list/tftlatam/detail,4
158,9,Invasion,1969,/film/invasion-1969/,https://letterboxd.com/mann_ohne_namen/list/tftlatam/detail,4
159,10,Our Land,2025,/film/our-land-2025-1/,https://letterboxd.com/mann_ohne_namen/list/tftlatam/detail,4
160,11,Pure Blood,1982,/film/pure-blood-1982/,https://letterboxd.com/mann_ohne_namen/list/tftlatam/detail,3
161,12,Now!,1965,/film/now/,https://letterboxd.com/mann_ohne_namen/list/tftlatam/detail,3
162,13,On the Empty Balcony,1961,/film/on-the-empty-balcony/,https://letterboxd.com/mann_ohne_namen/list/tftlatam/detail,3
163,14,In the Palm of Your Hand,1951,/film/in-the-palm-of-your-hand/,https://letterboxd.com/mann_ohne_namen/list/tftlatam/detail,3
164,15,The Currents,2025,/film/the-currents/,https://letterboxd.com/mann_ohne_namen/list/tftlatam/detail,3
165,16,"My Son, the Hero",1961,/film/my-son-the-hero-1961/,https://letterboxd.com/mann_ohne_namen/list/tftlatam/detail,2
166,17,Death of a Bureaucrat,1966,/film/death-of-a-bureaucrat/,https://letterboxd.com/mann_ohne_namen/list/tftlatam/detail,2
167,18,Time to Die,1966,/film/time-to-die-1966/,https://letterboxd.com/mann_ohne_namen/list/tftlatam/detail,2
168,19,Assault on the Pay Train,1962,/film/assault-on-the-pay-train/,https://letterboxd.com/mann_ohne_namen/list/tftlatam/detail,2
169,20,One Way or Another,1975,/film/one-way-or-another-1975/,https://letterboxd.com/mann_ohne_namen/list/tftlatam/detail,2
170,21,The Guns,1964,/film/the-guns/,https://letterboxd.com/mann_ohne_namen/list/tftlatam/detail,1
171,22,Crosses Over the Wasteland,1967,/film/crosses-over-the-wasteland/,https://letterboxd.com/mann_ohne_namen/list/tftlatam/detail,1
172,23,Araya,1959,/film/araya/,https://letterboxd.com/mann_ohne_namen/list/tftlatam/detail,1
173,24,Liverpool,2008,/film/liverpool/,https://letterboxd.com/mann_ohne_namen/list/tftlatam/detail,1
174,25,The Battle of Chile: Part I,1975,/film/the-battle-of-chile-part-i/,https://letterboxd.com/mann_ohne_namen/list/tftlatam/detail,1
175,1,Jauja,2014,/film/jauja/,https://letterboxd.com/bergmantonioni/list/tftlatam/detail,6
176,2,The Exterminating Angel,1962,/film/the-exterminating-angel/,https://letterboxd.com/bergmantonioni/list/tftlatam/detail,5
177,3,Viola,2012,/film/viola/,https://letterboxd.com/bergmantonioni/list/tftlatam/detail,5
178,4,Nazarín,1959,/film/nazarin/,https://letterboxd.com/bergmantonioni/list/tftlatam/detail,5
179,5,Él,1953,/film/el/,https://letterboxd.com/bergmantonioni/list/tftlatam/detail,5
180,6,Strawberry and Chocolate,1993,/film/strawberry-and-chocolate/,https://letterboxd.com/bergmantonioni/list/tftlatam/detail,4
181,7,Simon of the Desert,1965,/film/simon-of-the-desert/,https://letterboxd.com/bergmantonioni/list/tftlatam/detail,4
182,8,Trenque Lauquen,2022,/film/trenque-lauquen/,https://letterboxd.com/bergmantonioni/list/tftlatam/detail,4
183,9,Back to Stay,2011,/film/back-to-stay/,https://letterboxd.com/bergmantonioni/list/tftlatam/detail,4
184,10,The Reasons of the Heart,2011,/film/the-reasons-of-the-heart/,https://letterboxd.com/bergmantonioni/list/tftlatam/detail,4
185,11,Rebellion in Patagonia,1974,/film/rebellion-in-patagonia/,https://letterboxd.com/bergmantonioni/list/tftlatam/detail,3
186,12,The Idea of a Lake,2016,/film/the-idea-of-a-lake/,https://letterboxd.com/bergmantonioni/list/tftlatam/detail,3
187,13,The Delinquents,2023,/film/the-delinquents-2023/,https://letterboxd.com/bergmantonioni/list/tftlatam/detail,3
188,14,Amores Perros,2000,/film/amores-perros/,https://letterboxd.com/bergmantonioni/list/tftlatam/detail,3
189,15,Hermia & Helena,2016,/film/hermia-helena/,https://letterboxd.com/bergmantonioni/list/tftlatam/detail,3
190,16,Memories of Underdevelopment,1968,/film/memories-of-underdevelopment/,https://letterboxd.com/bergmantonioni/list/tftlatam/detail,2
191,17,Boy & the World,2013,/film/boy-the-world/,https://letterboxd.com/bergmantonioni/list/tftlatam/detail,2
192,18,The Official Story,1985,/film/the-official-story/,https://letterboxd.com/bergmantonioni/list/tftlatam/detail,2
193,19,The Princess of France,2014,/film/the-princess-of-france/,https://letterboxd.com/bergmantonioni/list/tftlatam/detail,2
194,20,Extraordinary Stories,2008,/film/extraordinary-stories/,https://letterboxd.com/bergmantonioni/list/tftlatam/detail,2
195,21,The Secret in Their Eyes,2009,/film/the-secret-in-their-eyes/,https://letterboxd.com/bergmantonioni/list/tftlatam/detail,1
196,22,Life Is to Whistle,1998,/film/life-is-to-whistle/,https://letterboxd.com/bergmantonioni/list/tftlatam/detail,1
197,23,Bonsai,2011,/film/bonsai/,https://letterboxd.com/bergmantonioni/list/tftlatam/detail,1
198,24,Death of a Bureaucrat,1966,/film/death-of-a-bureaucrat/,https://letterboxd.com/bergmantonioni/list/tftlatam/detail,1
199,25,La Ciénaga,2001,/film/la-cienaga/,https://letterboxd.com/bergmantonioni/list/tftlatam/detail,1
200,1,The Shadow of the Tyrant,1960,/film/the-shadow-of-the-tyrant/,https://letterboxd.com/dr_akkar/list/tftlatam/detail,6
201,2,Autumn Days,1963,/film/autumn-days-1963/,https://letterboxd.com/dr_akkar/list/tftlatam/detail,5
202,3,Mexican Bus Ride,1952,/film/mexican-bus-ride/,https://letterboxd.com/dr_akkar/list/tftlatam/detail,5
203,4,Black Wind,1965,/film/black-wind/,https://letterboxd.com/dr_akkar/list/tftlatam/detail,5
204,5,The Abandoned,1945,/film/the-abandoned-1945/,https://letterboxd.com/dr_akkar/list/tftlatam/detail,5
205,6,The Enemy Blood,1971,/film/the-enemy-blood/,https://letterboxd.com/dr_akkar/list/tftlatam/detail,4
206,7,To Each His Own Life,1960,/film/to-each-his-own-life/,https://letterboxd.com/dr_akkar/list/tftlatam/detail,4
207,8,Duelo en las montañas,1950,/film/duelo-en-las-montanas/,https://letterboxd.com/dr_akkar/list/tftlatam/detail,4
208,9,Nazarín,1959,/film/nazarin/,https://letterboxd.com/dr_akkar/list/tftlatam/detail,4
209,10,Yanco,1961,/film/yanco/,https://letterboxd.com/dr_akkar/list/tftlatam/detail,4
210,11,Twilight,1945,/film/twilight-1945/,https://letterboxd.com/dr_akkar/list/tftlatam/detail,3
211,12,Chewing Gum,1968,/film/chewing-gum-1968/,https://letterboxd.com/dr_akkar/list/tftlatam/detail,3
212,13,Night Falls,1952,/film/night-falls/,https://letterboxd.com/dr_akkar/list/tftlatam/detail,3
213,14,Autopsy of a Ghost,1968,/film/autopsy-of-a-ghost/,https://letterboxd.com/dr_akkar/list/tftlatam/detail,3
214,15,La Choca,1974,/film/la-choca/,https://letterboxd.com/dr_akkar/list/tftlatam/detail,3
215,16,Another Dawn,1943,/film/another-dawn-1943/,https://letterboxd.com/dr_akkar/list/tftlatam/detail,2
216,17,Él,1953,/film/el/,https://letterboxd.com/dr_akkar/list/tftlatam/detail,2
217,18,In the Palm of Your Hand,1951,/film/in-the-palm-of-your-hand/,https://letterboxd.com/dr_akkar/list/tftlatam/detail,2
218,19,Soledad's Shawl,1952,/film/soledads-shawl/,https://letterboxd.com/dr_akkar/list/tftlatam/detail,2
219,20,Doña Bárbara,1943,/film/dona-barbara/,https://letterboxd.com/dr_akkar/list/tftlatam/detail,2
220,21,The Poulterer Hawk,1951,/film/the-poulterer-hawk/,https://letterboxd.com/dr_akkar/list/tftlatam/detail,1
221,22,A Family Like Many Others,1949,/film/a-family-like-many-others/,https://letterboxd.com/dr_akkar/list/tftlatam/detail,1
222,23,The Golden Cockerel,1964,/film/the-golden-cockerel/,https://letterboxd.com/dr_akkar/list/tftlatam/detail,1
223,24,National Mechanics,1972,/film/national-mechanics/,https://letterboxd.com/dr_akkar/list/tftlatam/detail,1
224,25,"My Son, the Hero",1961,/film/my-son-the-hero-1961/,https://letterboxd.com/dr_akkar/list/tftlatam/detail,1
225,1,City of God,2002,/film/city-of-god/,https://letterboxd.com/figmare/list/tftlatam/detail,6
226,2,Machuca,2004,/film/machuca/,https://letterboxd.com/figmare/list/tftlatam/detail,5
227,3,Rosaura at 10 O'Clock,1958,/film/rosaura-at-10-oclock/,https://letterboxd.com/figmare/list/tftlatam/detail,5
228,4,The Young and the Damned,1950,/film/the-young-and-the-damned/,https://letterboxd.com/figmare/list/tftlatam/detail,5
229,5,The Secret in Their Eyes,2009,/film/the-secret-in-their-eyes/,https://letterboxd.com/figmare/list/tftlatam/detail,5
230,6,The Last Supper,1976,/film/the-last-supper-1976/,https://letterboxd.com/figmare/list/tftlatam/detail,4
231,7,God Bless You,1948,/film/god-bless-you/,https://letterboxd.com/figmare/list/tftlatam/detail,4
232,8,The Exterminating Angel,1962,/film/the-exterminating-angel/,https://letterboxd.com/figmare/list/tftlatam/detail,4
233,9,Amores Perros,2000,/film/amores-perros/,https://letterboxd.com/figmare/list/tftlatam/detail,4
234,10,Chuquiago,1977,/film/chuquiago/,https://letterboxd.com/figmare/list/tftlatam/detail,4
235,11,Lucía,1968,/film/lucia/,https://letterboxd.com/figmare/list/tftlatam/detail,3
236,12,Santa Sangre,1989,/film/santa-sangre/,https://letterboxd.com/figmare/list/tftlatam/detail,3
237,13,Macario,1960,/film/macario/,https://letterboxd.com/figmare/list/tftlatam/detail,3
238,14,Entranced Earth,1967,/film/entranced-earth/,https://letterboxd.com/figmare/list/tftlatam/detail,3
239,15,El Topo,1970,/film/el-topo/,https://letterboxd.com/figmare/list/tftlatam/detail,3
240,16,Nine Queens,2000,/film/nine-queens/,https://letterboxd.com/figmare/list/tftlatam/detail,2
241,17,In the Intense Now,2017,/film/in-the-intense-now/,https://letterboxd.com/figmare/list/tftlatam/detail,2
242,18,The Skeleton of Mrs. Morales,1960,/film/the-skeleton-of-mrs-morales/,https://letterboxd.com/figmare/list/tftlatam/detail,2
243,19,Voto + Fusil,1971,/film/voto-fusil/,https://letterboxd.com/figmare/list/tftlatam/detail,2
244,20,Elite Squad,2007,/film/elite-squad/,https://letterboxd.com/figmare/list/tftlatam/detail,2
245,21,Wild Tales,2014,/film/wild-tales/,https://letterboxd.com/figmare/list/tftlatam/detail,1
246,22,Crosses Over the Wasteland,1967,/film/crosses-over-the-wasteland/,https://letterboxd.com/figmare/list/tftlatam/detail,1
247,23,Manuela,1966,/film/manuela-1966/,https://letterboxd.com/figmare/list/tftlatam/detail,1
248,24,The Official Story,1985,/film/the-official-story/,https://letterboxd.com/figmare/list/tftlatam/detail,1
249,25,Embrace of the Serpent,2015,/film/embrace-of-the-serpent/,https://letterboxd.com/figmare/list/tftlatam/detail,1
250,1,Él,1953,/film/el/,https://letterboxd.com/lobo_lopez/list/tftlatinoamerica/detail,6
251,2,Beyond Oblivion,1956,/film/beyond-oblivion/,https://letterboxd.com/lobo_lopez/list/tftlatinoamerica/detail,5
252,3,The Unloved Woman,1949,/film/the-unloved-woman/,https://letterboxd.com/lobo_lopez/list/tftlatinoamerica/detail,5
253,4,Twenty Years Later,1984,/film/twenty-years-later/,https://letterboxd.com/lobo_lopez/list/tftlatinoamerica/detail,5
254,5,Nazarín,1959,/film/nazarin/,https://letterboxd.com/lobo_lopez/list/tftlatinoamerica/detail,5
255,6,Shark Hunters,1963,/film/shark-hunters/,https://letterboxd.com/lobo_lopez/list/tftlatinoamerica/detail,4
256,7,Soledad's Shawl,1952,/film/soledads-shawl/,https://letterboxd.com/lobo_lopez/list/tftlatinoamerica/detail,4
257,8,The Young and the Damned,1950,/film/the-young-and-the-damned/,https://letterboxd.com/lobo_lopez/list/tftlatinoamerica/detail,4
258,9,Never Open That Door,1952,/film/never-open-that-door/,https://letterboxd.com/lobo_lopez/list/tftlatinoamerica/detail,4
259,10,Enamorada,1946,/film/enamorada/,https://letterboxd.com/lobo_lopez/list/tftlatinoamerica/detail,4
260,11,Limite,1931,/film/limite/,https://letterboxd.com/lobo_lopez/list/tftlatinoamerica/detail,3
261,12,¡Qué Viva México!,1979,/film/que-viva-mexico/,https://letterboxd.com/lobo_lopez/list/tftlatinoamerica/detail,3
262,13,Metal and Melancholy,1994,/film/metal-and-melancholy/,https://letterboxd.com/lobo_lopez/list/tftlatinoamerica/detail,3
263,14,Invasion,1969,/film/invasion-1969/,https://letterboxd.com/lobo_lopez/list/tftlatinoamerica/detail,3
264,15,Wuthering Heights,1954,/film/wuthering-heights-1954/,https://letterboxd.com/lobo_lopez/list/tftlatinoamerica/detail,3
265,16,Aventurera,1950,/film/aventurera/,https://letterboxd.com/lobo_lopez/list/tftlatinoamerica/detail,2
266,17,Extraordinary Stories,2008,/film/extraordinary-stories/,https://letterboxd.com/lobo_lopez/list/tftlatinoamerica/detail,2
267,18,Rough Gang,1933,/film/rough-gang/,https://letterboxd.com/lobo_lopez/list/tftlatinoamerica/detail,2
268,19,Stolen Heaven,1951,/film/stolen-heaven-1951/,https://letterboxd.com/lobo_lopez/list/tftlatinoamerica/detail,2
269,20,Valparaiso My Love,1969,/film/valparaiso-my-love/,https://letterboxd.com/lobo_lopez/list/tftlatinoamerica/detail,2
270,21,Iracema,1975,/film/iracema/,https://letterboxd.com/lobo_lopez/list/tftlatinoamerica/detail,1
271,22,Juan: As If Nothing Ever Happened,1987,/film/juan-as-if-nothing-ever-happened/,https://letterboxd.com/lobo_lopez/list/tftlatinoamerica/detail,1
272,23,Duelo en las montañas,1950,/film/duelo-en-las-montanas/,https://letterboxd.com/lobo_lopez/list/tftlatinoamerica/detail,1
273,24,Susana,1951,/film/susana-1951/,https://letterboxd.com/lobo_lopez/list/tftlatinoamerica/detail,1
274,25,Confessing to Laura,1990,/film/confessing-to-laura/,https://letterboxd.com/lobo_lopez/list/tftlatinoamerica/detail,1
275,1,The Secret in Their Eyes,2009,/film/the-secret-in-their-eyes/,https://letterboxd.com/anaavellaneda/list/tft-lta/detail,6
276,2,Martin (Hache),1997,/film/martin-hache/,https://letterboxd.com/anaavellaneda/list/tft-lta/detail,5
277,3,Nine Queens,2000,/film/nine-queens/,https://letterboxd.com/anaavellaneda/list/tft-lta/detail,5
278,4,The Young and the Damned,1950,/film/the-young-and-the-damned/,https://letterboxd.com/anaavellaneda/list/tft-lta/detail,5
279,5,The Battle of Chile: Part I,1975,/film/the-battle-of-chile-part-i/,https://letterboxd.com/anaavellaneda/list/tft-lta/detail,5
280,6,Time for Revenge,1981,/film/time-for-revenge/,https://letterboxd.com/anaavellaneda/list/tft-lta/detail,4
281,7,City of God,2002,/film/city-of-god/,https://letterboxd.com/anaavellaneda/list/tft-lta/detail,4
282,8,Wild Tales,2014,/film/wild-tales/,https://letterboxd.com/anaavellaneda/list/tft-lta/detail,4
283,9,Amores Perros,2000,/film/amores-perros/,https://letterboxd.com/anaavellaneda/list/tft-lta/detail,4
284,10,I'm Still Here,2024,/film/im-still-here-2024/,https://letterboxd.com/anaavellaneda/list/tft-lta/detail,4
285,11,The Dark Side of the Heart,1992,/film/the-dark-side-of-the-heart/,https://letterboxd.com/anaavellaneda/list/tft-lta/detail,3
286,12,The Bitter Stems,1956,/film/the-bitter-stems/,https://letterboxd.com/anaavellaneda/list/tft-lta/detail,3
287,13,A Place in the World,1992,/film/a-place-in-the-world/,https://letterboxd.com/anaavellaneda/list/tft-lta/detail,3
288,14,Son of the Bride,2001,/film/son-of-the-bride/,https://letterboxd.com/anaavellaneda/list/tft-lta/detail,3
289,15,Embrace of the Serpent,2015,/film/embrace-of-the-serpent/,https://letterboxd.com/anaavellaneda/list/tft-lta/detail,3
290,16,The Strategy of the Snail,1993,/film/the-strategy-of-the-snail/,https://letterboxd.com/anaavellaneda/list/tft-lta/detail,2
291,17,Él,1953,/film/el/,https://letterboxd.com/anaavellaneda/list/tft-lta/detail,2
292,18,The Mole Agent,2020,/film/the-mole-agent/,https://letterboxd.com/anaavellaneda/list/tft-lta/detail,2
293,19,The Club,2015,/film/the-club-2015/,https://letterboxd.com/anaavellaneda/list/tft-lta/detail,2
294,20,Strawberry and Chocolate,1993,/film/strawberry-and-chocolate/,https://letterboxd.com/anaavellaneda/list/tft-lta/detail,2
295,21,The Exterminating Angel,1962,/film/the-exterminating-angel/,https://letterboxd.com/anaavellaneda/list/tft-lta/detail,1
296,22,The Skeleton of Mrs. Morales,1960,/film/the-skeleton-of-mrs-morales/,https://letterboxd.com/anaavellaneda/list/tft-lta/detail,1
297,23,Deep Crimson,1996,/film/deep-crimson/,https://letterboxd.com/anaavellaneda/list/tft-lta/detail,1
298,24,7 Boxes,2012,/film/7-boxes/,https://letterboxd.com/anaavellaneda/list/tft-lta/detail,1
299,25,Memories of Underdevelopment,1968,/film/memories-of-underdevelopment/,https://letterboxd.com/anaavellaneda/list/tft-lta/detail,1
300,1,"No Way, Spider",1970,/film/no-way-spider/,https://letterboxd.com/diogoserafim/list/tft-latam/detail,6
301,2,Beyond Oblivion,1956,/film/beyond-oblivion/,https://letterboxd.com/diogoserafim/list/tft-latam/detail,5
302,3,The Age of the Earth,1980,/film/the-age-of-the-earth/,https://letterboxd.com/diogoserafim/list/tft-latam/detail,5
303,4,Limite,1931,/film/limite/,https://letterboxd.com/diogoserafim/list/tft-latam/detail,5
304,5,Buccaneer Soul,1993,/film/buccaneer-soul/,https://letterboxd.com/diogoserafim/list/tft-latam/detail,5
305,6,Arroz con leche,1950,/film/arroz-con-leche/,https://letterboxd.com/diogoserafim/list/tft-latam/detail,4
306,7,Mexican Bus Ride,1952,/film/mexican-bus-ride/,https://letterboxd.com/diogoserafim/list/tft-latam/detail,4
307,8,The Margin,1967,/film/the-margin/,https://letterboxd.com/diogoserafim/list/tft-latam/detail,4
308,9,¡Qué Viva México!,1979,/film/que-viva-mexico/,https://letterboxd.com/diogoserafim/list/tft-latam/detail,4
309,10,Autumn Days,1963,/film/autumn-days-1963/,https://letterboxd.com/diogoserafim/list/tft-latam/detail,4
310,11,Playing,2007,/film/playing/,https://letterboxd.com/diogoserafim/list/tft-latam/detail,3
311,12,Let's Go with Pancho Villa!,1936,/film/lets-go-with-pancho-villa/,https://letterboxd.com/diogoserafim/list/tft-latam/detail,3
312,13,Bang Bang,1971,/film/bang-bang-1971/,https://letterboxd.com/diogoserafim/list/tft-latam/detail,3
313,14,Chronicle of a Boy Alone,1965,/film/chronicle-of-a-boy-alone/,https://letterboxd.com/diogoserafim/list/tft-latam/detail,3
314,15,Silvia Prieto,1999,/film/silvia-prieto/,https://letterboxd.com/diogoserafim/list/tft-latam/detail,3
315,16,"Rio, Northern Zone",1957,/film/rio-northern-zone/,https://letterboxd.com/diogoserafim/list/tft-latam/detail,2
316,17,If I Should Die Before I Wake,1952,/film/if-i-should-die-before-i-wake-1952/,https://letterboxd.com/diogoserafim/list/tft-latam/detail,2
317,18,Black Pit of Dr. M,1959,/film/black-pit-of-dr-m/,https://letterboxd.com/diogoserafim/list/tft-latam/detail,2
318,19,The Angel Was Born,1969,/film/the-angel-was-born/,https://letterboxd.com/diogoserafim/list/tft-latam/detail,2
319,20,Extraordinary Stories,2008,/film/extraordinary-stories/,https://letterboxd.com/diogoserafim/list/tft-latam/detail,2
320,21,Rough Gang,1933,/film/rough-gang/,https://letterboxd.com/diogoserafim/list/tft-latam/detail,1
321,22,One Way or Another,1975,/film/one-way-or-another-1975/,https://letterboxd.com/diogoserafim/list/tft-latam/detail,1
322,23,Carnaval Atlântida,1952,/film/carnaval-atlantida/,https://letterboxd.com/diogoserafim/list/tft-latam/detail,1
323,24,Another Dawn,1943,/film/another-dawn-1943/,https://letterboxd.com/diogoserafim/list/tft-latam/detail,1
324,25,Invasion,1969,/film/invasion-1969/,https://letterboxd.com/diogoserafim/list/tft-latam/detail,1
325,1,The Net,1953,/film/the-net-1953-1/,https://letterboxd.com/aixa72/list/tftlatam/detail,6
326,2,The Wick,2003,/film/the-wick-2003/,https://letterboxd.com/aixa72/list/tftlatam/detail,5
327,3,Beyond Oblivion,1956,/film/beyond-oblivion/,https://letterboxd.com/aixa72/list/tftlatam/detail,5
328,4,La Flor,2018,/film/la-flor/,https://letterboxd.com/aixa72/list/tftlatam/detail,5
329,5,Women Who Work,1938,/film/women-who-work/,https://letterboxd.com/aixa72/list/tftlatam/detail,5
330,6,A Family Like Many Others,1949,/film/a-family-like-many-others/,https://letterboxd.com/aixa72/list/tftlatam/detail,4
331,7,Prisoners of the Land,1939,/film/prisoners-of-the-land/,https://letterboxd.com/aixa72/list/tftlatam/detail,4
332,8,Los Muertos,2004,/film/los-muertos-2004/,https://letterboxd.com/aixa72/list/tftlatam/detail,4
333,9,Él,1953,/film/el/,https://letterboxd.com/aixa72/list/tftlatam/detail,4
334,10,The Other,1946,/film/the-other-1946/,https://letterboxd.com/aixa72/list/tftlatam/detail,4
335,11,Araya,1959,/film/araya/,https://letterboxd.com/aixa72/list/tftlatam/detail,3
336,12,Edad difícil,1956,/film/edad-dificil/,https://letterboxd.com/aixa72/list/tftlatam/detail,3
337,13,Rosaura at 10 O'Clock,1958,/film/rosaura-at-10-oclock/,https://letterboxd.com/aixa72/list/tftlatam/detail,3
338,14,The Terrace,1963,/film/the-terrace-1963/,https://letterboxd.com/aixa72/list/tftlatam/detail,3
339,15,Autumn Days,1963,/film/autumn-days-1963/,https://letterboxd.com/aixa72/list/tftlatam/detail,3
340,16,The Dependent,1969,/film/the-dependent/,https://letterboxd.com/aixa72/list/tftlatam/detail,2
341,17,Silvia Prieto,1999,/film/silvia-prieto/,https://letterboxd.com/aixa72/list/tftlatam/detail,2
342,18,One Hundred Children Waiting for a Train,1988,/film/one-hundred-children-waiting-for-a-train/,https://letterboxd.com/aixa72/list/tftlatam/detail,2
343,19,Enamorada,1946,/film/enamorada/,https://letterboxd.com/aixa72/list/tftlatam/detail,2
344,20,Whisky,2004,/film/whisky/,https://letterboxd.com/aixa72/list/tftlatam/detail,2
345,21,Extraordinary Stories,2008,/film/extraordinary-stories/,https://letterboxd.com/aixa72/list/tftlatam/detail,1
346,22,Trenque Lauquen,2022,/film/trenque-lauquen/,https://letterboxd.com/aixa72/list/tftlatam/detail,1
347,23,Back to Stay,2011,/film/back-to-stay/,https://letterboxd.com/aixa72/list/tftlatam/detail,1
348,24,The Romance of Aniceto and Francisca,1967,/film/the-romance-of-aniceto-and-francisca/,https://letterboxd.com/aixa72/list/tftlatam/detail,1
349,25,La Ciénaga,2001,/film/la-cienaga/,https://letterboxd.com/aixa72/list/tftlatam/detail,1
350,1,Metal and Melancholy,1994,/film/metal-and-melancholy/,https://letterboxd.com/marialebernedo/list/tftlatam-top-filmtuiter-latinoamerica/detail,6
351,2,"Black God, White Devil",1964,/film/black-god-white-devil/,https://letterboxd.com/marialebernedo/list/tftlatam-top-filmtuiter-latinoamerica/detail,5
352,3,Chronicle of a Boy Alone,1965,/film/chronicle-of-a-boy-alone/,https://letterboxd.com/marialebernedo/list/tftlatam-top-filmtuiter-latinoamerica/detail,5
353,4,Memories of Underdevelopment,1968,/film/memories-of-underdevelopment/,https://letterboxd.com/marialebernedo/list/tftlatam-top-filmtuiter-latinoamerica/detail,5
354,5,Eternity,2017,/film/eternity-2017/,https://letterboxd.com/marialebernedo/list/tftlatam-top-filmtuiter-latinoamerica/detail,5
355,6,One Hundred Children Waiting for a Train,1988,/film/one-hundred-children-waiting-for-a-train/,https://letterboxd.com/marialebernedo/list/tftlatam-top-filmtuiter-latinoamerica/detail,4
356,7,Our Land,2025,/film/our-land-2025-1/,https://letterboxd.com/marialebernedo/list/tftlatam-top-filmtuiter-latinoamerica/detail,4
357,8,Twenty Years Later,1984,/film/twenty-years-later/,https://letterboxd.com/marialebernedo/list/tftlatam-top-filmtuiter-latinoamerica/detail,4
358,9,Neighboring Sounds,2012,/film/neighboring-sounds/,https://letterboxd.com/marialebernedo/list/tftlatam-top-filmtuiter-latinoamerica/detail,4
359,10,Autumn Days,1963,/film/autumn-days-1963/,https://letterboxd.com/marialebernedo/list/tftlatam-top-filmtuiter-latinoamerica/detail,4
360,11,Mirage,1972,/film/mirage-1972/,https://letterboxd.com/marialebernedo/list/tftlatam-top-filmtuiter-latinoamerica/detail,3
361,12,The Romance of Aniceto and Francisca,1967,/film/the-romance-of-aniceto-and-francisca/,https://letterboxd.com/marialebernedo/list/tftlatam-top-filmtuiter-latinoamerica/detail,3
362,13,The Hour of the Furnaces,1968,/film/the-hour-of-the-furnaces/,https://letterboxd.com/marialebernedo/list/tftlatam-top-filmtuiter-latinoamerica/detail,3
363,14,One Way or Another,1975,/film/one-way-or-another-1975/,https://letterboxd.com/marialebernedo/list/tftlatam-top-filmtuiter-latinoamerica/detail,3
364,15,Shark Hunters,1963,/film/shark-hunters/,https://letterboxd.com/marialebernedo/list/tftlatam-top-filmtuiter-latinoamerica/detail,3
365,16,Women's Things,1979,/film/womens-things/,https://letterboxd.com/marialebernedo/list/tftlatam-top-filmtuiter-latinoamerica/detail,2
366,17,Trenque Lauquen,2022,/film/trenque-lauquen/,https://letterboxd.com/marialebernedo/list/tftlatam-top-filmtuiter-latinoamerica/detail,2
367,18,Él,1953,/film/el/,https://letterboxd.com/marialebernedo/list/tftlatam-top-filmtuiter-latinoamerica/detail,2
368,19,Limite,1931,/film/limite/,https://letterboxd.com/marialebernedo/list/tftlatam-top-filmtuiter-latinoamerica/detail,2
369,20,Runan Caycu,1973,/film/runan-caycu/,https://letterboxd.com/marialebernedo/list/tftlatam-top-filmtuiter-latinoamerica/detail,2
370,21,Buccaneer Soul,1993,/film/buccaneer-soul/,https://letterboxd.com/marialebernedo/list/tftlatam-top-filmtuiter-latinoamerica/detail,1
371,22,The Vampires of Poverty,1977,/film/the-vampires-of-poverty/,https://letterboxd.com/marialebernedo/list/tftlatam-top-filmtuiter-latinoamerica/detail,1
372,23,Enamorada,1946,/film/enamorada/,https://letterboxd.com/marialebernedo/list/tftlatam-top-filmtuiter-latinoamerica/detail,1
373,24,The Holy Girl,2004,/film/the-holy-girl/,https://letterboxd.com/marialebernedo/list/tftlatam-top-filmtuiter-latinoamerica/detail,1
374,25,The Courage of the People,1971,/film/the-courage-of-the-people/,https://letterboxd.com/marialebernedo/list/tftlatam-top-filmtuiter-latinoamerica/detail,1
375,1,Él,1953,/film/el/,https://letterboxd.com/a_de_la_hoz/list/tftlatinoamerica/detail,6
376,2,The Young and the Damned,1950,/film/the-young-and-the-damned/,https://letterboxd.com/a_de_la_hoz/list/tftlatinoamerica/detail,5
377,3,The Exterminating Angel,1962,/film/the-exterminating-angel/,https://letterboxd.com/a_de_la_hoz/list/tftlatinoamerica/detail,5
378,4,Limite,1931,/film/limite/,https://letterboxd.com/a_de_la_hoz/list/tftlatinoamerica/detail,5
379,5,Enamorada,1946,/film/enamorada/,https://letterboxd.com/a_de_la_hoz/list/tftlatinoamerica/detail,5
380,6,Simon of the Desert,1965,/film/simon-of-the-desert/,https://letterboxd.com/a_de_la_hoz/list/tftlatinoamerica/detail,4
381,7,The Criminal Life of Archibaldo de la Cruz,1955,/film/the-criminal-life-of-archibaldo-de-la-cruz/,https://letterboxd.com/a_de_la_hoz/list/tftlatinoamerica/detail,4
382,8,Nazarín,1959,/film/nazarin/,https://letterboxd.com/a_de_la_hoz/list/tftlatinoamerica/detail,4
383,9,The Beginning and the End,1993,/film/the-beginning-and-the-end/,https://letterboxd.com/a_de_la_hoz/list/tftlatinoamerica/detail,4
384,10,Deep Crimson,1996,/film/deep-crimson/,https://letterboxd.com/a_de_la_hoz/list/tftlatinoamerica/detail,4
385,11,The Skeleton of Mrs. Morales,1960,/film/the-skeleton-of-mrs-morales/,https://letterboxd.com/a_de_la_hoz/list/tftlatinoamerica/detail,3
386,12,Extraordinary Stories,2008,/film/extraordinary-stories/,https://letterboxd.com/a_de_la_hoz/list/tftlatinoamerica/detail,3
387,13,The Official Story,1985,/film/the-official-story/,https://letterboxd.com/a_de_la_hoz/list/tftlatinoamerica/detail,3
388,14,Jauja,2014,/film/jauja/,https://letterboxd.com/a_de_la_hoz/list/tftlatinoamerica/detail,3
389,15,The Bitter Stems,1956,/film/the-bitter-stems/,https://letterboxd.com/a_de_la_hoz/list/tftlatinoamerica/detail,3
390,16,Aventurera,1950,/film/aventurera/,https://letterboxd.com/a_de_la_hoz/list/tftlatinoamerica/detail,2
391,17,Wuthering Heights,1954,/film/wuthering-heights-1954/,https://letterboxd.com/a_de_la_hoz/list/tftlatinoamerica/detail,2
392,18,La Ciénaga,2001,/film/la-cienaga/,https://letterboxd.com/a_de_la_hoz/list/tftlatinoamerica/detail,2
393,19,Memories of Underdevelopment,1968,/film/memories-of-underdevelopment/,https://letterboxd.com/a_de_la_hoz/list/tftlatinoamerica/detail,2
394,20,Entranced Earth,1967,/film/entranced-earth/,https://letterboxd.com/a_de_la_hoz/list/tftlatinoamerica/detail,2
395,21,The Secret in Their Eyes,2009,/film/the-secret-in-their-eyes/,https://letterboxd.com/a_de_la_hoz/list/tftlatinoamerica/detail,1
396,22,Amores Perros,2000,/film/amores-perros/,https://letterboxd.com/a_de_la_hoz/list/tftlatinoamerica/detail,1
397,23,A Place in the World,1992,/film/a-place-in-the-world/,https://letterboxd.com/a_de_la_hoz/list/tftlatinoamerica/detail,1
398,24,Trenque Lauquen,2022,/film/trenque-lauquen/,https://letterboxd.com/a_de_la_hoz/list/tftlatinoamerica/detail,1
399,25,The Battle of Chile: Part I,1975,/film/the-battle-of-chile-part-i/,https://letterboxd.com/a_de_la_hoz/list/tftlatinoamerica/detail,1
400,1,Entranced Earth,1967,/film/entranced-earth/,https://letterboxd.com/jjm_24/list/tftlatam/detail,6
401,2,Beyond Oblivion,1956,/film/beyond-oblivion/,https://letterboxd.com/jjm_24/list/tftlatam/detail,5
402,3,Extraordinary Stories,2008,/film/extraordinary-stories/,https://letterboxd.com/jjm_24/list/tftlatam/detail,5
403,4,Pueblerina,1949,/film/pueblerina/,https://letterboxd.com/jjm_24/list/tftlatam/detail,5
404,5,One Way or Another,1975,/film/one-way-or-another-1975/,https://letterboxd.com/jjm_24/list/tftlatam/detail,5
405,6,Juan: As If Nothing Ever Happened,1987,/film/juan-as-if-nothing-ever-happened/,https://letterboxd.com/jjm_24/list/tftlatam/detail,4
406,7,Movie Dementia,1986,/film/movie-dementia/,https://letterboxd.com/jjm_24/list/tftlatam/detail,4
407,8,Memories of Underdevelopment,1968,/film/memories-of-underdevelopment/,https://letterboxd.com/jjm_24/list/tftlatam/detail,4
408,9,The Circus Cavalcade,1945,/film/the-circus-cavalcade/,https://letterboxd.com/jjm_24/list/tftlatam/detail,4
409,10,"Rio, Northern Zone",1957,/film/rio-northern-zone/,https://letterboxd.com/jjm_24/list/tftlatam/detail,4
410,11,The Romance of Aniceto and Francisca,1967,/film/the-romance-of-aniceto-and-francisca/,https://letterboxd.com/jjm_24/list/tftlatam/detail,3
411,12,Pure Blood,1982,/film/pure-blood-1982/,https://letterboxd.com/jjm_24/list/tftlatam/detail,3
412,13,The Barracks,1945,/film/the-barracks-1945/,https://letterboxd.com/jjm_24/list/tftlatam/detail,3
413,14,Arabian Coffee,1968,/film/arabian-coffee/,https://letterboxd.com/jjm_24/list/tftlatam/detail,3
414,15,Dreams of Ice,1994,/film/dreams-of-ice/,https://letterboxd.com/jjm_24/list/tftlatam/detail,3
415,16,The Hour of the Furnaces,1968,/film/the-hour-of-the-furnaces/,https://letterboxd.com/jjm_24/list/tftlatam/detail,2
416,17,"My Son, the Hero",1961,/film/my-son-the-hero-1961/,https://letterboxd.com/jjm_24/list/tftlatam/detail,2
417,18,Edad difícil,1956,/film/edad-dificil/,https://letterboxd.com/jjm_24/list/tftlatam/detail,2
418,19,Araya,1959,/film/araya/,https://letterboxd.com/jjm_24/list/tftlatam/detail,2
419,20,The Battle of Chile: Part II,1976,/film/the-battle-of-chile-part-ii/,https://letterboxd.com/jjm_24/list/tftlatam/detail,2
420,21,The Boy and the Wind,1967,/film/the-boy-and-the-wind/,https://letterboxd.com/jjm_24/list/tftlatam/detail,1
421,22,A Letter of Love,1943,/film/a-letter-of-love/,https://letterboxd.com/jjm_24/list/tftlatam/detail,1
422,23,Spelling Love,1984,/film/spelling-love/,https://letterboxd.com/jjm_24/list/tftlatam/detail,1
423,24,Two Monks,1934,/film/two-monks/,https://letterboxd.com/jjm_24/list/tftlatam/detail,1
424,25,Memoirs of a Strangler of Blondes,1971,/film/memoirs-of-a-strangler-of-blondes/,https://letterboxd.com/jjm_24/list/tftlatam/detail,1
425,1,Isabelita,1940,/film/isabelita/,https://letterboxd.com/eljpax/list/tft-latam-1/detail,6
426,2,Beyond Oblivion,1956,/film/beyond-oblivion/,https://letterboxd.com/eljpax/list/tft-latam-1/detail,5
427,3,Él,1953,/film/el/,https://letterboxd.com/eljpax/list/tft-latam-1/detail,5
428,4,The Age of the Earth,1980,/film/the-age-of-the-earth/,https://letterboxd.com/eljpax/list/tft-latam-1/detail,5
429,5,Enamorada,1946,/film/enamorada/,https://letterboxd.com/eljpax/list/tft-latam-1/detail,5
430,6,La Flor,2018,/film/la-flor/,https://letterboxd.com/eljpax/list/tft-latam-1/detail,4
431,7,Entranced Earth,1967,/film/entranced-earth/,https://letterboxd.com/eljpax/list/tft-latam-1/detail,4
432,8,Pueblerina,1949,/film/pueblerina/,https://letterboxd.com/eljpax/list/tft-latam-1/detail,4
433,9,Juan: As If Nothing Ever Happened,1987,/film/juan-as-if-nothing-ever-happened/,https://letterboxd.com/eljpax/list/tft-latam-1/detail,4
434,10,One Way or Another,1975,/film/one-way-or-another-1975/,https://letterboxd.com/eljpax/list/tft-latam-1/detail,4
435,11,Twenty Years Later,1984,/film/twenty-years-later/,https://letterboxd.com/eljpax/list/tft-latam-1/detail,3
436,12,The Young and the Damned,1950,/film/the-young-and-the-damned/,https://letterboxd.com/eljpax/list/tft-latam-1/detail,3
437,13,One Hundred Children Waiting for a Train,1988,/film/one-hundred-children-waiting-for-a-train/,https://letterboxd.com/eljpax/list/tft-latam-1/detail,3
438,14,The Romance of Aniceto and Francisca,1967,/film/the-romance-of-aniceto-and-francisca/,https://letterboxd.com/eljpax/list/tft-latam-1/detail,3
439,15,Memories of Underdevelopment,1968,/film/memories-of-underdevelopment/,https://letterboxd.com/eljpax/list/tft-latam-1/detail,3
440,16,Di Cavalcanti Di Glauber,1977,/film/di-cavalcanti-di-glauber/,https://letterboxd.com/eljpax/list/tft-latam-1/detail,2
441,17,The Circus Cavalcade,1945,/film/the-circus-cavalcade/,https://letterboxd.com/eljpax/list/tft-latam-1/detail,2
442,18,Metal and Melancholy,1994,/film/metal-and-melancholy/,https://letterboxd.com/eljpax/list/tft-latam-1/detail,2
443,19,Invasion,1969,/film/invasion-1969/,https://letterboxd.com/eljpax/list/tft-latam-1/detail,2
444,20,"My Son, the Hero",1961,/film/my-son-the-hero-1961/,https://letterboxd.com/eljpax/list/tft-latam-1/detail,2
445,21,¡Qué Viva México!,1979,/film/que-viva-mexico/,https://letterboxd.com/eljpax/list/tft-latam-1/detail,1
446,22,"Rio, Northern Zone",1957,/film/rio-northern-zone/,https://letterboxd.com/eljpax/list/tft-latam-1/detail,1
447,23,Arroz con leche,1950,/film/arroz-con-leche/,https://letterboxd.com/eljpax/list/tft-latam-1/detail,1
448,24,Valparaiso,1963,/film/valparaiso-1963/,https://letterboxd.com/eljpax/list/tft-latam-1/detail,1
449,25,"The Tiger Leaps and Kills, But It Will Die... It Will Die...",1973,/film/the-tiger-leaps-and-kills-but-it-will-die-it-will-die/,https://letterboxd.com/eljpax/list/tft-latam-1/detail,1
450,1,The Young and the Damned,1950,/film/the-young-and-the-damned/,https://letterboxd.com/fleming22/list/tftlatam/detail,6
451,2,Santa Sangre,1989,/film/santa-sangre/,https://letterboxd.com/fleming22/list/tftlatam/detail,5
452,3,The Exterminating Angel,1962,/film/the-exterminating-angel/,https://letterboxd.com/fleming22/list/tftlatam/detail,5
453,4,Chronicle of a Boy Alone,1965,/film/chronicle-of-a-boy-alone/,https://letterboxd.com/fleming22/list/tftlatam/detail,5
454,5,Habeas Corpus,1986,/film/habeas-corpus-1986/,https://letterboxd.com/fleming22/list/tftlatam/detail,5
455,6,The Holy Mountain,1973,/film/the-holy-mountain/,https://letterboxd.com/fleming22/list/tftlatam/detail,4
456,7,Death of a Bureaucrat,1966,/film/death-of-a-bureaucrat/,https://letterboxd.com/fleming22/list/tftlatam/detail,4
457,8,Enamorada,1946,/film/enamorada/,https://letterboxd.com/fleming22/list/tftlatam/detail,4
458,9,Él,1953,/film/el/,https://letterboxd.com/fleming22/list/tftlatam/detail,4
459,10,Araya,1959,/film/araya/,https://letterboxd.com/fleming22/list/tftlatam/detail,4
460,11,"Rio, Northern Zone",1957,/film/rio-northern-zone/,https://letterboxd.com/fleming22/list/tftlatam/detail,3
461,12,The Criminal Life of Archibaldo de la Cruz,1955,/film/the-criminal-life-of-archibaldo-de-la-cruz/,https://letterboxd.com/fleming22/list/tftlatam/detail,3
462,13,"My Son, the Hero",1961,/film/my-son-the-hero-1961/,https://letterboxd.com/fleming22/list/tftlatam/detail,3
463,14,A Place in the World,1992,/film/a-place-in-the-world/,https://letterboxd.com/fleming22/list/tftlatam/detail,3
464,15,City of God,2002,/film/city-of-god/,https://letterboxd.com/fleming22/list/tftlatam/detail,3
465,16,The Secret in Their Eyes,2009,/film/the-secret-in-their-eyes/,https://letterboxd.com/fleming22/list/tftlatam/detail,2
466,17,Macario,1960,/film/macario/,https://letterboxd.com/fleming22/list/tftlatam/detail,2
467,18,The Net,1953,/film/the-net-1953-1/,https://letterboxd.com/fleming22/list/tftlatam/detail,2
468,19,Autumn Days,1963,/film/autumn-days-1963/,https://letterboxd.com/fleming22/list/tftlatam/detail,2
469,20,The Romance of Aniceto and Francisca,1967,/film/the-romance-of-aniceto-and-francisca/,https://letterboxd.com/fleming22/list/tftlatam/detail,2
470,21,The Other,1946,/film/the-other-1946/,https://letterboxd.com/fleming22/list/tftlatam/detail,1
471,22,Rosaura at 10 O'Clock,1958,/film/rosaura-at-10-oclock/,https://letterboxd.com/fleming22/list/tftlatam/detail,1
472,23,The Turning Wind,1962,/film/the-turning-wind/,https://letterboxd.com/fleming22/list/tftlatam/detail,1
473,24,Y Tu Mamá También,2001,/film/y-tu-mama-tambien/,https://letterboxd.com/fleming22/list/tftlatam/detail,1
474,25,Beyond Oblivion,1956,/film/beyond-oblivion/,https://letterboxd.com/fleming22/list/tftlatam/detail,1
475,1,The Exterminating Angel,1962,/film/the-exterminating-angel/,https://letterboxd.com/hugoromero/list/tft-latinoamerica/detail,6
476,2,Limite,1931,/film/limite/,https://letterboxd.com/hugoromero/list/tft-latinoamerica/detail,5
477,3,Trenque Lauquen,2022,/film/trenque-lauquen/,https://letterboxd.com/hugoromero/list/tft-latinoamerica/detail,5
478,4,Zama,2017,/film/zama/,https://letterboxd.com/hugoromero/list/tft-latinoamerica/detail,5
479,5,Él,1953,/film/el/,https://letterboxd.com/hugoromero/list/tft-latinoamerica/detail,5
480,6,La Flor,2018,/film/la-flor/,https://letterboxd.com/hugoromero/list/tft-latinoamerica/detail,4
481,7,Memoria,2021,/film/memoria-2021/,https://letterboxd.com/hugoromero/list/tft-latinoamerica/detail,4
482,8,La Ciénaga,2001,/film/la-cienaga/,https://letterboxd.com/hugoromero/list/tft-latinoamerica/detail,4
483,9,Enamorada,1946,/film/enamorada/,https://letterboxd.com/hugoromero/list/tft-latinoamerica/detail,4
484,10,Entranced Earth,1967,/film/entranced-earth/,https://letterboxd.com/hugoromero/list/tft-latinoamerica/detail,4
485,11,The Young and the Damned,1950,/film/the-young-and-the-damned/,https://letterboxd.com/hugoromero/list/tft-latinoamerica/detail,3
486,12,Jauja,2014,/film/jauja/,https://letterboxd.com/hugoromero/list/tft-latinoamerica/detail,3
487,13,The Age of the Earth,1980,/film/the-age-of-the-earth/,https://letterboxd.com/hugoromero/list/tft-latinoamerica/detail,3
488,14,Pueblerina,1949,/film/pueblerina/,https://letterboxd.com/hugoromero/list/tft-latinoamerica/detail,3
489,15,Extraordinary Stories,2008,/film/extraordinary-stories/,https://letterboxd.com/hugoromero/list/tft-latinoamerica/detail,3
490,1,Güeros,2014,/film/gueros/,https://letterboxd.com/jarsito/list/tft-latinoamerica/detail,6
491,2,Jauja,2014,/film/jauja/,https://letterboxd.com/jarsito/list/tft-latinoamerica/detail,5
492,3,The Young and the Damned,1950,/film/the-young-and-the-damned/,https://letterboxd.com/jarsito/list/tft-latinoamerica/detail,5
493,4,The Exterminating Angel,1962,/film/the-exterminating-angel/,https://letterboxd.com/jarsito/list/tft-latinoamerica/detail,5
494,5,Memories of Underdevelopment,1968,/film/memories-of-underdevelopment/,https://letterboxd.com/jarsito/list/tft-latinoamerica/detail,5
495,6,Nine Queens,2000,/film/nine-queens/,https://letterboxd.com/jarsito/list/tft-latinoamerica/detail,4
496,7,Sentimental Education,2013,/film/sentimental-education-2013/,https://letterboxd.com/jarsito/list/tft-latinoamerica/detail,4
497,8,Mata Atlântica,2016,/film/mata-atlantica/,https://letterboxd.com/jarsito/list/tft-latinoamerica/detail,4
498,9,"Black God, White Devil",1964,/film/black-god-white-devil/,https://letterboxd.com/jarsito/list/tft-latinoamerica/detail,4
499,10,City of God,2002,/film/city-of-god/,https://letterboxd.com/jarsito/list/tft-latinoamerica/detail,4
500,11,Memoria,2021,/film/memoria-2021/,https://letterboxd.com/jarsito/list/tft-latinoamerica/detail,3
501,12,Extraordinary Stories,2008,/film/extraordinary-stories/,https://letterboxd.com/jarsito/list/tft-latinoamerica/detail,3
502,13,Beyond Oblivion,1956,/film/beyond-oblivion/,https://letterboxd.com/jarsito/list/tft-latinoamerica/detail,3
503,14,Aquarius,2016,/film/aquarius/,https://letterboxd.com/jarsito/list/tft-latinoamerica/detail,3
504,15,The Criminal Life of Archibaldo de la Cruz,1955,/film/the-criminal-life-of-archibaldo-de-la-cruz/,https://letterboxd.com/jarsito/list/tft-latinoamerica/detail,3
505,16,La Cocina,2024,/film/la-cocina-2024/,https://letterboxd.com/jarsito/list/tft-latinoamerica/detail,2
506,17,Death of a Bureaucrat,1966,/film/death-of-a-bureaucrat/,https://letterboxd.com/jarsito/list/tft-latinoamerica/detail,2
507,18,Él,1953,/film/el/,https://letterboxd.com/jarsito/list/tft-latinoamerica/detail,2
508,19,Wild Tales,2014,/film/wild-tales/,https://letterboxd.com/jarsito/list/tft-latinoamerica/detail,2
509,20,Boy & the World,2013,/film/boy-the-world/,https://letterboxd.com/jarsito/list/tft-latinoamerica/detail,2
510,21,Nostalgia for the Light,2010,/film/nostalgia-for-the-light/,https://letterboxd.com/jarsito/list/tft-latinoamerica/detail,1
511,22,Nazarín,1959,/film/nazarin/,https://letterboxd.com/jarsito/list/tft-latinoamerica/detail,1
512,23,The Secret in Their Eyes,2009,/film/the-secret-in-their-eyes/,https://letterboxd.com/jarsito/list/tft-latinoamerica/detail,1
513,24,The Mole Agent,2020,/film/the-mole-agent/,https://letterboxd.com/jarsito/list/tft-latinoamerica/detail,1
514,25,Museo,2018,/film/museo/,https://letterboxd.com/jarsito/list/tft-latinoamerica/detail,1
515,1,A Place in the World,1992,/film/a-place-in-the-world/,https://letterboxd.com/colmener/list/tftlatam/detail,6
516,2,Limite,1931,/film/limite/,https://letterboxd.com/colmener/list/tftlatam/detail,5
517,3,The Motorcycle Diaries,2004,/film/the-motorcycle-diaries/,https://letterboxd.com/colmener/list/tftlatam/detail,5
518,4,Amores Perros,2000,/film/amores-perros/,https://letterboxd.com/colmener/list/tftlatam/detail,5
519,5,City of God,2002,/film/city-of-god/,https://letterboxd.com/colmener/list/tftlatam/detail,5
520,6,Él,1953,/film/el/,https://letterboxd.com/colmener/list/tftlatam/detail,4
521,7,Macario,1960,/film/macario/,https://letterboxd.com/colmener/list/tftlatam/detail,4
522,8,Antonio One Two Three,2017,/film/antonio-one-two-three/,https://letterboxd.com/colmener/list/tftlatam/detail,4
523,9,Güeros,2014,/film/gueros/,https://letterboxd.com/colmener/list/tftlatam/detail,4
524,10,Rosaura at 10 O'Clock,1958,/film/rosaura-at-10-oclock/,https://letterboxd.com/colmener/list/tftlatam/detail,4
525,11,Man Facing Southeast,1986,/film/man-facing-southeast/,https://letterboxd.com/colmener/list/tftlatam/detail,3
526,12,Neruda,2016,/film/neruda-2016/,https://letterboxd.com/colmener/list/tftlatam/detail,3
527,13,Nine Queens,2000,/film/nine-queens/,https://letterboxd.com/colmener/list/tftlatam/detail,3
528,14,The Aura,2005,/film/the-aura/,https://letterboxd.com/colmener/list/tftlatam/detail,3
529,15,Wild Tales,2014,/film/wild-tales/,https://letterboxd.com/colmener/list/tftlatam/detail,3
530,16,Boy & the World,2013,/film/boy-the-world/,https://letterboxd.com/colmener/list/tftlatam/detail,2
531,17,Embrace of the Serpent,2015,/film/embrace-of-the-serpent/,https://letterboxd.com/colmener/list/tftlatam/detail,2
532,18,The Secret in Their Eyes,2009,/film/the-secret-in-their-eyes/,https://letterboxd.com/colmener/list/tftlatam/detail,2
533,19,Argentina 1985,2022,/film/argentina-1985/,https://letterboxd.com/colmener/list/tftlatam/detail,2
534,20,Extraordinary Stories,2008,/film/extraordinary-stories/,https://letterboxd.com/colmener/list/tftlatam/detail,2
535,21,Central Station,1998,/film/central-station/,https://letterboxd.com/colmener/list/tftlatam/detail,1
536,22,Strawberry and Chocolate,1993,/film/strawberry-and-chocolate/,https://letterboxd.com/colmener/list/tftlatam/detail,1
537,23,Blood of the Condor,1969,/film/blood-of-the-condor/,https://letterboxd.com/colmener/list/tftlatam/detail,1
538,24,Time for Revenge,1981,/film/time-for-revenge/,https://letterboxd.com/colmener/list/tftlatam/detail,1
539,25,Roma,2018,/film/roma-2018/,https://letterboxd.com/colmener/list/tftlatam/detail,1
540,1,Entranced Earth,1967,/film/entranced-earth/,https://letterboxd.com/utges/list/tftlatam/detail,6
541,2,Enamorada,1946,/film/enamorada/,https://letterboxd.com/utges/list/tftlatam/detail,5
542,3,Movie Dementia,1986,/film/movie-dementia/,https://letterboxd.com/utges/list/tftlatam/detail,5
543,4,The Young and the Damned,1950,/film/the-young-and-the-damned/,https://letterboxd.com/utges/list/tftlatam/detail,5
544,5,Araya,1959,/film/araya/,https://letterboxd.com/utges/list/tftlatam/detail,5
545,6,The Boy and the Wind,1967,/film/the-boy-and-the-wind/,https://letterboxd.com/utges/list/tftlatam/detail,4
546,7,"Rio, Northern Zone",1957,/film/rio-northern-zone/,https://letterboxd.com/utges/list/tftlatam/detail,4
547,8,One Way or Another,1975,/film/one-way-or-another-1975/,https://letterboxd.com/utges/list/tftlatam/detail,4
548,9,Twenty Years Later,1984,/film/twenty-years-later/,https://letterboxd.com/utges/list/tftlatam/detail,4
549,10,La calesita,1963,/film/la-calesita/,https://letterboxd.com/utges/list/tftlatam/detail,4
550,11,Victims of Sin,1951,/film/victims-of-sin/,https://letterboxd.com/utges/list/tftlatam/detail,3
551,12,Metal and Melancholy,1994,/film/metal-and-melancholy/,https://letterboxd.com/utges/list/tftlatam/detail,3
552,13,Memories of Underdevelopment,1968,/film/memories-of-underdevelopment/,https://letterboxd.com/utges/list/tftlatam/detail,3
553,14,Spelling Love,1984,/film/spelling-love/,https://letterboxd.com/utges/list/tftlatam/detail,3
554,15,Mirage,1972,/film/mirage-1972/,https://letterboxd.com/utges/list/tftlatam/detail,3
555,16,"Safo, historia de una pasión",1943,/film/safo-historia-de-una-pasion/,https://letterboxd.com/utges/list/tftlatam/detail,2
556,17,Extraordinary Stories,2008,/film/extraordinary-stories/,https://letterboxd.com/utges/list/tftlatam/detail,2
557,18,Crosses Over the Wasteland,1967,/film/crosses-over-the-wasteland/,https://letterboxd.com/utges/list/tftlatam/detail,2
558,19,Johnny Chicano,1981,/film/johnny-chicano/,https://letterboxd.com/utges/list/tftlatam/detail,2
559,20,Brief Heaven,1969,/film/brief-heaven/,https://letterboxd.com/utges/list/tftlatam/detail,2
560,21,La Cucaracha,1959,/film/la-cucaracha-1959/,https://letterboxd.com/utges/list/tftlatam/detail,1
561,22,Dark River,1952,/film/dark-river-1952/,https://letterboxd.com/utges/list/tftlatam/detail,1
562,23,Copacabana Mon Amour,1970,/film/copacabana-mon-amour/,https://letterboxd.com/utges/list/tftlatam/detail,1
563,24,One Hundred Children Waiting for a Train,1988,/film/one-hundred-children-waiting-for-a-train/,https://letterboxd.com/utges/list/tftlatam/detail,1
564,25,The South,1988,/film/the-south/,https://letterboxd.com/utges/list/tftlatam/detail,1
565,1,The Exterminating Angel,1962,/film/the-exterminating-angel/,https://letterboxd.com/jorgemz/list/tft-latam/detail,6
566,2,Anhell69,2022,/film/anhell69/,https://letterboxd.com/jorgemz/list/tft-latam/detail,5
567,3,La Ciénaga,2001,/film/la-cienaga/,https://letterboxd.com/jorgemz/list/tft-latam/detail,5
568,4,Trenque Lauquen,2022,/film/trenque-lauquen/,https://letterboxd.com/jorgemz/list/tft-latam/detail,5
569,5,Y Tu Mamá También,2001,/film/y-tu-mama-tambien/,https://letterboxd.com/jorgemz/list/tft-latam/detail,5
570,6,The Criminal Life of Archibaldo de la Cruz,1955,/film/the-criminal-life-of-archibaldo-de-la-cruz/,https://letterboxd.com/jorgemz/list/tft-latam/detail,4
571,7,Santa Sangre,1989,/film/santa-sangre/,https://letterboxd.com/jorgemz/list/tft-latam/detail,4
572,8,The Secret Agent,2025,/film/the-secret-agent-2025/,https://letterboxd.com/jorgemz/list/tft-latam/detail,4
573,9,Beyond Oblivion,1956,/film/beyond-oblivion/,https://letterboxd.com/jorgemz/list/tft-latam/detail,4
574,10,Bacurau,2019,/film/bacurau/,https://letterboxd.com/jorgemz/list/tft-latam/detail,4
575,1,Arabian Coffee,1968,/film/arabian-coffee/,https://letterboxd.com/marcos_m_rom/list/tft-latinoamerica/detail,6
576,2,Isabelita,1940,/film/isabelita/,https://letterboxd.com/marcos_m_rom/list/tft-latinoamerica/detail,5
577,3,Another Dawn,1943,/film/another-dawn-1943/,https://letterboxd.com/marcos_m_rom/list/tft-latinoamerica/detail,5
578,4,One Way or Another,1975,/film/one-way-or-another-1975/,https://letterboxd.com/marcos_m_rom/list/tft-latinoamerica/detail,5
579,5,"Black God, White Devil",1964,/film/black-god-white-devil/,https://letterboxd.com/marcos_m_rom/list/tft-latinoamerica/detail,5
580,6,Enamorada,1946,/film/enamorada/,https://letterboxd.com/marcos_m_rom/list/tft-latinoamerica/detail,4
581,7,"Rio, 100 Degrees F°",1955,/film/rio-100-degrees-f/,https://letterboxd.com/marcos_m_rom/list/tft-latinoamerica/detail,4
582,8,Beyond Oblivion,1956,/film/beyond-oblivion/,https://letterboxd.com/marcos_m_rom/list/tft-latinoamerica/detail,4
583,9,Autumn Days,1963,/film/autumn-days-1963/,https://letterboxd.com/marcos_m_rom/list/tft-latinoamerica/detail,4
584,10,One Hundred Children Waiting for a Train,1988,/film/one-hundred-children-waiting-for-a-train/,https://letterboxd.com/marcos_m_rom/list/tft-latinoamerica/detail,4
585,11,Memories of Underdevelopment,1968,/film/memories-of-underdevelopment/,https://letterboxd.com/marcos_m_rom/list/tft-latinoamerica/detail,3
586,12,El compadre Mendoza,1934,/film/el-compadre-mendoza/,https://letterboxd.com/marcos_m_rom/list/tft-latinoamerica/detail,3
587,13,Limite,1931,/film/limite/,https://letterboxd.com/marcos_m_rom/list/tft-latinoamerica/detail,3
588,14,The Headless Woman,2008,/film/the-headless-woman/,https://letterboxd.com/marcos_m_rom/list/tft-latinoamerica/detail,3
589,15,The Circus Cavalcade,1945,/film/the-circus-cavalcade/,https://letterboxd.com/marcos_m_rom/list/tft-latinoamerica/detail,3
590,16,Jackal of Nahueltoro,1969,/film/jackal-of-nahueltoro/,https://letterboxd.com/marcos_m_rom/list/tft-latinoamerica/detail,2
591,17,Madagascar,1995,/film/madagascar-1995/,https://letterboxd.com/marcos_m_rom/list/tft-latinoamerica/detail,2
592,18,Mirage,1972,/film/mirage-1972/,https://letterboxd.com/marcos_m_rom/list/tft-latinoamerica/detail,2
593,19,Sea of Roses,1977,/film/sea-of-roses/,https://letterboxd.com/marcos_m_rom/list/tft-latinoamerica/detail,2
594,20,La ausencia,1968,/film/la-ausencia-1968/,https://letterboxd.com/marcos_m_rom/list/tft-latinoamerica/detail,2
595,21,Aventurera,1950,/film/aventurera/,https://letterboxd.com/marcos_m_rom/list/tft-latinoamerica/detail,1
596,22,Twenty Years Later,1984,/film/twenty-years-later/,https://letterboxd.com/marcos_m_rom/list/tft-latinoamerica/detail,1
597,23,Invasion,1969,/film/invasion-1969/,https://letterboxd.com/marcos_m_rom/list/tft-latinoamerica/detail,1
598,24,Pure Blood,1982,/film/pure-blood-1982/,https://letterboxd.com/marcos_m_rom/list/tft-latinoamerica/detail,1
599,25,Araya,1959,/film/araya/,https://letterboxd.com/marcos_m_rom/list/tft-latinoamerica/detail,1
600,1,The Exterminating Angel,1962,/film/the-exterminating-angel/,https://letterboxd.com/borinot/list/tftlatam/detail,6
601,2,Entranced Earth,1967,/film/entranced-earth/,https://letterboxd.com/borinot/list/tftlatam/detail,5
602,3,Invasion,1969,/film/invasion-1969/,https://letterboxd.com/borinot/list/tftlatam/detail,5
603,4,Él,1953,/film/el/,https://letterboxd.com/borinot/list/tftlatam/detail,5
604,5,The Guns,1964,/film/the-guns/,https://letterboxd.com/borinot/list/tftlatam/detail,5
605,6,Death of a Bureaucrat,1966,/film/death-of-a-bureaucrat/,https://letterboxd.com/borinot/list/tftlatam/detail,4
606,7,Twenty Years Later,1984,/film/twenty-years-later/,https://letterboxd.com/borinot/list/tftlatam/detail,4
607,8,Memoria,2021,/film/memoria-2021/,https://letterboxd.com/borinot/list/tftlatam/detail,4
608,9,El Topo,1970,/film/el-topo/,https://letterboxd.com/borinot/list/tftlatam/detail,4
609,10,Japón,2002,/film/japon/,https://letterboxd.com/borinot/list/tftlatam/detail,4
610,11,The Wolf House,2018,/film/the-wolf-house/,https://letterboxd.com/borinot/list/tftlatam/detail,3
611,12,Chronicle of a Boy Alone,1965,/film/chronicle-of-a-boy-alone/,https://letterboxd.com/borinot/list/tftlatam/detail,3
612,13,Macario,1960,/film/macario/,https://letterboxd.com/borinot/list/tftlatam/detail,3
613,14,Rosaura at 10 O'Clock,1958,/film/rosaura-at-10-oclock/,https://letterboxd.com/borinot/list/tftlatam/detail,3
614,15,Two Monks,1934,/film/two-monks/,https://letterboxd.com/borinot/list/tftlatam/detail,3
615,16,"My Son, the Hero",1961,/film/my-son-the-hero-1961/,https://letterboxd.com/borinot/list/tftlatam/detail,2
616,17,One Hundred Children Waiting for a Train,1988,/film/one-hundred-children-waiting-for-a-train/,https://letterboxd.com/borinot/list/tftlatam/detail,2
617,18,One Way or Another,1975,/film/one-way-or-another-1975/,https://letterboxd.com/borinot/list/tftlatam/detail,2
618,19,"Rio, Northern Zone",1957,/film/rio-northern-zone/,https://letterboxd.com/borinot/list/tftlatam/detail,2
619,20,Victims of Sin,1951,/film/victims-of-sin/,https://letterboxd.com/borinot/list/tftlatam/detail,2
620,21,Araya,1959,/film/araya/,https://letterboxd.com/borinot/list/tftlatam/detail,1
621,22,"São Paulo, Incorporated",1965,/film/sao-paulo-incorporated/,https://letterboxd.com/borinot/list/tftlatam/detail,1
622,23,Los Muertos,2004,/film/los-muertos-2004/,https://letterboxd.com/borinot/list/tftlatam/detail,1
623,24,Aquarius,2016,/film/aquarius/,https://letterboxd.com/borinot/list/tftlatam/detail,1
624,25,The Untamed,2016,/film/the-untamed/,https://letterboxd.com/borinot/list/tftlatam/detail,1
625,1,Enamorada,1946,/film/enamorada/,https://letterboxd.com/synthemesco/list/tft-latinoamerica/detail,6
626,2,If I Should Die Before I Wake,1952,/film/if-i-should-die-before-i-wake-1952/,https://letterboxd.com/synthemesco/list/tft-latinoamerica/detail,5
627,3,Brief Heaven,1969,/film/brief-heaven/,https://letterboxd.com/synthemesco/list/tft-latinoamerica/detail,5
628,4,The Exterminating Angel,1962,/film/the-exterminating-angel/,https://letterboxd.com/synthemesco/list/tft-latinoamerica/detail,5
629,5,Beyond Oblivion,1956,/film/beyond-oblivion/,https://letterboxd.com/synthemesco/list/tft-latinoamerica/detail,5
630,6,The Young and the Damned,1950,/film/the-young-and-the-damned/,https://letterboxd.com/synthemesco/list/tft-latinoamerica/detail,4
631,7,Altiplano,2018,/film/altiplano-2018/,https://letterboxd.com/synthemesco/list/tft-latinoamerica/detail,4
632,8,La Flor,2018,/film/la-flor/,https://letterboxd.com/synthemesco/list/tft-latinoamerica/detail,4
633,9,Macario,1960,/film/macario/,https://letterboxd.com/synthemesco/list/tft-latinoamerica/detail,4
634,10,Poison for the Fairies,1986,/film/poison-for-the-fairies/,https://letterboxd.com/synthemesco/list/tft-latinoamerica/detail,4
635,11,Chronicle of a Boy Alone,1965,/film/chronicle-of-a-boy-alone/,https://letterboxd.com/synthemesco/list/tft-latinoamerica/detail,3
636,12,Passacaglia and Fugue,1975,/film/passacaglia-and-fugue/,https://letterboxd.com/synthemesco/list/tft-latinoamerica/detail,3
637,13,Autumn Days,1963,/film/autumn-days-1963/,https://letterboxd.com/synthemesco/list/tft-latinoamerica/detail,3
638,14,The House of the Angel,1957,/film/the-house-of-the-angel/,https://letterboxd.com/synthemesco/list/tft-latinoamerica/detail,3
639,15,Alucarda,1977,/film/alucarda/,https://letterboxd.com/synthemesco/list/tft-latinoamerica/detail,3
640,16,The Naked Angel,1946,/film/the-naked-angel/,https://letterboxd.com/synthemesco/list/tft-latinoamerica/detail,2
641,17,One Way or Another,1975,/film/one-way-or-another-1975/,https://letterboxd.com/synthemesco/list/tft-latinoamerica/detail,2
642,18,The Romance of Aniceto and Francisca,1967,/film/the-romance-of-aniceto-and-francisca/,https://letterboxd.com/synthemesco/list/tft-latinoamerica/detail,2
643,19,Araya,1959,/film/araya/,https://letterboxd.com/synthemesco/list/tft-latinoamerica/detail,2
644,20,Satanic Pandemonium,1975,/film/satanic-pandemonium/,https://letterboxd.com/synthemesco/list/tft-latinoamerica/detail,2
645,21,Two Monks,1934,/film/two-monks/,https://letterboxd.com/synthemesco/list/tft-latinoamerica/detail,1
646,22,Dieciséis años,1943,/film/dieciseis-anos/,https://letterboxd.com/synthemesco/list/tft-latinoamerica/detail,1
647,23,The Circus Cavalcade,1945,/film/the-circus-cavalcade/,https://letterboxd.com/synthemesco/list/tft-latinoamerica/detail,1
648,24,Elena,2012,/film/elena-2013/,https://letterboxd.com/synthemesco/list/tft-latinoamerica/detail,1
649,25,One Hundred Children Waiting for a Train,1988,/film/one-hundred-children-waiting-for-a-train/,https://letterboxd.com/synthemesco/list/tft-latinoamerica/detail,1
650,1,The Criminal Life of Archibaldo de la Cruz,1955,/film/the-criminal-life-of-archibaldo-de-la-cruz/,https://letterboxd.com/luisru/list/tft-latam/detail,6
651,2,Beyond Oblivion,1956,/film/beyond-oblivion/,https://letterboxd.com/luisru/list/tft-latam/detail,5
652,3,Aventurera,1950,/film/aventurera/,https://letterboxd.com/luisru/list/tft-latam/detail,5
653,4,Enamorada,1946,/film/enamorada/,https://letterboxd.com/luisru/list/tft-latam/detail,5
654,5,Memories of Underdevelopment,1968,/film/memories-of-underdevelopment/,https://letterboxd.com/luisru/list/tft-latam/detail,5
655,6,The Exterminating Angel,1962,/film/the-exterminating-angel/,https://letterboxd.com/luisru/list/tft-latam/detail,4
656,7,Entranced Earth,1967,/film/entranced-earth/,https://letterboxd.com/luisru/list/tft-latam/detail,4
657,8,In the Palm of Your Hand,1951,/film/in-the-palm-of-your-hand/,https://letterboxd.com/luisru/list/tft-latam/detail,4
658,9,Valparaiso,1963,/film/valparaiso-1963/,https://letterboxd.com/luisru/list/tft-latam/detail,4
659,10,Movie Dementia,1986,/film/movie-dementia/,https://letterboxd.com/luisru/list/tft-latam/detail,4
660,11,Poison for the Fairies,1986,/film/poison-for-the-fairies/,https://letterboxd.com/luisru/list/tft-latam/detail,3
661,12,Autumn Days,1963,/film/autumn-days-1963/,https://letterboxd.com/luisru/list/tft-latam/detail,3
662,13,The Skeleton of Mrs. Morales,1960,/film/the-skeleton-of-mrs-morales/,https://letterboxd.com/luisru/list/tft-latam/detail,3
663,14,Él,1953,/film/el/,https://letterboxd.com/luisru/list/tft-latam/detail,3
664,15,Now!,1965,/film/now/,https://letterboxd.com/luisru/list/tft-latam/detail,3
665,16,Invasion,1969,/film/invasion-1969/,https://letterboxd.com/luisru/list/tft-latam/detail,2
666,17,Zama,2017,/film/zama/,https://letterboxd.com/luisru/list/tft-latam/detail,2
667,18,Passacaglia and Fugue,1975,/film/passacaglia-and-fugue/,https://letterboxd.com/luisru/list/tft-latam/detail,2
668,19,The Witch's Mirror,1962,/film/the-witchs-mirror/,https://letterboxd.com/luisru/list/tft-latam/detail,2
669,20,Las pirañas,1967,/film/las-piranas/,https://letterboxd.com/luisru/list/tft-latam/detail,2
670,21,Death in Buenos Aires,2014,/film/death-in-buenos-aires/,https://letterboxd.com/luisru/list/tft-latam/detail,1
671,22,Common Ground,2002,/film/common-ground-2002/,https://letterboxd.com/luisru/list/tft-latam/detail,1
672,23,The House at the End of Time,2013,/film/the-house-at-the-end-of-time/,https://letterboxd.com/luisru/list/tft-latam/detail,1
673,24,Crystal Eyes,2017,/film/crystal-eyes/,https://letterboxd.com/luisru/list/tft-latam/detail,1
674,25,Through the Ruins,1982,/film/through-the-ruins/,https://letterboxd.com/luisru/list/tft-latam/detail,1
675,1,Entranced Earth,1967,/film/entranced-earth/,https://letterboxd.com/pauixitador/list/tftlatinoamerica/detail,6
676,2,The Hour of the Furnaces,1968,/film/the-hour-of-the-furnaces/,https://letterboxd.com/pauixitador/list/tftlatinoamerica/detail,5
677,3,One Way or Another,1975,/film/one-way-or-another-1975/,https://letterboxd.com/pauixitador/list/tftlatinoamerica/detail,5
678,4,Passacaglia and Fugue,1975,/film/passacaglia-and-fugue/,https://letterboxd.com/pauixitador/list/tftlatinoamerica/detail,5
679,5,Extraordinary Stories,2008,/film/extraordinary-stories/,https://letterboxd.com/pauixitador/list/tftlatinoamerica/detail,5
680,6,The Secret Nation,1989,/film/the-secret-nation/,https://letterboxd.com/pauixitador/list/tftlatinoamerica/detail,4
681,7,Mirage,1972,/film/mirage-1972/,https://letterboxd.com/pauixitador/list/tftlatinoamerica/detail,4
682,8,The Boy and the Wind,1967,/film/the-boy-and-the-wind/,https://letterboxd.com/pauixitador/list/tftlatinoamerica/detail,4
683,9,Dialogues of the Exiles,1975,/film/dialogues-of-the-exiles/,https://letterboxd.com/pauixitador/list/tftlatinoamerica/detail,4
684,10,Orpheus and Eurydice,1976,/film/orpheus-and-eurydice-1976/,https://letterboxd.com/pauixitador/list/tftlatinoamerica/detail,4
685,11,"Our Voice of Earth, Memory and Future",1982,/film/our-voice-of-earth-memory-and-future/,https://letterboxd.com/pauixitador/list/tftlatinoamerica/detail,3
686,12,Pinochet's Women,2005,/film/pinochets-women/,https://letterboxd.com/pauixitador/list/tftlatinoamerica/detail,3
687,13,Movie Dementia,1986,/film/movie-dementia/,https://letterboxd.com/pauixitador/list/tftlatinoamerica/detail,3
688,14,Now!,1965,/film/now/,https://letterboxd.com/pauixitador/list/tftlatinoamerica/detail,3
689,15,Calle Santa Fe,2007,/film/calle-santa-fe/,https://letterboxd.com/pauixitador/list/tftlatinoamerica/detail,3
690,16,Another Dawn,1943,/film/another-dawn-1943/,https://letterboxd.com/pauixitador/list/tftlatinoamerica/detail,2
691,17,Araya,1959,/film/araya/,https://letterboxd.com/pauixitador/list/tftlatinoamerica/detail,2
692,18,The Prince of Nanawa,2025,/film/the-prince-of-nanawa/,https://letterboxd.com/pauixitador/list/tftlatinoamerica/detail,2
693,19,"Rio, 100 Degrees F°",1955,/film/rio-100-degrees-f/,https://letterboxd.com/pauixitador/list/tftlatinoamerica/detail,2
694,20,Two Monks,1934,/film/two-monks/,https://letterboxd.com/pauixitador/list/tftlatinoamerica/detail,2
695,21,La fe del volcán,2001,/film/la-fe-del-volcan/,https://letterboxd.com/pauixitador/list/tftlatinoamerica/detail,1
696,22,Twenty Years Later,1984,/film/twenty-years-later/,https://letterboxd.com/pauixitador/list/tftlatinoamerica/detail,1
697,23,Surcos de sangre,1950,/film/surcos-de-sangre/,https://letterboxd.com/pauixitador/list/tftlatinoamerica/detail,1
698,24,Light in the Tropics,2020,/film/light-in-the-tropics/,https://letterboxd.com/pauixitador/list/tftlatinoamerica/detail,1
699,25,Enamorada,1946,/film/enamorada/,https://letterboxd.com/pauixitador/list/tftlatinoamerica/detail,1
700,1,Enamorada,1946,/film/enamorada/,https://letterboxd.com/will_llermo/list/tftlatinoamerica/detail,6
701,2,La Flor,2018,/film/la-flor/,https://letterboxd.com/will_llermo/list/tftlatinoamerica/detail,5
702,3,Araya,1959,/film/araya/,https://letterboxd.com/will_llermo/list/tftlatinoamerica/detail,5
703,4,"Rio, 100 Degrees F°",1955,/film/rio-100-degrees-f/,https://letterboxd.com/will_llermo/list/tftlatinoamerica/detail,5
704,5,Black Wind,1965,/film/black-wind/,https://letterboxd.com/will_llermo/list/tftlatinoamerica/detail,5
705,6,Entranced Earth,1967,/film/entranced-earth/,https://letterboxd.com/will_llermo/list/tftlatinoamerica/detail,4
706,7,Death of a Bureaucrat,1966,/film/death-of-a-bureaucrat/,https://letterboxd.com/will_llermo/list/tftlatinoamerica/detail,4
707,8,The Red Light Bandit,1968,/film/the-red-light-bandit/,https://letterboxd.com/will_llermo/list/tftlatinoamerica/detail,4
708,9,Fake Blonde,2007,/film/fake-blonde/,https://letterboxd.com/will_llermo/list/tftlatinoamerica/detail,4
709,10,The Boy and the Wind,1967,/film/the-boy-and-the-wind/,https://letterboxd.com/will_llermo/list/tftlatinoamerica/detail,4
710,11,Rosaura at 10 O'Clock,1958,/film/rosaura-at-10-oclock/,https://letterboxd.com/will_llermo/list/tftlatinoamerica/detail,3
711,12,Beyond Oblivion,1956,/film/beyond-oblivion/,https://letterboxd.com/will_llermo/list/tftlatinoamerica/detail,3
712,13,Pinochet's Women,2005,/film/pinochets-women/,https://letterboxd.com/will_llermo/list/tftlatinoamerica/detail,3
713,14,Terminal Young,2023,/film/terminal-young/,https://letterboxd.com/will_llermo/list/tftlatinoamerica/detail,3
714,15,Autumn Days,1963,/film/autumn-days-1963/,https://letterboxd.com/will_llermo/list/tftlatinoamerica/detail,3
715,16,Juan: As If Nothing Ever Happened,1987,/film/juan-as-if-nothing-ever-happened/,https://letterboxd.com/will_llermo/list/tftlatinoamerica/detail,2
716,17,A Letter of Love,1943,/film/a-letter-of-love/,https://letterboxd.com/will_llermo/list/tftlatinoamerica/detail,2
717,18,A-Dios,1989,/film/a-dios/,https://letterboxd.com/will_llermo/list/tftlatinoamerica/detail,2
718,19,The Hour of the Furnaces,1968,/film/the-hour-of-the-furnaces/,https://letterboxd.com/will_llermo/list/tftlatinoamerica/detail,2
719,20,Desde la Habana ¡1969! Recordar,1969,/film/desde-la-habana-1969-recordar/,https://letterboxd.com/will_llermo/list/tftlatinoamerica/detail,2
720,21,Another Dawn,1943,/film/another-dawn-1943/,https://letterboxd.com/will_llermo/list/tftlatinoamerica/detail,1
721,22,The Terrace,1963,/film/the-terrace-1963/,https://letterboxd.com/will_llermo/list/tftlatinoamerica/detail,1
722,23,Return to the Nest,1938,/film/return-to-the-nest/,https://letterboxd.com/will_llermo/list/tftlatinoamerica/detail,1
723,24,The Battle of Chile: Part II,1976,/film/the-battle-of-chile-part-ii/,https://letterboxd.com/will_llermo/list/tftlatinoamerica/detail,1
724,25,Pure Blood,1982,/film/pure-blood-1982/,https://letterboxd.com/will_llermo/list/tftlatinoamerica/detail,1
725,1,Entranced Earth,1967,/film/entranced-earth/,https://letterboxd.com/explodingboy/list/tftlatam/detail,6
726,2,Pueblerina,1949,/film/pueblerina/,https://letterboxd.com/explodingboy/list/tftlatam/detail,5
727,3,Beyond Oblivion,1956,/film/beyond-oblivion/,https://letterboxd.com/explodingboy/list/tftlatam/detail,5
728,4,Twenty Years Later,1984,/film/twenty-years-later/,https://letterboxd.com/explodingboy/list/tftlatam/detail,5
729,5,The Battle of Chile: Part I,1975,/film/the-battle-of-chile-part-i/,https://letterboxd.com/explodingboy/list/tftlatam/detail,5
730,6,Autumn Days,1963,/film/autumn-days-1963/,https://letterboxd.com/explodingboy/list/tftlatam/detail,4
731,7,Pure Blood,1982,/film/pure-blood-1982/,https://letterboxd.com/explodingboy/list/tftlatam/detail,4
732,8,Él,1953,/film/el/,https://letterboxd.com/explodingboy/list/tftlatam/detail,4
733,9,The Passion of Berenice,1976,/film/the-passion-of-berenice/,https://letterboxd.com/explodingboy/list/tftlatam/detail,4
734,10,Longitud de Guerra,1976,/film/longitud-de-guerra/,https://letterboxd.com/explodingboy/list/tftlatam/detail,4
735,11,Rodrigo D. No Future,1990,/film/rodrigo-d-no-future/,https://letterboxd.com/explodingboy/list/tftlatam/detail,3
736,12,Memories of Underdevelopment,1968,/film/memories-of-underdevelopment/,https://letterboxd.com/explodingboy/list/tftlatam/detail,3
737,13,The Romance of Aniceto and Francisca,1967,/film/the-romance-of-aniceto-and-francisca/,https://letterboxd.com/explodingboy/list/tftlatam/detail,3
738,14,Fake Blonde,2007,/film/fake-blonde/,https://letterboxd.com/explodingboy/list/tftlatam/detail,3
739,15,O Canto da Saudade,1952,/film/o-canto-da-saudade/,https://letterboxd.com/explodingboy/list/tftlatam/detail,3
740,16,Spelling Love,1984,/film/spelling-love/,https://letterboxd.com/explodingboy/list/tftlatam/detail,2
741,17,Serpents of the Pirate Moon,1973,/film/serpents-of-the-pirate-moon/,https://letterboxd.com/explodingboy/list/tftlatam/detail,2
742,18,Inca de Oro,1996,/film/inca-de-oro/,https://letterboxd.com/explodingboy/list/tftlatam/detail,2
743,19,Dark Angel,1942,/film/dark-angel-1942/,https://letterboxd.com/explodingboy/list/tftlatam/detail,2
744,20,The Terrace,1963,/film/the-terrace-1963/,https://letterboxd.com/explodingboy/list/tftlatam/detail,2
745,21,Hardly a Criminal,1949,/film/hardly-a-criminal/,https://letterboxd.com/explodingboy/list/tftlatam/detail,1
746,22,Enough Praying,1972,/film/enough-praying/,https://letterboxd.com/explodingboy/list/tftlatam/detail,1
747,23,Ana and the Others,2003,/film/ana-and-the-others/,https://letterboxd.com/explodingboy/list/tftlatam/detail,1
748,24,Arroz con leche,1950,/film/arroz-con-leche/,https://letterboxd.com/explodingboy/list/tftlatam/detail,1
749,25,The Heights of Cumanday,1965,/film/the-heights-of-cumanday/,https://letterboxd.com/explodingboy/list/tftlatam/detail,1
750,1,Él,1953,/film/el/,https://letterboxd.com/manuelsanbai/list/tft-latam/detail,6
751,2,The Given Word,1962,/film/the-given-word/,https://letterboxd.com/manuelsanbai/list/tft-latam/detail,5
752,3,Black Wind,1965,/film/black-wind/,https://letterboxd.com/manuelsanbai/list/tft-latam/detail,5
753,4,The Other,1946,/film/the-other-1946/,https://letterboxd.com/manuelsanbai/list/tft-latam/detail,5
754,5,Rosaura at 10 O'Clock,1958,/film/rosaura-at-10-oclock/,https://letterboxd.com/manuelsanbai/list/tft-latam/detail,5
755,6,Two Monks,1934,/film/two-monks/,https://letterboxd.com/manuelsanbai/list/tft-latam/detail,4
756,7,Invasion,1969,/film/invasion-1969/,https://letterboxd.com/manuelsanbai/list/tft-latam/detail,4
757,8,Enamorada,1946,/film/enamorada/,https://letterboxd.com/manuelsanbai/list/tft-latam/detail,4
758,9,The Bitter Stems,1956,/film/the-bitter-stems/,https://letterboxd.com/manuelsanbai/list/tft-latam/detail,4
759,10,Limite,1931,/film/limite/,https://letterboxd.com/manuelsanbai/list/tft-latam/detail,4
760,11,Beyond Oblivion,1956,/film/beyond-oblivion/,https://letterboxd.com/manuelsanbai/list/tft-latam/detail,3
761,12,The Beast Must Die,1952,/film/the-beast-must-die-1952/,https://letterboxd.com/manuelsanbai/list/tft-latam/detail,3
762,13,The Official Story,1985,/film/the-official-story/,https://letterboxd.com/manuelsanbai/list/tft-latam/detail,3
763,14,A Place in the World,1992,/film/a-place-in-the-world/,https://letterboxd.com/manuelsanbai/list/tft-latam/detail,3
764,15,The Secret in Their Eyes,2009,/film/the-secret-in-their-eyes/,https://letterboxd.com/manuelsanbai/list/tft-latam/detail,3
765,16,The Dark Side of the Heart,1992,/film/the-dark-side-of-the-heart/,https://letterboxd.com/manuelsanbai/list/tft-latam/detail,2
766,17,Camila,1984,/film/camila/,https://letterboxd.com/manuelsanbai/list/tft-latam/detail,2
767,18,The Skeleton of Mrs. Morales,1960,/film/the-skeleton-of-mrs-morales/,https://letterboxd.com/manuelsanbai/list/tft-latam/detail,2
768,19,Hardly a Criminal,1949,/film/hardly-a-criminal/,https://letterboxd.com/manuelsanbai/list/tft-latam/detail,2
769,20,If I Should Die Before I Wake,1952,/film/if-i-should-die-before-i-wake-1952/,https://letterboxd.com/manuelsanbai/list/tft-latam/detail,2
770,21,"My Son, the Hero",1961,/film/my-son-the-hero-1961/,https://letterboxd.com/manuelsanbai/list/tft-latam/detail,1
771,22,The Dependent,1969,/film/the-dependent/,https://letterboxd.com/manuelsanbai/list/tft-latam/detail,1
772,23,Another Dawn,1943,/film/another-dawn-1943/,https://letterboxd.com/manuelsanbai/list/tft-latam/detail,1
773,24,Deep Crimson,1996,/film/deep-crimson/,https://letterboxd.com/manuelsanbai/list/tft-latam/detail,1
774,25,Amores Perros,2000,/film/amores-perros/,https://letterboxd.com/manuelsanbai/list/tft-latam/detail,1
775,1,Luz's Motives,1985,/film/luzs-motives/,https://letterboxd.com/alonsodvt/list/topfilmtuiter-latinoamerica-tftlatam/detail,6
776,2,Pueblerina,1949,/film/pueblerina/,https://letterboxd.com/alonsodvt/list/topfilmtuiter-latinoamerica-tftlatam/detail,5
777,3,Anacrusa,1979,/film/anacrusa-1979/,https://letterboxd.com/alonsodvt/list/topfilmtuiter-latinoamerica-tftlatam/detail,5
778,4,Greatest Hits,2012,/film/greatest-hits/,https://letterboxd.com/alonsodvt/list/topfilmtuiter-latinoamerica-tftlatam/detail,5
779,5,Untouched,1954,/film/untouched-1954/,https://letterboxd.com/alonsodvt/list/topfilmtuiter-latinoamerica-tftlatam/detail,5
780,6,Teat Monteok: The Tale of the God of Lightning,1985,/film/teat-monteok-the-tale-of-the-god-of-lightning/,https://letterboxd.com/alonsodvt/list/topfilmtuiter-latinoamerica-tftlatam/detail,4
781,7,Bitter Cane,1983,/film/bitter-cane/,https://letterboxd.com/alonsodvt/list/topfilmtuiter-latinoamerica-tftlatam/detail,4
782,8,Valentin de las Sierras,1968,/film/valentin-de-las-sierras/,https://letterboxd.com/alonsodvt/list/topfilmtuiter-latinoamerica-tftlatam/detail,4
783,9,Thresholds,1980,/film/thresholds/,https://letterboxd.com/alonsodvt/list/topfilmtuiter-latinoamerica-tftlatam/detail,4
784,10,The Mouth of the Wolf,1988,/film/the-mouth-of-the-wolf-1988/,https://letterboxd.com/alonsodvt/list/topfilmtuiter-latinoamerica-tftlatam/detail,4
785,11,"No Way, Spider",1970,/film/no-way-spider/,https://letterboxd.com/alonsodvt/list/topfilmtuiter-latinoamerica-tftlatam/detail,3
786,12,The Unscrupulous Ones,1962,/film/the-unscrupulous-ones/,https://letterboxd.com/alonsodvt/list/topfilmtuiter-latinoamerica-tftlatam/detail,3
787,13,Color,1955,/film/color-1955/,https://letterboxd.com/alonsodvt/list/topfilmtuiter-latinoamerica-tftlatam/detail,3
788,14,El Aleph,2005,/film/el-aleph/,https://letterboxd.com/alonsodvt/list/topfilmtuiter-latinoamerica-tftlatam/detail,3
789,15,Life Sentence,1979,/film/life-sentence-1979/,https://letterboxd.com/alonsodvt/list/topfilmtuiter-latinoamerica-tftlatam/detail,3
790,16,Maria of My Heart,1979,/film/maria-of-my-heart/,https://letterboxd.com/alonsodvt/list/topfilmtuiter-latinoamerica-tftlatam/detail,2
791,17,Serpents of the Pirate Moon,1973,/film/serpents-of-the-pirate-moon/,https://letterboxd.com/alonsodvt/list/topfilmtuiter-latinoamerica-tftlatam/detail,2
792,18,Escala en la ciudad,1935,/film/escala-en-la-ciudad/,https://letterboxd.com/alonsodvt/list/topfilmtuiter-latinoamerica-tftlatam/detail,2
793,19,One Hundred Children Waiting for a Train,1988,/film/one-hundred-children-waiting-for-a-train/,https://letterboxd.com/alonsodvt/list/topfilmtuiter-latinoamerica-tftlatam/detail,2
794,20,A Useful Life,2010,/film/a-useful-life/,https://letterboxd.com/alonsodvt/list/topfilmtuiter-latinoamerica-tftlatam/detail,2
795,21,Entranced Earth,1967,/film/entranced-earth/,https://letterboxd.com/alonsodvt/list/topfilmtuiter-latinoamerica-tftlatam/detail,1
796,22,One Way or Another,1975,/film/one-way-or-another-1975/,https://letterboxd.com/alonsodvt/list/topfilmtuiter-latinoamerica-tftlatam/detail,1
797,23,"Rio, Northern Zone",1957,/film/rio-northern-zone/,https://letterboxd.com/alonsodvt/list/topfilmtuiter-latinoamerica-tftlatam/detail,1
798,24,The Vampires of Poverty,1977,/film/the-vampires-of-poverty/,https://letterboxd.com/alonsodvt/list/topfilmtuiter-latinoamerica-tftlatam/detail,1
799,25,Blood of the Condor,1969,/film/blood-of-the-condor/,https://letterboxd.com/alonsodvt/list/topfilmtuiter-latinoamerica-tftlatam/detail,1
800,1,Limite,1931,/film/limite/,https://letterboxd.com/xzetaprobe/list/tftlatam/detail,6
801,2,The Hour of the Furnaces,1968,/film/the-hour-of-the-furnaces/,https://letterboxd.com/xzetaprobe/list/tftlatam/detail,5
802,3,Entranced Earth,1967,/film/entranced-earth/,https://letterboxd.com/xzetaprobe/list/tftlatam/detail,5
803,4,La Ciénaga,2001,/film/la-cienaga/,https://letterboxd.com/xzetaprobe/list/tftlatam/detail,5
804,5,This Night I'll Possess Your Corpse,1967,/film/this-night-ill-possess-your-corpse/,https://letterboxd.com/xzetaprobe/list/tftlatam/detail,5
805,6,Light in the Tropics,2020,/film/light-in-the-tropics/,https://letterboxd.com/xzetaprobe/list/tftlatam/detail,4
806,7,The Battle of Chile: Part I,1975,/film/the-battle-of-chile-part-i/,https://letterboxd.com/xzetaprobe/list/tftlatam/detail,4
807,8,Killed the Family and Went to the Movies,1969,/film/killed-the-family-and-went-to-the-movies-1969/,https://letterboxd.com/xzetaprobe/list/tftlatam/detail,4
808,9,brazil is thee haiti is (t)here,2020,/film/brazil-is-thee-haiti-is-there/,https://letterboxd.com/xzetaprobe/list/tftlatam/detail,4
809,10,Come Out,1971,/film/come-out/,https://letterboxd.com/xzetaprobe/list/tftlatam/detail,4
810,11,The Margin,1967,/film/the-margin/,https://letterboxd.com/xzetaprobe/list/tftlatam/detail,3
811,12,The Mansion of Madness,1973,/film/the-mansion-of-madness/,https://letterboxd.com/xzetaprobe/list/tftlatam/detail,3
812,13,Dry Ground Burning,2022,/film/dry-ground-burning/,https://letterboxd.com/xzetaprobe/list/tftlatam/detail,3
813,14,"Rio, 100 Degrees F°",1955,/film/rio-100-degrees-f/,https://letterboxd.com/xzetaprobe/list/tftlatam/detail,3
814,15,P3nd3jo5,2013,/film/p3nd3jo5/,https://letterboxd.com/xzetaprobe/list/tftlatam/detail,3
815,16,The Human Surge,2016,/film/the-human-surge/,https://letterboxd.com/xzetaprobe/list/tftlatam/detail,2
816,17,Lightning Dance,2018,/film/lightning-dance/,https://letterboxd.com/xzetaprobe/list/tftlatam/detail,2
817,18,Ventana,1975,/film/ventana/,https://letterboxd.com/xzetaprobe/list/tftlatam/detail,2
818,19,Popsicles,1984,/film/popsicles/,https://letterboxd.com/xzetaprobe/list/tftlatam/detail,2
819,20,La libertad,2001,/film/la-libertad/,https://letterboxd.com/xzetaprobe/list/tftlatam/detail,2
820,21,The Sun Quartet,2017,/film/the-sun-quartet/,https://letterboxd.com/xzetaprobe/list/tftlatam/detail,1
821,22,The Night,2016,/film/the-night-2016/,https://letterboxd.com/xzetaprobe/list/tftlatam/detail,1
822,23,The Wolf House,2018,/film/the-wolf-house/,https://letterboxd.com/xzetaprobe/list/tftlatam/detail,1
823,24,The Daughters of Fire,2018,/film/the-daughters-of-fire/,https://letterboxd.com/xzetaprobe/list/tftlatam/detail,1
824,25,Seven Years in May,2019,/film/seven-years-in-may/,https://letterboxd.com/xzetaprobe/list/tftlatam/detail,1
825,1,Habeas Corpus,1986,/film/habeas-corpus-1986/,https://letterboxd.com/mat25/list/topfilmtwitter-latinoamerica-tftlatam/detail,6
826,2,Silent Witnesses,2023,/film/silent-witnesses-2023/,https://letterboxd.com/mat25/list/topfilmtwitter-latinoamerica-tftlatam/detail,5
827,3,Fernando has Returned,1998,/film/fernando-has-returned/,https://letterboxd.com/mat25/list/topfilmtwitter-latinoamerica-tftlatam/detail,5
828,4,Casa Particular,1990,/film/casa-particular/,https://letterboxd.com/mat25/list/topfilmtwitter-latinoamerica-tftlatam/detail,5
829,5,Anacrusa,1979,/film/anacrusa-1979/,https://letterboxd.com/mat25/list/topfilmtwitter-latinoamerica-tftlatam/detail,5
830,6,Enamorada,1946,/film/enamorada/,https://letterboxd.com/mat25/list/topfilmtwitter-latinoamerica-tftlatam/detail,4
831,7,Tlayucan,1962,/film/tlayucan/,https://letterboxd.com/mat25/list/topfilmtwitter-latinoamerica-tftlatam/detail,4
832,8,The Heiresses,2018,/film/the-heiresses/,https://letterboxd.com/mat25/list/topfilmtwitter-latinoamerica-tftlatam/detail,4
833,9,Miss Mary,1986,/film/miss-mary/,https://letterboxd.com/mat25/list/topfilmtwitter-latinoamerica-tftlatam/detail,4
834,10,Camila,1984,/film/camila/,https://letterboxd.com/mat25/list/topfilmtwitter-latinoamerica-tftlatam/detail,4
835,11,"I, the Worst of All",1990,/film/i-the-worst-of-all/,https://letterboxd.com/mat25/list/topfilmtwitter-latinoamerica-tftlatam/detail,3
836,12,The Way He Looks,2014,/film/the-way-he-looks/,https://letterboxd.com/mat25/list/topfilmtwitter-latinoamerica-tftlatam/detail,3
837,13,The Strong Ones,2019,/film/the-strong-ones/,https://letterboxd.com/mat25/list/topfilmtwitter-latinoamerica-tftlatam/detail,3
838,14,Rosaura at 10 O'Clock,1958,/film/rosaura-at-10-oclock/,https://letterboxd.com/mat25/list/topfilmtwitter-latinoamerica-tftlatam/detail,3
839,15,The Beast Must Die,1952,/film/the-beast-must-die-1952/,https://letterboxd.com/mat25/list/topfilmtwitter-latinoamerica-tftlatam/detail,3
840,16,The Bitter Stems,1956,/film/the-bitter-stems/,https://letterboxd.com/mat25/list/topfilmtwitter-latinoamerica-tftlatam/detail,2
841,17,Prisoners of the Land,1939,/film/prisoners-of-the-land/,https://letterboxd.com/mat25/list/topfilmtwitter-latinoamerica-tftlatam/detail,2
842,18,Undertow,2009,/film/undertow-2009/,https://letterboxd.com/mat25/list/topfilmtwitter-latinoamerica-tftlatam/detail,2
843,19,Anhell69,2022,/film/anhell69/,https://letterboxd.com/mat25/list/topfilmtwitter-latinoamerica-tftlatam/detail,2
844,20,Improper Conduct,1984,/film/improper-conduct/,https://letterboxd.com/mat25/list/topfilmtwitter-latinoamerica-tftlatam/detail,2
845,21,Reina y Rey,1994,/film/reina-y-rey/,https://letterboxd.com/mat25/list/topfilmtwitter-latinoamerica-tftlatam/detail,1
846,22,Aquarius,2016,/film/aquarius/,https://letterboxd.com/mat25/list/topfilmtwitter-latinoamerica-tftlatam/detail,1
847,23,Retablo,2017,/film/retablo/,https://letterboxd.com/mat25/list/topfilmtwitter-latinoamerica-tftlatam/detail,1
848,24,Whisky,2004,/film/whisky/,https://letterboxd.com/mat25/list/topfilmtwitter-latinoamerica-tftlatam/detail,1
849,25,About Thirty,2023,/film/about-thirty/,https://letterboxd.com/mat25/list/topfilmtwitter-latinoamerica-tftlatam/detail,1
850,1,Extraordinary Stories,2008,/film/extraordinary-stories/,https://letterboxd.com/vareludo/list/tftlatam/detail,6
851,2,The Turning Wind,1962,/film/the-turning-wind/,https://letterboxd.com/vareludo/list/tftlatam/detail,5
852,3,Trenque Lauquen,2022,/film/trenque-lauquen/,https://letterboxd.com/vareludo/list/tftlatam/detail,5
853,4,Dark River,1952,/film/dark-river-1952/,https://letterboxd.com/vareludo/list/tftlatam/detail,5
854,5,Enamorada,1946,/film/enamorada/,https://letterboxd.com/vareludo/list/tftlatam/detail,5
855,6,The Holy Girl,2004,/film/the-holy-girl/,https://letterboxd.com/vareludo/list/tftlatam/detail,4
856,7,Él,1953,/film/el/,https://letterboxd.com/vareludo/list/tftlatam/detail,4
857,8,Pure Blood,1982,/film/pure-blood-1982/,https://letterboxd.com/vareludo/list/tftlatam/detail,4
858,9,The Age of the Earth,1980,/film/the-age-of-the-earth/,https://letterboxd.com/vareludo/list/tftlatam/detail,4
859,10,La Ciénaga,2001,/film/la-cienaga/,https://letterboxd.com/vareludo/list/tftlatam/detail,4
860,11,Araya,1959,/film/araya/,https://letterboxd.com/vareludo/list/tftlatam/detail,3
861,12,La Flor,2018,/film/la-flor/,https://letterboxd.com/vareludo/list/tftlatam/detail,3
862,13,Edad difícil,1956,/film/edad-dificil/,https://letterboxd.com/vareludo/list/tftlatam/detail,3
863,14,Nostalgia for the Light,2010,/film/nostalgia-for-the-light/,https://letterboxd.com/vareludo/list/tftlatam/detail,3
864,15,Limite,1931,/film/limite/,https://letterboxd.com/vareludo/list/tftlatam/detail,3
865,16,The Criminal Life of Archibaldo de la Cruz,1955,/film/the-criminal-life-of-archibaldo-de-la-cruz/,https://letterboxd.com/vareludo/list/tftlatam/detail,2
866,17,The Sidewalks of Saturn,1986,/film/the-sidewalks-of-saturn/,https://letterboxd.com/vareludo/list/tftlatam/detail,2
867,18,Time to Die,1966,/film/time-to-die-1966/,https://letterboxd.com/vareludo/list/tftlatam/detail,2
868,19,If I Should Die Before I Wake,1952,/film/if-i-should-die-before-i-wake-1952/,https://letterboxd.com/vareludo/list/tftlatam/detail,2
869,20,Macario,1960,/film/macario/,https://letterboxd.com/vareludo/list/tftlatam/detail,2
870,21,Embrace of the Serpent,2015,/film/embrace-of-the-serpent/,https://letterboxd.com/vareludo/list/tftlatam/detail,1
871,22,Jauja,2014,/film/jauja/,https://letterboxd.com/vareludo/list/tftlatam/detail,1
872,23,Altiplano,2018,/film/altiplano-2018/,https://letterboxd.com/vareludo/list/tftlatam/detail,1
873,24,The Delinquents,2023,/film/the-delinquents-2023/,https://letterboxd.com/vareludo/list/tftlatam/detail,1
874,25,The Great Movement,2021,/film/the-great-movement/,https://letterboxd.com/vareludo/list/tftlatam/detail,1
875,1,La Flor,2018,/film/la-flor/,https://letterboxd.com/marioquema/list/tftlatam/detail,6
876,2,Entranced Earth,1967,/film/entranced-earth/,https://letterboxd.com/marioquema/list/tftlatam/detail,5
877,3,Embrace of the Serpent,2015,/film/embrace-of-the-serpent/,https://letterboxd.com/marioquema/list/tftlatam/detail,5
878,4,Invisible Life,2019,/film/invisible-life/,https://letterboxd.com/marioquema/list/tftlatam/detail,5
879,5,Trenque Lauquen,2022,/film/trenque-lauquen/,https://letterboxd.com/marioquema/list/tftlatam/detail,5
880,6,Memories of Underdevelopment,1968,/film/memories-of-underdevelopment/,https://letterboxd.com/marioquema/list/tftlatam/detail,4
881,7,The Official Story,1985,/film/the-official-story/,https://letterboxd.com/marioquema/list/tftlatam/detail,4
882,8,Nine Queens,2000,/film/nine-queens/,https://letterboxd.com/marioquema/list/tftlatam/detail,4
883,9,Post Tenebras Lux,2012,/film/post-tenebras-lux/,https://letterboxd.com/marioquema/list/tftlatam/detail,4
884,10,Identifying Features,2020,/film/identifying-features/,https://letterboxd.com/marioquema/list/tftlatam/detail,4
885,11,The Battle of Chile: Part II,1976,/film/the-battle-of-chile-part-ii/,https://letterboxd.com/marioquema/list/tftlatam/detail,3
886,12,The Vampires of Poverty,1977,/film/the-vampires-of-poverty/,https://letterboxd.com/marioquema/list/tftlatam/detail,3
887,13,La libertad,2001,/film/la-libertad/,https://letterboxd.com/marioquema/list/tftlatam/detail,3
888,14,Whisky,2004,/film/whisky/,https://letterboxd.com/marioquema/list/tftlatam/detail,3
889,15,Boy & the World,2013,/film/boy-the-world/,https://letterboxd.com/marioquema/list/tftlatam/detail,3
890,16,Now!,1965,/film/now/,https://letterboxd.com/marioquema/list/tftlatam/detail,2
891,17,Rebellion in Patagonia,1974,/film/rebellion-in-patagonia/,https://letterboxd.com/marioquema/list/tftlatam/detail,2
892,18,Elite Squad: The Enemy Within,2010,/film/elite-squad-the-enemy-within/,https://letterboxd.com/marioquema/list/tftlatam/detail,2
893,19,The Great Movement,2021,/film/the-great-movement/,https://letterboxd.com/marioquema/list/tftlatam/detail,2
894,20,Our Land,2025,/film/our-land-2025-1/,https://letterboxd.com/marioquema/list/tftlatam/detail,2
895,21,Él,1953,/film/el/,https://letterboxd.com/marioquema/list/tftlatam/detail,1
896,22,Tango,1998,/film/tango-1998/,https://letterboxd.com/marioquema/list/tftlatam/detail,1
897,23,Bacurau,2019,/film/bacurau/,https://letterboxd.com/marioquema/list/tftlatam/detail,1
898,24,Memoria,2021,/film/memoria-2021/,https://letterboxd.com/marioquema/list/tftlatam/detail,1
899,25,"Under the Flags, the Sun",2025,/film/under-the-flags-the-sun/,https://letterboxd.com/marioquema/list/tftlatam/detail,1
900,1,Santa Sangre,1989,/film/santa-sangre/,https://letterboxd.com/fabiovg/list/tftlatam/detail,6
901,2,El Topo,1970,/film/el-topo/,https://letterboxd.com/fabiovg/list/tftlatam/detail,5
902,3,The Criminal Life of Archibaldo de la Cruz,1955,/film/the-criminal-life-of-archibaldo-de-la-cruz/,https://letterboxd.com/fabiovg/list/tftlatam/detail,5
903,4,The Holy Mountain,1973,/film/the-holy-mountain/,https://letterboxd.com/fabiovg/list/tftlatam/detail,5
904,5,The Dance of Reality,2013,/film/the-dance-of-reality/,https://letterboxd.com/fabiovg/list/tftlatam/detail,5
905,6,Post Tenebras Lux,2012,/film/post-tenebras-lux/,https://letterboxd.com/fabiovg/list/tftlatam/detail,4
906,7,Endless Poetry,2016,/film/endless-poetry/,https://letterboxd.com/fabiovg/list/tftlatam/detail,4
907,8,The Young and the Damned,1950,/film/the-young-and-the-damned/,https://letterboxd.com/fabiovg/list/tftlatam/detail,4
908,9,One Way or Another,1975,/film/one-way-or-another-1975/,https://letterboxd.com/fabiovg/list/tftlatam/detail,4
909,10,Death of a Bureaucrat,1966,/film/death-of-a-bureaucrat/,https://letterboxd.com/fabiovg/list/tftlatam/detail,4
910,11,Nazarín,1959,/film/nazarin/,https://letterboxd.com/fabiovg/list/tftlatam/detail,3
911,12,Buccaneer Soul,1993,/film/buccaneer-soul/,https://letterboxd.com/fabiovg/list/tftlatam/detail,3
912,13,The Age of the Earth,1980,/film/the-age-of-the-earth/,https://letterboxd.com/fabiovg/list/tftlatam/detail,3
913,14,Memories of Underdevelopment,1968,/film/memories-of-underdevelopment/,https://letterboxd.com/fabiovg/list/tftlatam/detail,3
914,15,Madagascar,1995,/film/madagascar-1995/,https://letterboxd.com/fabiovg/list/tftlatam/detail,3
915,16,Suite Habana,2003,/film/suite-habana/,https://letterboxd.com/fabiovg/list/tftlatam/detail,2
916,17,The South,1988,/film/the-south/,https://letterboxd.com/fabiovg/list/tftlatam/detail,2
917,18,"Rio, 100 Degrees F°",1955,/film/rio-100-degrees-f/,https://letterboxd.com/fabiovg/list/tftlatam/detail,2
918,19,Él,1953,/film/el/,https://letterboxd.com/fabiovg/list/tftlatam/detail,2
919,20,Castle of Purity,1972,/film/castle-of-purity/,https://letterboxd.com/fabiovg/list/tftlatam/detail,2
920,21,The Exterminating Angel,1962,/film/the-exterminating-angel/,https://letterboxd.com/fabiovg/list/tftlatam/detail,1
921,22,Autumn Days,1963,/film/autumn-days-1963/,https://letterboxd.com/fabiovg/list/tftlatam/detail,1
922,23,"São Paulo, Incorporated",1965,/film/sao-paulo-incorporated/,https://letterboxd.com/fabiovg/list/tftlatam/detail,1
923,24,The Amulet of Ogum,1974,/film/the-amulet-of-ogum/,https://letterboxd.com/fabiovg/list/tftlatam/detail,1
924,25,The Woman Who Invented Love,1980,/film/the-woman-who-invented-love/,https://letterboxd.com/fabiovg/list/tftlatam/detail,1
925,1,Entranced Earth,1967,/film/entranced-earth/,https://letterboxd.com/pele_alvaro/list/tft-latam/detail,6
926,2,Anselmo,1967,/film/anselmo/,https://letterboxd.com/pele_alvaro/list/tft-latam/detail,5
927,3,Anhell69,2022,/film/anhell69/,https://letterboxd.com/pele_alvaro/list/tft-latam/detail,5
928,4,Beyond Oblivion,1956,/film/beyond-oblivion/,https://letterboxd.com/pele_alvaro/list/tft-latam/detail,5
929,5,Cosas de mi vida,1976,/film/cosas-de-mi-vida/,https://letterboxd.com/pele_alvaro/list/tft-latam/detail,5
930,6,The Vampires of Poverty,1977,/film/the-vampires-of-poverty/,https://letterboxd.com/pele_alvaro/list/tft-latam/detail,4
931,7,Memories of Underdevelopment,1968,/film/memories-of-underdevelopment/,https://letterboxd.com/pele_alvaro/list/tft-latam/detail,4
932,8,Pinochet's Women,2005,/film/pinochets-women/,https://letterboxd.com/pele_alvaro/list/tft-latam/detail,4
933,9,One Hundred Children Waiting for a Train,1988,/film/one-hundred-children-waiting-for-a-train/,https://letterboxd.com/pele_alvaro/list/tft-latam/detail,4
934,10,Passacaglia and Fugue,1975,/film/passacaglia-and-fugue/,https://letterboxd.com/pele_alvaro/list/tft-latam/detail,4
935,11,Extraordinary Stories,2008,/film/extraordinary-stories/,https://letterboxd.com/pele_alvaro/list/tft-latam/detail,3
936,12,Vadi-Samvadi,1981,/film/vadi-samvadi/,https://letterboxd.com/pele_alvaro/list/tft-latam/detail,3
937,1,La Flor,2018,/film/la-flor/,https://letterboxd.com/guillehormigo/list/tftlatam/detail,6
938,2,The Terrace,1963,/film/the-terrace-1963/,https://letterboxd.com/guillehormigo/list/tftlatam/detail,5
939,3,Terminal Young,2023,/film/terminal-young/,https://letterboxd.com/guillehormigo/list/tftlatam/detail,5
940,4,Twenty Years Later,1984,/film/twenty-years-later/,https://letterboxd.com/guillehormigo/list/tftlatam/detail,5
941,5,The Battle of Chile: Part I,1975,/film/the-battle-of-chile-part-i/,https://letterboxd.com/guillehormigo/list/tftlatam/detail,5
942,6,About Thirty,2023,/film/about-thirty/,https://letterboxd.com/guillehormigo/list/tftlatam/detail,4
943,7,Nazarín,1959,/film/nazarin/,https://letterboxd.com/guillehormigo/list/tftlatam/detail,4
944,8,Silvia Prieto,1999,/film/silvia-prieto/,https://letterboxd.com/guillehormigo/list/tftlatam/detail,4
945,9,One Hundred Children Waiting for a Train,1988,/film/one-hundred-children-waiting-for-a-train/,https://letterboxd.com/guillehormigo/list/tftlatam/detail,4
946,10,The Age of the Earth,1980,/film/the-age-of-the-earth/,https://letterboxd.com/guillehormigo/list/tftlatam/detail,4
947,11,The Night Is Fading Away,2025,/film/the-night-is-fading-away/,https://letterboxd.com/guillehormigo/list/tftlatam/detail,3
948,12,Enamorada,1946,/film/enamorada/,https://letterboxd.com/guillehormigo/list/tftlatam/detail,3
949,13,Our Land,2025,/film/our-land-2025-1/,https://letterboxd.com/guillehormigo/list/tftlatam/detail,3
950,14,Paula contra la mitad más uno,1971,/film/paula-contra-la-mitad-mas-uno/,https://letterboxd.com/guillehormigo/list/tftlatam/detail,3
951,15,Invasion,1969,/film/invasion-1969/,https://letterboxd.com/guillehormigo/list/tftlatam/detail,3
952,16,The Delinquents,2023,/film/the-delinquents-2023/,https://letterboxd.com/guillehormigo/list/tftlatam/detail,2
953,17,Pinochet's Women,2005,/film/pinochets-women/,https://letterboxd.com/guillehormigo/list/tftlatam/detail,2
954,18,The Idea of a Lake,2016,/film/the-idea-of-a-lake/,https://letterboxd.com/guillehormigo/list/tftlatam/detail,2
955,19,Brasil,1981,/film/brasil/,https://letterboxd.com/guillehormigo/list/tftlatam/detail,2
956,20,Don't You Let Me Go,2024,/film/dont-you-let-me-go/,https://letterboxd.com/guillehormigo/list/tftlatam/detail,2
957,21,Juan: As If Nothing Ever Happened,1987,/film/juan-as-if-nothing-ever-happened/,https://letterboxd.com/guillehormigo/list/tftlatam/detail,1
958,22,Dialogues of the Exiles,1975,/film/dialogues-of-the-exiles/,https://letterboxd.com/guillehormigo/list/tftlatam/detail,1
959,23,Aniceto,2008,/film/aniceto/,https://letterboxd.com/guillehormigo/list/tftlatam/detail,1
960,24,One Way or Another,1975,/film/one-way-or-another-1975/,https://letterboxd.com/guillehormigo/list/tftlatam/detail,1
961,25,Fake Blonde,2007,/film/fake-blonde/,https://letterboxd.com/guillehormigo/list/tftlatam/detail,1
962,1,One Way or Another,1975,/film/one-way-or-another-1975/,https://letterboxd.com/heelena9/list/tft-cine-latinoamericano/detail,6
963,2,Memories of Underdevelopment,1968,/film/memories-of-underdevelopment/,https://letterboxd.com/heelena9/list/tft-cine-latinoamericano/detail,5
964,3,Entranced Earth,1967,/film/entranced-earth/,https://letterboxd.com/heelena9/list/tft-cine-latinoamericano/detail,5
965,4,Death of a Bureaucrat,1966,/film/death-of-a-bureaucrat/,https://letterboxd.com/heelena9/list/tft-cine-latinoamericano/detail,5
966,5,Now!,1965,/film/now/,https://letterboxd.com/heelena9/list/tft-cine-latinoamericano/detail,5
967,6,The Hour of the Furnaces,1968,/film/the-hour-of-the-furnaces/,https://letterboxd.com/heelena9/list/tft-cine-latinoamericano/detail,4
968,7,"Black God, White Devil",1964,/film/black-god-white-devil/,https://letterboxd.com/heelena9/list/tft-cine-latinoamericano/detail,4
969,8,Lucía,1968,/film/lucia/,https://letterboxd.com/heelena9/list/tft-cine-latinoamericano/detail,4
970,9,Stories of the Revolution,1960,/film/stories-of-the-revolution/,https://letterboxd.com/heelena9/list/tft-cine-latinoamericano/detail,4
971,10,Guanabacoa: Chronicle of My Family,1966,/film/guanabacoa-chronicle-of-my-family/,https://letterboxd.com/heelena9/list/tft-cine-latinoamericano/detail,4
972,11,I Am Cuba,1964,/film/i-am-cuba/,https://letterboxd.com/heelena9/list/tft-cine-latinoamericano/detail,3
973,12,The First Charge of the Machete,1969,/film/the-first-charge-of-the-machete/,https://letterboxd.com/heelena9/list/tft-cine-latinoamericano/detail,3
974,13,The Battle of Chile: Part III,1979,/film/the-battle-of-chile-part-iii/,https://letterboxd.com/heelena9/list/tft-cine-latinoamericano/detail,3
975,14,La Ciénaga,2001,/film/la-cienaga/,https://letterboxd.com/heelena9/list/tft-cine-latinoamericano/detail,3
976,15,The Last Supper,1976,/film/the-last-supper-1976/,https://letterboxd.com/heelena9/list/tft-cine-latinoamericano/detail,3
977,16,The Survivors,1979,/film/the-survivors-1979/,https://letterboxd.com/heelena9/list/tft-cine-latinoamericano/detail,2
978,17,The Battle of Chile: Part II,1976,/film/the-battle-of-chile-part-ii/,https://letterboxd.com/heelena9/list/tft-cine-latinoamericano/detail,2
979,18,Nostalgia for the Light,2010,/film/nostalgia-for-the-light/,https://letterboxd.com/heelena9/list/tft-cine-latinoamericano/detail,2
980,19,"Hanoi, Tuesday 13th",1968,/film/hanoi-tuesday-13th/,https://letterboxd.com/heelena9/list/tft-cine-latinoamericano/detail,2
981,20,Santa Sangre,1989,/film/santa-sangre/,https://letterboxd.com/heelena9/list/tft-cine-latinoamericano/detail,2
982,21,The Turning Wind,1962,/film/the-turning-wind/,https://letterboxd.com/heelena9/list/tft-cine-latinoamericano/detail,1
983,22,The Sand Dune,1955,/film/the-sand-dune-1955/,https://letterboxd.com/heelena9/list/tft-cine-latinoamericano/detail,1
984,23,I'm Going to Santiago,1964,/film/im-going-to-santiago/,https://letterboxd.com/heelena9/list/tft-cine-latinoamericano/detail,1
985,24,The Milk of Sorrow,2009,/film/the-milk-of-sorrow/,https://letterboxd.com/heelena9/list/tft-cine-latinoamericano/detail,1
986,25,I Am a Son of America,1972,/film/i-am-a-son-of-america/,https://letterboxd.com/heelena9/list/tft-cine-latinoamericano/detail,1
987,1,One Hundred Children Waiting for a Train,1988,/film/one-hundred-children-waiting-for-a-train/,https://letterboxd.com/albertomilano/list/tft-latinoamerica/detail,6
988,2,The Exterminating Angel,1962,/film/the-exterminating-angel/,https://letterboxd.com/albertomilano/list/tft-latinoamerica/detail,5
989,3,Death of a Bureaucrat,1966,/film/death-of-a-bureaucrat/,https://letterboxd.com/albertomilano/list/tft-latinoamerica/detail,5
990,4,Entranced Earth,1967,/film/entranced-earth/,https://letterboxd.com/albertomilano/list/tft-latinoamerica/detail,5
991,5,Araya,1959,/film/araya/,https://letterboxd.com/albertomilano/list/tft-latinoamerica/detail,5
992,6,Dreams of Ice,1994,/film/dreams-of-ice/,https://letterboxd.com/albertomilano/list/tft-latinoamerica/detail,4
993,7,Extraordinary Stories,2008,/film/extraordinary-stories/,https://letterboxd.com/albertomilano/list/tft-latinoamerica/detail,4
994,8,Memories of Underdevelopment,1968,/film/memories-of-underdevelopment/,https://letterboxd.com/albertomilano/list/tft-latinoamerica/detail,4
995,9,Juan: As If Nothing Ever Happened,1987,/film/juan-as-if-nothing-ever-happened/,https://letterboxd.com/albertomilano/list/tft-latinoamerica/detail,4
996,10,Arabian Coffee,1968,/film/arabian-coffee/,https://letterboxd.com/albertomilano/list/tft-latinoamerica/detail,4
997,11,Suite Habana,2003,/film/suite-habana/,https://letterboxd.com/albertomilano/list/tft-latinoamerica/detail,3
998,12,"São Paulo, a Metropolitan Symphony",1929,/film/sao-paulo-a-metropolitan-symphony/,https://letterboxd.com/albertomilano/list/tft-latinoamerica/detail,3
999,13,One Way or Another,1975,/film/one-way-or-another-1975/,https://letterboxd.com/albertomilano/list/tft-latinoamerica/detail,3
1000,14,Movie Dementia,1986,/film/movie-dementia/,https://letterboxd.com/albertomilano/list/tft-latinoamerica/detail,3
1001,15,Invasion,1969,/film/invasion-1969/,https://letterboxd.com/albertomilano/list/tft-latinoamerica/detail,3
1002,16,The Trial,2023,/film/the-trial-2023/,https://letterboxd.com/albertomilano/list/tft-latinoamerica/detail,2
1003,17,"Rio, Northern Zone",1957,/film/rio-northern-zone/,https://letterboxd.com/albertomilano/list/tft-latinoamerica/detail,2
1004,18,Beyond Oblivion,1956,/film/beyond-oblivion/,https://letterboxd.com/albertomilano/list/tft-latinoamerica/detail,2
1005,19,Edad difícil,1956,/film/edad-dificil/,https://letterboxd.com/albertomilano/list/tft-latinoamerica/detail,2
1006,20,The Bitter Stems,1956,/film/the-bitter-stems/,https://letterboxd.com/albertomilano/list/tft-latinoamerica/detail,2
1007,21,The Delinquents,2023,/film/the-delinquents-2023/,https://letterboxd.com/albertomilano/list/tft-latinoamerica/detail,1
1008,22,Mirage,1972,/film/mirage-1972/,https://letterboxd.com/albertomilano/list/tft-latinoamerica/detail,1
1009,23,Another Dawn,1943,/film/another-dawn-1943/,https://letterboxd.com/albertomilano/list/tft-latinoamerica/detail,1
1010,24,Memoirs of a Strangler of Blondes,1971,/film/memoirs-of-a-strangler-of-blondes/,https://letterboxd.com/albertomilano/list/tft-latinoamerica/detail,1
1011,25,The Secret in Their Eyes,2009,/film/the-secret-in-their-eyes/,https://letterboxd.com/albertomilano/list/tft-latinoamerica/detail,1
1012,1,The Secret Formula,1965,/film/the-secret-formula/,https://letterboxd.com/paula_arantzazu/list/tftlatam/detail,6
1013,2,Limite,1931,/film/limite/,https://letterboxd.com/paula_arantzazu/list/tftlatam/detail,5
1014,3,Él,1953,/film/el/,https://letterboxd.com/paula_arantzazu/list/tftlatam/detail,5
1015,4,The Deceased,1965,/film/the-deceased/,https://letterboxd.com/paula_arantzazu/list/tftlatam/detail,5
1016,5,Twenty Years Later,1984,/film/twenty-years-later/,https://letterboxd.com/paula_arantzazu/list/tftlatam/detail,5
1017,6,Little White Dove,1992,/film/little-white-dove/,https://letterboxd.com/paula_arantzazu/list/tftlatam/detail,4
1018,7,Araya,1959,/film/araya/,https://letterboxd.com/paula_arantzazu/list/tftlatam/detail,4
1019,8,Puchuncaví,2014,/film/puchuncavi/,https://letterboxd.com/paula_arantzazu/list/tftlatam/detail,4
1020,9,Spectrum Restoration,2022,/film/spectrum-restoration/,https://letterboxd.com/paula_arantzazu/list/tftlatam/detail,4
1021,10,Communiqué From Argentina,1978,/film/communique-from-argentina/,https://letterboxd.com/paula_arantzazu/list/tftlatam/detail,4
1022,11,No es por gusto,1981,/film/no-es-por-gusto/,https://letterboxd.com/paula_arantzazu/list/tftlatam/detail,3
1023,12,One Way or Another,1975,/film/one-way-or-another-1975/,https://letterboxd.com/paula_arantzazu/list/tftlatam/detail,3
1024,13,Now!,1965,/film/now/,https://letterboxd.com/paula_arantzazu/list/tftlatam/detail,3
1025,14,The Skeleton of Mrs. Morales,1960,/film/the-skeleton-of-mrs-morales/,https://letterboxd.com/paula_arantzazu/list/tftlatam/detail,3
1026,15,The Holy Girl,2004,/film/the-holy-girl/,https://letterboxd.com/paula_arantzazu/list/tftlatam/detail,3
1027,16,The Princess of France,2014,/film/the-princess-of-france/,https://letterboxd.com/paula_arantzazu/list/tftlatam/detail,2
1028,17,Jauja,2014,/film/jauja/,https://letterboxd.com/paula_arantzazu/list/tftlatam/detail,2
1029,18,Trenque Lauquen,2022,/film/trenque-lauquen/,https://letterboxd.com/paula_arantzazu/list/tftlatam/detail,2
1030,19,Retratos de Identificação,2014,/film/retratos-de-identificacao/,https://letterboxd.com/paula_arantzazu/list/tftlatam/detail,2
1031,20,History of Brazil,1974,/film/history-of-brazil/,https://letterboxd.com/paula_arantzazu/list/tftlatam/detail,2
1032,21,The Mandarin,1995,/film/the-mandarin-1995/,https://letterboxd.com/paula_arantzazu/list/tftlatam/detail,1
1033,22,Women Who Work,1938,/film/women-who-work/,https://letterboxd.com/paula_arantzazu/list/tftlatam/detail,1
1034,23,Serpents of the Pirate Moon,1973,/film/serpents-of-the-pirate-moon/,https://letterboxd.com/paula_arantzazu/list/tftlatam/detail,1
1035,24,Toponymy,2015,/film/toponymy/,https://letterboxd.com/paula_arantzazu/list/tftlatam/detail,1
1036,25,Pinochet and His Three Generals,2004,/film/pinochet-and-his-three-generals/,https://letterboxd.com/paula_arantzazu/list/tftlatam/detail,1
1037,1,Trenque Lauquen,2022,/film/trenque-lauquen/,https://letterboxd.com/juanky97/list/tft-latam/detail,6
1038,2,The Romance of Aniceto and Francisca,1967,/film/the-romance-of-aniceto-and-francisca/,https://letterboxd.com/juanky97/list/tft-latam/detail,5
1039,3,Enamorada,1946,/film/enamorada/,https://letterboxd.com/juanky97/list/tft-latam/detail,5
1040,4,Black Wind,1965,/film/black-wind/,https://letterboxd.com/juanky97/list/tft-latam/detail,5
1041,5,Él,1953,/film/el/,https://letterboxd.com/juanky97/list/tft-latam/detail,5
1042,6,Extraordinary Stories,2008,/film/extraordinary-stories/,https://letterboxd.com/juanky97/list/tft-latam/detail,4
1043,7,Juan: As If Nothing Ever Happened,1987,/film/juan-as-if-nothing-ever-happened/,https://letterboxd.com/juanky97/list/tft-latam/detail,4
1044,8,A-Dios,1989,/film/a-dios/,https://letterboxd.com/juanky97/list/tft-latam/detail,4
1045,9,Autumn Days,1963,/film/autumn-days-1963/,https://letterboxd.com/juanky97/list/tft-latam/detail,4
1046,10,Entranced Earth,1967,/film/entranced-earth/,https://letterboxd.com/juanky97/list/tft-latam/detail,4
1047,11,Memories of Underdevelopment,1968,/film/memories-of-underdevelopment/,https://letterboxd.com/juanky97/list/tft-latam/detail,3
1048,12,Desde la Habana ¡1969! Recordar,1969,/film/desde-la-habana-1969-recordar/,https://letterboxd.com/juanky97/list/tft-latam/detail,3
1049,13,Beyond Oblivion,1956,/film/beyond-oblivion/,https://letterboxd.com/juanky97/list/tft-latam/detail,3
1050,14,The Circus Cavalcade,1945,/film/the-circus-cavalcade/,https://letterboxd.com/juanky97/list/tft-latam/detail,3
1051,15,One Way or Another,1975,/film/one-way-or-another-1975/,https://letterboxd.com/juanky97/list/tft-latam/detail,3
1052,16,Altiplano,2018,/film/altiplano-2018/,https://letterboxd.com/juanky97/list/tft-latam/detail,2
1053,17,The Night Is Fading Away,2025,/film/the-night-is-fading-away/,https://letterboxd.com/juanky97/list/tft-latam/detail,2
1054,18,Pinochet's Women,2005,/film/pinochets-women/,https://letterboxd.com/juanky97/list/tft-latam/detail,2
1055,19,Zama,2017,/film/zama/,https://letterboxd.com/juanky97/list/tft-latam/detail,2
1056,20,Pure Blood,1982,/film/pure-blood-1982/,https://letterboxd.com/juanky97/list/tft-latam/detail,2
1057,21,"My Son, the Hero",1961,/film/my-son-the-hero-1961/,https://letterboxd.com/juanky97/list/tft-latam/detail,1
1058,22,Araya,1959,/film/araya/,https://letterboxd.com/juanky97/list/tft-latam/detail,1
1059,23,Embrace of the Serpent,2015,/film/embrace-of-the-serpent/,https://letterboxd.com/juanky97/list/tft-latam/detail,1
1060,24,The Vampires of Poverty,1977,/film/the-vampires-of-poverty/,https://letterboxd.com/juanky97/list/tft-latam/detail,1
1061,25,The Delinquents,2023,/film/the-delinquents-2023/,https://letterboxd.com/juanky97/list/tft-latam/detail,1
1062,1,Beyond Oblivion,1956,/film/beyond-oblivion/,https://letterboxd.com/danielquinn/list/tftlatam/detail,6
1063,2,The Criminal Life of Archibaldo de la Cruz,1955,/film/the-criminal-life-of-archibaldo-de-la-cruz/,https://letterboxd.com/danielquinn/list/tftlatam/detail,5
1064,3,Extraordinary Stories,2008,/film/extraordinary-stories/,https://letterboxd.com/danielquinn/list/tftlatam/detail,5
1065,4,A Family Like Many Others,1949,/film/a-family-like-many-others/,https://letterboxd.com/danielquinn/list/tftlatam/detail,5
1066,5,Autumn Days,1963,/film/autumn-days-1963/,https://letterboxd.com/danielquinn/list/tftlatam/detail,5
1067,6,The Boy and the Wind,1967,/film/the-boy-and-the-wind/,https://letterboxd.com/danielquinn/list/tftlatam/detail,4
1068,7,Arroz con leche,1950,/film/arroz-con-leche/,https://letterboxd.com/danielquinn/list/tftlatam/detail,4
1069,8,The Net,1953,/film/the-net-1953-1/,https://letterboxd.com/danielquinn/list/tftlatam/detail,4
1070,9,The Hand in the Trap,1961,/film/the-hand-in-the-trap/,https://letterboxd.com/danielquinn/list/tftlatam/detail,4
1071,10,Memories of Underdevelopment,1968,/film/memories-of-underdevelopment/,https://letterboxd.com/danielquinn/list/tftlatam/detail,4
1072,11,Entranced Earth,1967,/film/entranced-earth/,https://letterboxd.com/danielquinn/list/tftlatam/detail,3
1073,12,Another Dawn,1943,/film/another-dawn-1943/,https://letterboxd.com/danielquinn/list/tftlatam/detail,3
1074,13,Women Who Work,1938,/film/women-who-work/,https://letterboxd.com/danielquinn/list/tftlatam/detail,3
1075,14,Nobody's Wife,1982,/film/nobodys-wife/,https://letterboxd.com/danielquinn/list/tftlatam/detail,3
1076,15,Rosaura at 10 O'Clock,1958,/film/rosaura-at-10-oclock/,https://letterboxd.com/danielquinn/list/tftlatam/detail,3
1077,16,Trenque Lauquen,2022,/film/trenque-lauquen/,https://letterboxd.com/danielquinn/list/tftlatam/detail,2
1078,17,Odd Number,1962,/film/odd-number/,https://letterboxd.com/danielquinn/list/tftlatam/detail,2
1079,18,Juan: As If Nothing Ever Happened,1987,/film/juan-as-if-nothing-ever-happened/,https://letterboxd.com/danielquinn/list/tftlatam/detail,2
1080,19,Araya,1959,/film/araya/,https://letterboxd.com/danielquinn/list/tftlatam/detail,2
1081,20,Arabian Coffee,1968,/film/arabian-coffee/,https://letterboxd.com/danielquinn/list/tftlatam/detail,2
1082,21,Back to Stay,2011,/film/back-to-stay/,https://letterboxd.com/danielquinn/list/tftlatam/detail,1
1083,22,"Rio, Northern Zone",1957,/film/rio-northern-zone/,https://letterboxd.com/danielquinn/list/tftlatam/detail,1
1084,23,Viola,2012,/film/viola/,https://letterboxd.com/danielquinn/list/tftlatam/detail,1
1085,24,Pinochet's Women,2005,/film/pinochets-women/,https://letterboxd.com/danielquinn/list/tftlatam/detail,1
1086,25,And So It Is,1966,/film/and-so-it-is/,https://letterboxd.com/danielquinn/list/tftlatam/detail,1
1087,1,The Young and the Damned,1950,/film/the-young-and-the-damned/,https://letterboxd.com/simonsds/list/borrador-tftlatam/detail,6
1088,2,The Beginning and the End,1993,/film/the-beginning-and-the-end/,https://letterboxd.com/simonsds/list/borrador-tftlatam/detail,5
1089,3,La Ciénaga,2001,/film/la-cienaga/,https://letterboxd.com/simonsds/list/borrador-tftlatam/detail,5
1090,4,The Place Without Limits,1978,/film/the-place-without-limits/,https://letterboxd.com/simonsds/list/borrador-tftlatam/detail,5
1091,5,Japón,2002,/film/japon/,https://letterboxd.com/simonsds/list/borrador-tftlatam/detail,5
1092,6,La Flor,2018,/film/la-flor/,https://letterboxd.com/simonsds/list/borrador-tftlatam/detail,4
1093,7,The Secret Agent,2025,/film/the-secret-agent-2025/,https://letterboxd.com/simonsds/list/borrador-tftlatam/detail,4
1094,8,Neruda,2016,/film/neruda-2016/,https://letterboxd.com/simonsds/list/borrador-tftlatam/detail,4
1095,9,Cronos,1992,/film/cronos/,https://letterboxd.com/simonsds/list/borrador-tftlatam/detail,4
1096,10,Roma,2018,/film/roma-2018/,https://letterboxd.com/simonsds/list/borrador-tftlatam/detail,4
1097,11,The Mole Agent,2020,/film/the-mole-agent/,https://letterboxd.com/simonsds/list/borrador-tftlatam/detail,3
1098,12,The Brute,1953,/film/the-brute/,https://letterboxd.com/simonsds/list/borrador-tftlatam/detail,3
1099,13,Deep Crimson,1996,/film/deep-crimson/,https://letterboxd.com/simonsds/list/borrador-tftlatam/detail,3
1100,14,Maria Candelaria,1944,/film/maria-candelaria/,https://letterboxd.com/simonsds/list/borrador-tftlatam/detail,3
1101,15,The Exterminating Angel,1962,/film/the-exterminating-angel/,https://letterboxd.com/simonsds/list/borrador-tftlatam/detail,3
1102,16,Silent Light,2007,/film/silent-light/,https://letterboxd.com/simonsds/list/borrador-tftlatam/detail,2
1103,17,The Realm of Fortune,1986,/film/the-realm-of-fortune/,https://letterboxd.com/simonsds/list/borrador-tftlatam/detail,2
1104,18,Central Station,1998,/film/central-station/,https://letterboxd.com/simonsds/list/borrador-tftlatam/detail,2
1105,19,Whisky,2004,/film/whisky/,https://letterboxd.com/simonsds/list/borrador-tftlatam/detail,2
1106,20,Martin (Hache),1997,/film/martin-hache/,https://letterboxd.com/simonsds/list/borrador-tftlatam/detail,2
1107,21,From Afar,2015,/film/from-afar/,https://letterboxd.com/simonsds/list/borrador-tftlatam/detail,1
1108,22,The Apostate,2015,/film/the-apostate-2015/,https://letterboxd.com/simonsds/list/borrador-tftlatam/detail,1
1109,23,I Am Not Your Negro,2016,/film/i-am-not-your-negro/,https://letterboxd.com/simonsds/list/borrador-tftlatam/detail,1
1110,24,A Poet,2025,/film/a-poet/,https://letterboxd.com/simonsds/list/borrador-tftlatam/detail,1
1111,25,Victims of Sin,1951,/film/victims-of-sin/,https://letterboxd.com/simonsds/list/borrador-tftlatam/detail,1
1112,1,Él,1953,/film/el/,https://letterboxd.com/rachelmygod/list/tftlatam/detail,6
1113,2,Autumn Days,1963,/film/autumn-days-1963/,https://letterboxd.com/rachelmygod/list/tftlatam/detail,5
1114,3,Beyond Oblivion,1956,/film/beyond-oblivion/,https://letterboxd.com/rachelmygod/list/tftlatam/detail,5
1115,4,Enamorada,1946,/film/enamorada/,https://letterboxd.com/rachelmygod/list/tftlatam/detail,5
1116,5,Entranced Earth,1967,/film/entranced-earth/,https://letterboxd.com/rachelmygod/list/tftlatam/detail,5
1117,6,A Family Like Many Others,1949,/film/a-family-like-many-others/,https://letterboxd.com/rachelmygod/list/tftlatam/detail,4
1118,7,Invasion,1969,/film/invasion-1969/,https://letterboxd.com/rachelmygod/list/tftlatam/detail,4
1119,8,Pure Blood,1982,/film/pure-blood-1982/,https://letterboxd.com/rachelmygod/list/tftlatam/detail,4
1120,9,Arroz con leche,1950,/film/arroz-con-leche/,https://letterboxd.com/rachelmygod/list/tftlatam/detail,4
1121,10,The Passion of Berenice,1976,/film/the-passion-of-berenice/,https://letterboxd.com/rachelmygod/list/tftlatam/detail,4
1122,11,Never Open That Door,1952,/film/never-open-that-door/,https://letterboxd.com/rachelmygod/list/tftlatam/detail,3
1123,12,Metal and Melancholy,1994,/film/metal-and-melancholy/,https://letterboxd.com/rachelmygod/list/tftlatam/detail,3
1124,13,Limite,1931,/film/limite/,https://letterboxd.com/rachelmygod/list/tftlatam/detail,3
1125,14,Twenty Years Later,1984,/film/twenty-years-later/,https://letterboxd.com/rachelmygod/list/tftlatam/detail,3
1126,15,Juan: As If Nothing Ever Happened,1987,/film/juan-as-if-nothing-ever-happened/,https://letterboxd.com/rachelmygod/list/tftlatam/detail,3
1127,16,The Terrace,1963,/film/the-terrace-1963/,https://letterboxd.com/rachelmygod/list/tftlatam/detail,2
1128,17,Edad difícil,1956,/film/edad-dificil/,https://letterboxd.com/rachelmygod/list/tftlatam/detail,2
1129,18,Aventurera,1950,/film/aventurera/,https://letterboxd.com/rachelmygod/list/tftlatam/detail,2
1130,19,The Red Light Bandit,1968,/film/the-red-light-bandit/,https://letterboxd.com/rachelmygod/list/tftlatam/detail,2
1131,20,Death of a Bureaucrat,1966,/film/death-of-a-bureaucrat/,https://letterboxd.com/rachelmygod/list/tftlatam/detail,2
1132,21,Two Monks,1934,/film/two-monks/,https://letterboxd.com/rachelmygod/list/tftlatam/detail,1
1133,22,The Beast Must Die,1952,/film/the-beast-must-die-1952/,https://letterboxd.com/rachelmygod/list/tftlatam/detail,1
1134,23,"São Paulo, Incorporated",1965,/film/sao-paulo-incorporated/,https://letterboxd.com/rachelmygod/list/tftlatam/detail,1
1135,24,The South,1988,/film/the-south/,https://letterboxd.com/rachelmygod/list/tftlatam/detail,1
1136,25,Odd Number,1962,/film/odd-number/,https://letterboxd.com/rachelmygod/list/tftlatam/detail,1
1137,1,Nazarín,1959,/film/nazarin/,https://letterboxd.com/jal90/list/tftlatam-1/detail,6
1138,2,The Secret in Their Eyes,2009,/film/the-secret-in-their-eyes/,https://letterboxd.com/jal90/list/tftlatam-1/detail,5
1139,3,Él,1953,/film/el/,https://letterboxd.com/jal90/list/tftlatam-1/detail,5
1140,4,Araya,1959,/film/araya/,https://letterboxd.com/jal90/list/tftlatam-1/detail,5
1141,5,The Dependent,1969,/film/the-dependent/,https://letterboxd.com/jal90/list/tftlatam-1/detail,5
1142,6,Macario,1960,/film/macario/,https://letterboxd.com/jal90/list/tftlatam-1/detail,4
1143,7,City of God,2002,/film/city-of-god/,https://letterboxd.com/jal90/list/tftlatam-1/detail,4
1144,8,Rosaura at 10 O'Clock,1958,/film/rosaura-at-10-oclock/,https://letterboxd.com/jal90/list/tftlatam-1/detail,4
1145,9,The Skeleton of Mrs. Morales,1960,/film/the-skeleton-of-mrs-morales/,https://letterboxd.com/jal90/list/tftlatam-1/detail,4
1146,10,Pixote,1980,/film/pixote/,https://letterboxd.com/jal90/list/tftlatam-1/detail,4
1147,11,The Wolf House,2018,/film/the-wolf-house/,https://letterboxd.com/jal90/list/tftlatam-1/detail,3
1148,12,Aventurera,1950,/film/aventurera/,https://letterboxd.com/jal90/list/tftlatam-1/detail,3
1149,13,The Exterminating Angel,1962,/film/the-exterminating-angel/,https://letterboxd.com/jal90/list/tftlatam-1/detail,3
1150,14,The Criminal Life of Archibaldo de la Cruz,1955,/film/the-criminal-life-of-archibaldo-de-la-cruz/,https://letterboxd.com/jal90/list/tftlatam-1/detail,3
1151,15,¡Que vivan los crotos!,1990,/film/que-vivan-los-crotos/,https://letterboxd.com/jal90/list/tftlatam-1/detail,3
1152,16,Death of a Bureaucrat,1966,/film/death-of-a-bureaucrat/,https://letterboxd.com/jal90/list/tftlatam-1/detail,2
1153,17,Wild Tales,2014,/film/wild-tales/,https://letterboxd.com/jal90/list/tftlatam-1/detail,2
1154,18,Juan Moreira,1973,/film/juan-moreira/,https://letterboxd.com/jal90/list/tftlatam-1/detail,2
1155,19,Wild Flower,1943,/film/wild-flower-1943/,https://letterboxd.com/jal90/list/tftlatam-1/detail,2
1156,20,Kuntur Wachana,1977,/film/kuntur-wachana/,https://letterboxd.com/jal90/list/tftlatam-1/detail,2
1157,21,Kiss of the Spider Woman,1985,/film/kiss-of-the-spider-woman/,https://letterboxd.com/jal90/list/tftlatam-1/detail,1
1158,22,The Bitter Stems,1956,/film/the-bitter-stems/,https://letterboxd.com/jal90/list/tftlatam-1/detail,1
1159,23,The Last Supper,1976,/film/the-last-supper-1976/,https://letterboxd.com/jal90/list/tftlatam-1/detail,1
1160,24,Vampires in Havana,1985,/film/vampires-in-havana/,https://letterboxd.com/jal90/list/tftlatam-1/detail,1
1161,25,Blood of the Condor,1969,/film/blood-of-the-condor/,https://letterboxd.com/jal90/list/tftlatam-1/detail,1
1162,1,Entranced Earth,1967,/film/entranced-earth/,https://letterboxd.com/ninotchka/list/tftlatam/detail,6
1163,2,Movie Dementia,1986,/film/movie-dementia/,https://letterboxd.com/ninotchka/list/tftlatam/detail,5
1164,3,Enamorada,1946,/film/enamorada/,https://letterboxd.com/ninotchka/list/tftlatam/detail,5
1165,4,Él,1953,/film/el/,https://letterboxd.com/ninotchka/list/tftlatam/detail,5
1166,5,"Rio, Northern Zone",1957,/film/rio-northern-zone/,https://letterboxd.com/ninotchka/list/tftlatam/detail,5
1167,6,Araya,1959,/film/araya/,https://letterboxd.com/ninotchka/list/tftlatam/detail,4
1168,7,Metal and Melancholy,1994,/film/metal-and-melancholy/,https://letterboxd.com/ninotchka/list/tftlatam/detail,4
1169,8,One Way or Another,1975,/film/one-way-or-another-1975/,https://letterboxd.com/ninotchka/list/tftlatam/detail,4
1170,9,Spelling Love,1984,/film/spelling-love/,https://letterboxd.com/ninotchka/list/tftlatam/detail,4
1171,10,Pueblerina,1949,/film/pueblerina/,https://letterboxd.com/ninotchka/list/tftlatam/detail,4
1172,11,Twenty Years Later,1984,/film/twenty-years-later/,https://letterboxd.com/ninotchka/list/tftlatam/detail,3
1173,12,Memories of Underdevelopment,1968,/film/memories-of-underdevelopment/,https://letterboxd.com/ninotchka/list/tftlatam/detail,3
1174,13,To the Left of the Father,2001,/film/to-the-left-of-the-father/,https://letterboxd.com/ninotchka/list/tftlatam/detail,3
1175,14,Mirage,1972,/film/mirage-1972/,https://letterboxd.com/ninotchka/list/tftlatam/detail,3
1176,15,Surcos de sangre,1950,/film/surcos-de-sangre/,https://letterboxd.com/ninotchka/list/tftlatam/detail,3
1177,16,"Safo, historia de una pasión",1943,/film/safo-historia-de-una-pasion/,https://letterboxd.com/ninotchka/list/tftlatam/detail,2
1178,17,La calesita,1963,/film/la-calesita/,https://letterboxd.com/ninotchka/list/tftlatam/detail,2
1179,18,Johnny Chicano,1981,/film/johnny-chicano/,https://letterboxd.com/ninotchka/list/tftlatam/detail,2
1180,19,Traveller,1998,/film/traveller-1998/,https://letterboxd.com/ninotchka/list/tftlatam/detail,2
1181,20,Brief Heaven,1969,/film/brief-heaven/,https://letterboxd.com/ninotchka/list/tftlatam/detail,2
1182,21,Crosses Over the Wasteland,1967,/film/crosses-over-the-wasteland/,https://letterboxd.com/ninotchka/list/tftlatam/detail,1
1183,22,Extraordinary Stories,2008,/film/extraordinary-stories/,https://letterboxd.com/ninotchka/list/tftlatam/detail,1
1184,23,"No Way, Spider",1970,/film/no-way-spider/,https://letterboxd.com/ninotchka/list/tftlatam/detail,1
1185,24,The South,1988,/film/the-south/,https://letterboxd.com/ninotchka/list/tftlatam/detail,1
1186,25,The Circus Cavalcade,1945,/film/the-circus-cavalcade/,https://letterboxd.com/ninotchka/list/tftlatam/detail,1
1187,1,Twenty Years Later,1984,/film/twenty-years-later/,https://letterboxd.com/bracero/list/tftlatam/detail,6
1188,2,Entranced Earth,1967,/film/entranced-earth/,https://letterboxd.com/bracero/list/tftlatam/detail,5
1189,3,The Exterminating Angel,1962,/film/the-exterminating-angel/,https://letterboxd.com/bracero/list/tftlatam/detail,5
1190,4,Limite,1931,/film/limite/,https://letterboxd.com/bracero/list/tftlatam/detail,5
1191,5,Extraordinary Stories,2008,/film/extraordinary-stories/,https://letterboxd.com/bracero/list/tftlatam/detail,5
1192,6,The Guns,1964,/film/the-guns/,https://letterboxd.com/bracero/list/tftlatam/detail,4
1193,7,Shark Hunters,1963,/film/shark-hunters/,https://letterboxd.com/bracero/list/tftlatam/detail,4
1194,8,The Battle of Chile: Part II,1976,/film/the-battle-of-chile-part-ii/,https://letterboxd.com/bracero/list/tftlatam/detail,4
1195,9,Enamorada,1946,/film/enamorada/,https://letterboxd.com/bracero/list/tftlatam/detail,4
1196,10,The Hour of the Furnaces,1968,/film/the-hour-of-the-furnaces/,https://letterboxd.com/bracero/list/tftlatam/detail,4
1197,11,Valparaiso,1963,/film/valparaiso-1963/,https://letterboxd.com/bracero/list/tftlatam/detail,3
1198,12,Los Muertos,2004,/film/los-muertos-2004/,https://letterboxd.com/bracero/list/tftlatam/detail,3
1199,13,And So It Is,1966,/film/and-so-it-is/,https://letterboxd.com/bracero/list/tftlatam/detail,3
1200,14,The Wave,1936,/film/the-wave-1936/,https://letterboxd.com/bracero/list/tftlatam/detail,3
1201,15,Now!,1965,/film/now/,https://letterboxd.com/bracero/list/tftlatam/detail,3
1202,16,One Way or Another,1975,/film/one-way-or-another-1975/,https://letterboxd.com/bracero/list/tftlatam/detail,2
1203,17,Memories of Underdevelopment,1968,/film/memories-of-underdevelopment/,https://letterboxd.com/bracero/list/tftlatam/detail,2
1204,18,The Bricklayers,1976,/film/the-bricklayers/,https://letterboxd.com/bracero/list/tftlatam/detail,2
1205,19,Barren Lives,1963,/film/barren-lives/,https://letterboxd.com/bracero/list/tftlatam/detail,2
1206,20,Beyond Oblivion,1956,/film/beyond-oblivion/,https://letterboxd.com/bracero/list/tftlatam/detail,2
1207,21,Amores Perros,2000,/film/amores-perros/,https://letterboxd.com/bracero/list/tftlatam/detail,1
1208,22,The Terrace,1963,/film/the-terrace-1963/,https://letterboxd.com/bracero/list/tftlatam/detail,1
1209,23,Runan Caycu,1973,/film/runan-caycu/,https://letterboxd.com/bracero/list/tftlatam/detail,1
1210,24,If I Should Die Before I Wake,1952,/film/if-i-should-die-before-i-wake-1952/,https://letterboxd.com/bracero/list/tftlatam/detail,1
1211,25,Post Tenebras Lux,2012,/film/post-tenebras-lux/,https://letterboxd.com/bracero/list/tftlatam/detail,1
1212,1,Entranced Earth,1967,/film/entranced-earth/,https://letterboxd.com/genzai_2/list/top-25-tft-latam/detail,6
1213,2,Limite,1931,/film/limite/,https://letterboxd.com/genzai_2/list/top-25-tft-latam/detail,5
1214,3,Chronicle of a Boy Alone,1965,/film/chronicle-of-a-boy-alone/,https://letterboxd.com/genzai_2/list/top-25-tft-latam/detail,5
1215,4,The Criminal Life of Archibaldo de la Cruz,1955,/film/the-criminal-life-of-archibaldo-de-la-cruz/,https://letterboxd.com/genzai_2/list/top-25-tft-latam/detail,5
1216,5,The Terrace,1963,/film/the-terrace-1963/,https://letterboxd.com/genzai_2/list/top-25-tft-latam/detail,5
1217,6,One Hundred Children Waiting for a Train,1988,/film/one-hundred-children-waiting-for-a-train/,https://letterboxd.com/genzai_2/list/top-25-tft-latam/detail,4
1218,7,The Margin,1967,/film/the-margin/,https://letterboxd.com/genzai_2/list/top-25-tft-latam/detail,4
1219,8,Black Wind,1965,/film/black-wind/,https://letterboxd.com/genzai_2/list/top-25-tft-latam/detail,4
1220,9,Trenque Lauquen,2022,/film/trenque-lauquen/,https://letterboxd.com/genzai_2/list/top-25-tft-latam/detail,4
1221,10,"Rio, 100 Degrees F°",1955,/film/rio-100-degrees-f/,https://letterboxd.com/genzai_2/list/top-25-tft-latam/detail,4
1222,11,Crosses Over the Wasteland,1967,/film/crosses-over-the-wasteland/,https://letterboxd.com/genzai_2/list/top-25-tft-latam/detail,3
1223,12,La Flor,2018,/film/la-flor/,https://letterboxd.com/genzai_2/list/top-25-tft-latam/detail,3
1224,13,Playing,2007,/film/playing/,https://letterboxd.com/genzai_2/list/top-25-tft-latam/detail,3
1225,14,Shark Hunters,1963,/film/shark-hunters/,https://letterboxd.com/genzai_2/list/top-25-tft-latam/detail,3
1226,15,Litoral,2008,/film/litoral-2008/,https://letterboxd.com/genzai_2/list/top-25-tft-latam/detail,3
1227,16,The Option,1981,/film/the-option/,https://letterboxd.com/genzai_2/list/top-25-tft-latam/detail,2
1228,17,Autumn Days,1963,/film/autumn-days-1963/,https://letterboxd.com/genzai_2/list/top-25-tft-latam/detail,2
1229,18,Juan: As If Nothing Ever Happened,1987,/film/juan-as-if-nothing-ever-happened/,https://letterboxd.com/genzai_2/list/top-25-tft-latam/detail,2
1230,19,Passacaglia and Fugue,1975,/film/passacaglia-and-fugue/,https://letterboxd.com/genzai_2/list/top-25-tft-latam/detail,2
1231,20,Hidden River,1948,/film/hidden-river-1948/,https://letterboxd.com/genzai_2/list/top-25-tft-latam/detail,2
1232,21,The Bitter Stems,1956,/film/the-bitter-stems/,https://letterboxd.com/genzai_2/list/top-25-tft-latam/detail,1
1233,22,A-Dios,1989,/film/a-dios/,https://letterboxd.com/genzai_2/list/top-25-tft-latam/detail,1
1234,23,Two Monks,1934,/film/two-monks/,https://letterboxd.com/genzai_2/list/top-25-tft-latam/detail,1
1235,24,Never Open That Door,1952,/film/never-open-that-door/,https://letterboxd.com/genzai_2/list/top-25-tft-latam/detail,1
1236,25,The Sun Quartet,2017,/film/the-sun-quartet/,https://letterboxd.com/genzai_2/list/top-25-tft-latam/detail,1
1237,1,Entranced Earth,1967,/film/entranced-earth/,https://letterboxd.com/migblah/list/tft-latinoamerica/detail,6
1238,2,Él,1953,/film/el/,https://letterboxd.com/migblah/list/tft-latinoamerica/detail,5
1239,3,Wild Flower,1943,/film/wild-flower-1943/,https://letterboxd.com/migblah/list/tft-latinoamerica/detail,5
1240,4,Araya,1959,/film/araya/,https://letterboxd.com/migblah/list/tft-latinoamerica/detail,5
1241,5,Allá en el Rancho Grande,1936,/film/alla-en-el-rancho-grande/,https://letterboxd.com/migblah/list/tft-latinoamerica/detail,5
1242,6,Story of a Great Love,1942,/film/story-of-a-great-love/,https://letterboxd.com/migblah/list/tft-latinoamerica/detail,4
1243,7,One Way or Another,1975,/film/one-way-or-another-1975/,https://letterboxd.com/migblah/list/tft-latinoamerica/detail,4
1244,8,Bordando la frontera,1986,/film/bordando-la-frontera/,https://letterboxd.com/migblah/list/tft-latinoamerica/detail,4
1245,9,The Romance of Aniceto and Francisca,1967,/film/the-romance-of-aniceto-and-francisca/,https://letterboxd.com/migblah/list/tft-latinoamerica/detail,4
1246,10,Intimidad de los parques,1965,/film/intimidad-de-los-parques/,https://letterboxd.com/migblah/list/tft-latinoamerica/detail,4
1247,11,Invasion,1969,/film/invasion-1969/,https://letterboxd.com/migblah/list/tft-latinoamerica/detail,3
1248,12,Colombia 70,1970,/film/colombia-70/,https://letterboxd.com/migblah/list/tft-latinoamerica/detail,3
1249,13,Pure Blood,1982,/film/pure-blood-1982/,https://letterboxd.com/migblah/list/tft-latinoamerica/detail,3
1250,14,Silvia Prieto,1999,/film/silvia-prieto/,https://letterboxd.com/migblah/list/tft-latinoamerica/detail,3
1251,15,Rough Gang,1933,/film/rough-gang/,https://letterboxd.com/migblah/list/tft-latinoamerica/detail,3
1252,16,The Red Light Bandit,1968,/film/the-red-light-bandit/,https://letterboxd.com/migblah/list/tft-latinoamerica/detail,2
1253,17,The Circular Scene,1982,/film/the-circular-scene/,https://letterboxd.com/migblah/list/tft-latinoamerica/detail,2
1254,18,Three Sad Tigers,1968,/film/three-sad-tigers/,https://letterboxd.com/migblah/list/tft-latinoamerica/detail,2
1255,19,Revolution,1963,/film/revolution-1963/,https://letterboxd.com/migblah/list/tft-latinoamerica/detail,2
1256,20,"Bolívar, a Tropical Symphony",1979,/film/bolivar-a-tropical-symphony/,https://letterboxd.com/migblah/list/tft-latinoamerica/detail,2
1257,21,La Cucaracha,1959,/film/la-cucaracha-1959/,https://letterboxd.com/migblah/list/tft-latinoamerica/detail,1
1258,22,Beyond Oblivion,1956,/film/beyond-oblivion/,https://letterboxd.com/migblah/list/tft-latinoamerica/detail,1
1259,23,One Hundred Children Waiting for a Train,1988,/film/one-hundred-children-waiting-for-a-train/,https://letterboxd.com/migblah/list/tft-latinoamerica/detail,1
1260,24,Surely Bach Closed the Door When He Wanted to Work,1979,/film/surely-bach-closed-the-door-when-he-wanted/,https://letterboxd.com/migblah/list/tft-latinoamerica/detail,1
1261,25,Fuego,1969,/film/fuego/,https://letterboxd.com/migblah/list/tft-latinoamerica/detail,1
1262,1,Trenque Lauquen,2022,/film/trenque-lauquen/,https://letterboxd.com/filmandera/list/tftlatam/detail,6
1263,2,La Flor,2018,/film/la-flor/,https://letterboxd.com/filmandera/list/tftlatam/detail,5
1264,3,I Am Cuba,1964,/film/i-am-cuba/,https://letterboxd.com/filmandera/list/tftlatam/detail,5
1265,4,One Way or Another,1975,/film/one-way-or-another-1975/,https://letterboxd.com/filmandera/list/tftlatam/detail,5
1266,5,The Exterminating Angel,1962,/film/the-exterminating-angel/,https://letterboxd.com/filmandera/list/tftlatam/detail,5
1267,6,Twenty Years Later,1984,/film/twenty-years-later/,https://letterboxd.com/filmandera/list/tftlatam/detail,4
1268,7,The Holy Girl,2004,/film/the-holy-girl/,https://letterboxd.com/filmandera/list/tftlatam/detail,4
1269,8,The Rose Seller,1998,/film/the-rose-seller/,https://letterboxd.com/filmandera/list/tftlatam/detail,4
1270,9,Macario,1960,/film/macario/,https://letterboxd.com/filmandera/list/tftlatam/detail,4
1271,10,Silvia Prieto,1999,/film/silvia-prieto/,https://letterboxd.com/filmandera/list/tftlatam/detail,4
1272,11,City of God,2002,/film/city-of-god/,https://letterboxd.com/filmandera/list/tftlatam/detail,3
1273,12,The Holy Mountain,1973,/film/the-holy-mountain/,https://letterboxd.com/filmandera/list/tftlatam/detail,3
1274,13,The Young and the Damned,1950,/film/the-young-and-the-damned/,https://letterboxd.com/filmandera/list/tftlatam/detail,3
1275,14,Amores Perros,2000,/film/amores-perros/,https://letterboxd.com/filmandera/list/tftlatam/detail,3
1276,15,Entranced Earth,1967,/film/entranced-earth/,https://letterboxd.com/filmandera/list/tftlatam/detail,3
1277,16,La Ciénaga,2001,/film/la-cienaga/,https://letterboxd.com/filmandera/list/tftlatam/detail,2
1278,17,Bacurau,2019,/film/bacurau/,https://letterboxd.com/filmandera/list/tftlatam/detail,2
1279,18,Antonio das Mortes,1969,/film/antonio-das-mortes/,https://letterboxd.com/filmandera/list/tftlatam/detail,2
1280,19,Memories of Underdevelopment,1968,/film/memories-of-underdevelopment/,https://letterboxd.com/filmandera/list/tftlatam/detail,2
1281,20,Tótem,2023,/film/totem-2023/,https://letterboxd.com/filmandera/list/tftlatam/detail,2
1282,21,Tigers Are Not Afraid,2017,/film/tigers-are-not-afraid/,https://letterboxd.com/filmandera/list/tftlatam/detail,1
1283,22,Buena Vista Social Club,1999,/film/buena-vista-social-club/,https://letterboxd.com/filmandera/list/tftlatam/detail,1
1284,23,Alucarda,1977,/film/alucarda/,https://letterboxd.com/filmandera/list/tftlatam/detail,1
1285,24,The Untamed,2016,/film/the-untamed/,https://letterboxd.com/filmandera/list/tftlatam/detail,1
1286,25,Wild Tales,2014,/film/wild-tales/,https://letterboxd.com/filmandera/list/tftlatam/detail,1
1287,1,Nazarín,1959,/film/nazarin/,https://letterboxd.com/batty/list/tft-latinoamerica/detail,6
1288,2,Entranced Earth,1967,/film/entranced-earth/,https://letterboxd.com/batty/list/tft-latinoamerica/detail,5
1289,3,Enamorada,1946,/film/enamorada/,https://letterboxd.com/batty/list/tft-latinoamerica/detail,5
1290,4,Copacabana Mon Amour,1970,/film/copacabana-mon-amour/,https://letterboxd.com/batty/list/tft-latinoamerica/detail,5
1291,5,Beyond Oblivion,1956,/film/beyond-oblivion/,https://letterboxd.com/batty/list/tft-latinoamerica/detail,5
1292,6,Shark Hunters,1963,/film/shark-hunters/,https://letterboxd.com/batty/list/tft-latinoamerica/detail,4
1293,7,Juan: As If Nothing Ever Happened,1987,/film/juan-as-if-nothing-ever-happened/,https://letterboxd.com/batty/list/tft-latinoamerica/detail,4
1294,8,La Flor,2018,/film/la-flor/,https://letterboxd.com/batty/list/tft-latinoamerica/detail,4
1295,9,¡Qué Viva México!,1979,/film/que-viva-mexico/,https://letterboxd.com/batty/list/tft-latinoamerica/detail,4
1296,10,The Romance of Aniceto and Francisca,1967,/film/the-romance-of-aniceto-and-francisca/,https://letterboxd.com/batty/list/tft-latinoamerica/detail,4
1297,11,Limite,1931,/film/limite/,https://letterboxd.com/batty/list/tft-latinoamerica/detail,3
1298,12,Movie Dementia,1986,/film/movie-dementia/,https://letterboxd.com/batty/list/tft-latinoamerica/detail,3
1299,13,Arabian Coffee,1968,/film/arabian-coffee/,https://letterboxd.com/batty/list/tft-latinoamerica/detail,3
1300,14,Sentimental Education,2013,/film/sentimental-education-2013/,https://letterboxd.com/batty/list/tft-latinoamerica/detail,3
1301,15,One Way or Another,1975,/film/one-way-or-another-1975/,https://letterboxd.com/batty/list/tft-latinoamerica/detail,3
1302,16,"My Son, the Hero",1961,/film/my-son-the-hero-1961/,https://letterboxd.com/batty/list/tft-latinoamerica/detail,2
1303,17,Dreams of Ice,1994,/film/dreams-of-ice/,https://letterboxd.com/batty/list/tft-latinoamerica/detail,2
1304,18,Through the Ruins,1982,/film/through-the-ruins/,https://letterboxd.com/batty/list/tft-latinoamerica/detail,2
1305,19,The Other,1946,/film/the-other-1946/,https://letterboxd.com/batty/list/tft-latinoamerica/detail,2
1306,20,Passacaglia and Fugue,1975,/film/passacaglia-and-fugue/,https://letterboxd.com/batty/list/tft-latinoamerica/detail,2
1307,21,Invasion,1969,/film/invasion-1969/,https://letterboxd.com/batty/list/tft-latinoamerica/detail,1
1308,22,Araya,1959,/film/araya/,https://letterboxd.com/batty/list/tft-latinoamerica/detail,1
1309,23,¡Que vivan los crotos!,1990,/film/que-vivan-los-crotos/,https://letterboxd.com/batty/list/tft-latinoamerica/detail,1
1310,24,Two Monks,1934,/film/two-monks/,https://letterboxd.com/batty/list/tft-latinoamerica/detail,1
1311,25,Altiplano,2018,/film/altiplano-2018/,https://letterboxd.com/batty/list/tft-latinoamerica/detail,1
