usuario_base;vecinos;similaridad;imp_pelis;imp_dir;imp_gen;imp_fecha;imp_pais
a_de_la_hoz;aixa72;44.83717304159064;16.431994311635144;18.72671062897064;20.34921064055614;26.334742968596935;18.157341450241127
a_de_la_hoz;albertomilano;43.36043083289925;26.33701845752464;19.584369136075924;17.63953907737283;24.722453193451024;11.716620135575587
a_de_la_hoz;alonsodvt;29.589599654541498;1.244971511901036;8.353069762545779;30.49565861199394;22.35069823688448;37.55560187667477
a_de_la_hoz;anaavellaneda;50.487408929781814;28.456404608090146;23.085464714820713;18.176572250787935;15.52593360100602;14.755624825295174
a_de_la_hoz;batty;53.48250067523447;25.48522790958816;22.415116356008518;16.299644840565783;17.920412080118936;17.879598813718605
a_de_la_hoz;bergmantonioni;71.43536838842118;34.80879482871338;29.577729220233877;13.120066420097745;9.719823870291803;12.773585660663207
a_de_la_hoz;borinot;58.53163458415436;22.028041943581393;27.6145969391206;15.67077907331402;16.837394427409713;17.849187616574284
a_de_la_hoz;bracero;55.26869746339938;33.32646715878937;20.59936670683518;16.11835870857377;14.087753398209276;15.868054027592404
a_de_la_hoz;colmener;45.172159145151916;27.72723546383978;17.24678228974369;20.6524902615237;15.467201081443818;18.906290903449
a_de_la_hoz;danielquinn;49.523185776025926;18.96837420797557;20.246073172757868;18.819468797313586;24.12607883307657;17.84000498887641
a_de_la_hoz;diogoserafim;41.27971640470802;13.83227122948503;19.455504205409298;22.335464315408117;27.308437023912862;17.068323225784702
a_de_la_hoz;dr_akkar;47.08191354935088;10.953992346081332;23.937538944379657;19.64615241171141;22.652648436020396;22.809667861807206
a_de_la_hoz;eljpax;55.87382525870641;27.69104772783152;23.608555654739874;15.196111363719405;17.702408337788825;15.801876915920367
a_de_la_hoz;explodingboy;44.96821421663898;19.25132935818271;18.475384351751885;19.565306131312592;21.41357724575227;21.29440291300054
a_de_la_hoz;ezequiel2517;48.65893738585194;18.926743265242347;19.47799722931655;17.882782696422623;22.8586857614671;20.853791047551375
a_de_la_hoz;fabiovg;55.352348611536186;24.95707694152609;23.49326406291246;17.18421252344992;16.03635138962048;18.329095082491047
a_de_la_hoz;figmare;54.589382555226436;23.281417335159478;24.946008990879783;17.231454730030034;15.36767021575495;19.17344872817575
a_de_la_hoz;filmandera;51.95094130542041;22.336526390532317;25.243600054150047;18.08016056323706;15.293905642866237;19.045807349214343
a_de_la_hoz;fleming22;73.97376604429517;28.883430087787275;26.87968137995068;12.89846352011587;15.995639890797982;15.342785121348193
a_de_la_hoz;genzai_2;49.941065981044254;23.60427541210645;20.568253585267918;18.517907254984607;20.095560839047597;17.214002908593436
a_de_la_hoz;gorkalonso1;54.95494590551875;21.78587860241617;23.418886435755606;16.71114671350875;20.855241019543847;17.22884722877562
a_de_la_hoz;guillehormigo;34.557406478196214;19.188006934220233;24.282200862504038;24.687722708766426;16.6055173861296;15.236552108379694
a_de_la_hoz;heelena9;23.246702919680644;20.600629418056442;9.24916353704946;35.723519206832094;27.51450144604976;6.912186392012249
a_de_la_hoz;hugoromero;79.43372651157486;38.594325674308706;26.005694244926946;11.645811890180571;11.158345261802932;12.595822928780846
a_de_la_hoz;jal90;72.54328732726502;27.16783638707432;27.700718815710033;12.93861909565373;16.859939239115025;15.332886462446874
a_de_la_hoz;jarsito;67.00594195277462;31.062301734523327;28.242429888718608;14.19794355310991;11.997883264156185;14.499441559491968
a_de_la_hoz;jasikedevicius;28.557273636081373;20.639622164444596;7.473251189472293;32.2586695204694;23.9250050780115;15.703452047602223
a_de_la_hoz;jjm_24;35.450043635749715;18.185271009735725;8.663876487752965;24.331465465893395;28.849804904570146;19.969582132047755
a_de_la_hoz;jorgemz;55.40686467773011;23.33409211733705;27.152262108524695;16.237435290282406;13.69433126745529;19.58187921640056
a_de_la_hoz;juanky97;52.69602012002555;30.409546513249513;19.666630893955066;17.03038450310776;17.45402767273122;15.439410416956452
a_de_la_hoz;lobo_lopez;77.39826405025538;30.223239189878814;28.256574114316447;11.693365767122282;15.225979406648161;14.60084152203428
a_de_la_hoz;luisru;73.14649195317963;31.22458607866694;25.626473700774827;12.762910338645193;15.069615748101183;15.316414133811872
a_de_la_hoz;mabusecaligari;80.70934530173005;34.460504422332114;29.086749026174022;11.809237698039377;11.506403096061337;13.137105757393156
a_de_la_hoz;mann_ohne_namen;57.33969739723264;27.946817783178396;22.79288052178441;15.657477067036893;18.002006074023452;15.600818553976852
a_de_la_hoz;manuelsanbai;64.95210804247303;32.32809456898919;20.121546649044447;13.687607911514172;18.83185700797103;15.030893862481156
a_de_la_hoz;marcos_m_rom;37.21449727171153;21.28260606381916;7.908482800911906;23.575735814092063;25.54186376628699;21.691311554889875
a_de_la_hoz;marialebernedo;34.821244290900594;20.629506000958834;14.18412644640726;24.183353850378055;21.48702817286749;19.515985529388363
a_de_la_hoz;marioiglesias;47.936528606683325;25.35980221646092;19.427954133052772;17.59471019294316;19.176786947161247;18.44074651038191
a_de_la_hoz;marioquema;32.05184972446939;23.561300928661154;14.919989343718997;28.571942459179375;13.564965206399448;19.38180206204102
a_de_la_hoz;mat25;28.71522349519443;16.677450277207015;3.78152870596021;29.907532098726577;25.523928734329406;24.10956018377679
a_de_la_hoz;migblah;45.70304874418136;16.92671281773449;19.86228911366021;19.469858505672963;21.846381509649333;21.894758053283002
a_de_la_hoz;ninotchka;50.57752527939921;27.6773511509012;19.596303683754517;17.087655055217404;20.82518084961009;14.813509260516792
a_de_la_hoz;paloma55;37.22268893389687;11.876049691266928;11.772543848639241;23.144118093625604;27.89825328121349;25.309035085254745
a_de_la_hoz;pauixitador;27.32506210783193;21.570356750495247;5.318823867757517;30.49921690782297;24.373324471053397;18.23827800287088
a_de_la_hoz;paula_arantzazu;48.64876187272706;27.260210932686828;20.394116955804346;16.450824569338913;19.273520314560237;16.621327227609676
a_de_la_hoz;pele_alvaro;30.349316240962448;19.457752820636564;4.534630256715229;24.057392736680157;26.586570545069392;25.363653640898658
a_de_la_hoz;rachelmygod;59.04721722328782;28.074471004485325;20.106239034519724;15.346000741418704;19.645191338246082;16.82809788133016
a_de_la_hoz;simonsds;63.285125733083596;25.321306647342716;29.308379593071095;15.002370666604854;12.707835617425635;17.660107475555687
a_de_la_hoz;synthemesco;56.20528975722693;24.578341810161344;23.26945583293297;16.01766681586943;19.220181166318596;16.91435437471766
a_de_la_hoz;utges;51.11029104189024;26.668087602277996;19.155888333882892;17.353359892779338;21.186883657718266;15.635780513341524
a_de_la_hoz;vareludo;60.45500040013222;32.295509781754255;21.225742714202482;15.542769819336497;17.62677504388002;13.309202640826744
a_de_la_hoz;will_llermo;38.20367161972116;18.32090828121995;8.039405285512983;24.037249174392073;28.12202245342968;21.480414805445317
a_de_la_hoz;xzetaprobe;32.58596311755238;30.523315487418795;8.66970875847028;26.737647032856326;21.092084482168918;12.977244239085673
aixa72;a_de_la_hoz;44.83717304159064;16.431994311635144;18.72671062897064;20.34921064055614;26.334742968596935;18.157341450241127
aixa72;albertomilano;39.21796099587773;22.07401610259203;17.6967493288103;20.319206173399163;21.26076422812215;18.64926416707637
aixa72;alonsodvt;28.88772622084821;2.550440165268171;22.461911342604907;29.82660006799607;19.318267118690436;25.84278130544041
aixa72;anaavellaneda;31.322376001473202;4.704395173179488;6.8177838468262495;28.87587722318734;26.80351053226655;32.79843322454038
aixa72;batty;51.86478471770666;24.85959034947949;23.633909515994656;17.788039709207354;15.642741840764655;18.075718584553847
aixa72;bergmantonioni;40.1577670003438;14.218724701033688;16.85560568340046;23.243902995031586;17.70342646917145;27.978340151362826
aixa72;borinot;41.065027059246624;17.941402335039264;22.543836809181045;22.487646871868776;18.89576128062492;18.131352703286005
aixa72;bracero;38.293889094321464;18.27774562220028;22.65313948839304;23.92382682183412;16.511084117481285;18.63420395009128
aixa72;colmener;40.200842269658914;13.745312239240352;16.5205517839685;22.845431980245305;21.48994490163789;25.39875909490795
aixa72;danielquinn;73.71469796762418;31.73351192864774;25.690064965536624;12.961041092703342;14.659717538286225;14.955664474826063
aixa72;diogoserafim;41.92117707710276;19.771861185837057;19.360164327516966;21.520021902753896;23.725092568804968;15.622860015087118
aixa72;dr_akkar;40.028725828519725;12.423973185648936;27.68806664630332;23.35656874056399;22.576602926977444;13.954788500506304
aixa72;eljpax;58.05977403810742;26.648480597941226;25.117299110268636;15.549753537707467;15.296489590470658;17.387977163612014
aixa72;explodingboy;46.475484462482136;24.571760367429153;22.361738077274232;19.661200690725124;16.91059534321325;16.494705521358235
aixa72;ezequiel2517;42.86054569696376;16.330309200900814;18.935850298171555;21.055101420346155;21.590504365382575;22.088234715198904
aixa72;fabiovg;26.988788546805576;7.507196814342232;11.257773612377102;33.7297041677907;27.800152853134126;19.705172552355833
aixa72;figmare;35.6764865566145;7.744220109791967;19.707249646044982;25.40104067404399;24.68509922154641;22.462390348572647
aixa72;filmandera;40.38328673148581;18.700391617447305;20.87640395474644;22.950642542310153;16.603417563833908;20.86914432166219
aixa72;fleming22;52.271315747346264;23.96149924906487;22.040959608337268;17.954101724027325;19.19215654725044;16.851282871320073
aixa72;genzai_2;44.138838106789436;20.030364295136863;20.36879636204765;20.904116037556047;18.52007362002725;20.176649685232167
aixa72;gorkalonso1;57.52211567405722;22.09442720324162;26.308098213511933;16.29291996973287;17.17118080205907;18.133373811454504
aixa72;guillehormigo;45.191882492036775;27.30755880629439;21.040502366857563;18.611653402073102;10.503700721557433;22.536584703217528
aixa72;heelena9;14.216237473218387;3.886915439601316;1.0830787019730659;59.47281788652457;28.393242529833888;7.16394544206717
aixa72;hugoromero;52.11057981954669;22.200186104443826;22.108059157547018;17.755688705372723;18.835053284519585;19.101012748116844
aixa72;jal90;50.02517538661336;20.987211689158492;21.706569655636056;17.854774246026306;22.041412114129287;17.410032295049863
aixa72;jarsito;37.6188239586716;12.73024144949646;18.892092184998745;24.023475002490322;22.529291361131854;21.824900001882604
aixa72;jasikedevicius;30.619498061622696;9.023223178982928;16.453291296896627;29.883332792994338;18.52957601160785;26.110576719518264
aixa72;jjm_24;49.72752852536601;16.668025105904245;28.870514762492903;18.125208000123777;17.970342882048268;18.365909249430803
aixa72;jorgemz;37.484918418752336;16.962479392947852;15.115358922406875;24.61866930028071;21.01944479782295;22.28404758654162
aixa72;juanky97;56.56736036719328;24.421023258378113;25.60510835321301;16.577505306865465;13.850248379758877;19.546114701784525
aixa72;lobo_lopez;52.32881431219351;20.76728029343807;24.269472999699907;17.83371519846558;21.37055872674772;15.758972781648719
aixa72;luisru;48.47959823634837;21.27636941808531;24.08986560767711;18.21636818061102;18.531213047027606;17.886183746598938
aixa72;mabusecaligari;36.870020658031294;16.485763537867804;21.371878715093498;24.55342874224557;20.210032211552296;17.378896793240827
aixa72;mann_ohne_namen;54.93697707512145;24.475220264398764;23.69884807760066;16.78051695124722;15.236192309772129;19.80922239698123
aixa72;manuelsanbai;59.40952257218266;26.043043185467475;20.491686564966518;15.72525998679554;19.2922840811477;18.447726181622766
aixa72;marcos_m_rom;46.874000464289054;20.040412818752582;25.25034348660295;19.644004493309918;18.685317359625827;16.379921841708736
aixa72;marialebernedo;34.042840903933985;18.936981571022997;19.073630055925975;25.231964548561837;14.907178164076303;21.8502456604129
aixa72;marioiglesias;32.83247502143824;0.0;15.038454517148315;26.79368937616042;26.690175968971523;31.477680137719737
aixa72;marioquema;37.51582012526725;22.093604541970965;15.493455008143641;24.481822501900172;13.109756630774205;24.82136131721101
aixa72;mat25;35.379045662397196;14.05679003031438;14.204843214429381;25.877311682669355;17.681739586242305;28.17931548634458
aixa72;migblah;44.853380867621816;21.353873566560576;18.34237785515137;20.480951905894564;18.37072458205332;21.452072090340156
aixa72;ninotchka;42.687088407324175;18.554122917435045;25.869483144983032;21.22466111284974;21.619209662863582;12.73252316186861
aixa72;paloma55;58.01138343061266;27.940743408593477;25.167856176924946;16.006112802669914;15.573024425800675;15.312263186011005
aixa72;pauixitador;28.196125585725557;8.492243208805181;13.376773928570328;30.864692736296973;20.40373927824611;26.8625508480814
aixa72;paula_arantzazu;34.083602394617536;21.07597253785087;12.211465790873852;24.008033615342757;23.635038408574104;19.06948964735842
aixa72;pele_alvaro;35.05367140003718;20.912819295066775;11.70165837164117;22.57513141580237;18.112025755437514;26.698365162052188
aixa72;rachelmygod;61.04152985726406;30.778203690744018;21.051810545153288;15.383044050460017;16.161887907486893;16.625053806155783
aixa72;simonsds;36.77184051284128;14.526170502157717;19.087568878982026;24.883737892693606;23.032205812958264;18.47031691320839
aixa72;synthemesco;59.74517296994786;23.43037701482004;26.27944750580375;15.49529282812949;15.99656282384689;18.798319827399837
aixa72;utges;40.03012598784699;13.343800744715375;26.730492594603863;21.898659965537913;21.861466000598547;16.165580694544296
aixa72;vareludo;58.124862298425654;23.44975394324454;23.32392598064161;16.046203310691265;19.32924852422649;17.850868241196082
aixa72;will_llermo;57.06570862024248;28.403768539856816;22.951161874188145;16.470733515471657;16.687294595993297;15.48704147449008
aixa72;xzetaprobe;23.37091811619394;3.9406034922666713;9.560575435249392;37.06779061681031;26.321223256261963;23.10980719941167
albertomilano;a_de_la_hoz;43.36043083289925;26.33701845752464;19.584369136075924;17.63953907737283;24.722453193451024;11.716620135575587
albertomilano;aixa72;39.21796099587773;22.07401610259203;17.6967493288103;20.319206173399163;21.26076422812215;18.64926416707637
albertomilano;alonsodvt;27.446932760537578;14.763773363619126;8.89518426021973;31.026633710273956;28.0669259382726;17.24748272761459
albertomilano;anaavellaneda;32.57711168826816;11.87340345562729;16.643465476130697;23.389869615059673;22.758851801698672;25.334409651483675
albertomilano;batty;59.17988111811774;30.190211339379914;22.209195459044007;14.700853353650096;17.640355763709152;15.259384084216817
albertomilano;bergmantonioni;40.500256037852175;22.739491192371307;23.103357752573885;19.107412280437053;15.936755861409093;19.112982913208658
albertomilano;borinot;61.55961077272252;35.00729093522588;20.274346891855306;13.194263328943919;19.447764246288813;12.076334597686076
albertomilano;bracero;52.94644494037427;30.613597967486534;15.475047792529539;16.668282871210113;20.751182019848663;16.491889348925152
albertomilano;colmener;26.933994704525393;6.838608424518519;11.343283513708883;27.36151126046768;22.833128782019173;31.62346801928576
albertomilano;danielquinn;57.025849163100204;30.361596196764722;20.417795483023028;14.286524638638864;19.45650795558806;15.477575725985327
albertomilano;diogoserafim;39.688409026413204;13.458690788340645;19.20629134756222;20.80562397030869;26.31105441715777;20.218339476630664
albertomilano;dr_akkar;24.190153304508137;1.522859659248031;14.101824659002853;30.93648444241809;44.723300236938215;8.715531002392808
albertomilano;eljpax;60.088724281884794;29.42705199383306;24.27323960014875;14.270297712790317;15.865426608887152;16.163984084340722
albertomilano;explodingboy;44.47639204430378;21.534872323409395;17.924374759201985;18.633517854764282;24.83608145835776;17.07115360426658
albertomilano;ezequiel2517;38.68510351951381;9.522582406915033;16.672962444213226;23.345499542536334;29.645038484776364;20.813917121559044
albertomilano;fabiovg;41.536839335064606;24.389210956464776;21.093895937020218;18.769364489212926;20.98226181420164;14.765266803100443
albertomilano;figmare;40.00249228310293;18.4179567401711;19.118293660587202;18.533564676889913;24.175131902920878;19.75505301943091
albertomilano;filmandera;48.57136488683353;23.89069309016009;18.448493366068533;16.387551706679268;22.556046564129815;18.717215272962292
albertomilano;fleming22;48.6329569590454;28.405281306575922;18.89529473034708;16.31294130804114;24.073226527750883;12.313256127284976
albertomilano;genzai_2;50.49468595652291;23.34547989477036;20.04714127454774;16.079434458689295;23.81613724907849;16.711807122914113
albertomilano;gorkalonso1;60.03455593406146;29.453603615028833;22.46417033748932;13.340418056242516;19.836087649130207;14.905720342109118
albertomilano;guillehormigo;43.340640451502736;17.849352776715964;23.62805215614931;20.917942237614657;17.420498819484774;20.184154010035314
albertomilano;heelena9;57.112763319482724;28.380366926832842;22.616141321384863;16.053437238237592;18.47547016817786;14.474584345366852
albertomilano;hugoromero;43.68553915808739;27.36435775719585;19.30689767060368;17.328698854742903;18.39494684364088;17.605098873816683
albertomilano;jal90;44.87177864829031;23.397533533387985;19.617826588291557;17.689456231995003;24.534660460902195;14.760523185423269
albertomilano;jarsito;48.46529745188697;28.123498473029283;23.09808663757001;15.873818194137367;15.075751621893989;17.82884507336934
albertomilano;jasikedevicius;39.522587958527595;20.03971718977524;13.2775903202347;19.994013477188698;27.020831934754437;19.66784707804693
albertomilano;jjm_24;77.83730265839911;39.28156823150557;21.80179328212245;10.891752965198041;14.321987135149373;13.702898386024572
albertomilano;jorgemz;34.29007836841041;23.487660849429883;13.56535131359936;22.767533850135603;22.317985125344425;17.86146886149073
albertomilano;juanky97;55.31521330797963;28.303675836295376;20.427432982783962;14.694169125801213;20.46671745172656;16.108004603392878
albertomilano;lobo_lopez;34.54839181731896;16.527317294691212;21.09529657671743;23.578824566811143;23.3248330619411;15.473728499839114
albertomilano;luisru;53.39386426059551;30.357068207338653;20.381886407730594;15.085495546122353;21.401162761295296;12.774387077513122
albertomilano;mabusecaligari;45.660073928491094;23.39698467436691;22.28493135471189;16.410429357559487;24.667785537859437;13.23986907550229
albertomilano;mann_ohne_namen;63.36981098661511;31.972660837560337;21.67840104635016;12.981970681601293;18.891227552266788;14.475739882221422
albertomilano;manuelsanbai;35.635098261556415;15.506429229438556;14.10389609508785;20.082864191683676;29.103190041993205;21.203620441796726
albertomilano;marcos_m_rom;61.14644935920055;29.520474879920062;23.01462210417157;13.471510198054174;16.598954367927405;17.394438449926792
albertomilano;marialebernedo;49.761742782873185;20.728169546182222;21.028765580381375;17.98102036257533;22.004447641083473;18.257596869777597
albertomilano;marioiglesias;45.3363955554891;20.720092725964808;16.09777797364032;19.790418150436828;23.20697875615712;20.184732393800935
albertomilano;marioquema;37.58874135026025;20.09067740900081;19.421538617805478;20.4990223326332;14.60153851359781;25.38722312696271
albertomilano;mat25;25.172526807976986;2.926858229169679;1.1144277670206522;34.32663289245122;29.83762223475783;31.7944588766006
albertomilano;migblah;53.12339326886826;29.124735201771482;17.953346341553512;16.368688282022134;21.011851644203823;15.54137853044905
albertomilano;ninotchka;58.552732258457624;33.344730151280174;20.529005422231656;14.409779819038654;17.660154850484847;14.05632975696467
albertomilano;paloma55;64.62018368047907;31.354003635050155;23.809896806866472;13.471768113380259;16.753806138854465;14.610525305848645
albertomilano;pauixitador;52.870194202237926;31.35451671483687;13.848400230063122;16.971885358561284;18.070572385237433;19.754625311301286
albertomilano;paula_arantzazu;39.5604624285331;13.502218937219068;13.551576336313023;23.680009408212058;26.94517167215897;22.321023646096872
albertomilano;pele_alvaro;58.299502401197486;32.134132091397525;17.496468814622848;16.146734132375347;18.974893942158797;15.247771019445478
albertomilano;rachelmygod;49.802485102794165;26.998544586651253;18.66971871055131;16.239947179035983;22.0315537258883;16.06023579787316
albertomilano;simonsds;25.773815694459795;10.719660911436014;17.52707852857744;29.9285582511976;27.45168017218286;14.373022136606085
albertomilano;synthemesco;43.106555031798905;24.355668061427135;15.83980142644698;18.814766965357308;24.28703486078416;16.702728685984415
albertomilano;utges;63.7259781774459;34.39528863244939;20.856381429198994;13.29762490152824;17.809431712274947;13.641273324548425
albertomilano;vareludo;44.25876901383717;19.143749749562744;23.552870062828013;18.19591369527902;20.016037768894446;19.09142872343578
albertomilano;will_llermo;56.80758275471663;25.938937608044796;21.672311452068286;15.049555520355712;20.285546804520735;17.053648615010474
albertomilano;xzetaprobe;33.809572306413884;13.619740692295176;8.185112969936595;26.475223876010837;27.913379235547204;23.806543226210188
alonsodvt;a_de_la_hoz;29.589599654541498;1.244971511901036;8.353069762545779;30.49565861199394;22.35069823688448;37.55560187667477
alonsodvt;aixa72;28.88772622084821;2.550440165268171;22.461911342604907;29.82660006799607;19.318267118690436;25.84278130544041
alonsodvt;albertomilano;27.446932760537578;14.763773363619126;8.89518426021973;31.026633710273956;28.0669259382726;17.24748272761459
alonsodvt;anaavellaneda;21.00166392670328;0.0;1.0619109689049193;41.04561982108886;27.246874992292955;30.64559421771327
alonsodvt;batty;36.2689721065812;4.062779447976294;15.987639335435572;24.598022998965646;29.830689890960734;25.52086832666175
alonsodvt;bergmantonioni;23.525723224725617;0.0;3.101723669990249;36.49200405089251;25.390537518707077;35.01573476041017
alonsodvt;borinot;33.04644089935087;7.245813754929939;13.557009476660484;26.08837914614958;21.359362677046924;31.74943494521307
alonsodvt;bracero;29.64902658234893;4.348666550873267;13.402596470382388;30.719687466930882;21.916197092310576;29.612852419502893
alonsodvt;colmener;23.405385242114292;0.7869600999383758;7.902354786287864;35.8368353687386;21.814812340142474;33.65903740489269
alonsodvt;danielquinn;29.45199259791901;2.501576658759841;15.98818645992087;30.212920362410475;23.236193507416655;28.06112301149215
alonsodvt;diogoserafim;33.383996189264565;11.586425672377253;12.976673939032786;27.112302382557704;27.00194631024446;21.322651695787794
alonsodvt;dr_akkar;32.816165062360334;0.0;20.01203847670898;27.069008370902132;20.084419829935634;32.83453332245325
alonsodvt;eljpax;39.15920194928859;16.462762741128273;13.110703510712277;22.922433392371854;25.783358587572796;21.720741768214793
alonsodvt;explodingboy;42.28889231304429;15.24439670944546;14.792068112262026;21.48369407483368;25.702524552094026;22.77731655136482
alonsodvt;ezequiel2517;32.790997193046735;2.2468489385417265;13.78575310288901;28.03522082833165;25.396751213233088;30.53542591700453
alonsodvt;fabiovg;32.16855197906197;2.29032432932874;3.297778556578175;27.572117658593424;35.284976533749536;31.554802921750134
alonsodvt;figmare;28.31423717589702;1.9515734287459483;5.4120340048562126;30.191298506198905;27.627034833733138;34.818059226465806
alonsodvt;filmandera;29.72040830235275;4.957968039159769;8.617945844294267;29.19003686521974;25.571843779663002;31.66220547166321
alonsodvt;fleming22;32.77793262295177;1.6858083626970137;11.550665224346035;27.353000561700078;25.66819506426041;33.74233078699646
alonsodvt;genzai_2;30.4133480954019;8.478759376321754;12.273991273999835;29.186026557963988;22.170001285009327;27.89122150670509
alonsodvt;gorkalonso1;33.02284296062281;5.019917242762662;17.111208135528408;26.19588656679705;24.21264753489662;27.460340520015265
alonsodvt;guillehormigo;27.325859119908014;6.066485890000888;11.460310841799142;32.90483335816117;32.429540965747115;17.13882894429169
alonsodvt;heelena9;19.52824695823836;10.375234798844042;6.148257877199383;45.98060410199083;30.61607000349222;6.879833218473522
alonsodvt;hugoromero;31.38432741273729;11.672719391124653;9.541421709556875;27.33113587279857;21.117315984790615;30.337407041729286
alonsodvt;jal90;29.602397684856008;0.6222166361427302;7.1973821364654045;29.631672894142387;26.896519972353207;35.65220836089627
alonsodvt;jarsito;24.039693248953654;0.0;1.125908471072506;36.80611157137327;22.208630315814325;39.85934964173989
alonsodvt;jasikedevicius;21.002783062941603;0.0;4.4534375343307335;41.686160570125246;36.4440073414871;17.416394554056918
alonsodvt;jjm_24;38.64792320002906;19.063486763725095;15.48751403576636;23.2602337463269;24.911550921406057;17.277214532775574
alonsodvt;jorgemz;24.00016940644988;0.0;0.0;34.57734805241148;21.92357217239631;43.49907977519222
alonsodvt;juanky97;32.72776050250155;4.502380615458875;19.26675237744517;27.25559546423471;26.20127934987435;22.77399219298689
alonsodvt;lobo_lopez;31.449810819295955;0.0;14.248251669068155;28.423953215380404;21.54041529540711;35.787379820144345
alonsodvt;luisru;33.132287040504266;2.223704543753719;14.958404548468346;27.17600503610416;22.686644954881032;32.95524091679274
alonsodvt;mabusecaligari;33.089354483834214;9.463006400136775;15.873161121126069;26.859006911973367;15.724387245715217;32.080438321048575
alonsodvt;mann_ohne_namen;33.303729208325244;8.295964782508225;17.53245390161873;26.38991479560167;22.547207709817567;25.234458810453805
alonsodvt;manuelsanbai;28.681006481793535;0.0;15.761252715724101;28.52365457188593;23.949235313654967;31.76585739873501
alonsodvt;marcos_m_rom;33.06062455356805;7.2427051591847045;17.946236167470023;27.170835068259564;23.618228421157383;24.021995183928336
alonsodvt;marialebernedo;29.800543715173426;7.416953657735607;12.867143800347145;30.053843418343053;25.633133838018523;24.028925285555662
alonsodvt;marioiglesias;28.84019038687481;1.2773219637005584;5.627609893459914;30.939466795447817;33.07067929282634;29.08492205456537
alonsodvt;marioquema;22.666165862438056;6.501003979593829;4.42579814510158;37.364631353511314;25.507723118635006;26.200843403158277
alonsodvt;mat25;33.49126225088459;13.749186408123474;11.771594847829371;27.024527948087012;28.478040229608816;18.976650566351328
alonsodvt;migblah;35.20414888165131;6.278500084004805;13.276993878547524;26.13509576365284;26.546493001868164;27.76291727192667
alonsodvt;ninotchka;40.10007663506848;17.45447945450196;13.61018085103484;22.498041211642764;26.564525749006155;19.872772733814287
alonsodvt;paloma55;43.19924903472967;17.05502268747549;15.886660471769128;20.755599393661267;24.74669915721907;21.55601828987506
alonsodvt;pauixitador;28.96577478749266;6.994811942300311;10.064938353660944;30.409059957669168;36.24757532574771;16.283614420621863
alonsodvt;paula_arantzazu;28.40613609731534;3.2420995671726076;2.2850818875939107;31.323725164261628;35.12884573898111;28.02024764199075
alonsodvt;pele_alvaro;30.036566299322804;12.202977669157802;6.562295082588956;27.515497231794036;29.036557014115935;24.682673002343268
alonsodvt;rachelmygod;35.13261171391359;2.6213684964866877;19.568444598853173;25.331579348079053;24.877933993868606;27.60067356271248
alonsodvt;simonsds;30.150413317815758;0.0;14.850267071035361;29.369160541014605;19.598892448531238;36.1816799394188
alonsodvt;synthemesco;32.481082207963176;2.268287022125729;16.81194605687303;26.44352696450495;27.1024179785442;27.373821977952105
alonsodvt;utges;35.896279972305706;8.209922286517019;14.196785111144907;25.688240563787197;28.642321862243076;23.262730176307812
alonsodvt;vareludo;28.47955669041124;0.0;14.914046953086533;31.30623272392517;28.447603867720773;25.332116455267524
alonsodvt;will_llermo;31.367290138769217;2.348829526266903;21.765756161061436;28.52864852999534;21.970105816451976;25.386659966224336
alonsodvt;xzetaprobe;23.404557051354658;3.934939736055451;7.5963322660728005;38.61510333638216;32.5626706794272;17.2909539820624
anaavellaneda;a_de_la_hoz;50.487408929781814;28.456404608090146;23.085464714820713;18.176572250787935;15.52593360100602;14.755624825295174
anaavellaneda;aixa72;31.322376001473202;4.704395173179488;6.8177838468262495;28.87587722318734;26.80351053226655;32.79843322454038
anaavellaneda;albertomilano;32.57711168826816;11.87340345562729;16.643465476130697;23.389869615059673;22.758851801698672;25.334409651483675
anaavellaneda;alonsodvt;21.00166392670328;0.0;1.0619109689049193;41.04561982108886;27.246874992292955;30.64559421771327
anaavellaneda;batty;27.12625697937468;0.0;13.446035006559752;30.90765188678946;19.991097745283792;35.655215361367
anaavellaneda;bergmantonioni;45.931385095172054;17.243579388163507;22.15835374307734;19.693666078339483;17.899933531389784;23.004467259029898
anaavellaneda;borinot;31.649804789799955;9.311452974353397;21.69984634437005;28.221090035642504;16.37019421362122;24.39741643201281
anaavellaneda;bracero;28.188739192637023;7.1876271590911465;18.22149746315626;30.915430101864015;14.271722815876776;29.403722460011792
anaavellaneda;colmener;72.37958519014059;29.774075086486086;26.298655215178314;12.928129954441621;15.924298858762162;15.074840885131815
anaavellaneda;danielquinn;29.854631850893;2.467838746258665;13.32755482851974;30.575111826937622;18.287951055116494;35.34154354316749
anaavellaneda;diogoserafim;26.25003410797687;0.0;9.327794306361564;33.232867100344144;27.6468157021769;29.79252289111738
anaavellaneda;dr_akkar;21.277717193407533;3.462609102622575;18.657009447366647;42.259203081527815;16.28898157106369;19.332196797419282
anaavellaneda;eljpax;33.28853911620275;15.492867345669294;13.653000975110062;25.12207116493498;15.413825698660816;30.318234815624855
anaavellaneda;explodingboy;35.47915707086451;18.689501382681495;14.111267310478468;25.297904269421785;16.984414110402202;24.91691292701605
anaavellaneda;ezequiel2517;38.21483005882806;7.229825808806166;22.02518712540542;22.39739389055239;24.648446737179768;23.69914643805626
anaavellaneda;fabiovg;32.743018435752035;15.750988922124618;17.925282281236708;27.02289021182272;22.94295304087451;16.35788554394145
anaavellaneda;figmare;62.153665853193054;34.969044523019626;20.921795334608042;15.002507433185881;14.982804274411771;14.123848434774677
anaavellaneda;filmandera;43.516096316719775;21.163553108224747;15.621703666502071;21.173746436899403;21.342687286942745;20.69830950143104
anaavellaneda;fleming22;48.552610349370795;28.83165122181026;23.83921251981886;18.907333090339012;12.438758704368635;15.983044463663223
anaavellaneda;genzai_2;27.458673591456655;2.0123809966146293;11.584307007369322;32.3902553945903;20.06519486801119;33.94786173341457
anaavellaneda;gorkalonso1;33.77772746303863;8.179548637213207;14.724541612273928;27.879201992246323;19.08350797775758;30.13319978050896
anaavellaneda;guillehormigo;35.738945433935044;12.884476644168855;11.935466522204072;23.272814875265116;22.126406770931904;29.780835187430053
anaavellaneda;heelena9;18.13762066488832;5.077596629001906;23.5623456645916;44.06600534237469;14.757861828930762;12.536190535101044
anaavellaneda;hugoromero;39.453894876886245;15.149666795485675;16.444464577053846;22.630822802137075;19.997807115325724;25.777238709997686
anaavellaneda;jal90;51.54400861178287;26.443688715577913;23.942462221056164;18.13744521183624;14.640901802624308;16.835502048905365
anaavellaneda;jarsito;54.3890468427003;30.817574299243844;21.126221392405405;16.78590238970423;15.017469255972006;16.252832662674507
anaavellaneda;jasikedevicius;27.927542409095214;0.0;0.0;30.728177218932874;32.16320068420115;37.10862209686597
anaavellaneda;jjm_24;26.053880564689912;2.827848122431841;6.41642518535741;31.24982521693639;20.85922697133225;38.646674503942116
anaavellaneda;jorgemz;34.0702730860567;3.73250401966772;17.20200011555136;27.420352650941066;26.00438486703164;25.64075834680822
anaavellaneda;juanky97;32.03276480610432;9.200132137564554;12.230375230826017;27.69576383548786;17.963400351805635;32.910328444315944
anaavellaneda;lobo_lopez;35.72799685191049;16.497183996584926;22.127455032908458;25.193266938967117;15.241056843415874;20.941037188123616
anaavellaneda;luisru;33.10148487068535;10.015982028037755;25.47000379698411;27.23131450256057;13.009651718362123;24.273047954055446
anaavellaneda;mabusecaligari;39.77329339573782;25.93372972798474;26.015102618709598;22.938644448313873;8.577169196598408;16.53535400839337
anaavellaneda;mann_ohne_namen;33.743715787065355;9.279498891966862;13.832344123159782;26.88171992691815;18.90096629951691;31.1054707584383
anaavellaneda;manuelsanbai;47.5473117720901;24.792625110778783;21.88627212908225;19.258253873813345;12.175907195499521;21.886941690826113
anaavellaneda;marcos_m_rom;22.7272897804;2.431319944507647;3.0300773452595577;37.45162210472343;21.226715769016096;35.86026483649328
anaavellaneda;marialebernedo;26.172533229135848;6.333813289366007;8.38657376942091;32.189204293959435;22.32159658899202;30.768812058261616
anaavellaneda;marioiglesias;48.04118519003376;28.75517782768741;14.639360105165679;18.006461905769903;16.598910989208353;22.000089172168654
anaavellaneda;marioquema;40.198419795463;18.78639211493786;12.902712190863886;23.05356469735994;19.46750877462693;25.789822222211388
anaavellaneda;mat25;29.629786250261905;3.72984890683799;1.297282385372226;28.19760132803128;30.16855574323411;36.606711636524416
anaavellaneda;migblah;27.054369369485325;6.808180984623281;11.009332178224208;31.683660214111004;15.524050209785754;34.97477641325575
anaavellaneda;ninotchka;27.02141089251291;8.861430551220483;12.763552799953224;30.177918746209166;23.586657134740708;24.61044076787641
anaavellaneda;paloma55;27.965060994989503;4.610529195259547;6.2822177799937675;30.758509101660266;24.966984498642468;33.38175942444396
anaavellaneda;pauixitador;23.754912415649077;0.0;0.0;33.3865992864894;27.1837846527341;39.4296160607765
anaavellaneda;paula_arantzazu;29.777509915457728;8.041248469056724;10.87955020286294;27.355749600584204;26.042573819982515;27.680877907513622
anaavellaneda;pele_alvaro;26.788732935370124;3.040544849733067;3.2608243316838834;28.08487196993754;27.56835445493509;38.04540439371042
anaavellaneda;rachelmygod;30.07105877871304;7.350231773921757;13.740542969804878;30.618550455071315;15.32128636751323;32.96938843368883
anaavellaneda;simonsds;45.7437433963619;20.938238827130153;18.635268461644902;19.899749621516598;26.540484817985707;13.98625827172262
anaavellaneda;synthemesco;32.89880208973043;13.99678950239049;14.072354629060284;26.28077914993734;15.393212976155752;30.25686374245613
anaavellaneda;utges;29.43932105405507;17.518573873068767;11.680749290099262;27.79579156790589;18.40020862132379;24.604676647602286
anaavellaneda;vareludo;35.916738969497324;5.641106437129601;12.099347688401627;25.218041676175726;25.858969688089463;31.182534510203574
anaavellaneda;will_llermo;25.46380743518703;0.0;5.073041930680832;35.623046862410575;21.414413893462942;37.88949731344566
anaavellaneda;xzetaprobe;27.989236860953078;13.161562353939255;5.160933854615816;30.558348045712055;22.832763436901967;28.28639230883091
batty;a_de_la_hoz;53.48250067523447;25.48522790958816;22.415116356008518;16.299644840565783;17.920412080118936;17.879598813718605
batty;aixa72;51.86478471770666;24.85959034947949;23.633909515994656;17.788039709207354;15.642741840764655;18.075718584553847
batty;albertomilano;59.17988111811774;30.190211339379914;22.209195459044007;14.700853353650096;17.640355763709152;15.259384084216817
batty;alonsodvt;36.2689721065812;4.062779447976294;15.987639335435572;24.598022998965646;29.830689890960734;25.52086832666175
batty;anaavellaneda;27.12625697937468;0.0;13.446035006559752;30.90765188678946;19.991097745283792;35.655215361367
batty;bergmantonioni;39.692082633047605;13.921494983910002;19.104826618399848;22.08925419186113;19.731633019524203;25.152791186304817
batty;borinot;50.89982963286199;15.922265269880244;24.10499545015373;17.61274455114854;21.324921067542615;21.035073661274875
batty;bracero;60.071915967062615;28.208815536669846;21.821564329235148;15.574568958444761;16.328943238390195;18.06610793726005
batty;colmener;32.29595639382576;8.554834582674763;15.331684648811374;26.194129937990645;16.086988042627127;33.8323627878961
batty;danielquinn;54.91528317020821;20.459975766319943;24.716790893086166;16.755239141182344;18.64721414511616;19.420780054295378
batty;diogoserafim;59.29022230480444;18.639603894085486;30.523966531384556;14.89460317107738;18.459554972214555;17.482271431238043
batty;dr_akkar;40.97377614043329;11.687883254856077;22.280985193786396;22.14754550994343;26.53024125565621;17.35334478575788
batty;eljpax;76.34847234247128;32.81006298094396;25.13466342259531;12.343289796675343;14.986806808620479;14.725176991164913
batty;explodingboy;57.19537713566477;21.576568780921928;22.52555813685741;16.139626408052155;21.160482467648563;18.597764206519955
batty;ezequiel2517;55.164221265749816;21.70322996734332;22.860198756352506;17.074752158191824;18.31575970875737;20.046059409354974
batty;fabiovg;41.00764261923224;13.474881607014428;16.117630236490417;21.479367436694417;27.729831073692658;21.198289646108098
batty;figmare;37.22498373934036;7.422073480893685;17.53242295912634;22.860765890097134;23.809505880714863;28.375231789167973
batty;filmandera;48.8274720399879;18.86141503920772;20.732579622785014;18.14337860355103;19.917226747360353;22.345399987095885
batty;fleming22;50.98596049394777;16.25662605716252;25.215310757615274;17.733371283438604;21.16540520046516;19.62928670131844
batty;genzai_2;60.56298106860083;24.938774920046885;24.279422035987622;15.058338711539966;17.335517781315037;18.387946551110492
batty;gorkalonso1;58.34092870819792;18.627182979551918;28.875592785718162;15.350090971583125;17.908494693148608;19.238638569998184
batty;guillehormigo;50.35774837749743;26.700848586285492;22.061209781539294;17.071148459129095;16.148242224864934;18.018550948181193
batty;heelena9;35.28469925600983;22.446598724006673;13.747066271415584;25.68475830478082;27.52563156932858;10.595945130468337
batty;hugoromero;56.87271900292938;24.070528573955492;25.244174659171737;15.58696298467899;15.561928516611736;19.536405265582037
batty;jal90;48.04432779524859;16.868600869180842;22.81101178086263;17.643984605378183;21.524391163698432;21.152011580879908
batty;jarsito;44.56679952847617;13.638637924094791;24.055510800481457;19.398118292525258;17.539796024516168;25.367936958382316
batty;jasikedevicius;34.40156209896365;4.283318125204628;22.019641096291814;26.01411407938271;25.07016681804472;22.612759881076112
batty;jjm_24;73.56655381120785;33.04928181164859;24.170339341201878;12.809860475954181;15.475413071117513;14.495105300077826
batty;jorgemz;36.31631436925768;11.672204210286706;20.30299640882797;24.01729807079669;15.63793909583827;28.369562214250355
batty;juanky97;66.95818233809115;30.25920661622772;24.489541496100678;14.019574237053156;16.24097539402638;14.99070225659207
batty;lobo_lopez;66.10735883555074;33.15626961063362;24.646396503498362;14.109321029165375;12.992574586555895;15.095438270146746
batty;luisru;61.13682310657603;27.114908881361746;24.081809012952494;14.094702118797168;17.90330988925881;16.805270097629784
batty;mabusecaligari;48.625408104947304;12.879059958987133;28.58575844680191;17.999781255696767;19.907656277081628;20.62774406143256
batty;mann_ohne_namen;59.17831684595364;24.89980153667026;24.40028215793644;15.482768429490713;17.114984966184824;18.102162909717748
batty;manuelsanbai;52.09411393152882;23.689432367358883;19.77248798473871;16.827487554234416;19.16712202286905;20.543470070798943
batty;marcos_m_rom;58.54267362635071;26.428665896785134;20.554345790690114;16.15495234633445;19.109333384048412;17.752702582141872
batty;marialebernedo;48.23631933494848;16.801459994874737;22.160679139773375;18.936701314988923;22.332058439925024;19.769101110437948
batty;marioiglesias;47.398810798950684;17.486930155929553;16.333669287945312;19.4520582325304;24.1181588227145;22.60918350088023
batty;marioquema;39.51922269642501;22.837901395108595;12.973393489577404;21.926713386376843;16.79183685831024;25.470154870626914
batty;mat25;33.179986197862874;11.10253886146392;8.744710428964535;28.613691132599353;24.321135804445856;27.217923772526337
batty;migblah;58.9214666903083;22.194905853734767;22.894685728965133;15.991546374665194;20.42539866066093;18.49346338197398
batty;ninotchka;61.24429521356613;25.864335038391296;24.579562287013594;15.395502571140268;18.146411969245833;16.01418813420902
batty;paloma55;63.49365966976215;26.10842399780907;22.85361221012849;14.91617793157343;18.254902226950737;17.866883633538276
batty;pauixitador;52.250664441721135;25.733540978671087;18.284131985187557;17.769204451882356;20.253568942978774;17.95955364128022
batty;paula_arantzazu;42.970862601164555;12.00196806485508;15.661107967348947;20.483364529979628;27.327154750387603;24.526404687428755
batty;pele_alvaro;50.71729155770728;25.29461605557477;17.515452224633446;17.176472567915575;20.72305936812365;19.290399783752584
batty;rachelmygod;65.2620183146551;28.505547074300694;23.158229299481953;14.078724132038085;17.12153284231442;17.13596665186485
batty;simonsds;33.892572653518435;8.695287665543837;21.766783950855693;25.92019172009444;18.997795441995898;24.619941221510143
batty;synthemesco;64.40295722805173;28.02778474772205;23.363012306242375;14.291397811761183;18.83904055151027;15.478764582764127
batty;utges;63.4988711540174;26.68642080800189;24.193182400132088;14.538432046849925;18.271532905348803;16.310431839667288
batty;vareludo;52.298484121064746;17.60959673954643;28.594409314767617;17.588442186000023;16.3594832864912;19.848068473194715
batty;will_llermo;62.71246313567356;28.783309282549627;21.646351251564248;14.863439179482876;16.806203498240876;17.90069678816237
batty;xzetaprobe;41.45030791880188;19.107734660220654;12.933645377615937;21.832012171833732;24.75852218421955;21.368085606110114
bergmantonioni;a_de_la_hoz;71.43536838842118;34.80879482871338;29.577729220233877;13.120066420097745;9.719823870291803;12.773585660663207
bergmantonioni;aixa72;40.1577670003438;14.218724701033688;16.85560568340046;23.243902995031586;17.70342646917145;27.978340151362826
bergmantonioni;albertomilano;40.500256037852175;22.739491192371307;23.103357752573885;19.107412280437053;15.936755861409093;19.112982913208658
bergmantonioni;alonsodvt;23.525723224725617;0.0;3.101723669990249;36.49200405089251;25.390537518707077;35.01573476041017
bergmantonioni;anaavellaneda;45.931385095172054;17.243579388163507;22.15835374307734;19.693666078339483;17.899933531389784;23.004467259029898
bergmantonioni;batty;39.692082633047605;13.921494983910002;19.104826618399848;22.08925419186113;19.731633019524203;25.152791186304817
bergmantonioni;borinot;49.636712276729476;21.893616728400286;27.502694511717063;18.89848959946559;14.888067823740348;16.817131336676724
bergmantonioni;bracero;38.3356206611783;20.17972756525865;21.919543135601643;23.38966001420662;13.843443718129855;20.667625566803235
bergmantonioni;colmener;45.33861756711002;19.906564416446134;14.459791418702734;20.629551041560394;21.749694227044305;23.254398896246435
bergmantonioni;danielquinn;43.42584176029137;14.845277021493487;22.772566589951317;21.63817414415674;14.949481651937889;25.794500592460576
bergmantonioni;diogoserafim;27.6943475689837;2.6603413224811168;18.080148277164074;33.42136989012706;20.374309070590698;25.463831439637055
bergmantonioni;dr_akkar;33.9015429299042;16.299350457866463;21.525597828413318;26.974726863547726;15.95540339679339;19.244921453379114
bergmantonioni;eljpax;39.858306504713276;14.325551777234281;23.126186025468627;21.271469252832887;14.957247352168874;26.319545592295324
bergmantonioni;explodingboy;33.359525503297874;14.355621215075395;18.042284671484857;26.031424216320527;16.239859106946085;25.33081079017314
bergmantonioni;ezequiel2517;31.48954151429345;0.0;18.882539729353443;27.326387671841307;22.068314023245634;31.722758575559624
bergmantonioni;fabiovg;44.04808752044583;16.726360072437508;26.448154999861792;21.412204087564373;20.31570871371236;15.097572126423954
bergmantonioni;figmare;44.70070172459036;16.07010718726184;27.592705542139836;20.71238963071026;14.89790088852063;20.72689675136743
bergmantonioni;filmandera;52.34454194822555;22.520450689142198;23.305777179699515;18.044392667281986;17.943714136556725;18.18566532731958
bergmantonioni;fleming22;50.26340349917664;18.68903127075628;31.56362295449663;18.68798685929293;12.024098250159305;19.03526066529486
bergmantonioni;genzai_2;35.65503455114148;8.265471416805912;19.855939581559458;25.866042417211247;20.08267639525706;25.929870189166305
bergmantonioni;gorkalonso1;48.01860169662979;22.247795899694967;22.679991020743717;19.30868234321855;13.253776476756496;22.50975425958627
bergmantonioni;guillehormigo;39.00391997791136;15.111592327878043;17.420687235793817;22.215516924671434;20.02379520635338;25.22840830530333
bergmantonioni;heelena9;24.068300238414412;13.77512638125499;21.47082751720022;34.51155825660864;21.190466376670216;9.052021468265934
bergmantonioni;hugoromero;65.8943657953658;30.138401382321312;23.514478592959442;14.265968412351189;16.151388047471734;15.929763564896334
bergmantonioni;jal90;56.50796064528964;25.09860585331472;28.210761275623696;16.193552666601988;13.397716489041565;17.099363715418036
bergmantonioni;jarsito;65.62309138050047;26.10326128688648;27.00043803758988;14.282746589244134;18.833614735382575;13.779939350896937
bergmantonioni;jasikedevicius;31.24520305289383;19.453560316943104;5.815517421000596;29.888370953579724;18.627610383421924;26.214940925054663
bergmantonioni;jjm_24;29.098929258110477;11.393679630797408;8.116966335109025;29.213690559436586;18.47495392634233;32.80070954831465
bergmantonioni;jorgemz;50.67460673596121;23.003660574061442;25.42476407794824;17.926599976454717;15.311334490934309;18.333640880601305
bergmantonioni;juanky97;49.24550443700161;24.68572305852549;19.146966974759486;18.096718866785327;15.36288652118505;22.707704578744654
bergmantonioni;lobo_lopez;49.14139815080164;22.114290499218704;31.599934837321875;18.238181938388845;9.685842046100126;18.361750678970452
bergmantonioni;luisru;48.33449768198796;17.148408148746476;30.239673839719764;18.443072250713566;14.376234324917935;19.79261143590227
bergmantonioni;mabusecaligari;50.84594528752784;22.82194902503184;33.85589434792652;18.170082856837524;10.340731161078422;14.811342609125681
bergmantonioni;mann_ohne_namen;50.32713821779616;22.691225998788685;24.500058978857396;17.619668365354446;13.080029181456787;22.109017475542693
bergmantonioni;manuelsanbai;41.578620889226336;18.60577297762493;19.56935047721766;21.605035757827345;13.130135545170598;27.089705242159475
bergmantonioni;marcos_m_rom;24.869531179721065;4.443776002721665;6.543481649578564;35.00733199689563;19.694842046298508;34.31056830450562
bergmantonioni;marialebernedo;34.4467688027789;14.971938982469874;14.459819889145336;24.279295683664643;23.3185555283325;22.970389916387646
bergmantonioni;marioiglesias;43.59844762840457;14.786504701214671;21.44185876991785;19.179525493333518;19.990354490270693;24.601756545263267
bergmantonioni;marioquema;47.427455455524694;20.583278588594354;15.207344091820499;19.59512722733532;24.80481263265887;19.809437459590963
bergmantonioni;mat25;26.421278595628227;0.0;0.0;32.529659641631035;29.61357484398035;37.85676551438863
bergmantonioni;migblah;34.38686293871587;13.391090910253215;16.82727266558642;25.373332359556837;15.219466829503652;29.188837235099868
bergmantonioni;ninotchka;32.869879994714545;18.49201890309133;20.668630174073275;26.145839092116997;15.749828525659705;18.94368330505869
bergmantonioni;paloma55;32.0449452062222;8.621845438038381;12.478593805507758;27.23555641122146;22.04976870278764;29.61423564244477
bergmantonioni;pauixitador;23.58279672800476;7.8103986230596725;2.416469403649582;35.42617496997379;20.837982467180417;33.50897453613653
bergmantonioni;paula_arantzazu;42.70084917624962;21.13625673876027;19.91671562391225;18.62757994283073;23.162829750023047;17.156617944473705
bergmantonioni;pele_alvaro;27.798361149690443;10.255396075911277;7.282866324704417;26.457658469586914;21.46359371223548;34.54048541756192
bergmantonioni;rachelmygod;38.888670329766434;15.156376726108403;20.601081239983905;22.95568036031955;14.116571021640379;27.170290651947763
bergmantonioni;simonsds;44.177933386907284;8.338599340044818;30.26029012139999;20.87879898199083;22.834809014682495;17.68750254188187
bergmantonioni;synthemesco;42.46544234120251;10.843584391065633;22.170527324174863;21.167096123667566;19.13348151499011;26.685310646101815
bergmantonioni;utges;30.06083891817593;6.127275542564303;22.915368574320887;28.601276457678225;18.547828869683986;23.808250555752597
bergmantonioni;vareludo;49.99456038122509;23.947440900982297;18.507371384078915;18.74236895683384;17.539153063021427;21.26366569508352
bergmantonioni;will_llermo;28.893398029212005;2.549939510833338;8.17470582508164;31.736172424822826;25.50040697504898;32.03877526421322
bergmantonioni;xzetaprobe;25.426816253493616;3.6219839962660854;3.949940706160345;33.394247017478385;36.383820322591255;22.650007957503927
borinot;a_de_la_hoz;58.53163458415436;22.028041943581393;27.6145969391206;15.67077907331402;16.837394427409713;17.849187616574284
borinot;aixa72;41.065027059246624;17.941402335039264;22.543836809181045;22.487646871868776;18.89576128062492;18.131352703286005
borinot;albertomilano;61.55961077272252;35.00729093522588;20.274346891855306;13.194263328943919;19.447764246288813;12.076334597686076
borinot;alonsodvt;33.04644089935087;7.245813754929939;13.557009476660484;26.08837914614958;21.359362677046924;31.74943494521307
borinot;anaavellaneda;31.649804789799955;9.311452974353397;21.69984634437005;28.221090035642504;16.37019421362122;24.39741643201281
borinot;batty;50.89982963286199;15.922265269880244;24.10499545015373;17.61274455114854;21.324921067542615;21.035073661274875
borinot;bergmantonioni;49.636712276729476;21.893616728400286;27.502694511717063;18.89848959946559;14.888067823740348;16.817131336676724
borinot;bracero;64.30168458485223;30.363513326031395;20.11236722235314;14.255327123756777;18.49493163139513;16.77386069646356
borinot;colmener;37.91038729081414;21.37779768349961;15.453769705771627;24.506636985014993;14.138712746809995;24.523082878903786
borinot;danielquinn;45.47604297773988;11.340804671833478;23.34146889276689;20.53607684867111;24.789835335797555;19.99181425093097
borinot;diogoserafim;41.7986315730831;8.813257092890922;23.521629244830944;21.525463240815995;23.217577902491012;22.922072518971117
borinot;dr_akkar;41.56494604485578;5.317684076198162;23.121406577402002;22.018276276020327;27.444514457264972;22.098118613114533
borinot;eljpax;59.71928467313004;26.83324295784905;27.26499376414083;14.446663823743682;14.87234849599835;16.582750958268075
borinot;explodingboy;55.54748273540487;23.21144430230559;22.205430506202468;15.985098036256117;18.72635234697256;19.87167480826326
borinot;ezequiel2517;38.53556959734813;1.9119067917447343;22.803977909633694;22.89776348566786;24.657827486996027;27.728524325957675
borinot;fabiovg;55.230362808447595;20.343255154050983;28.899415218144398;16.81212686625525;15.114649793072868;18.830552968476486
borinot;figmare;56.985617008334216;24.241780570529706;24.567149140307293;16.24752465420101;16.152825768777863;18.79071986618413
borinot;filmandera;60.16287678712739;25.716934505139914;22.812089606875222;15.647842664675027;17.94149373982533;17.88163948348451
borinot;fleming22;69.79343838718393;27.974335437483603;27.35173992355949;13.325273243069809;16.15947751708353;15.189173878803574
borinot;genzai_2;54.29675749958622;18.99689574142186;21.843314632596403;17.18908326050892;23.27017518992359;18.70053117554922
borinot;gorkalonso1;71.35271156041142;34.590976621080344;21.826975935192237;13.007721124140064;16.382528863854027;14.191797455733314
borinot;guillehormigo;40.056848169365566;20.692084669538737;25.06707589689423;21.658676618423783;16.91942745033492;15.662735364808325
borinot;heelena9;42.77483239340383;24.544548438441943;19.263689005320764;20.198714736434248;27.55212518782275;8.440922631980301
borinot;hugoromero;62.0144378608044;30.158531669217627;23.580006877827568;15.22316782752312;14.287505721173641;16.750787904258033
borinot;jal90;63.84822495028541;25.674954703876725;26.95053291290243;14.31296465186521;16.639674506743916;16.42187322461173
borinot;jarsito;55.70124927610901;20.83263098336343;27.384451423641448;16.48584246094148;15.226449341502946;20.070625790550682
borinot;jasikedevicius;38.48523658514786;21.05848012167095;15.199332249690823;24.540574932734852;25.15774027844239;14.043872417460989
borinot;jjm_24;49.20247752819762;21.33813170331618;20.89753339395456;17.79620164817302;21.634827369980087;18.333305884576163
borinot;jorgemz;45.99454265993483;16.589024335140166;24.26918731167166;19.73832305821007;15.887513164597193;23.515952130380906
borinot;juanky97;51.22859322805797;19.415556235764114;23.746463668676167;17.822385676325055;22.94856155509966;16.067032864135
borinot;lobo_lopez;55.52279489531106;21.563067607770712;29.39858822286381;16.538656400713002;13.016457494099264;19.4832302745532
borinot;luisru;60.469669653699526;21.017448989142054;26.501733090395962;14.70647656067327;19.850254643034276;17.924086716754438
borinot;mabusecaligari;71.0359567844868;29.04078126085472;25.35870395397314;12.811409290190216;17.11986246417602;15.669243030805895
borinot;mann_ohne_namen;63.46004260648339;30.47596366207938;21.799562890849675;14.469033515364849;18.592445579545206;14.662994352160881
borinot;manuelsanbai;55.15274857379826;26.38325882312405;22.24349223065653;16.494948386682342;17.821754629715254;17.056545929821834
borinot;marcos_m_rom;42.89266647728371;12.023848434127771;20.69036474375581;20.753166641693642;23.433381495512727;23.09923868491003
borinot;marialebernedo;50.02270467954292;20.251818519160715;22.37218665450319;17.570732102358704;22.72004274889499;17.0852199750824
borinot;marioiglesias;45.00484340820552;13.50588950374577;21.656254519273194;19.470063732660183;24.52858149953651;20.839210744784328
borinot;marioquema;36.781406555092346;17.02625334830029;17.408821675698185;25.364138932103533;17.993389881088344;22.207396162809662
borinot;mat25;25.50484647248435;7.221805600399015;6.854763628132719;34.42697589371291;22.147656301687547;29.34879857606782
borinot;migblah;58.32036263180457;26.84523544836099;20.18018532027887;15.251153554918893;19.443829765289966;18.279595911151286
borinot;ninotchka;56.316816397184525;29.10853965820881;21.60136418356979;15.702259193712953;16.03146066700023;17.556376297508223
borinot;paloma55;50.79642503137381;21.031166056972282;20.68927682887764;17.463525634247286;19.395113725841348;21.420917754061435
borinot;pauixitador;39.75826913926398;24.090420554402293;11.556465147050076;22.089308094619142;23.50632840637291;18.757477797555573
borinot;paula_arantzazu;48.186841190536256;21.023389622116063;17.245123370439355;17.266047781277774;22.993692914633883;21.471746311532932
borinot;pele_alvaro;39.77526785528037;19.454231468956905;11.23753720698495;19.58480153036728;27.016244963263357;22.707184830427504
borinot;rachelmygod;62.38573503946656;29.22929938166529;22.314425331200315;14.51437810014314;17.215569454036377;16.72632773295488
borinot;simonsds;42.42311614308298;17.36704512427351;25.03143515451146;21.550072537093158;12.729110705572161;23.322336478549726
borinot;synthemesco;52.079537701012875;21.92769977583879;22.602958159596945;17.414390798591523;21.37947709717627;16.675474168796477
borinot;utges;55.85971423234332;24.73039545899468;21.999691451742265;15.832352470869191;19.194351290531877;18.243209327861983
borinot;vareludo;41.92809487512725;12.73976379223841;24.43746158248766;22.49127270421947;19.87556456293211;20.455937358122345
borinot;will_llermo;47.55291700495775;19.366955246205105;14.717799909610298;19.279243225896604;25.37402843162793;21.261973186660068
borinot;xzetaprobe;35.346604810187685;14.590790923992962;9.061465131366404;25.061371104142523;30.712436066761914;20.5739367737362
bracero;a_de_la_hoz;55.26869746339938;33.32646715878937;20.59936670683518;16.11835870857377;14.087753398209276;15.868054027592404
bracero;aixa72;38.293889094321464;18.27774562220028;22.65313948839304;23.92382682183412;16.511084117481285;18.63420395009128
bracero;albertomilano;52.94644494037427;30.613597967486534;15.475047792529539;16.668282871210113;20.751182019848663;16.491889348925152
bracero;alonsodvt;29.64902658234893;4.348666550873267;13.402596470382388;30.719687466930882;21.916197092310576;29.612852419502893
bracero;anaavellaneda;28.188739192637023;7.1876271590911465;18.22149746315626;30.915430101864015;14.271722815876776;29.403722460011792
bracero;batty;60.071915967062615;28.208815536669846;21.821564329235148;15.574568958444761;16.328943238390195;18.06610793726005
bracero;bergmantonioni;38.3356206611783;20.17972756525865;21.919543135601643;23.38966001420662;13.843443718129855;20.667625566803235
bracero;borinot;64.30168458485223;30.363513326031395;20.11236722235314;14.255327123756777;18.49493163139513;16.77386069646356
bracero;colmener;36.484985159374844;20.193626752234156;15.487928159919027;24.1983913434108;13.304806856639335;26.81524688779668
bracero;danielquinn;50.16663094409168;23.13098467335255;21.123939644520846;18.37434233254396;19.469161964207178;17.90157138537547
bracero;diogoserafim;47.460673390206914;19.016504543286196;22.72004022469716;18.780221200380026;17.1666648003156;22.31656923132103
bracero;dr_akkar;31.345776314097996;0.0;17.701701416817578;28.502900799908502;32.33505524023608;21.46034254303785
bracero;eljpax;58.14086720598567;26.928113416983997;26.148133758939476;15.676818958108568;13.727612160756724;17.519321705211244
bracero;explodingboy;56.732199408439214;25.324069066609454;22.416664414034265;16.25578087357625;16.93746272388008;19.06602292189994
bracero;ezequiel2517;42.5055435242785;13.866693353978919;20.776052493534376;22.071631632623536;19.12407735685179;24.161545163011372
bracero;fabiovg;35.13297261510181;12.05817121578264;18.45029362441856;25.59311275117665;17.518411778908145;26.38001062971399
bracero;figmare;41.53591953694248;17.294550742305915;14.566079096312759;21.264104403460497;22.091364674250077;24.783901083670738
bracero;filmandera;55.54601556796509;26.85966641877574;19.874526072542878;16.289026707156967;18.27573074446304;18.701050057061376
bracero;fleming22;44.32571286957138;17.86821765568523;19.29104271507587;20.510634326389496;21.931652239826168;20.398453063023243
bracero;genzai_2;58.464509716619624;22.683428231804744;22.596039674350596;15.961101703186156;20.738605831370585;18.020824559287917
bracero;gorkalonso1;55.215510936667066;24.685341052923487;22.222751940162524;16.390404358108402;18.718007833715184;17.983494815090392
bracero;guillehormigo;43.65758004114959;20.673067776583213;28.94593391927513;20.771536124587932;12.338855177764255;17.27060700178947
bracero;heelena9;52.80498287081753;29.997982850766792;20.73308758634802;17.63643971263776;22.79172086919395;8.840768981053476
bracero;hugoromero;61.47762321158009;33.24451998803828;23.123418901640477;14.766724198369014;12.670367459827208;16.194969452125015
bracero;jal90;36.28555400460095;7.614230296812448;19.069850563477704;24.168411664346877;23.210304984601855;25.937202490761127
bracero;jarsito;46.96829507628888;21.960981118039868;21.899240938971204;18.5269793950282;13.91757472926894;23.695223818691783
bracero;jasikedevicius;38.50793673069434;17.219508792943323;13.64744803287839;23.7609503035691;26.413554955950886;18.958537914658304
bracero;jjm_24;60.423064080350386;30.178729833841956;20.778068983269684;15.173146940655256;17.261637692711396;16.60841654952171
bracero;jorgemz;37.12595026308149;21.69355196326084;13.904044119001743;23.339046599275516;15.205902523178702;25.857454795283214
bracero;juanky97;52.483963677892255;27.37388785910523;17.962534264781794;17.833693727300957;21.28667331078019;15.543210838031836
bracero;lobo_lopez;55.259228353294084;32.33221257764538;25.155940530259493;17.006907956647403;8.559580648962578;16.945358286485146
bracero;luisru;58.56584286982621;31.76475303816959;19.054883298017128;14.87928430708122;17.88672500515482;16.41435435157725
bracero;mabusecaligari;59.21410183280623;24.88475378549204;22.307853159732897;14.777621906024892;20.641515283883912;17.388255864866256
bracero;mann_ohne_namen;59.77071072091794;28.04280678485178;23.63960255115556;15.443206976577356;17.642946586665712;15.231437100749588
bracero;manuelsanbai;41.69682944577654;19.878242660949493;16.720267942327407;21.138143957034487;20.757617720344797;21.505727719343817
bracero;marcos_m_rom;49.514840911618464;22.691486879026144;17.64726747166425;18.569945803981128;20.387910161023633;20.70338968430485
bracero;marialebernedo;55.36064111152461;26.616894514823215;20.19933291905004;16.967443855472723;19.389550061522417;16.82677864913159
bracero;marioiglesias;52.445824501948294;19.31613711154529;24.436685352031954;17.872014827056663;19.827271930115348;18.547890779250725
bracero;marioquema;42.757624339947625;23.69286770830252;20.84201608473431;21.25351238400747;12.826362391255795;21.3852414316999
bracero;mat25;26.77598652157573;11.006342145796095;9.301273936200712;34.83891647332487;15.494881710753035;29.35858573392528
bracero;migblah;45.934456736896706;16.03946633328559;17.921211101541495;20.189785302868188;24.06006903738394;21.789468224920782
bracero;ninotchka;57.180259901666496;28.0247427636534;23.02948705231202;16.306444094883215;14.087145042400703;18.55218104675067
bracero;paloma55;53.187356907823954;23.548812459290026;21.28523710935376;17.503935426878662;16.946685577271566;20.71532942720599
bracero;pauixitador;59.879012181399084;31.990956069162205;20.63653128335939;15.574547146892654;15.872656422303915;15.925309078281838
bracero;paula_arantzazu;53.155923787013954;24.255759467416464;19.112976237429955;17.085579084988524;18.42551709252287;21.120168117642187
bracero;pele_alvaro;46.09054105106174;27.833789495107194;12.087965755366968;19.057966140954754;21.80067649281692;19.219602115754164
bracero;rachelmygod;57.24873339964485;28.95643780026449;21.27112284129682;15.94573030620135;16.3205194922233;17.50618956001405
bracero;simonsds;30.182020976828095;9.154011417942247;22.5103765243724;29.70118636385816;11.89727999979841;26.737145694028776
bracero;synthemesco;47.83679879791967;26.182753121058326;18.615866231420494;18.916056005732457;19.759665695155878;16.525658946632845
bracero;utges;61.378952116510874;29.408651664143047;22.641056855054103;15.083963492199294;15.433927852751909;17.43240013585165
bracero;vareludo;51.44849653375162;23.986706548535384;27.464695650195967;18.08114316638514;13.090142406725931;17.37731222815758
bracero;will_llermo;53.88182880660185;21.536083633065928;20.216627065704184;17.25119216648473;20.885699442965393;20.110397691779763
bracero;xzetaprobe;53.54525829202104;25.799349321621175;20.155779402179743;17.418469472458224;19.133518655514454;17.492883148226397
colmener;a_de_la_hoz;45.172159145151916;27.72723546383978;17.24678228974369;20.6524902615237;15.467201081443818;18.906290903449
colmener;aixa72;40.200842269658914;13.745312239240352;16.5205517839685;22.845431980245305;21.48994490163789;25.39875909490795
colmener;albertomilano;26.933994704525393;6.838608424518519;11.343283513708883;27.36151126046768;22.833128782019173;31.62346801928576
colmener;alonsodvt;23.405385242114292;0.7869600999383758;7.902354786287864;35.8368353687386;21.814812340142474;33.65903740489269
colmener;anaavellaneda;72.37958519014059;29.774075086486086;26.298655215178314;12.928129954441621;15.924298858762162;15.074840885131815
colmener;batty;32.29595639382576;8.554834582674763;15.331684648811374;26.194129937990645;16.086988042627127;33.8323627878961
colmener;bergmantonioni;45.33861756711002;19.906564416446134;14.459791418702734;20.629551041560394;21.749694227044305;23.254398896246435
colmener;borinot;37.91038729081414;21.37779768349961;15.453769705771627;24.506636985014993;14.138712746809995;24.523082878903786
colmener;bracero;36.484985159374844;20.193626752234156;15.487928159919027;24.1983913434108;13.304806856639335;26.81524688779668
colmener;danielquinn;35.78991412374003;11.322192431143069;16.970923161691164;25.9006366878135;15.400514823196234;30.40573289615604
colmener;diogoserafim;35.21170891068691;15.1697841852136;15.704859404964521;24.993292778526254;16.291318026132206;27.840745605163423
colmener;dr_akkar;23.806150280736585;6.1896960548500894;20.39382291227013;38.00542074329465;12.738109556062929;22.672950733522207
colmener;eljpax;30.787589253695558;11.965278708542943;12.21875498147175;26.322598469537446;13.82027636467174;35.673091475776125
colmener;explodingboy;29.08174517927666;10.13369958133363;10.81621776543874;29.82413675184332;15.422844799802977;33.803101101581326
colmener;ezequiel2517;36.574823765060835;15.108018915590105;13.632382656086369;22.93160891987597;19.99532444235168;28.33266506609587
colmener;fabiovg;27.36026526480011;5.385650798620652;12.618832922067732;33.661364367863136;24.610870162824966;23.723281748623503
colmener;figmare;59.77847703925594;31.736635622297385;20.425925197026082;15.913556334742152;15.534728679944587;16.389154165989805
colmener;filmandera;44.874812396201726;20.11230939939671;17.031975272985946;20.925066897244843;19.61887780741756;22.311770622954946
colmener;fleming22;44.25410470727347;27.053801856784688;19.68110755916936;21.039194160294763;12.105439559180143;20.12045686457103
colmener;genzai_2;35.74835888082062;12.881083835650212;14.464703189736504;25.93572188322244;16.314061075947055;30.404430015443797
colmener;gorkalonso1;40.93919546321135;21.595856900449938;14.172027653195231;22.77640828397458;14.554930193030566;26.900776969349693
colmener;guillehormigo;27.082605441201103;0.0;9.166558867780827;30.08605876105521;22.523834366623984;38.22354800453998
colmener;heelena9;13.996183358759518;0.0;7.471149971404718;57.23257158818015;20.49114417887929;14.805134261535846
colmener;hugoromero;46.11484772281799;21.323606887184575;14.138615725461268;20.191682809557584;20.244768902420482;24.1013256753761
colmener;jal90;51.54452395422355;31.80357791212438;17.96936362764453;18.023447879474883;13.77088387727979;18.43272670347643
colmener;jarsito;55.98231121926661;26.97935330753361;19.66325155743695;16.587078697059138;18.321192581577552;18.449123856392745
colmener;jasikedevicius;30.400376678231954;9.694145308360927;3.8729889141144542;29.946586495524482;25.685555539924277;30.800723742075867
colmener;jjm_24;29.17407766193602;6.313517267852553;12.960671227746198;28.09270538885445;16.61329786853099;36.01980824701582
colmener;jorgemz;31.24586499474537;0.0;12.50020116459966;29.378929523132538;26.74114379955276;31.37972551271506
colmener;juanky97;36.180327578585555;15.27275086375865;15.049451429795404;24.781212821798743;16.057479922346676;28.83910496230052
colmener;lobo_lopez;37.00140847725255;21.405171259462254;18.485607842069026;24.466946690587967;11.778038718408913;23.86423548947185
colmener;luisru;31.494829444137828;7.017953601012621;21.774727069501775;28.183980788537422;14.34830878576854;28.675029755179636
colmener;mabusecaligari;37.85279607151678;22.870117729169436;19.57771986479843;24.48248824140992;10.570308307129489;22.499365857492716
colmener;mann_ohne_namen;35.79928500159602;17.493353470213595;12.155090740883434;25.222271505522222;14.86339873619646;30.265885547184293
colmener;manuelsanbai;53.7832381989999;31.849638625706337;20.563839455139288;17.2691182189235;9.897041599592542;20.420362100638336
colmener;marcos_m_rom;28.600178083269146;9.66030924122399;14.580768513753226;29.863522359396097;14.002446405354437;31.89295348027226
colmener;marialebernedo;29.307924550463955;11.31243111381968;11.449223423649624;28.558117752857154;17.598722341678027;31.081505367995522
colmener;marioiglesias;42.87332616183476;19.33275927290217;16.398151002780633;19.686745572998213;19.62473077707184;24.957613374247153
colmener;marioquema;40.67274578206131;14.491555132610051;12.950071784326711;23.3923298600417;23.01664641533273;26.149396807688817
colmener;mat25;29.070896054366596;7.603111073611564;5.2217470874110115;28.51277828851681;24.560498874411273;34.10186467604934
colmener;migblah;28.168792488136024;13.077666937259103;6.890096685202754;30.159384247846138;13.148946449795853;36.72390567989615
colmener;ninotchka;28.195660495529054;14.371725566326953;8.57692697583096;29.398182149962334;17.563401795219313;30.089763512660447
colmener;paloma55;30.548071537542345;2.41181893090621;15.108444935693976;27.70523490515576;20.32423771774185;34.4502635105022
colmener;pauixitador;26.0409457368662;7.073131865235794;4.437476568896841;31.139833752423346;20.94627260858952;36.4032852048545
colmener;paula_arantzazu;37.512904621315826;22.095321657507426;10.707674242624147;20.774546845529915;20.78466963923781;25.637787615100713
colmener;pele_alvaro;24.94299333795093;4.898310089766809;3.4576595180853475;28.825807365931333;22.574670875968334;40.24355215024819
colmener;rachelmygod;36.69561453066542;19.575774305665;15.069782722639872;24.617876010411536;10.942859254755147;29.79370770652844
colmener;simonsds;37.165375491049645;8.920772982530265;16.962416399029717;25.01822750936709;29.668802162185905;19.42978094688701
colmener;synthemesco;32.82667549002627;8.977627632052707;17.63735742431874;26.79765093204173;15.501670333219536;31.085693678367285
colmener;utges;24.82010361274945;2.96841698916503;9.04471845847516;33.57352154402652;17.583962392769603;36.82938061556369
colmener;vareludo;45.20000972784954;21.597617661301744;11.22325119815121;20.527981071347934;21.59779281039998;25.053357258799124
colmener;will_llermo;31.47730192966275;7.021861409998347;10.868295428644673;28.885661017224095;18.929227743104843;34.29495440102804
colmener;xzetaprobe;32.714676340753954;16.89067999699424;7.846942094983409;26.00035631987893;21.328547696156036;27.933473891987394
danielquinn;a_de_la_hoz;49.523185776025926;18.96837420797557;20.246073172757868;18.819468797313586;24.12607883307657;17.84000498887641
danielquinn;aixa72;73.71469796762418;31.73351192864774;25.690064965536624;12.961041092703342;14.659717538286225;14.955664474826063
danielquinn;albertomilano;57.025849163100204;30.361596196764722;20.417795483023028;14.286524638638864;19.45650795558806;15.477575725985327
danielquinn;alonsodvt;29.45199259791901;2.501576658759841;15.98818645992087;30.212920362410475;23.236193507416655;28.06112301149215
danielquinn;anaavellaneda;29.854631850893;2.467838746258665;13.32755482851974;30.575111826937622;18.287951055116494;35.34154354316749
danielquinn;batty;54.91528317020821;20.459975766319943;24.716790893086166;16.755239141182344;18.64721414511616;19.420780054295378
danielquinn;bergmantonioni;43.42584176029137;14.845277021493487;22.772566589951317;21.63817414415674;14.949481651937889;25.794500592460576
danielquinn;borinot;45.47604297773988;11.340804671833478;23.34146889276689;20.53607684867111;24.789835335797555;19.99181425093097
danielquinn;bracero;50.16663094409168;23.13098467335255;21.123939644520846;18.37434233254396;19.469161964207178;17.90157138537547
danielquinn;colmener;35.78991412374003;11.322192431143069;16.970923161691164;25.9006366878135;15.400514823196234;30.40573289615604
danielquinn;diogoserafim;54.66818749547729;27.290962393276626;21.987162716582528;16.72576188251991;18.79521832916823;15.200894678452705
danielquinn;dr_akkar;46.47832528953655;14.266601711692356;26.410877292836936;20.19719547334997;25.870787246063237;13.25453827605749
danielquinn;eljpax;59.22366764513449;20.83761505810466;27.7007392637901;15.111718149115328;17.607888202981194;18.74203932600871
danielquinn;explodingboy;56.804796759656554;27.237220274225162;22.330971817660426;16.077859881448124;17.92953783595306;16.42441019071322
danielquinn;ezequiel2517;48.382357245553784;18.65424015146002;20.63632606514392;18.878825070350107;20.277163578523886;21.553445134522054
danielquinn;fabiovg;38.411013430849195;20.140118989059847;16.244168481068797;24.151571648091643;21.179379409428858;18.284761472350855
danielquinn;figmare;40.627285321710666;10.880827993331387;21.56817361565608;22.738627532498377;21.621957110664386;23.190413747849767
danielquinn;filmandera;43.47494098009878;12.28648073869034;24.255923824976325;21.56933829994994;18.805596900213303;23.082660236170078
danielquinn;fleming22;53.007301154384955;18.416567286570068;22.179877870332128;17.935167371317092;23.497001433103527;17.971386038677196
danielquinn;genzai_2;53.605088180591416;22.33448019088344;20.27946335515551;17.507772171639083;21.099589057024183;18.778695225297792
danielquinn;gorkalonso1;67.37037110680217;24.606059913233366;26.18693250518141;13.977114732888802;18.44653440061704;16.783358448079376
danielquinn;guillehormigo;34.505735752928715;2.135193341897323;27.475038570951984;24.866656405780642;15.891370127842864;29.63174155352719
danielquinn;heelena9;33.01591875198612;19.525994586604824;18.893691272166084;26.242575951187;26.037065755455906;9.300672434586197
danielquinn;hugoromero;48.594110175535164;14.680787766097424;24.767098896157698;19.121184481716845;19.205333926306707;22.22559492972133
danielquinn;jal90;48.10868703524523;14.165983348126778;21.762874878530788;19.081358204464646;25.250957391080384;19.738826177797403
danielquinn;jarsito;50.47428927073687;24.814595928422975;21.1121048068686;18.349451936438136;16.09981317727389;19.62403415099639
danielquinn;jasikedevicius;36.48938575649017;19.18163184279596;13.19210079728449;25.549494376531033;19.434409420185993;22.64236356320253
danielquinn;jjm_24;67.79476911748546;31.244254138409353;23.003028983908084;13.42386020984329;16.796465176571598;15.532391491267676
danielquinn;jorgemz;45.633427436837195;25.080449694209438;17.08378499832999;20.21328900543309;16.95952217384086;20.662954128186612
danielquinn;juanky97;67.13806500026062;29.08074661923677;23.59899221110634;13.970613551391285;16.40817978643267;16.94146783183293
danielquinn;lobo_lopez;51.48521738695549;15.02571845377275;28.027311257062657;18.131183145789972;21.15404687025422;17.661740273120394
danielquinn;luisru;65.26847512416043;30.195958421558256;22.22608316492987;13.841788563879678;18.9375476549343;14.79862219469789
danielquinn;mabusecaligari;38.43963197120089;0.0;26.779516790013144;24.01561390551822;28.375017003746642;20.829852300721985
danielquinn;mann_ohne_namen;60.4629192389271;23.15223851448219;23.727653093141647;15.31710238428741;18.91531658868882;18.88768941939993
danielquinn;manuelsanbai;50.958179625919136;13.012390944888192;23.017261166744834;18.106226501989966;23.864479101037485;21.99964228533953
danielquinn;marcos_m_rom;58.5505049784583;26.73971585489496;23.840426882923815;15.72382474762753;17.447535228259895;16.248497286293805
danielquinn;marialebernedo;40.44924434139371;20.035988380054256;16.410177202099753;21.679969481987005;20.174277061400513;21.699587874458473
danielquinn;marioiglesias;41.938520689223296;9.662245786060762;19.47410309598081;21.10224603891058;23.39725056381956;26.364154515228297
danielquinn;marioquema;38.91763645487826;19.40465417405345;18.33084194791388;23.644184976864544;11.904033466061227;26.716285435106904
danielquinn;mat25;32.17874218180713;5.1515978420311415;16.14157934800433;28.5529544124308;18.105371843383967;32.048496554149764
danielquinn;migblah;46.708306891538456;13.407669602926342;20.398065140809347;19.839368330401328;23.497789826815296;22.857107099047674
danielquinn;ninotchka;49.5446981948992;17.8448358564042;26.996093198324644;18.42180416143897;21.59838850163996;15.138878282192211
danielquinn;paloma55;70.23816623231988;32.25525311326905;24.66062704244184;13.147357024632775;15.225409333054426;14.711353486601892
danielquinn;pauixitador;46.517614906091154;28.509103765140356;16.69632472234193;19.10935307504945;16.28780571385625;19.39741272361201
danielquinn;paula_arantzazu;33.63507495126808;8.214239600736803;13.620812878785632;24.883305934296303;28.235041389873906;25.046600196307363
danielquinn;pele_alvaro;51.47486391649408;32.83420311436414;14.86977992683697;15.56480856247784;16.62859824777027;20.102610148550788
danielquinn;rachelmygod;72.20936241906718;29.079025501793055;25.77447921127408;12.923110459408798;16.97037396811381;15.25301085941027
danielquinn;simonsds;28.966552766506375;0.0;22.79635692955574;32.24971051128543;19.46427496448717;25.489657594671648
danielquinn;synthemesco;57.715167728989144;15.637762942841913;28.9335407902416;15.940604885617734;20.170390773868448;19.317700607430297
danielquinn;utges;56.46896942606965;22.83266924738477;25.977647592843333;15.940062090823526;20.419262057744376;14.830359011203996
danielquinn;vareludo;56.1084830114791;18.3834918706656;26.83846579205787;16.766197740175013;18.65614752034838;19.355697076753135
danielquinn;will_llermo;64.70586084520893;25.619308145770294;24.993775262222528;14.499714239165918;18.98269082349418;15.90451152934708
danielquinn;xzetaprobe;28.232790798498648;9.786016784892162;5.8335291975163965;31.25053420377748;28.291124689267633;24.838795124546333
diogoserafim;a_de_la_hoz;41.27971640470802;13.83227122948503;19.455504205409298;22.335464315408117;27.308437023912862;17.068323225784702
diogoserafim;aixa72;41.92117707710276;19.771861185837057;19.360164327516966;21.520021902753896;23.725092568804968;15.622860015087118
diogoserafim;albertomilano;39.688409026413204;13.458690788340645;19.20629134756222;20.80562397030869;26.31105441715777;20.218339476630664
diogoserafim;alonsodvt;33.383996189264565;11.586425672377253;12.976673939032786;27.112302382557704;27.00194631024446;21.322651695787794
diogoserafim;anaavellaneda;26.25003410797687;0.0;9.327794306361564;33.232867100344144;27.6468157021769;29.79252289111738
diogoserafim;batty;59.29022230480444;18.639603894085486;30.523966531384556;14.89460317107738;18.459554972214555;17.482271431238043
diogoserafim;bergmantonioni;27.6943475689837;2.6603413224811168;18.080148277164074;33.42136989012706;20.374309070590698;25.463831439637055
diogoserafim;borinot;41.7986315730831;8.813257092890922;23.521629244830944;21.525463240815995;23.217577902491012;22.922072518971117
diogoserafim;bracero;47.460673390206914;19.016504543286196;22.72004022469716;18.780221200380026;17.1666648003156;22.31656923132103
diogoserafim;colmener;35.21170891068691;15.1697841852136;15.704859404964521;24.993292778526254;16.291318026132206;27.840745605163423
diogoserafim;danielquinn;54.66818749547729;27.290962393276626;21.987162716582528;16.72576188251991;18.79521832916823;15.200894678452705
diogoserafim;dr_akkar;37.73621199385946;20.500265927951684;17.1961167262976;23.894772661978052;26.4164896178564;11.992355065916264
diogoserafim;eljpax;52.332125364887865;23.22972506721187;23.210028375868344;16.664767142734085;18.321937916929233;18.573541497256464
diogoserafim;explodingboy;50.70047680080457;16.348163690291308;25.209155663353528;17.119882909326357;22.074239900219837;19.24855783680897
diogoserafim;ezequiel2517;50.48201408848113;20.432422516047424;22.082251262276582;17.442910854558598;21.35366891151726;18.688746455600132
diogoserafim;fabiovg;38.74847057229266;18.063318459109546;13.955672810290064;23.748485834995204;27.185926414672412;17.04659648093276
diogoserafim;figmare;32.14938464111711;0.0;17.171137254222494;26.96585458809872;28.189395953560354;27.67361220411843
diogoserafim;filmandera;39.62395482394044;7.9024109190567335;24.839095541267156;22.629721187538507;21.261561075166004;23.367211276971602
diogoserafim;fleming22;42.270319836487026;14.815349137085711;20.157144883093665;21.671409090117017;25.87493282486918;17.481164064834427
diogoserafim;genzai_2;56.564605629612196;23.770953577901597;24.354378710777212;15.79152052629913;16.790114787927767;19.293032397094287
diogoserafim;gorkalonso1;49.983237115118314;17.31976463509174;25.211643269231036;17.80281613553589;20.92636375004939;18.73941221009194
diogoserafim;guillehormigo;39.62981280442032;16.73204358558906;23.68333055610087;22.747339787270864;17.0280649258212;19.809221145218004
diogoserafim;heelena9;23.409681892984842;4.720893960054217;15.334466081304736;36.76372205447619;31.86893622172268;11.311981682442168
diogoserafim;hugoromero;44.12069036038548;20.10234872631081;21.62300144376779;20.15996108812093;16.27941169789413;21.835277043906345
diogoserafim;jal90;35.337362051379834;0.0;21.020024950063537;25.174065695491766;31.63970250421134;22.16620685023335
diogoserafim;jarsito;37.626788213090244;10.279941734683387;20.916624950007947;24.628987719445597;16.24516559157948;27.929280004283594
diogoserafim;jasikedevicius;38.869267596499256;20.85042090371499;16.38548311930133;23.411921444734105;21.3808266886087;17.971347843640892
diogoserafim;jjm_24;48.77666783868612;18.1258180605327;24.274996796168615;17.67069210656741;20.352733926927215;19.575759109804043
diogoserafim;jorgemz;33.448034836732475;12.673134297786298;16.648248264022197;26.097008982045562;18.50593237921567;26.075676076930275
diogoserafim;juanky97;41.632564574674724;18.58166531153991;22.23784808202879;21.049092765569217;20.592258864092624;17.539134976769457
diogoserafim;lobo_lopez;50.09029359815283;22.430800104243964;23.414575989294885;17.305446847922706;21.147270443485514;15.70190661505292
diogoserafim;luisru;45.412550325040385;15.818205824566814;25.800995083506805;19.87174557704576;21.65492582469877;16.85412769018183
diogoserafim;mabusecaligari;43.14733356356892;13.233546233972989;24.200944046115822;21.214489854795186;20.153344073109448;21.197675792006553
diogoserafim;mann_ohne_namen;42.51424946082065;15.596835497316494;22.116652702101497;20.167564621426607;22.440954810869727;19.67799236828567
diogoserafim;manuelsanbai;44.56151930531418;18.187005340939773;19.79536816210461;18.97382154787319;24.118175700610355;18.925629248472067
diogoserafim;marcos_m_rom;49.74431835619381;22.95708344006479;20.850788069811404;17.911453267055474;20.173239008063334;18.107436215005
diogoserafim;marialebernedo;44.37433759277956;20.339145553783986;20.820794863144013;18.92670081393648;19.485649415547638;20.427709353587893
diogoserafim;marioiglesias;38.28331547174003;12.02815383298441;16.484936196958362;21.921529721689392;27.451111934544656;22.114268313823185
diogoserafim;marioquema;25.74893204130407;0.0;14.946513994992202;33.859458126109104;14.884574236149403;36.30945364274929
diogoserafim;mat25;22.937204366180087;0.0;0.0;38.03626803147334;32.61951131565489;29.344220652871776
diogoserafim;migblah;44.38732873734765;9.959114819396222;24.865006534873014;20.26537232870467;24.641320578338075;20.269185738688012
diogoserafim;ninotchka;45.54833862565363;8.896489027479976;26.42822981646907;18.900956085822838;23.08505702284848;22.689268047379628
diogoserafim;paloma55;59.11527965593432;26.795829772156097;24.062560291457036;14.872992082894328;16.976658391650894;17.29195946184165
diogoserafim;pauixitador;37.343082776880486;8.385080983479398;19.380248195848736;22.245202584954626;25.975726521925342;24.0137417137919
diogoserafim;paula_arantzazu;42.017178177221915;12.274382598544882;17.036821379891986;20.187209149105097;24.93712116703504;25.564465705422993
diogoserafim;pele_alvaro;37.98729658476101;16.617546454305195;14.808569340831287;20.389455809954395;27.075871183316664;21.108557211592434
diogoserafim;rachelmygod;59.15625537109323;24.90908755963072;25.56266353945446;15.023280336254006;18.441092947052503;16.0638756176083
diogoserafim;simonsds;25.65890824056013;0.0;15.01208043048484;34.43201099933362;27.895287805511455;22.660620764670092
diogoserafim;synthemesco;47.539452611549734;22.472030939536314;22.275469221799643;18.45165595986748;22.19293178405513;14.60791209474143
diogoserafim;utges;46.035549786129344;6.401697607975193;28.195854461552354;18.730952377177456;23.669706772271425;23.001788781023567
diogoserafim;vareludo;47.742324107787304;19.67592356103021;23.910509180883093;18.92847821815905;18.715131471192212;18.76995756873545
diogoserafim;will_llermo;45.72661395812184;11.278659756674351;25.26262066980026;20.09014323299055;19.980340645809267;23.38823569472556
diogoserafim;xzetaprobe;42.83803695411482;18.05877290353685;17.30087779980949;20.198272986794894;19.3839417435555;25.058134566303274
dr_akkar;a_de_la_hoz;47.08191354935088;10.953992346081332;23.937538944379657;19.64615241171141;22.652648436020396;22.809667861807206
dr_akkar;aixa72;40.028725828519725;12.423973185648936;27.68806664630332;23.35656874056399;22.576602926977444;13.954788500506304
dr_akkar;albertomilano;24.190153304508137;1.522859659248031;14.101824659002853;30.93648444241809;44.723300236938215;8.715531002392808
dr_akkar;alonsodvt;32.816165062360334;0.0;20.01203847670898;27.069008370902132;20.084419829935634;32.83453332245325
dr_akkar;anaavellaneda;21.277717193407533;3.462609102622575;18.657009447366647;42.259203081527815;16.28898157106369;19.332196797419282
dr_akkar;batty;40.97377614043329;11.687883254856077;22.280985193786396;22.14754550994343;26.53024125565621;17.35334478575788
dr_akkar;bergmantonioni;33.9015429299042;16.299350457866463;21.525597828413318;26.974726863547726;15.95540339679339;19.244921453379114
dr_akkar;borinot;41.56494604485578;5.317684076198162;23.121406577402002;22.018276276020327;27.444514457264972;22.098118613114533
dr_akkar;bracero;31.345776314097996;0.0;17.701701416817578;28.502900799908502;32.33505524023608;21.46034254303785
dr_akkar;colmener;23.806150280736585;6.1896960548500894;20.39382291227013;38.00542074329465;12.738109556062929;22.672950733522207
dr_akkar;danielquinn;46.47832528953655;14.266601711692356;26.410877292836936;20.19719547334997;25.870787246063237;13.25453827605749
dr_akkar;diogoserafim;37.73621199385946;20.500265927951684;17.1961167262976;23.894772661978052;26.4164896178564;11.992355065916264
dr_akkar;eljpax;37.20639219144868;5.940625755204655;24.834208308240537;24.09283588218398;28.78979060033427;16.34253945403655
dr_akkar;explodingboy;41.4625360912255;12.438576345733823;20.170315864297123;22.229616463026563;26.19323651700054;18.968254809941946
dr_akkar;ezequiel2517;36.597442692588984;0.0;27.778868458248745;24.258568311929665;25.535691406063428;22.42687182375817
dr_akkar;fabiovg;36.080076946250436;10.720630975096553;14.310335409692824;25.286185382328025;21.92835458615771;27.754493646724892
dr_akkar;figmare;33.01772071427068;0.0;21.91144714295725;27.527937811506934;24.850703050758426;25.709911994777393
dr_akkar;filmandera;31.74257451853352;0.0;21.62154499809146;28.6969914503597;25.393468929310576;24.287994622238262
dr_akkar;fleming22;48.56275225703628;7.964976705738411;27.011382182856817;19.308345349040327;24.196361296024165;21.51893446634028
dr_akkar;genzai_2;39.32572957481278;14.051185705930902;19.143240185694914;23.293771186753677;28.238538778325776;15.27326414329472
dr_akkar;gorkalonso1;47.19230969496269;14.05075868119831;27.042585480910155;19.657764551476728;24.51082460866063;14.738066677754167
dr_akkar;guillehormigo;21.994000527497292;13.399366276237053;19.237145051242997;37.01193766212242;22.24857496388823;8.102976046509307
dr_akkar;heelena9;18.827755717644628;0.0;0.0;44.084778878935914;53.509195748358586;2.406025372705517
dr_akkar;hugoromero;36.356509683794684;5.303335313107466;26.80001018087622;25.310283682670317;21.748408418607955;20.837962404738033
dr_akkar;jal90;47.00979313454176;13.32168266985376;23.757536793902876;19.031888826759737;23.447207514787777;20.44168419469585
dr_akkar;jarsito;31.834305035332754;4.6287435617110955;21.480919621705542;28.77941051674907;21.11789420465345;23.99303209518085
dr_akkar;jasikedevicius;20.410738675755596;9.024222298778996;6.274735005471137;45.05134948932858;34.956117782457646;4.693575423963629
dr_akkar;jjm_24;30.822509635537052;1.1951722638440836;19.68801381645612;29.22169427176586;37.00792473847784;12.887194909456097
dr_akkar;jorgemz;29.5434861292596;0.0;19.277206756355774;30.68405031745529;18.660177860954608;31.378565065234334
dr_akkar;juanky97;47.563299941873105;21.686254792612363;24.516111420622643;19.70451065037226;22.734701371305565;11.35842176508716
dr_akkar;lobo_lopez;53.123818949724594;15.255691432370963;29.12982941280156;17.50126290868112;18.22682123258111;19.886395013565252
dr_akkar;luisru;50.311785656254116;10.616876701955894;27.309202776988027;17.757314362661667;24.092160258436984;20.224445899957427
dr_akkar;mabusecaligari;43.880171212969955;6.296387570994547;24.949967165891415;21.226967318432088;25.476890763240263;22.049787181441673
dr_akkar;mann_ohne_namen;39.06613036114858;9.429705035515022;23.116576546554047;23.419120939499876;27.96986813394729;16.064729344483773
dr_akkar;manuelsanbai;49.28658201872438;14.948575092695924;28.417018120692774;18.836051450816043;23.005242392429082;14.793112943366182
dr_akkar;marcos_m_rom;42.69047106171629;12.943711220194213;24.8274757150633;21.80648694378948;26.73282637240571;13.68949974854729
dr_akkar;marialebernedo;30.93749576074901;14.288761664490597;14.395344892326682;27.55151757459799;29.84633373062613;13.918042137958608
dr_akkar;marioiglesias;32.05186589672884;2.298662345409385;20.99922158348317;26.88667655664522;30.320340334996793;19.49509917946543
dr_akkar;marioquema;16.4856519011378;2.23456183834128;3.4940337694710344;54.291902322684685;22.28535117481822;17.694150894684768
dr_akkar;mat25;20.03691619544984;0.0;11.749863957963731;45.316873963161115;21.787075272341124;21.146186806534025
dr_akkar;migblah;41.36175049888617;4.453173303128566;25.954833268473376;22.132103464788877;27.926864112059974;19.5330258515492
dr_akkar;ninotchka;34.91994792061888;5.274665458007364;23.219139720220298;25.73438733482436;29.535754184476254;16.236053302471735
dr_akkar;paloma55;44.461961504299765;15.742129678265986;24.646595027895756;20.32935103371482;23.202287287369288;16.079636972754155
dr_akkar;pauixitador;21.508409096685597;3.4254703314284263;10.987878778068342;39.25452026100397;38.178816117560984;8.15331451193828
dr_akkar;paula_arantzazu;28.487567662676362;6.465664084534202;13.083445217121271;28.152907843959575;31.92835939107452;20.369623463310422
dr_akkar;pele_alvaro;21.90763199572863;0.0;0.0;33.75270898761746;42.52344272867743;23.72384828370511
dr_akkar;rachelmygod;46.998511673677754;16.06823811617423;22.43664661097132;19.956985210605076;25.167534779995687;16.370595282253678
dr_akkar;simonsds;31.155469135551478;0.0;22.169428618077642;29.35622026668666;13.232009510780326;35.242341604455376
dr_akkar;synthemesco;43.25114341048878;6.3879597821558365;27.527491960544385;20.97238287729539;28.01278595409745;17.099379425906942
dr_akkar;utges;33.89804719319476;0.0;23.117102913110834;26.038540881105188;33.20893579928727;17.63542040649671
dr_akkar;vareludo;30.4032810084847;4.846609628504291;22.579881789214358;30.69564322922707;26.24308748277519;15.634777870279093
dr_akkar;will_llermo;43.61641214714487;17.7364974078529;21.423517041396885;20.984037051446528;27.380782258131983;12.47516624117169
dr_akkar;xzetaprobe;17.97734416095815;0.0;0.0;47.87801105970704;46.4235946950367;5.69839424525625
eljpax;a_de_la_hoz;55.87382525870641;27.69104772783152;23.608555654739874;15.196111363719405;17.702408337788825;15.801876915920367
eljpax;aixa72;58.05977403810742;26.648480597941226;25.117299110268636;15.549753537707467;15.296489590470658;17.387977163612014
eljpax;albertomilano;60.088724281884794;29.42705199383306;24.27323960014875;14.270297712790317;15.865426608887152;16.163984084340722
eljpax;alonsodvt;39.15920194928859;16.462762741128273;13.110703510712277;22.922433392371854;25.783358587572796;21.720741768214793
eljpax;anaavellaneda;33.28853911620275;15.492867345669294;13.653000975110062;25.12207116493498;15.413825698660816;30.318234815624855
eljpax;batty;76.34847234247128;32.81006298094396;25.13466342259531;12.343289796675343;14.986806808620479;14.725176991164913
eljpax;bergmantonioni;39.858306504713276;14.325551777234281;23.126186025468627;21.271469252832887;14.957247352168874;26.319545592295324
eljpax;borinot;59.71928467313004;26.83324295784905;27.26499376414083;14.446663823743682;14.87234849599835;16.582750958268075
eljpax;bracero;58.14086720598567;26.928113416983997;26.148133758939476;15.676818958108568;13.727612160756724;17.519321705211244
eljpax;colmener;30.787589253695558;11.965278708542943;12.21875498147175;26.322598469537446;13.82027636467174;35.673091475776125
eljpax;danielquinn;59.22366764513449;20.83761505810466;27.7007392637901;15.111718149115328;17.607888202981194;18.74203932600871
eljpax;diogoserafim;52.332125364887865;23.22972506721187;23.210028375868344;16.664767142734085;18.321937916929233;18.573541497256464
eljpax;dr_akkar;37.20639219144868;5.940625755204655;24.834208308240537;24.09283588218398;28.78979060033427;16.34253945403655
eljpax;explodingboy;69.27286282654599;32.704723575638994;22.800694686043332;13.445555927400374;16.674207930735495;14.374817880181801
eljpax;ezequiel2517;60.75566144719399;26.981852299415984;22.8480551348735;15.362694407956687;16.929127894287717;17.878270263466113
eljpax;fabiovg;45.53524482359727;25.07913313294604;17.931754364527617;18.602333360943636;21.31958311645878;17.067196025123938
eljpax;figmare;39.760658739361574;12.507735840324443;22.773116507843017;20.500542489905218;19.123594860716395;25.095010301210937
eljpax;filmandera;53.99755648390624;26.94768680621493;23.437747824289524;16.01414890388304;13.947945130559587;19.652471335052923
eljpax;fleming22;57.30565504722934;25.070652013940062;24.195700992576914;15.34632510916272;18.91100202876749;16.476319855552816
eljpax;genzai_2;52.77568883759967;19.544412664909483;26.584563843353695;16.282296993906712;16.965983526655947;20.622742971174162
eljpax;gorkalonso1;70.51429528681145;28.471990842991847;28.522417599705012;12.385199957817152;14.525056121875068;16.095335477610917
eljpax;guillehormigo;57.65223422855304;31.9486392083451;22.87972046187317;14.999072950498299;12.877936453083981;17.294630926199453
eljpax;heelena9;41.359677244505;26.27503952267852;25.35376458087828;21.025513584995153;17.229950941985976;10.115731369462072
eljpax;hugoromero;66.47482922087649;32.77573831144795;25.151093313422688;13.010736679606643;12.713316619652144;16.349115075870575
eljpax;jal90;43.4563220605997;10.596331808490987;25.431235478132255;19.043987243841716;22.93702784783413;21.991417621700915
eljpax;jarsito;47.790121138002284;21.19791105116295;26.08771295984476;17.466636864777314;12.745015610557477;22.5027235136575
eljpax;jasikedevicius;36.878579112640224;13.98467438463981;22.058089212379976;23.004106955056137;18.414276477897204;22.53885297002688
eljpax;jjm_24;77.2082863641919;33.87606350403033;24.14462057223274;12.04317654357978;15.683661795584825;14.252477584572329
eljpax;jorgemz;35.429632017006895;11.964319507452666;21.313874369813977;24.437432239171077;15.24529564632645;27.039078237235834
eljpax;juanky97;73.37295506801945;35.3957899773001;23.285308846283225;12.48696035061217;14.180598147925064;14.651342677879455
eljpax;lobo_lopez;66.97924514687261;33.27466018062383;24.73313946540381;13.588171528082745;14.5926054149318;13.811423410957817
eljpax;luisru;63.78755129661252;30.030731846915955;24.80790283889801;13.560312636132503;16.292490110135354;15.308562567918175
eljpax;mabusecaligari;53.98955229523567;23.54007661310156;28.79507937774043;15.663117935089623;15.440028347096616;16.56169772697178
eljpax;mann_ohne_namen;69.70794781180331;32.23636323067337;24.892224381804063;12.844807994628681;13.95041542993339;16.076188962960497
eljpax;manuelsanbai;53.854091955725124;25.65139942064191;17.86752698936218;15.929664466388182;20.405529037265865;20.145880086341847
eljpax;marcos_m_rom;69.1983903674068;32.4737427242894;22.453991682857914;13.450667125512654;16.40612264353434;15.215475823805706
eljpax;marialebernedo;55.227136033148064;29.01584601347479;22.069731816553393;15.923114945309049;15.014825057767325;17.976482166895448
eljpax;marioiglesias;45.576139624214754;19.80282048005601;16.23744084877373;19.853745068927996;19.886161306424235;24.219832295818037
eljpax;marioquema;42.34910405900381;26.531030297538894;18.215184207426827;19.84245813639143;10.5958765349052;24.815450823737653
eljpax;mat25;34.21922166935125;10.76535549943714;8.876953874937978;27.41417823875737;24.87930214469428;28.064210242173235
eljpax;migblah;62.93110427225962;26.634499926911687;23.78330074246241;14.772685472086641;17.917235182943372;16.89227867559588
eljpax;ninotchka;75.61090768588295;33.860927971124575;25.427836623088464;12.269570984805165;16.33109060033053;12.110573820651268
eljpax;paloma55;77.58543712617829;36.32283407424908;21.20955060510379;12.226077919918819;15.932546665488953;14.308990735239348
eljpax;pauixitador;46.09835177189674;20.777172876360616;19.93982602216177;19.441315255736615;18.610243878207903;21.23144196753308
eljpax;paula_arantzazu;44.95230932408209;21.30687919000569;16.93048504176162;19.302994066092648;20.788105966293852;21.671535735846184
eljpax;pele_alvaro;51.306157440710834;28.973233455310577;18.57364028677377;16.49780694805304;16.06561208833437;19.889707221528244
eljpax;rachelmygod;74.67305119818072;34.286204432549134;23.025863192456626;12.305234102944407;15.51831516394291;14.86438310810693
eljpax;simonsds;36.4946221067847;17.160050176198684;22.69682017497669;23.13255057486889;16.875279479316784;20.135299594638944
eljpax;synthemesco;62.71402266188488;29.957393255899934;20.608613830823376;14.53664497682086;18.341908309877905;16.555439626577932
eljpax;utges;70.66008138690239;29.71660731261891;26.92455268944642;12.777303001680044;16.658051641988802;13.923485354265845
eljpax;vareludo;59.582276745685064;23.80357229154482;28.413873383345013;14.924358094610044;15.06450654966952;17.793689680830603
eljpax;will_llermo;59.74352002861188;27.438963802876525;21.501085298820183;15.370369095764493;17.270739117716285;18.418842684822526
eljpax;xzetaprobe;32.340560509433004;11.390714334625104;13.351629579537988;27.279739653046637;21.798721179824042;26.179195252966235
explodingboy;a_de_la_hoz;44.96821421663898;19.25132935818271;18.475384351751885;19.565306131312592;21.41357724575227;21.29440291300054
explodingboy;aixa72;46.475484462482136;24.571760367429153;22.361738077274232;19.661200690725124;16.91059534321325;16.494705521358235
explodingboy;albertomilano;44.47639204430378;21.534872323409395;17.924374759201985;18.633517854764282;24.83608145835776;17.07115360426658
explodingboy;alonsodvt;42.28889231304429;15.24439670944546;14.792068112262026;21.48369407483368;25.702524552094026;22.77731655136482
explodingboy;anaavellaneda;35.47915707086451;18.689501382681495;14.111267310478468;25.297904269421785;16.984414110402202;24.91691292701605
explodingboy;batty;57.19537713566477;21.576568780921928;22.52555813685741;16.139626408052155;21.160482467648563;18.597764206519955
explodingboy;bergmantonioni;33.359525503297874;14.355621215075395;18.042284671484857;26.031424216320527;16.239859106946085;25.33081079017314
explodingboy;borinot;55.54748273540487;23.21144430230559;22.205430506202468;15.985098036256117;18.72635234697256;19.87167480826326
explodingboy;bracero;56.732199408439214;25.324069066609454;22.416664414034265;16.25578087357625;16.93746272388008;19.06602292189994
explodingboy;colmener;29.08174517927666;10.13369958133363;10.81621776543874;29.82413675184332;15.422844799802977;33.803101101581326
explodingboy;danielquinn;56.804796759656554;27.237220274225162;22.330971817660426;16.077859881448124;17.92953783595306;16.42441019071322
explodingboy;diogoserafim;50.70047680080457;16.348163690291308;25.209155663353528;17.119882909326357;22.074239900219837;19.24855783680897
explodingboy;dr_akkar;41.4625360912255;12.438576345733823;20.170315864297123;22.229616463026563;26.19323651700054;18.968254809941946
explodingboy;eljpax;69.27286282654599;32.704723575638994;22.800694686043332;13.445555927400374;16.674207930735495;14.374817880181801
explodingboy;ezequiel2517;48.06062793294736;12.263912546413295;24.594294735968944;19.212180799958748;22.387803389635955;21.541808528023044
explodingboy;fabiovg;38.51234032699671;10.043564925154554;14.990863127252387;22.597190863393916;27.821217722244327;24.547163361954823
explodingboy;figmare;38.854550333645385;8.532948514888712;17.43895321128885;22.58829782022041;25.127912216007857;26.311888237594165
explodingboy;filmandera;46.966877519210406;17.25557738588547;21.51683543465992;18.939703871312666;20.163285901773342;22.124597406368586
explodingboy;fleming22;47.3651089339526;13.610623206251084;22.948849120294085;19.115692835985435;23.746585692878593;20.578249144590792
explodingboy;genzai_2;49.96150345260892;19.907960408795617;21.5706631237837;17.94917796253779;20.103215210063688;20.468983294819196
explodingboy;gorkalonso1;68.93032009642911;32.33281984327157;23.70049020226361;13.354966050404846;15.879076164809712;14.732647739250273
explodingboy;guillehormigo;46.890952040606464;24.746854584582465;24.25283124420487;18.118650295230893;17.09910794331914;15.782555932662632
explodingboy;heelena9;38.70222101859082;21.416334052694882;22.912820757582573;22.821708009125174;24.62158205785435;8.227555122743041
explodingboy;hugoromero;47.60832280213477;23.894634947876416;20.324515676831;18.49095146864269;15.24060153249261;22.049296374157276
explodingboy;jal90;41.55544423788149;8.864833307420064;20.92706542602642;21.097271926263755;25.169464351984992;23.941364988304773
explodingboy;jarsito;41.30035544928382;16.947214040572966;21.566653344991625;20.948272840794942;13.845794171890095;26.69206560175037
explodingboy;jasikedevicius;31.81415567103276;2.8947969733487704;16.61559025229311;27.338829464384542;30.567164583966253;22.58361872600733
explodingboy;jjm_24;68.01381070268637;32.76851566455246;22.029531658715644;13.563148481128385;17.535221742891707;14.103582452711796
explodingboy;jorgemz;35.20098513229584;12.042033366107061;15.682700721702862;25.49101359855455;16.71060874443602;30.073643569199497
explodingboy;juanky97;61.29867870892802;32.151494984843914;20.993193370372058;15.318539353817494;17.50943894499708;14.027333345969465
explodingboy;lobo_lopez;55.067819040085915;24.75154714027924;23.724032685872505;17.07501593084405;15.995784277743876;18.453619965260316
explodingboy;luisru;60.034377597538324;26.999216850025988;23.823748617674543;14.707252594943748;17.580586206077367;16.889195731278352
explodingboy;mabusecaligari;45.78563374868154;13.275571231382337;24.85456390094811;19.275771515056224;20.1982813500588;22.395812002554518
explodingboy;mann_ohne_namen;58.48443766893487;28.65956413273823;21.196692247869102;16.01065499858418;18.00378942523735;16.129299195571143
explodingboy;manuelsanbai;44.87256956967863;16.829508181067975;19.702692999977494;20.14436248710904;22.30765803236968;21.015778299475805
explodingboy;marcos_m_rom;50.12784367940358;19.841899425390928;19.937606426925683;18.539786757537115;22.602251783376346;19.07845560676992
explodingboy;marialebernedo;51.63758338097363;24.25557144661355;21.5264586618791;17.552812664767533;19.460820404816765;17.20433682192305
explodingboy;marioiglesias;46.58183343968399;16.60738369152794;18.56674178624078;19.912410885843336;23.68304360623448;21.230420030153468
explodingboy;marioquema;37.993243440732925;22.30077565097337;17.880031897526884;23.451300722620324;12.103148692830914;24.26474303604851
explodingboy;mat25;29.27431626268584;0.0;10.993724983452001;31.659134560267173;26.969621447446258;30.37751900883457
explodingboy;migblah;58.573984227762104;26.728997300179124;18.999424365963453;15.801644267458247;20.329247024133064;18.140687042266105
explodingboy;ninotchka;66.21979446645638;30.04031168360919;23.094131994460767;13.88213402278437;18.014377349769187;14.96904494937648
explodingboy;paloma55;75.24885045093436;35.737279879127435;21.672540460433424;12.520683930621002;15.667855724246342;14.401640005571792
explodingboy;pauixitador;42.51788458546734;17.76154397240569;14.40517580562207;20.793478868323234;26.95990258418865;20.079898769460343
explodingboy;paula_arantzazu;44.19329067188295;19.58889888877664;12.63241492478514;19.940939301100556;23.98571161927559;23.852035266062074
explodingboy;pele_alvaro;52.63419899649798;28.242194344470587;15.458956189527711;15.932983916722247;21.494630827036932;18.871234722242516
explodingboy;rachelmygod;77.5229688560227;36.5896985819722;23.18087968264301;12.1656786774896;14.505513442329185;13.558229615566008
explodingboy;simonsds;28.655845188672096;0.0;16.181666332779656;30.875307323885043;21.187936667021315;31.755089676313997
explodingboy;synthemesco;48.34639017638164;16.382225899542558;23.71911601169845;18.586760583305274;23.5089558337978;17.802941671655923
explodingboy;utges;59.285507053834905;22.05861889260453;25.42200690808624;15.17074096698815;20.415505168719644;16.933128063601433
explodingboy;vareludo;46.141374738651436;12.774030709614722;29.049304046695344;19.822953268398845;18.144826564789334;20.20888541050174
explodingboy;will_llermo;53.574566576818185;23.722416783616683;20.6634123887821;17.068292832586756;19.155417773241055;19.390460221773406
explodingboy;xzetaprobe;40.10353272100653;22.964441109676084;11.309322168191795;22.68787775664654;22.53920464581393;20.499154319671653
ezequiel2517;a_de_la_hoz;48.65893738585194;18.926743265242347;19.47799722931655;17.882782696422623;22.8586857614671;20.853791047551375
ezequiel2517;aixa72;42.86054569696376;16.330309200900814;18.935850298171555;21.055101420346155;21.590504365382575;22.088234715198904
ezequiel2517;albertomilano;38.68510351951381;9.522582406915033;16.672962444213226;23.345499542536334;29.645038484776364;20.813917121559044
ezequiel2517;alonsodvt;32.790997193046735;2.2468489385417265;13.78575310288901;28.03522082833165;25.396751213233088;30.53542591700453
ezequiel2517;anaavellaneda;38.21483005882806;7.229825808806166;22.02518712540542;22.39739389055239;24.648446737179768;23.69914643805626
ezequiel2517;batty;55.164221265749816;21.70322996734332;22.860198756352506;17.074752158191824;18.31575970875737;20.046059409354974
ezequiel2517;bergmantonioni;31.48954151429345;0.0;18.882539729353443;27.326387671841307;22.068314023245634;31.722758575559624
ezequiel2517;borinot;38.53556959734813;1.9119067917447343;22.803977909633694;22.89776348566786;24.657827486996027;27.728524325957675
ezequiel2517;bracero;42.5055435242785;13.866693353978919;20.776052493534376;22.071631632623536;19.12407735685179;24.161545163011372
ezequiel2517;colmener;36.574823765060835;15.108018915590105;13.632382656086369;22.93160891987597;19.99532444235168;28.33266506609587
ezequiel2517;danielquinn;48.382357245553784;18.65424015146002;20.63632606514392;18.878825070350107;20.277163578523886;21.553445134522054
ezequiel2517;diogoserafim;50.48201408848113;20.432422516047424;22.082251262276582;17.442910854558598;21.35366891151726;18.688746455600132
ezequiel2517;dr_akkar;36.597442692588984;0.0;27.778868458248745;24.258568311929665;25.535691406063428;22.42687182375817
ezequiel2517;eljpax;60.75566144719399;26.981852299415984;22.8480551348735;15.362694407956687;16.929127894287717;17.878270263466113
ezequiel2517;explodingboy;48.06062793294736;12.263912546413295;24.594294735968944;19.212180799958748;22.387803389635955;21.541808528023044
ezequiel2517;fabiovg;38.749785260026314;17.587371255565607;11.674060975988313;22.336757203579136;25.21096473923349;23.190845825633463
ezequiel2517;figmare;32.679521116784436;0.0;15.283764836253921;25.970246531074608;26.93094480732586;31.8150438253456
ezequiel2517;filmandera;34.62857036271504;0.0;15.226225709913166;25.375708392459124;28.7640614919692;30.634004405658512
ezequiel2517;fleming22;52.9094311189984;21.5837600786872;21.347049609192318;16.95722511163654;20.250823743456706;19.861141457027244
ezequiel2517;genzai_2;55.17443957883865;23.702214575042692;22.759952512717035;16.372447074447848;17.653599215280536;19.51178662251189
ezequiel2517;gorkalonso1;42.057143034860594;2.627725467794582;25.583820057226887;21.215854532942128;24.47909127624684;26.09350866578955
ezequiel2517;guillehormigo;40.808733735002676;19.408136759155862;19.282110891170166;21.886993569982838;19.109290135752907;20.313468643938233
ezequiel2517;heelena9;24.164191166779787;0.0;18.995760105256792;38.13147486161977;30.702256855646066;12.170508177477355
ezequiel2517;hugoromero;43.13272025316498;14.30455658057904;22.62870582248832;20.074613976497766;17.668404350887368;25.323719269547496
ezequiel2517;jal90;41.12323968675253;6.7185019162646356;21.15903440039343;21.08530311262266;25.74187902976887;25.29528154095042
ezequiel2517;jarsito;39.02217348622455;12.744441734512364;19.633220514903883;21.962038535218497;17.754639170080946;27.905660045284332
ezequiel2517;jasikedevicius;35.56588269517044;6.214642656423635;22.904786631616044;24.65625265518105;26.956775172379626;19.267542884399653
ezequiel2517;jjm_24;44.32251432772066;13.298237855760327;19.981571270327446;21.00874005348208;23.674976372895745;22.036474447534403
ezequiel2517;jorgemz;39.37245903758771;19.379144867250574;15.557481591672332;22.007852050601873;16.53324736724695;26.52227412322826
ezequiel2517;juanky97;48.61483275566202;21.596062068193753;20.025601276933596;19.0467911825533;19.162789767742602;20.168755704576753
ezequiel2517;lobo_lopez;53.295541333247385;22.464201510100864;23.489977227347186;17.305022843941703;16.981274366375075;19.759524052235168
ezequiel2517;luisru;54.12675830425677;25.522179167408986;20.76357392466627;16.20751169253047;17.883691743843904;19.623043471550353
ezequiel2517;mabusecaligari;42.89776492593329;9.016814539444775;27.103922351412443;20.050253741564145;20.180063270298902;23.648946097279747
ezequiel2517;mann_ohne_namen;48.010106529649775;16.88062468900445;21.200143957029063;19.03037882989944;20.951227049192447;21.9376254748746
ezequiel2517;manuelsanbai;46.751410953522225;18.51704333361109;18.038761258930297;18.2491620783088;22.360123456171912;22.834909872977896
ezequiel2517;marcos_m_rom;45.39288875425371;17.853910862418825;17.937984521427886;20.43037417073408;21.950231673173366;21.827498772245868
ezequiel2517;marialebernedo;48.174135783057665;21.411278574086264;19.737125223922583;19.231277479777305;20.086621429010897;19.533697293202966
ezequiel2517;marioiglesias;34.09817907016711;0.0;14.42555671289858;27.34928858300955;27.633408932200663;30.59174577189121
ezequiel2517;marioquema;26.263042236450236;0.0;13.22427796939116;32.663795883880894;19.2825722130958;34.829353933632156
ezequiel2517;mat25;33.22856923803199;11.086305990056738;5.861850195750901;28.498444568375206;28.690289660430626;25.86310958538653
ezequiel2517;migblah;50.46745460671681;13.138918146350195;26.729224705145043;18.72381912005808;20.051076460754132;21.356961567692544
ezequiel2517;ninotchka;48.057972931793074;14.180932275457485;24.120413615250953;19.44074311493518;22.81093893190968;19.446972062446694
ezequiel2517;paloma55;47.18660709909405;11.710380619578865;21.1223737228293;19.94283960907236;24.000421794974198;23.223984253545268
ezequiel2517;pauixitador;34.06247005034631;2.7037241107303647;21.246791895724844;27.41913628900524;24.536230943299685;24.09411676123986
ezequiel2517;paula_arantzazu;35.11437646870944;0.0;17.939616866461378;26.049204875867193;28.520911161645692;27.49026709602573
ezequiel2517;pele_alvaro;38.91521475004941;14.651503566529227;13.033615769506545;23.134357234924824;24.90316710595881;24.2773563230806
ezequiel2517;rachelmygod;53.31653973572356;19.691618226354645;22.908189650700262;17.14153839222847;19.394067763593217;20.8645859671234
ezequiel2517;simonsds;33.565620478544;0.0;18.443309696510862;26.090968058006585;28.43820927847739;27.027512967005162
ezequiel2517;synthemesco;50.341508393341414;21.95298261464098;20.226534250126306;17.857190186109737;19.722336047658217;20.240956901464756
ezequiel2517;utges;47.979756174339265;13.820156832871351;23.717978529788223;19.30243495397804;22.47814781583448;20.6812818675279
ezequiel2517;vareludo;46.76757496949479;20.08601729688745;20.600386994837834;19.307899119377396;19.08365137928561;20.92204520961173
ezequiel2517;will_llermo;44.56190702349101;17.36017223364949;16.84988854974622;20.75103523416038;21.672641121971868;23.366262860472055
ezequiel2517;xzetaprobe;31.176153552804863;9.452919470919563;13.500441793128571;29.476946992742306;23.846297214410818;23.723394528798735
fabiovg;a_de_la_hoz;55.352348611536186;24.95707694152609;23.49326406291246;17.18421252344992;16.03635138962048;18.329095082491047
fabiovg;aixa72;26.988788546805576;7.507196814342232;11.257773612377102;33.7297041677907;27.800152853134126;19.705172552355833
fabiovg;albertomilano;41.536839335064606;24.389210956464776;21.093895937020218;18.769364489212926;20.98226181420164;14.765266803100443
fabiovg;alonsodvt;32.16855197906197;2.29032432932874;3.297778556578175;27.572117658593424;35.284976533749536;31.554802921750134
fabiovg;anaavellaneda;32.743018435752035;15.750988922124618;17.925282281236708;27.02289021182272;22.94295304087451;16.35788554394145
fabiovg;batty;41.00764261923224;13.474881607014428;16.117630236490417;21.479367436694417;27.729831073692658;21.198289646108098
fabiovg;bergmantonioni;44.04808752044583;16.726360072437508;26.448154999861792;21.412204087564373;20.31570871371236;15.097572126423954
fabiovg;borinot;55.230362808447595;20.343255154050983;28.899415218144398;16.81212686625525;15.114649793072868;18.830552968476486
fabiovg;bracero;35.13297261510181;12.05817121578264;18.45029362441856;25.59311275117665;17.518411778908145;26.38001062971399
fabiovg;colmener;27.36026526480011;5.385650798620652;12.618832922067732;33.661364367863136;24.610870162824966;23.723281748623503
fabiovg;danielquinn;38.411013430849195;20.140118989059847;16.244168481068797;24.151571648091643;21.179379409428858;18.284761472350855
fabiovg;diogoserafim;38.74847057229266;18.063318459109546;13.955672810290064;23.748485834995204;27.185926414672412;17.04659648093276
fabiovg;dr_akkar;36.080076946250436;10.720630975096553;14.310335409692824;25.286185382328025;21.92835458615771;27.754493646724892
fabiovg;eljpax;45.53524482359727;25.07913313294604;17.931754364527617;18.602333360943636;21.31958311645878;17.067196025123938
fabiovg;explodingboy;38.51234032699671;10.043564925154554;14.990863127252387;22.597190863393916;27.821217722244327;24.547163361954823
fabiovg;ezequiel2517;38.749785260026314;17.587371255565607;11.674060975988313;22.336757203579136;25.21096473923349;23.190845825633463
fabiovg;figmare;53.1707204164578;19.745621977714755;28.729747930685107;17.50457832138753;15.516112102678173;18.503939667534425
fabiovg;filmandera;50.25543058414844;21.257564357081275;23.261305332505593;18.750081436593558;17.603212314375945;19.127836559443626
fabiovg;fleming22;70.14150073949577;31.511907983215806;27.276168925365948;13.505373618561155;13.31668101577412;14.389868457082976
fabiovg;genzai_2;36.04037841653614;17.887399609746527;14.924120383417856;25.823247221445772;21.188002776446506;20.17723000894333
fabiovg;gorkalonso1;41.47471056992294;17.320074285965585;20.435075438224377;21.81487505231697;21.111939428706748;19.31803579478631
fabiovg;guillehormigo;29.76894858882364;17.32459307790529;13.49531489016672;28.914215263407133;29.099798758066132;11.166078010454717
fabiovg;heelena9;41.73174472374533;31.337208990719468;20.044881476518402;20.316139982716408;15.360064392702943;12.94170515734277
fabiovg;hugoromero;41.266150135176545;17.2877725649833;22.03549316263203;22.556266385295874;18.69665566905014;19.423812218038655
fabiovg;jal90;49.56820576893482;20.06591962063302;21.434961658269145;18.583139472060854;20.214575634665287;19.70140361437169
fabiovg;jarsito;51.26643331017294;25.149736745783812;21.934792518733765;18.317395103531126;16.23826354298226;18.359812088969033
fabiovg;jasikedevicius;22.66895247037388;7.312730440443681;3.8552115140265655;41.428916676049276;33.14146299456005;14.261678374920434
fabiovg;jjm_24;35.50744519675105;16.599654935165706;14.106144597725658;24.637809152515796;25.03274147765167;19.623649836941176
fabiovg;jorgemz;47.173379689093295;22.46454675691547;26.382791248667626;18.73038370284523;12.806158004422608;19.616120287149062
fabiovg;juanky97;36.4614557967024;17.680825867665163;17.411319857971318;24.419709897505648;22.87398691802991;17.61415745882795
fabiovg;lobo_lopez;45.783772557579546;17.29917481790804;22.309814756802435;19.605715900260936;18.67098224116239;22.114312283866195
fabiovg;luisru;50.41212225680114;21.19149129436303;22.135552393588135;18.22804752236582;17.421164002134624;21.023744787548388
fabiovg;mabusecaligari;47.188388440808446;20.29722683327929;25.591480982885052;19.899900909362735;12.365866697601719;21.84552457687121
fabiovg;mann_ohne_namen;38.67701568458346;18.09669002021129;19.35893851131903;22.933609254020716;20.726304074218007;18.88445814023095
fabiovg;manuelsanbai;31.124998140582765;7.1013418446625804;16.204454100276866;28.01781375661081;25.197308103965884;23.479082194483862
fabiovg;marcos_m_rom;38.516161559054495;22.476224719498827;11.06987858523068;22.572138048530963;20.391641396379367;23.490117250360154
fabiovg;marialebernedo;35.848142664678214;19.524748333486357;14.093031668889358;23.621537233856845;24.55636311112397;18.204319652643473
fabiovg;marioiglesias;38.37327204450146;13.439951642913197;16.60576400216119;21.940295249929616;27.38805544591551;20.625933659080477
fabiovg;marioquema;30.950337803997165;17.85354113988216;12.038473693271849;29.551090706043748;23.838318643629666;16.71857581717257
fabiovg;mat25;23.681854027538847;0.0;0.0;36.2757208418382;39.79750106335754;23.926778094804266
fabiovg;migblah;37.15930469101284;12.88766611813959;14.84261658370169;23.74904970352187;24.595363096661043;23.925304497975795
fabiovg;ninotchka;41.59670204829058;16.38367528873682;18.627423412568074;21.011530333227327;24.180181124633787;19.797189840833987
fabiovg;paloma55;40.94013287121434;19.34584550051112;11.917706310577499;21.137881948245674;25.3321984536471;22.266367787018602
fabiovg;pauixitador;31.11770802371053;14.206011030269282;9.584697744327862;27.458709435695383;30.78204681286824;17.968534976839237
fabiovg;paula_arantzazu;36.594066305229646;11.073388002938605;13.011168205559795;21.92091543514474;30.44951586947265;23.545012486884218
fabiovg;pele_alvaro;28.316148050508634;8.62960002316252;8.035911356937202;26.062439249747914;33.05576900935055;24.216280360801818
fabiovg;rachelmygod;38.0925048004201;13.539013077784391;17.335492917174122;23.24053334942278;24.22633436999367;21.65862628562504
fabiovg;simonsds;41.87029121548772;11.877534211304127;20.972578525302072;22.563880214893025;20.098471325718634;24.48753572278214
fabiovg;synthemesco;39.006619309335065;15.110546577265577;16.802753533717063;23.364434933678204;26.604297725248365;18.117967230090787
fabiovg;utges;43.65881262996406;19.828709265897036;17.367638346081716;20.501862297905966;23.41388003778779;18.887910052327484
fabiovg;vareludo;34.91690337386446;15.825376132595945;15.297923451589844;27.016524538381628;25.499604268400535;16.360571609032064
fabiovg;will_llermo;33.738335945866346;15.832257578581851;11.325674709519813;27.004256208530663;22.95598844635841;22.88182305700926
fabiovg;xzetaprobe;24.275027016274972;4.552605679132269;6.874192669794983;36.395133060951345;35.81798445699137;16.360084133130044
figmare;a_de_la_hoz;54.589382555226436;23.281417335159478;24.946008990879783;17.231454730030034;15.36767021575495;19.17344872817575
figmare;aixa72;35.6764865566145;7.744220109791967;19.707249646044982;25.40104067404399;24.68509922154641;22.462390348572647
figmare;albertomilano;40.00249228310293;18.4179567401711;19.118293660587202;18.533564676889913;24.175131902920878;19.75505301943091
figmare;alonsodvt;28.31423717589702;1.9515734287459483;5.4120340048562126;30.191298506198905;27.627034833733138;34.818059226465806
figmare;anaavellaneda;62.153665853193054;34.969044523019626;20.921795334608042;15.002507433185881;14.982804274411771;14.123848434774677
figmare;batty;37.22498373934036;7.422073480893685;17.53242295912634;22.860765890097134;23.809505880714863;28.375231789167973
figmare;bergmantonioni;44.70070172459036;16.07010718726184;27.592705542139836;20.71238963071026;14.89790088852063;20.72689675136743
figmare;borinot;56.985617008334216;24.241780570529706;24.567149140307293;16.24752465420101;16.152825768777863;18.79071986618413
figmare;bracero;41.53591953694248;17.294550742305915;14.566079096312759;21.264104403460497;22.091364674250077;24.783901083670738
figmare;colmener;59.77847703925594;31.736635622297385;20.425925197026082;15.913556334742152;15.534728679944587;16.389154165989805
figmare;danielquinn;40.627285321710666;10.880827993331387;21.56817361565608;22.738627532498377;21.621957110664386;23.190413747849767
figmare;diogoserafim;32.14938464111711;0.0;17.171137254222494;26.96585458809872;28.189395953560354;27.67361220411843
figmare;dr_akkar;33.01772071427068;0.0;21.91144714295725;27.527937811506934;24.850703050758426;25.709911994777393
figmare;eljpax;39.760658739361574;12.507735840324443;22.773116507843017;20.500542489905218;19.123594860716395;25.095010301210937
figmare;explodingboy;38.854550333645385;8.532948514888712;17.43895321128885;22.58829782022041;25.127912216007857;26.311888237594165
figmare;ezequiel2517;32.679521116784436;0.0;15.283764836253921;25.970246531074608;26.93094480732586;31.8150438253456
figmare;fabiovg;53.1707204164578;19.745621977714755;28.729747930685107;17.50457832138753;15.516112102678173;18.503939667534425
figmare;filmandera;59.352025348998104;26.999282088190775;20.879188938667795;15.956645964046382;17.412692577015918;18.75219043207913
figmare;fleming22;65.05840427379877;29.44411055792585;25.972087900476833;14.459355347761136;14.163823789912522;15.960622403923661
figmare;genzai_2;37.93128718448643;10.197417994610996;16.080086998213396;24.469354769632833;23.68254365921829;25.570596578324498
figmare;gorkalonso1;45.767117137225455;14.085847900144744;21.826418046509563;20.425760163115562;21.534710285034823;22.1272636051953
figmare;guillehormigo;25.374633341811453;0.0;16.211382735311087;32.032001818814486;25.075448660939998;26.681166784934426
figmare;heelena9;36.292132874092815;22.83855007339766;19.64154457644075;22.368953140554854;22.8465140397261;12.304438169880646
figmare;hugoromero;47.62610629856823;20.646972027047934;20.475578295216078;19.501163065042206;17.355220127492675;22.02106648520111
figmare;jal90;66.17201390760822;29.7836508926481;24.739599321370818;14.26267269569218;14.641255589645127;16.572821500643776
figmare;jarsito;57.596356883145496;26.86289282348895;24.37637700713409;16.129802561965924;13.969245078734975;18.661682528676064
figmare;jasikedevicius;29.11612301374158;1.897825232487589;5.518154394405627;31.263673408809712;38.435068931685976;22.88527803261109
figmare;jjm_24;35.63156183095607;9.30478094502466;15.38582834609501;23.479043768321063;26.002378469329614;25.82796847122965
figmare;jorgemz;45.37829751725735;16.814306159880303;21.07626000754969;20.245955577243716;18.031394633114562;23.83208362221173
figmare;juanky97;37.85040242746199;6.326177283818426;22.110797973562907;23.722515368858634;24.6713000342039;23.16920933955614
figmare;lobo_lopez;40.22663004481976;9.157667092027461;27.09606998081732;22.636313000561582;15.69001649778821;25.419933428805425
figmare;luisru;46.80059362138235;13.38123083609164;27.096008125713446;19.369762004598897;17.4575003583669;22.69549867522912
figmare;mabusecaligari;50.69886639509144;20.708331769086335;24.16400919884569;18.435748370499148;15.481411526357805;21.210499135211023
figmare;mann_ohne_namen;38.240694703609016;7.706598199427427;19.935386232505227;23.879471025515883;23.337443480283458;25.141101062267992
figmare;manuelsanbai;46.617586124685005;20.150642662154787;22.55602873150367;19.62215701371636;16.596659169930874;21.07451242269431
figmare;marcos_m_rom;31.836109042677865;0.0;14.862947754559606;26.78298977300711;27.217315326907382;31.13674714552591
figmare;marialebernedo;30.23554258324981;0.0;17.43157176400318;28.121630150248542;26.145607370662464;28.301190715085813
figmare;marioiglesias;48.2037554046435;21.78023137020978;16.360021646862595;17.627430076369464;24.29968388108615;19.932633025472015
figmare;marioquema;35.55103965744592;16.579299609088256;14.559343785272123;26.46667070410272;19.039151017698345;23.35553488383855
figmare;mat25;25.961177554529787;10.642297101436736;7.06479771305235;32.13407934126172;20.516365370104637;29.642460474144553
figmare;migblah;35.92365117302917;9.229125290445566;14.954462182185019;23.803046890064316;23.2500386591548;28.763326978150307
figmare;ninotchka;36.16169178462307;9.67772702559763;18.054776636477197;23.27625412636619;23.704017721261256;25.28722449029774
figmare;paloma55;36.01169650459411;6.13770727748325;16.76018285291186;23.485208712552314;24.459599625544342;29.157301531508253
figmare;pauixitador;31.877950100613905;10.40041397014933;4.504916675819317;26.02031413409194;34.46045960161207;24.613895618327334
figmare;paula_arantzazu;32.9834205261351;3.35061143121327;14.910161489847248;23.813657987550958;27.77885611275162;30.146712978636916
figmare;pele_alvaro;33.232584642577436;11.029402369721504;8.528751244209294;21.79976294254075;32.23979689266493;26.402286550863533
figmare;rachelmygod;37.77868406084213;7.3132924427304165;21.338907268051766;23.80279143249798;20.49650046519176;27.048508391528085
figmare;simonsds;41.60498764449979;18.593981750405575;16.14055194075743;22.710483519737977;19.006788682781497;23.54819410631753
figmare;synthemesco;44.056979200672224;21.739879616289475;17.883632693205836;20.226071637008808;19.66701123774718;20.483404815748695
figmare;utges;41.25224332180049;20.09247563701207;15.00091973868879;20.877788845067194;20.885347962274743;23.143467816957212
figmare;vareludo;36.131147852047775;3.5684925010569697;17.824738875771192;26.013586733515034;26.629328984689703;25.9638529049671
figmare;will_llermo;37.67379532313053;13.200576477196227;12.010999867425497;23.94905837047123;24.73652477960797;26.10284050529907
figmare;xzetaprobe;29.142376315319538;9.480577755535284;4.257238415575301;29.786356454891955;31.99116484956629;24.48466252443118
filmandera;a_de_la_hoz;51.95094130542041;22.336526390532317;25.243600054150047;18.08016056323706;15.293905642866237;19.045807349214343
filmandera;aixa72;40.38328673148581;18.700391617447305;20.87640395474644;22.950642542310153;16.603417563833908;20.86914432166219
filmandera;albertomilano;48.57136488683353;23.89069309016009;18.448493366068533;16.387551706679268;22.556046564129815;18.717215272962292
filmandera;alonsodvt;29.72040830235275;4.957968039159769;8.617945844294267;29.19003686521974;25.571843779663002;31.66220547166321
filmandera;anaavellaneda;43.516096316719775;21.163553108224747;15.621703666502071;21.173746436899403;21.342687286942745;20.69830950143104
filmandera;batty;48.8274720399879;18.86141503920772;20.732579622785014;18.14337860355103;19.917226747360353;22.345399987095885
filmandera;bergmantonioni;52.34454194822555;22.520450689142198;23.305777179699515;18.044392667281986;17.943714136556725;18.18566532731958
filmandera;borinot;60.16287678712739;25.716934505139914;22.812089606875222;15.647842664675027;17.94149373982533;17.88163948348451
filmandera;bracero;55.54601556796509;26.85966641877574;19.874526072542878;16.289026707156967;18.27573074446304;18.701050057061376
filmandera;colmener;44.874812396201726;20.11230939939671;17.031975272985946;20.925066897244843;19.61887780741756;22.311770622954946
filmandera;danielquinn;43.47494098009878;12.28648073869034;24.255923824976325;21.56933829994994;18.805596900213303;23.082660236170078
filmandera;diogoserafim;39.62395482394044;7.9024109190567335;24.839095541267156;22.629721187538507;21.261561075166004;23.367211276971602
filmandera;dr_akkar;31.74257451853352;0.0;21.62154499809146;28.6969914503597;25.393468929310576;24.287994622238262
filmandera;eljpax;53.99755648390624;26.94768680621493;23.437747824289524;16.01414890388304;13.947945130559587;19.652471335052923
filmandera;explodingboy;46.966877519210406;17.25557738588547;21.51683543465992;18.939703871312666;20.163285901773342;22.124597406368586
filmandera;ezequiel2517;34.62857036271504;0.0;15.226225709913166;25.375708392459124;28.7640614919692;30.634004405658512
filmandera;fabiovg;50.25543058414844;21.257564357081275;23.261305332505593;18.750081436593558;17.603212314375945;19.127836559443626
filmandera;figmare;59.352025348998104;26.999282088190775;20.879188938667795;15.956645964046382;17.412692577015918;18.75219043207913
filmandera;fleming22;54.20365357600681;24.466533577943586;23.529856471673;17.462221332789966;15.870758437090284;18.670630180503164
filmandera;genzai_2;51.45869744568337;20.402555792134724;21.29750848057495;17.958113702163832;20.860270131655433;19.48155189347107
filmandera;gorkalonso1;54.65339139499974;20.558017246224413;25.565576069022377;17.10732709090408;17.21017840505602;19.55890118879312
filmandera;guillehormigo;51.022170230168825;25.631140346556652;23.751070171638407;16.88353746258982;19.006766006891134;14.727486012323986
filmandera;heelena9;47.78330975717167;29.295834353362558;20.319961967348725;17.441676696500203;21.12045353319047;11.822073449598067
filmandera;hugoromero;68.37804304752137;30.735557914608417;25.880537288811812;13.829280538778567;14.013587713606912;15.541036544194295
filmandera;jal90;47.76083246053918;17.354381220222415;23.0955339849161;19.654061307068574;18.069106337572812;21.8269171502201
filmandera;jarsito;54.05356944599914;21.808415020000147;23.011533299657714;17.20056161544871;17.509642666035738;20.4698473988577
filmandera;jasikedevicius;49.60911389818356;23.01965057299888;21.247054612629103;18.547799458421675;23.775976492868452;13.409518863081898
filmandera;jjm_24;45.85728565380296;20.484734462098505;19.030545968555877;18.926395454727988;19.349371568632545;22.208952545985092
filmandera;jorgemz;60.09235091567791;27.510599618630952;24.6419327375107;15.508658601898164;14.762074523671096;17.576734518289097
filmandera;juanky97;56.32690283746106;22.563253673014977;25.346363323511802;16.028914658202144;19.07101248044109;16.99045586482999
filmandera;lobo_lopez;41.0687051529024;14.351836409279134;28.798339493127276;22.212283168347664;10.62002262527403;24.0175183039719
filmandera;luisru;48.7456579638545;15.870180305316925;25.792991762731628;18.89498335134749;17.931198569145625;21.510646011458334
filmandera;mabusecaligari;50.9229323628108;19.170391081055367;24.39039736329268;18.19115744599608;18.176534972090252;20.071519137565616
filmandera;mann_ohne_namen;55.618851024112516;18.214161536139706;28.1237717425395;16.43432751997685;18.801516409795788;18.426222791548163
filmandera;manuelsanbai;32.903292427117144;1.679385521983545;18.962455148461814;27.57949095814687;21.479102982227197;30.299565389180582
filmandera;marcos_m_rom;42.89469448392494;15.029099952318335;19.257497483703556;20.292573735115447;20.27250274948039;25.148326079382272
filmandera;marialebernedo;52.02894760849358;20.178938723233838;23.131406042932575;16.49143507617614;22.555770497147535;17.64244966050991
filmandera;marioiglesias;43.767446027465546;15.150250136052863;16.53211969775863;19.723011840759387;25.675045724933668;22.91957260049544
filmandera;marioquema;54.18089600446925;28.89623431394422;18.37588866637503;17.378985574480552;18.14638745907957;17.202503986120643
filmandera;mat25;25.395268371809607;0.0;0.5794363000890782;33.963287086721465;32.738112884014;32.71916372917546
filmandera;migblah;46.34106465567948;19.87341512984967;18.823019179551466;18.925970209786946;19.477051325483323;22.900544155328593
filmandera;ninotchka;45.36968208469228;22.73478221406631;20.13320654444194;19.209695791088095;17.168854599210796;20.753460851192877
filmandera;paloma55;52.26295277728999;25.72749037551691;18.967152836046605;16.906167160378246;17.57895581324252;20.820233814815726
filmandera;pauixitador;42.626200823518;20.3090560690129;15.767095695801379;20.272953680662102;23.585455571427982;20.065438983095635
filmandera;paula_arantzazu;50.40207159603531;21.561160480754516;19.742267726449537;16.078983737751745;22.708123353482403;19.909464701561802
filmandera;pele_alvaro;38.37589770309871;13.796165494809836;11.546021774313312;19.78789840977446;29.69488061021616;25.175033710886225
filmandera;rachelmygod;41.73191224990433;11.916918960509943;22.95270038049096;21.729314362607383;18.07473487433781;25.32633142205391
filmandera;simonsds;48.921834862476885;23.71954311900819;19.62919129091334;19.17952247694957;19.31409730177308;18.157645811355813
filmandera;synthemesco;53.21048949827178;29.76937415028416;18.458035073827602;17.428005604732547;16.855539667244095;17.489045503911598
filmandera;utges;50.90649433026747;27.136671683379408;19.31549193436825;17.37054658250405;16.67482435072057;19.502465449027714
filmandera;vareludo;58.130685026671884;24.397975546993887;28.28194288135659;16.322138703316753;14.399814680191204;16.598128188141565
filmandera;will_llermo;41.89929487978883;16.265353901463108;13.538365510340796;22.157386184196316;23.266775094123457;24.77211930987632
filmandera;xzetaprobe;37.40650170379905;12.310095484924604;12.861362368152118;23.55524284391979;31.205660516862423;20.06763878614107
fleming22;a_de_la_hoz;73.97376604429517;28.883430087787275;26.87968137995068;12.89846352011587;15.995639890797982;15.342785121348193
fleming22;aixa72;52.271315747346264;23.96149924906487;22.040959608337268;17.954101724027325;19.19215654725044;16.851282871320073
fleming22;albertomilano;48.6329569590454;28.405281306575922;18.89529473034708;16.31294130804114;24.073226527750883;12.313256127284976
fleming22;alonsodvt;32.77793262295177;1.6858083626970137;11.550665224346035;27.353000561700078;25.66819506426041;33.74233078699646
fleming22;anaavellaneda;48.552610349370795;28.83165122181026;23.83921251981886;18.907333090339012;12.438758704368635;15.983044463663223
fleming22;batty;50.98596049394777;16.25662605716252;25.215310757615274;17.733371283438604;21.16540520046516;19.62928670131844
fleming22;bergmantonioni;50.26340349917664;18.68903127075628;31.56362295449663;18.68798685929293;12.024098250159305;19.03526066529486
fleming22;borinot;69.79343838718393;27.974335437483603;27.35173992355949;13.325273243069809;16.15947751708353;15.189173878803574
fleming22;bracero;44.32571286957138;17.86821765568523;19.29104271507587;20.510634326389496;21.931652239826168;20.398453063023243
fleming22;colmener;44.25410470727347;27.053801856784688;19.68110755916936;21.039194160294763;12.105439559180143;20.12045686457103
fleming22;danielquinn;53.007301154384955;18.416567286570068;22.179877870332128;17.935167371317092;23.497001433103527;17.971386038677196
fleming22;diogoserafim;42.270319836487026;14.815349137085711;20.157144883093665;21.671409090117017;25.87493282486918;17.481164064834427
fleming22;dr_akkar;48.56275225703628;7.964976705738411;27.011382182856817;19.308345349040327;24.196361296024165;21.51893446634028
fleming22;eljpax;57.30565504722934;25.070652013940062;24.195700992576914;15.34632510916272;18.91100202876749;16.476319855552816
fleming22;explodingboy;47.3651089339526;13.610623206251084;22.948849120294085;19.115692835985435;23.746585692878593;20.578249144590792
fleming22;ezequiel2517;52.9094311189984;21.5837600786872;21.347049609192318;16.95722511163654;20.250823743456706;19.861141457027244
fleming22;fabiovg;70.14150073949577;31.511907983215806;27.276168925365948;13.505373618561155;13.31668101577412;14.389868457082976
fleming22;figmare;65.05840427379877;29.44411055792585;25.972087900476833;14.459355347761136;14.163823789912522;15.960622403923661
fleming22;filmandera;54.20365357600681;24.466533577943586;23.529856471673;17.462221332789966;15.870758437090284;18.670630180503164
fleming22;genzai_2;48.157823704015;16.82884580888093;21.87833339130941;19.377550543380114;23.187926713831548;18.72734354259799
fleming22;gorkalonso1;63.54282789563528;26.088221798271714;23.491824163481045;14.753221525626133;19.85557585326097;15.811156659360142
fleming22;guillehormigo;29.48554648955237;7.49618976162042;22.127607317144385;28.92907349989829;20.980408464288253;20.46672095704865
fleming22;heelena9;29.35482794612733;19.45139091375505;14.206293961279545;29.05621069731044;30.21070065207792;7.075403775577054
fleming22;hugoromero;59.05927658242797;27.423471666567313;25.485077426627885;15.720387955162565;14.012189767590355;17.35887318405188
fleming22;jal90;73.84392107432922;26.439888732522366;29.047982633092534;12.724933404466748;16.739516028891614;15.047679201026725
fleming22;jarsito;60.667601112888704;29.44987250560304;26.361860251740936;15.519085370781822;12.157967050945128;16.511214820929077
fleming22;jasikedevicius;29.208654648634212;13.873295421431463;10.538482986795426;31.73012979303652;27.73270134601279;16.125390452723803
fleming22;jjm_24;43.52629361521958;15.65736024909845;18.535840456921843;20.64686585145887;27.11745322816538;18.042480214355436
fleming22;jorgemz;56.60300292155926;26.585419949359146;25.137588149074745;16.269679796585045;13.048162671728411;18.95914943325266
fleming22;juanky97;54.930136735658635;22.801674407895547;24.152736141704725;16.822560155135317;20.057533419206106;16.16549587605831
fleming22;lobo_lopez;63.32683955024037;20.069187193979854;30.272800148600915;14.651977635510557;17.13056368054333;17.87547134136535
fleming22;luisru;65.94727668003425;22.62333676470614;27.25955750302058;14.186843224559377;18.701223532661945;17.229038975051942
fleming22;mabusecaligari;72.7380606101229;31.653140313908562;26.500951240556745;12.992198636513296;14.445135207058607;14.408574601962778
fleming22;mann_ohne_namen;53.31430058159121;21.419852735845534;21.556605459983;17.394640630706192;21.662745837382815;17.96615533608246
fleming22;manuelsanbai;56.6789083301736;23.07306976233987;22.14149621607465;16.053468573996156;20.82140123642059;17.910564211168726
fleming22;marcos_m_rom;39.27193063687122;15.00846350909965;14.127713366460888;23.014875901795875;25.75596427672461;22.092982945918965
fleming22;marialebernedo;42.68089995886328;22.009243494774967;20.47797900255492;20.177304089178577;20.26245804370615;17.07301536978539
fleming22;marioiglesias;42.52933738444491;16.45748574504607;17.099750926369644;20.44721146606729;23.911889237204566;22.083662625312424
fleming22;marioquema;23.58016297263923;3.1245083981145827;10.578540243272478;39.040505400980074;17.827284727679093;29.429161229953767
fleming22;mat25;35.53460365863397;25.398794927405913;9.18181021581719;25.10043347368912;19.252636168279164;21.066325214808625
fleming22;migblah;51.52089593212172;17.51786522387683;22.20705569307173;17.819802569688235;21.937204348796946;20.518072164566238
fleming22;ninotchka;53.542147276295395;24.424803122050765;22.58170863399257;16.759715633527602;21.604075831061643;14.629696779367425
fleming22;paloma55;46.701450502295;16.170445854595826;18.9187020695323;19.223063349397936;24.451484473636064;21.23630425283787
fleming22;pauixitador;26.997919482605386;8.186899433238672;6.014254148042831;32.12204333975189;32.46462410169287;21.212178977273727
fleming22;paula_arantzazu;40.118046336341;16.52841590473056;17.507769870140745;20.452509082022505;24.681162203374562;20.830142939731626
fleming22;pele_alvaro;28.15064033164331;3.6168068913318834;6.026841948080881;27.394454383091897;33.69393890603399;29.267957871461345
fleming22;rachelmygod;56.41742828051538;21.874091505596834;21.1904476045386;16.477431646058076;22.08445416184792;18.37357508195857
fleming22;simonsds;47.30584952908832;19.857466447001073;24.769021626119482;20.13438672595291;12.405190745486568;22.83393445543998
fleming22;synthemesco;68.47696459175548;32.00891607660895;22.857827627361353;13.538528149284724;16.901291405431778;14.693436741313207
fleming22;utges;56.82449210837536;26.579499390444774;20.894833155535498;15.913809427583798;21.74716651692482;14.864691509511097
fleming22;vareludo;49.45289226588686;23.46482719842814;19.409908182278645;19.22201771780223;20.7876393213519;17.115607580139095
fleming22;will_llermo;50.68761529235066;26.163699014357213;14.49355830346087;18.430731069557265;23.44525804839533;17.46675356422932
fleming22;xzetaprobe;22.145121417366717;0.0;3.9414435532372947;40.15084782616806;35.448472170212966;20.4592364503817
genzai_2;a_de_la_hoz;49.941065981044254;23.60427541210645;20.568253585267918;18.517907254984607;20.095560839047597;17.214002908593436
genzai_2;aixa72;44.138838106789436;20.030364295136863;20.36879636204765;20.904116037556047;18.52007362002725;20.176649685232167
genzai_2;albertomilano;50.49468595652291;23.34547989477036;20.04714127454774;16.079434458689295;23.81613724907849;16.711807122914113
genzai_2;alonsodvt;30.4133480954019;8.478759376321754;12.273991273999835;29.186026557963988;22.170001285009327;27.89122150670509
genzai_2;anaavellaneda;27.458673591456655;2.0123809966146293;11.584307007369322;32.3902553945903;20.06519486801119;33.94786173341457
genzai_2;batty;60.56298106860083;24.938774920046885;24.279422035987622;15.058338711539966;17.335517781315037;18.387946551110492
genzai_2;bergmantonioni;35.65503455114148;8.265471416805912;19.855939581559458;25.866042417211247;20.08267639525706;25.929870189166305
genzai_2;borinot;54.29675749958622;18.99689574142186;21.843314632596403;17.18908326050892;23.27017518992359;18.70053117554922
genzai_2;bracero;58.464509716619624;22.683428231804744;22.596039674350596;15.961101703186156;20.738605831370585;18.020824559287917
genzai_2;colmener;35.74835888082062;12.881083835650212;14.464703189736504;25.93572188322244;16.314061075947055;30.404430015443797
genzai_2;danielquinn;53.605088180591416;22.33448019088344;20.27946335515551;17.507772171639083;21.099589057024183;18.778695225297792
genzai_2;diogoserafim;56.564605629612196;23.770953577901597;24.354378710777212;15.79152052629913;16.790114787927767;19.293032397094287
genzai_2;dr_akkar;39.32572957481278;14.051185705930902;19.143240185694914;23.293771186753677;28.238538778325776;15.27326414329472
genzai_2;eljpax;52.77568883759967;19.544412664909483;26.584563843353695;16.282296993906712;16.965983526655947;20.622742971174162
genzai_2;explodingboy;49.96150345260892;19.907960408795617;21.5706631237837;17.94917796253779;20.103215210063688;20.468983294819196
genzai_2;ezequiel2517;55.17443957883865;23.702214575042692;22.759952512717035;16.372447074447848;17.653599215280536;19.51178662251189
genzai_2;fabiovg;36.04037841653614;17.887399609746527;14.924120383417856;25.823247221445772;21.188002776446506;20.17723000894333
genzai_2;figmare;37.93128718448643;10.197417994610996;16.080086998213396;24.469354769632833;23.68254365921829;25.570596578324498
genzai_2;filmandera;51.45869744568337;20.402555792134724;21.29750848057495;17.958113702163832;20.860270131655433;19.48155189347107
genzai_2;fleming22;48.157823704015;16.82884580888093;21.87833339130941;19.377550543380114;23.187926713831548;18.72734354259799
genzai_2;gorkalonso1;63.431321094633105;27.005218734177774;23.195320601628712;14.531551168768948;18.32155385499976;16.946355640424823
genzai_2;guillehormigo;47.982048296556115;23.41636930376106;25.59634299018545;17.6525059543892;14.088891899835485;19.245889851828803
genzai_2;heelena9;31.40911343027984;17.592764294461343;10.86806462504068;28.432845759571;36.329666434065686;6.776658886861304
genzai_2;hugoromero;58.57180425931467;26.664146499424035;23.256794422303265;15.784490095170138;15.782004746302261;18.5125642368003
genzai_2;jal90;40.63278797913832;7.252902978230165;22.385942117358663;22.23456788576248;25.431782900935985;22.694804117712696
genzai_2;jarsito;38.726492977157314;7.13430376464565;19.64730069515244;23.694961796201174;21.339614844315694;28.183818899685058
genzai_2;jasikedevicius;45.8133086815065;17.690068954423523;23.59797570168955;20.586795704684448;21.22989620282514;16.89526343637733
genzai_2;jjm_24;49.41007637036204;16.775114608253272;22.602382611347053;18.13140531675473;21.90571999789159;20.585377465753353
genzai_2;jorgemz;40.80325137679078;20.77733627492529;15.392652766880662;21.63115504002403;18.208829597079358;23.990026321090657
genzai_2;juanky97;61.39330568731287;26.401594784091255;24.04780583605038;15.205030243592466;19.250719782739807;15.094849353526088
genzai_2;lobo_lopez;43.08156364852291;14.108829641457199;26.17122098673866;21.712733472674387;16.559407896604583;21.447808002525164
genzai_2;luisru;50.82487640160762;23.193812936718956;18.345364955576812;17.231759699259516;23.23273400866044;17.99632839978428
genzai_2;mabusecaligari;53.06138958761416;16.31502509191554;24.827252672682377;17.40761055715489;23.485689431380184;17.964422246867002
genzai_2;mann_ohne_namen;55.92642110887868;22.72482615797374;21.44852468366492;16.443739993068508;21.196302493041678;18.186606672251152
genzai_2;manuelsanbai;48.080859242673895;18.38812826494516;20.07564411728076;18.837582337235524;21.366360215201837;21.332285065336716
genzai_2;marcos_m_rom;47.994371554027616;21.10769876145323;18.74499839432984;18.928641552509408;21.328275401366675;19.890385890340855
genzai_2;marialebernedo;56.32958017434564;24.851098182674782;22.322650249331595;16.17094375142294;19.86873069986251;16.786577116708173
genzai_2;marioiglesias;45.68819078655989;16.93221744327091;18.2637179333791;19.68648862121978;23.289242791172306;21.828333210957904
genzai_2;marioquema;44.889016793322575;27.902128014841814;14.75775675244636;20.626503574083856;14.365885440728057;22.347726217899897
genzai_2;mat25;25.620322859523753;1.4378510692642248;6.737449165011505;35.15493769882069;23.746984601057182;32.922777465846394
genzai_2;migblah;47.42861774493862;15.534169187290773;19.612986657665484;19.082171906262094;24.102322643074608;21.668349605707046
genzai_2;ninotchka;45.059628644993616;15.942099161969008;22.192157771922357;20.04976591093383;20.232258085761227;21.58371906941359
genzai_2;paloma55;55.610350663397774;24.841289556937284;21.364593764506104;16.068479317735466;18.04681090687343;19.67882645394771
genzai_2;pauixitador;46.273179210263216;22.290879056093228;19.545846297996142;19.431411077626002;19.116127407769994;19.61573616051464
genzai_2;paula_arantzazu;44.82006229469242;13.561570669137245;19.96989451595598;18.97327261979089;24.377627385926488;23.117634809189404
genzai_2;pele_alvaro;46.83132012910389;26.0890608249888;14.658795425562019;17.279400902611545;21.83189371841483;20.1408491284228
genzai_2;rachelmygod;56.08476242430939;24.631161183157925;20.719596065916992;16.135548342632447;19.225582960695935;19.2881114475967
genzai_2;simonsds;29.75469550037453;7.428382243333098;17.87918875449002;31.36625402376133;18.940652918014074;24.38552206040148
genzai_2;synthemesco;48.6807612590222;16.648067298987392;23.94221592365076;18.363692598540155;22.02007283043635;19.02595134838535
genzai_2;utges;49.33968603769448;17.1723589318606;22.12357878282314;18.383597794558362;21.46977628151767;20.850688209240225
genzai_2;vareludo;50.866463000565325;19.553780114166575;24.927518461853467;18.560485729728583;16.839082658996478;20.119133035254897
genzai_2;will_llermo;60.51683651577872;29.218877183460947;17.223852858013224;15.192409005168948;20.10135595154279;18.2635050018141
genzai_2;xzetaprobe;53.33894309172369;29.35236012442693;15.754846768164514;16.966338384534172;19.734920132032038;18.191534590842327
gorkalonso1;a_de_la_hoz;54.95494590551875;21.78587860241617;23.418886435755606;16.71114671350875;20.855241019543847;17.22884722877562
gorkalonso1;aixa72;57.52211567405722;22.09442720324162;26.308098213511933;16.29291996973287;17.17118080205907;18.133373811454504
gorkalonso1;albertomilano;60.03455593406146;29.453603615028833;22.46417033748932;13.340418056242516;19.836087649130207;14.905720342109118
gorkalonso1;alonsodvt;33.02284296062281;5.019917242762662;17.111208135528408;26.19588656679705;24.21264753489662;27.460340520015265
gorkalonso1;anaavellaneda;33.77772746303863;8.179548637213207;14.724541612273928;27.879201992246323;19.08350797775758;30.13319978050896
gorkalonso1;batty;58.34092870819792;18.627182979551918;28.875592785718162;15.350090971583125;17.908494693148608;19.238638569998184
gorkalonso1;bergmantonioni;48.01860169662979;22.247795899694967;22.679991020743717;19.30868234321855;13.253776476756496;22.50975425958627
gorkalonso1;borinot;71.35271156041142;34.590976621080344;21.826975935192237;13.007721124140064;16.382528863854027;14.191797455733314
gorkalonso1;bracero;55.215510936667066;24.685341052923487;22.222751940162524;16.390404358108402;18.718007833715184;17.983494815090392
gorkalonso1;colmener;40.93919546321135;21.595856900449938;14.172027653195231;22.77640828397458;14.554930193030566;26.900776969349693
gorkalonso1;danielquinn;67.37037110680217;24.606059913233366;26.18693250518141;13.977114732888802;18.44653440061704;16.783358448079376
gorkalonso1;diogoserafim;49.983237115118314;17.31976463509174;25.211643269231036;17.80281613553589;20.92636375004939;18.73941221009194
gorkalonso1;dr_akkar;47.19230969496269;14.05075868119831;27.042585480910155;19.657764551476728;24.51082460866063;14.738066677754167
gorkalonso1;eljpax;70.51429528681145;28.471990842991847;28.522417599705012;12.385199957817152;14.525056121875068;16.095335477610917
gorkalonso1;explodingboy;68.93032009642911;32.33281984327157;23.70049020226361;13.354966050404846;15.879076164809712;14.732647739250273
gorkalonso1;ezequiel2517;42.057143034860594;2.627725467794582;25.583820057226887;21.215854532942128;24.47909127624684;26.09350866578955
gorkalonso1;fabiovg;41.47471056992294;17.320074285965585;20.435075438224377;21.81487505231697;21.111939428706748;19.31803579478631
gorkalonso1;figmare;45.767117137225455;14.085847900144744;21.826418046509563;20.425760163115562;21.534710285034823;22.1272636051953
gorkalonso1;filmandera;54.65339139499974;20.558017246224413;25.565576069022377;17.10732709090408;17.21017840505602;19.55890118879312
gorkalonso1;fleming22;63.54282789563528;26.088221798271714;23.491824163481045;14.753221525626133;19.85557585326097;15.811156659360142
gorkalonso1;genzai_2;63.431321094633105;27.005218734177774;23.195320601628712;14.531551168768948;18.32155385499976;16.946355640424823
gorkalonso1;guillehormigo;44.13431950147319;16.27633723991166;27.065977307771252;19.11809746229015;15.597742514148496;21.941845475878438
gorkalonso1;heelena9;40.453527372823054;25.952964149461486;21.529783152850708;21.067596615538907;23.213072565280363;8.236583516868533
gorkalonso1;hugoromero;59.97874487788867;26.360142228577264;24.71547265716313;15.22928996091776;15.029004682393296;18.666090470948554
gorkalonso1;jal90;55.656245850911176;19.856643969739366;23.641612226343486;16.722134220999894;21.81726386354656;17.96234571937068
gorkalonso1;jarsito;45.402266186405456;14.199041258784021;24.39101697679127;20.288243105490814;17.390870298364263;23.730828360569625
gorkalonso1;jasikedevicius;44.65088978671692;24.338309033382;18.07854760757623;20.179906209752303;19.910721367863864;17.49251578142561
gorkalonso1;jjm_24;68.52609203739564;26.341385720924094;28.376681282488995;12.704462107429423;17.014890041330318;15.562580847827157
gorkalonso1;jorgemz;41.198889954234204;12.346685203037998;18.922637574309135;22.958398762417467;21.10148556500423;24.67079289523118
gorkalonso1;juanky97;76.44699755053011;32.52683769696156;25.844259990631816;12.092379757113386;15.233187546271722;14.30333500902152
gorkalonso1;lobo_lopez;56.18692832206175;21.963827273929827;26.151068920725425;16.559712481928905;17.865958709181495;17.459432614234345
gorkalonso1;luisru;56.03857064507786;17.09168190863039;26.882507039612385;15.99442997977626;21.82026599094057;18.211115081040393
gorkalonso1;mabusecaligari;55.99750897398114;22.36705017735049;25.39216185755746;16.452711819354107;19.360984719663016;16.427091426074917
gorkalonso1;mann_ohne_namen;76.41232490370604;34.95208565115759;22.073338084438365;12.275663087554616;15.881894466183837;14.817018710665593
gorkalonso1;manuelsanbai;57.22435200445024;24.462521260051144;19.819247392102866;16.28415435350463;19.900760089986104;19.53331690435526
gorkalonso1;marcos_m_rom;51.72763270734017;20.29648160328737;23.61185578886421;17.39212217187211;19.163355866877904;19.53618456909841
gorkalonso1;marialebernedo;53.62713220825686;25.41649465031794;24.08628843425887;16.44058397632885;16.74692175170924;17.309711187385087
gorkalonso1;marioiglesias;45.242929787189425;15.06327867463826;17.641504939791428;19.7490351015303;23.28040716176176;24.265774122278245
gorkalonso1;marioquema;43.679609071500174;21.50601481421386;21.490005893433292;21.278250829226977;11.96925108594493;23.756477377180943
gorkalonso1;mat25;32.62862179817523;7.903106111078452;14.17787820478865;27.16503375851094;20.735881858760596;30.018100066861365
gorkalonso1;migblah;59.573591050680506;25.97131941667102;21.851790702977922;15.074692271665503;18.58383414463835;18.518363464047205
gorkalonso1;ninotchka;60.29390841675212;25.966534719610138;26.915645395856323;14.44004267968244;18.312558043522994;14.365219161328106
gorkalonso1;paloma55;65.1430416011611;24.599128863434697;27.777798477117354;13.829679126885845;16.94302538512354;16.850368147438566
gorkalonso1;pauixitador;48.43643291228635;26.238889218750064;18.58590312517953;17.572919488150013;18.906400668505892;18.6958874994145
gorkalonso1;paula_arantzazu;46.77159782290807;24.810004906720742;15.304996895825898;18.0626599877439;21.673978751403702;20.14835945830576
gorkalonso1;pele_alvaro;46.051540724344235;22.55119740020587;15.819930903627098;17.36057996863702;21.724264979901218;22.54402674762879
gorkalonso1;rachelmygod;71.71996097810374;32.61611154510302;21.760457002132917;13.048340516121053;16.74172894933437;15.833361987308649
gorkalonso1;simonsds;33.763590413186854;2.727657823682846;28.11392568050596;27.21232726230971;18.0187996494216;23.92728958407988
gorkalonso1;synthemesco;55.10546647999264;16.04408896827071;27.642964045311004;16.28257937297145;20.380115871461864;19.650251741984963
gorkalonso1;utges;62.252420956729246;23.374339793799034;28.41990156948213;13.825185258471523;19.22184610059209;15.15872727765523
gorkalonso1;vareludo;63.91418427354253;26.801197891021566;25.080789806652074;14.666759989632416;16.64036593653373;16.810886376160223
gorkalonso1;will_llermo;65.7194314445154;27.46633959894408;23.436479948120034;14.0852454936188;18.560483063240074;16.451451896077007
gorkalonso1;xzetaprobe;32.24531176483788;14.280451406051906;7.093917104891132;27.304613068739656;27.193055594733526;24.127962825583776
guillehormigo;a_de_la_hoz;34.557406478196214;19.188006934220233;24.282200862504038;24.687722708766426;16.6055173861296;15.236552108379694
guillehormigo;aixa72;45.191882492036775;27.30755880629439;21.040502366857563;18.611653402073102;10.503700721557433;22.536584703217528
guillehormigo;albertomilano;43.340640451502736;17.849352776715964;23.62805215614931;20.917942237614657;17.420498819484774;20.184154010035314
guillehormigo;alonsodvt;27.325859119908014;6.066485890000888;11.460310841799142;32.90483335816117;32.429540965747115;17.13882894429169
guillehormigo;anaavellaneda;35.738945433935044;12.884476644168855;11.935466522204072;23.272814875265116;22.126406770931904;29.780835187430053
guillehormigo;batty;50.35774837749743;26.700848586285492;22.061209781539294;17.071148459129095;16.148242224864934;18.018550948181193
guillehormigo;bergmantonioni;39.00391997791136;15.111592327878043;17.420687235793817;22.215516924671434;20.02379520635338;25.22840830530333
guillehormigo;borinot;40.056848169365566;20.692084669538737;25.06707589689423;21.658676618423783;16.91942745033492;15.662735364808325
guillehormigo;bracero;43.65758004114959;20.673067776583213;28.94593391927513;20.771536124587932;12.338855177764255;17.27060700178947
guillehormigo;colmener;27.082605441201103;0.0;9.166558867780827;30.08605876105521;22.523834366623984;38.22354800453998
guillehormigo;danielquinn;34.505735752928715;2.135193341897323;27.475038570951984;24.866656405780642;15.891370127842864;29.63174155352719
guillehormigo;diogoserafim;39.62981280442032;16.73204358558906;23.68333055610087;22.747339787270864;17.0280649258212;19.809221145218004
guillehormigo;dr_akkar;21.994000527497292;13.399366276237053;19.237145051242997;37.01193766212242;22.24857496388823;8.102976046509307
guillehormigo;eljpax;57.65223422855304;31.9486392083451;22.87972046187317;14.999072950498299;12.877936453083981;17.294630926199453
guillehormigo;explodingboy;46.890952040606464;24.746854584582465;24.25283124420487;18.118650295230893;17.09910794331914;15.782555932662632
guillehormigo;ezequiel2517;40.808733735002676;19.408136759155862;19.282110891170166;21.886993569982838;19.109290135752907;20.313468643938233
guillehormigo;fabiovg;29.76894858882364;17.32459307790529;13.49531489016672;28.914215263407133;29.099798758066132;11.166078010454717
guillehormigo;figmare;25.374633341811453;0.0;16.211382735311087;32.032001818814486;25.075448660939998;26.681166784934426
guillehormigo;filmandera;51.022170230168825;25.631140346556652;23.751070171638407;16.88353746258982;19.006766006891134;14.727486012323986
guillehormigo;fleming22;29.48554648955237;7.49618976162042;22.127607317144385;28.92907349989829;20.980408464288253;20.46672095704865
guillehormigo;genzai_2;47.982048296556115;23.41636930376106;25.59634299018545;17.6525059543892;14.088891899835485;19.245889851828803
guillehormigo;gorkalonso1;44.13431950147319;16.27633723991166;27.065977307771252;19.11809746229015;15.597742514148496;21.941845475878438
guillehormigo;heelena9;22.750467126318018;4.857686008896847;24.03339065695435;39.517008153055706;22.624960307686347;8.966954873406747
guillehormigo;hugoromero;48.23196213354608;19.18834762394697;25.89265978970145;17.534911905111706;18.66355909526359;18.720521585976282
guillehormigo;jal90;31.12246653394658;14.203838983628081;18.00679776005235;27.32862791981193;19.48382544608792;20.97690989041971
guillehormigo;jarsito;30.763467611784794;2.39493213725679;22.806554275282842;27.41265652655079;21.80410271735358;25.581754343556003
guillehormigo;jasikedevicius;42.056835947849635;14.014638158377936;22.38831121843638;20.37644649184961;19.31048700036847;23.91011713096759
guillehormigo;jjm_24;37.28216614644198;4.446413819731729;27.0206791567028;22.39595305653086;19.062147615178937;27.074806351855667
guillehormigo;jorgemz;29.655457553293186;0.0;16.834234897347894;27.430639279894958;33.634864329776136;22.100261492981016
guillehormigo;juanky97;44.27977165246531;14.14301662233094;23.400181054580603;18.73961937008971;20.43006024381141;23.28712270918735
guillehormigo;lobo_lopez;40.78090369218471;30.26122221403692;24.17697049081468;20.67452074794679;10.737894364827136;14.149392182374475
guillehormigo;luisru;32.20654914204856;12.010016620775911;23.96257232754074;26.680941045996825;17.586103948124386;19.76036605756214
guillehormigo;mabusecaligari;28.81307626837852;8.310405795953942;30.919329117478657;28.38852363959755;15.672301035125091;16.709440411844753
guillehormigo;mann_ohne_namen;51.56753728340813;21.07386180325216;25.554536715093434;16.191604439750826;17.506769605407545;19.673227436496017
guillehormigo;manuelsanbai;31.614359224712913;13.982839262355636;14.694042756209212;24.276579958113096;16.442579424158094;30.60395859916396
guillehormigo;marcos_m_rom;36.48963825179905;20.69582799005182;18.186875132390114;22.751454606444607;17.079653020855975;21.286189250257483
guillehormigo;marialebernedo;43.75655190695302;22.731033167638486;18.84621529843247;20.05979063155557;19.961637743377963;18.401323158995524
guillehormigo;marioiglesias;43.20858483457922;18.75647149076624;19.536565982604;20.26336184976487;18.06593869808855;23.37766197877634
guillehormigo;marioquema;43.532084095684475;17.77085561277709;17.08198197326255;19.274415720242178;21.70221922665739;24.170527467060786
guillehormigo;mat25;34.51485016798436;8.538517986123354;3.6795654149912784;24.979944010503928;33.044521946302666;29.75745064207877
guillehormigo;migblah;38.3469828308164;13.929492897115914;23.577840458671567;22.730228502724753;17.96572630150238;21.796711839985388
guillehormigo;ninotchka;37.5227853923286;16.689846981398926;23.938471933048366;22.623986875735625;20.46176537077357;16.2859288390435
guillehormigo;paloma55;48.1815770093854;25.61310910346606;21.017179733124266;18.01175330211905;17.251010333817632;18.106947527473004
guillehormigo;pauixitador;37.92894564283839;11.169290153792883;18.206324901734863;22.821663674461874;21.978145544619004;25.82457572539138
guillehormigo;paula_arantzazu;38.05716345476057;13.551585926037774;16.92443918728398;23.7689441054269;26.283765562676173;19.471265218575184
guillehormigo;pele_alvaro;37.83485170563542;12.917033943925635;15.733341800489354;22.593895344655984;23.70687373603148;25.04885517489756
guillehormigo;rachelmygod;43.56597863543646;23.253253312291296;22.413999270486812;19.247796109714972;14.082166518788707;21.002784788718206
guillehormigo;simonsds;32.102535402626714;13.770205308623705;20.745997090075598;25.900939421612;27.91269517768244;11.670163002006259
guillehormigo;synthemesco;41.58529135308247;21.260329748237467;19.924099348652323;20.154119017256114;16.056382019627307;22.605069866226806
guillehormigo;utges;40.731401042225684;19.444985073698582;24.549443542641818;21.207598414764252;18.035175865575155;16.762797103320207
guillehormigo;vareludo;50.41610341395955;18.632426073425034;27.641657552980455;17.076763415058394;15.909503682008935;20.739649276527174
guillehormigo;will_llermo;49.49846093020521;29.76917498134274;20.73234479951361;17.76054411104631;12.66322613688287;19.074709971214478
guillehormigo;xzetaprobe;35.14534929930282;10.48167377843977;14.004091147923459;25.223949267402812;26.68205850246525;23.60822730376871
heelena9;a_de_la_hoz;23.246702919680644;20.600629418056442;9.24916353704946;35.723519206832094;27.51450144604976;6.912186392012249
heelena9;aixa72;14.216237473218387;3.886915439601316;1.0830787019730659;59.47281788652457;28.393242529833888;7.16394544206717
heelena9;albertomilano;57.112763319482724;28.380366926832842;22.616141321384863;16.053437238237592;18.47547016817786;14.474584345366852
heelena9;alonsodvt;19.52824695823836;10.375234798844042;6.148257877199383;45.98060410199083;30.61607000349222;6.879833218473522
heelena9;anaavellaneda;18.13762066488832;5.077596629001906;23.5623456645916;44.06600534237469;14.757861828930762;12.536190535101044
heelena9;batty;35.28469925600983;22.446598724006673;13.747066271415584;25.68475830478082;27.52563156932858;10.595945130468337
heelena9;bergmantonioni;24.068300238414412;13.77512638125499;21.47082751720022;34.51155825660864;21.190466376670216;9.052021468265934
heelena9;borinot;42.77483239340383;24.544548438441943;19.263689005320764;20.198714736434248;27.55212518782275;8.440922631980301
heelena9;bracero;52.80498287081753;29.997982850766792;20.73308758634802;17.63643971263776;22.79172086919395;8.840768981053476
heelena9;colmener;13.996183358759518;0.0;7.471149971404718;57.23257158818015;20.49114417887929;14.805134261535846
heelena9;danielquinn;33.01591875198612;19.525994586604824;18.893691272166084;26.242575951187;26.037065755455906;9.300672434586197
heelena9;diogoserafim;23.409681892984842;4.720893960054217;15.334466081304736;36.76372205447619;31.86893622172268;11.311981682442168
heelena9;dr_akkar;18.827755717644628;0.0;0.0;44.084778878935914;53.509195748358586;2.406025372705517
heelena9;eljpax;41.359677244505;26.27503952267852;25.35376458087828;21.025513584995153;17.229950941985976;10.115731369462072
heelena9;explodingboy;38.70222101859082;21.416334052694882;22.912820757582573;22.821708009125174;24.62158205785435;8.227555122743041
heelena9;ezequiel2517;24.164191166779787;0.0;18.995760105256792;38.13147486161977;30.702256855646066;12.170508177477355
heelena9;fabiovg;41.73174472374533;31.337208990719468;20.044881476518402;20.316139982716408;15.360064392702943;12.94170515734277
heelena9;figmare;36.292132874092815;22.83855007339766;19.64154457644075;22.368953140554854;22.8465140397261;12.304438169880646
heelena9;filmandera;47.78330975717167;29.295834353362558;20.319961967348725;17.441676696500203;21.12045353319047;11.822073449598067
heelena9;fleming22;29.35482794612733;19.45139091375505;14.206293961279545;29.05621069731044;30.21070065207792;7.075403775577054
heelena9;genzai_2;31.40911343027984;17.592764294461343;10.86806462504068;28.432845759571;36.329666434065686;6.776658886861304
heelena9;gorkalonso1;40.453527372823054;25.952964149461486;21.529783152850708;21.067596615538907;23.213072565280363;8.236583516868533
heelena9;guillehormigo;22.750467126318018;4.857686008896847;24.03339065695435;39.517008153055706;22.624960307686347;8.966954873406747
heelena9;hugoromero;26.53331175793314;23.25357810455802;16.28723469890626;30.831650897707238;22.828450175480153;6.799086123348334
heelena9;jal90;23.212503320625107;10.315490436881822;10.545886355197958;35.68472094971679;32.77701938603715;10.676882872166274
heelena9;jarsito;35.72142370562274;27.328488820437265;21.30621062854879;23.098280225615852;16.682172719529664;11.584847605868426
heelena9;jasikedevicius;31.180162039323978;18.312676915085195;14.419192677958383;27.97417241635323;31.63205507623207;7.661902914371127
heelena9;jjm_24;54.07781577174185;31.335540688288773;23.883143376464933;16.666864975416864;17.172317650454374;10.942133309375047
heelena9;jorgemz;20.03049377141683;24.33665184035581;6.469582223860009;39.632797904043876;21.456464502797445;8.104503528942857
heelena9;juanky97;40.54468527277694;24.077447434144357;19.436198232099983;21.780842178920352;25.799445084008962;8.906067070826357
heelena9;lobo_lopez;13.601950661859089;0.0;0.0;65.2069005671957;25.23625935107359;9.5568400817307
heelena9;luisru;40.73169762714778;27.13233974852166;19.601919549983855;20.260338364794386;24.683332124480692;8.32207021221942
heelena9;mabusecaligari;38.24901958967368;25.040992798115138;16.221017459202294;21.488584798014855;30.049528769402105;7.199876175265591
heelena9;mann_ohne_namen;43.82396681690046;26.058445871492587;23.231045398437487;20.112682879961397;22.609607269051047;7.988218581057484
heelena9;manuelsanbai;16.19315386129251;0.0;0.0;48.51629512881818;42.43595278658571;9.04775208459612
heelena9;marcos_m_rom;48.05159155462335;24.915757030420043;20.942217705202108;18.40086991829103;19.59992662398089;16.141228722105936
heelena9;marialebernedo;51.143329431009214;27.011006881274596;23.105472613910518;18.42542986757445;22.30017294416002;9.157917693080401
heelena9;marioiglesias;39.12189814166761;18.83252621591261;21.746886372817688;23.694023229760237;25.53844527094993;10.188118910559544
heelena9;marioquema;38.21749160816386;29.399244052507253;25.19950205007957;21.64517286759645;13.654794617269014;10.101286412547706
heelena9;mat25;14.820872583859247;0.0;0.33244017162385986;61.35767265413154;20.255946032334027;18.053941141910574
heelena9;migblah;38.295617283405754;25.972466387934098;15.552426106329953;23.780376902387843;27.01083887778889;7.683891725559208
heelena9;ninotchka;42.176640604329144;30.13322491138495;21.17731819898619;21.44993357176862;16.4200006525892;10.819522665271048
heelena9;paloma55;41.01171025087974;25.599735763363213;22.48889810235877;21.82707353935628;19.347039277164512;10.73725331775723
heelena9;pauixitador;52.004509944558;33.64736849250901;18.442501532985702;17.80355845251316;18.316007414438648;11.790564107553484
heelena9;paula_arantzazu;34.4174329990601;17.660539710245217;14.478591685505576;27.340501335272528;27.223533706984817;13.296833561991866
heelena9;pele_alvaro;41.27047607787554;24.67028239625141;18.449017437589642;22.266546928237197;25.589456291897235;9.024696946024525
heelena9;rachelmygod;30.926329241273994;20.84530128983743;17.506276707801955;27.55484957999871;26.855557393931917;7.238015028429985
heelena9;simonsds;15.584923643462712;17.727809962954073;4.0191088220287225;53.96594774438437;17.093953483120682;7.193179987512133
heelena9;synthemesco;22.43686557945564;9.85116441189322;4.848979367261653;37.04574993505409;41.68356822719355;6.570538058597483
heelena9;utges;43.90527428618214;28.94682285897674;20.283604977050555;20.659086665310642;20.04329839247163;10.067187106190445
heelena9;vareludo;26.123778437031557;16.21662043005898;25.39938501912664;33.42833170776863;17.528286086067652;7.427376756978102
heelena9;will_llermo;40.46873408362321;22.757203463752827;20.073057794979167;21.489102971587982;25.497169381341205;10.183466388338823
heelena9;xzetaprobe;40.827227165348475;27.068854176112257;18.095333537560986;22.75182066598515;25.41512462759103;6.668866992750572
hugoromero;a_de_la_hoz;79.43372651157486;38.594325674308706;26.005694244926946;11.645811890180571;11.158345261802932;12.595822928780846
hugoromero;aixa72;52.11057981954669;22.200186104443826;22.108059157547018;17.755688705372723;18.835053284519585;19.101012748116844
hugoromero;albertomilano;43.68553915808739;27.36435775719585;19.30689767060368;17.328698854742903;18.39494684364088;17.605098873816683
hugoromero;alonsodvt;31.38432741273729;11.672719391124653;9.541421709556875;27.33113587279857;21.117315984790615;30.337407041729286
hugoromero;anaavellaneda;39.453894876886245;15.149666795485675;16.444464577053846;22.630822802137075;19.997807115325724;25.777238709997686
hugoromero;batty;56.87271900292938;24.070528573955492;25.244174659171737;15.58696298467899;15.561928516611736;19.536405265582037
hugoromero;bergmantonioni;65.8943657953658;30.138401382321312;23.514478592959442;14.265968412351189;16.151388047471734;15.929763564896334
hugoromero;borinot;62.0144378608044;30.158531669217627;23.580006877827568;15.22316782752312;14.287505721173641;16.750787904258033
hugoromero;bracero;61.47762321158009;33.24451998803828;23.123418901640477;14.766724198369014;12.670367459827208;16.194969452125015
hugoromero;colmener;46.11484772281799;21.323606887184575;14.138615725461268;20.191682809557584;20.244768902420482;24.1013256753761
hugoromero;danielquinn;48.594110175535164;14.680787766097424;24.767098896157698;19.121184481716845;19.205333926306707;22.22559492972133
hugoromero;diogoserafim;44.12069036038548;20.10234872631081;21.62300144376779;20.15996108812093;16.27941169789413;21.835277043906345
hugoromero;dr_akkar;36.356509683794684;5.303335313107466;26.80001018087622;25.310283682670317;21.748408418607955;20.837962404738033
hugoromero;eljpax;66.47482922087649;32.77573831144795;25.151093313422688;13.010736679606643;12.713316619652144;16.349115075870575
hugoromero;explodingboy;47.60832280213477;23.894634947876416;20.324515676831;18.49095146864269;15.24060153249261;22.049296374157276
hugoromero;ezequiel2517;43.13272025316498;14.30455658057904;22.62870582248832;20.074613976497766;17.668404350887368;25.323719269547496
hugoromero;fabiovg;41.266150135176545;17.2877725649833;22.03549316263203;22.556266385295874;18.69665566905014;19.423812218038655
hugoromero;figmare;47.62610629856823;20.646972027047934;20.475578295216078;19.501163065042206;17.355220127492675;22.02106648520111
hugoromero;filmandera;68.37804304752137;30.735557914608417;25.880537288811812;13.829280538778567;14.013587713606912;15.541036544194295
hugoromero;fleming22;59.05927658242797;27.423471666567313;25.485077426627885;15.720387955162565;14.012189767590355;17.35887318405188
hugoromero;genzai_2;58.57180425931467;26.664146499424035;23.256794422303265;15.784490095170138;15.782004746302261;18.5125642368003
hugoromero;gorkalonso1;59.97874487788867;26.360142228577264;24.71547265716313;15.22928996091776;15.029004682393296;18.666090470948554
hugoromero;guillehormigo;48.23196213354608;19.18834762394697;25.89265978970145;17.534911905111706;18.66355909526359;18.720521585976282
hugoromero;heelena9;26.53331175793314;23.25357810455802;16.28723469890626;30.831650897707238;22.828450175480153;6.799086123348334
hugoromero;jal90;50.07919139823085;16.555504432508016;26.949705943555657;17.941639657143906;17.6537559178149;20.899394048977513
hugoromero;jarsito;64.44265678895768;27.226964538712284;24.546573476925424;14.105846353671373;17.276954472175213;16.84366115851572
hugoromero;jasikedevicius;48.197577927537495;26.802842771763217;23.38141250908311;19.39996591435672;14.314614541013642;16.10116426378331
hugoromero;jjm_24;45.658992424011586;22.80335280584128;17.876835384982368;18.859177716858117;18.72780622450179;21.732827867816443
hugoromero;jorgemz;62.99318648549479;28.528494423115955;23.42320724753321;14.306798252696689;16.375763570457597;17.365736506196544
hugoromero;juanky97;66.55683423021955;32.73535515985213;22.690316949327393;13.69807000131009;15.553627434388968;15.322630455121432
hugoromero;lobo_lopez;59.87347422332006;25.44039805492368;30.409621980444992;15.285270483535665;11.763113355898978;17.10159612519668
hugoromero;luisru;59.96046577356041;27.332867632519058;26.467840439265178;14.712187202240155;14.430814362457687;17.05629036351791
hugoromero;mabusecaligari;71.4452314396116;35.08337577147962;27.46595459354978;12.761839707983714;10.966320042790208;13.722509884196676
hugoromero;mann_ohne_namen;67.80080676323927;30.144096674415675;26.626566628278027;13.245466140386165;14.047534384034806;15.93633617288532
hugoromero;manuelsanbai;51.586895811895694;24.66810625018085;18.778005418433047;17.823600400455092;17.13631431778199;21.593973613149018
hugoromero;marcos_m_rom;39.92738494855118;14.970010230801122;19.29893557866765;22.121161026513718;20.364258297007325;23.245634867010196
hugoromero;marialebernedo;41.17095835135203;15.922791596801346;22.26729688844676;20.647183146858175;19.51781825938958;21.644910108504142
hugoromero;marioiglesias;45.6977657926956;20.674374682914657;16.91291092058586;18.53827250648559;20.97818026013053;22.896261629883366
hugoromero;marioquema;55.39962639461707;27.14682460659814;18.85638861114335;16.93095952903147;19.142419135190853;17.923408118036193
hugoromero;mat25;31.21714809712926;9.882299872748865;5.511028613500307;27.796168151853795;26.78880698726754;30.0216963746295
hugoromero;migblah;47.62570315916954;19.837454767077155;22.04298490926666;18.206363347881588;16.862256155451252;23.050940820323344
hugoromero;ninotchka;53.842108240335186;30.080738866626767;22.818596137039535;16.341862796452236;14.501515706619214;16.257286493262235
hugoromero;paloma55;47.52561915395998;22.719120435645777;17.26423073420593;18.46051681400937;18.89151058413886;22.664621432000047
hugoromero;pauixitador;37.35018113402581;22.197650720749383;15.027092752804789;22.97340165234741;17.747157226308214;22.054697647790206
hugoromero;paula_arantzazu;51.45992736711638;24.72897052353849;21.3432893387474;15.186124912779205;20.084166915673876;18.657448309261024
hugoromero;pele_alvaro;35.941264604339494;19.57162762458341;12.237750513681844;20.05152872626266;20.116054868056903;28.023038267415185
hugoromero;rachelmygod;57.375341014458286;28.564387508562678;21.616050638529714;15.6630008572336;14.362057759535839;19.79450323613817
hugoromero;simonsds;55.08153041082732;25.203320852762815;25.43138745820117;16.610354234353025;16.662873788242884;16.092063666440122
hugoromero;synthemesco;56.95045691102486;27.761818454640444;21.224100225766705;16.107381615375555;16.531271508792724;18.375428195424565
hugoromero;utges;50.77935469790579;24.680698647984173;24.123631885056646;17.352564227916158;15.262128669448472;18.580976569594544
hugoromero;vareludo;80.59398567096703;33.73243942307868;27.378262268242036;11.724983455231511;13.712448301125903;13.45186655232186
hugoromero;will_llermo;48.927244325740794;23.644588734701756;15.640026507534419;18.74141946052871;20.37343084687459;21.600534450360527
hugoromero;xzetaprobe;48.19058276748105;28.007034863719742;16.674055227154494;17.741094612903254;20.913196660899736;16.66461863532277
jal90;a_de_la_hoz;72.54328732726502;27.16783638707432;27.700718815710033;12.93861909565373;16.859939239115025;15.332886462446874
jal90;aixa72;50.02517538661336;20.987211689158492;21.706569655636056;17.854774246026306;22.041412114129287;17.410032295049863
jal90;albertomilano;44.87177864829031;23.397533533387985;19.617826588291557;17.689456231995003;24.534660460902195;14.760523185423269
jal90;alonsodvt;29.602397684856008;0.6222166361427302;7.1973821364654045;29.631672894142387;26.896519972353207;35.65220836089627
jal90;anaavellaneda;51.54400861178287;26.443688715577913;23.942462221056164;18.13744521183624;14.640901802624308;16.835502048905365
jal90;batty;48.04432779524859;16.868600869180842;22.81101178086263;17.643984605378183;21.524391163698432;21.152011580879908
jal90;bergmantonioni;56.50796064528964;25.09860585331472;28.210761275623696;16.193552666601988;13.397716489041565;17.099363715418036
jal90;borinot;63.84822495028541;25.674954703876725;26.95053291290243;14.31296465186521;16.639674506743916;16.42187322461173
jal90;bracero;36.28555400460095;7.614230296812448;19.069850563477704;24.168411664346877;23.210304984601855;25.937202490761127
jal90;colmener;51.54452395422355;31.80357791212438;17.96936362764453;18.023447879474883;13.77088387727979;18.43272670347643
jal90;danielquinn;48.10868703524523;14.165983348126778;21.762874878530788;19.081358204464646;25.250957391080384;19.738826177797403
jal90;diogoserafim;35.337362051379834;0.0;21.020024950063537;25.174065695491766;31.63970250421134;22.16620685023335
jal90;dr_akkar;47.00979313454176;13.32168266985376;23.757536793902876;19.031888826759737;23.447207514787777;20.44168419469585
jal90;eljpax;43.4563220605997;10.596331808490987;25.431235478132255;19.043987243841716;22.93702784783413;21.991417621700915
jal90;explodingboy;41.55544423788149;8.864833307420064;20.92706542602642;21.097271926263755;25.169464351984992;23.941364988304773
jal90;ezequiel2517;41.12323968675253;6.7185019162646356;21.15903440039343;21.08530311262266;25.74187902976887;25.29528154095042
jal90;fabiovg;49.56820576893482;20.06591962063302;21.434961658269145;18.583139472060854;20.214575634665287;19.70140361437169
jal90;figmare;66.17201390760822;29.7836508926481;24.739599321370818;14.26267269569218;14.641255589645127;16.572821500643776
jal90;filmandera;47.76083246053918;17.354381220222415;23.0955339849161;19.654061307068574;18.069106337572812;21.8269171502201
jal90;fleming22;73.84392107432922;26.439888732522366;29.047982633092534;12.724933404466748;16.739516028891614;15.047679201026725
jal90;genzai_2;40.63278797913832;7.252902978230165;22.385942117358663;22.23456788576248;25.431782900935985;22.694804117712696
jal90;gorkalonso1;55.656245850911176;19.856643969739366;23.641612226343486;16.722134220999894;21.81726386354656;17.96234571937068
jal90;guillehormigo;31.12246653394658;14.203838983628081;18.00679776005235;27.32862791981193;19.48382544608792;20.97690989041971
jal90;heelena9;23.212503320625107;10.315490436881822;10.545886355197958;35.68472094971679;32.77701938603715;10.676882872166274
jal90;hugoromero;50.07919139823085;16.555504432508016;26.949705943555657;17.941639657143906;17.6537559178149;20.899394048977513
jal90;jarsito;57.22887635993407;22.20763848906652;28.243472356688194;16.297100735032302;15.534115464422117;17.717672954790864
jal90;jasikedevicius;26.529130994825746;2.777189243450593;11.001040573328321;33.50610983240008;28.853850360090824;23.86180999073018
jal90;jjm_24;34.8545041592253;5.284569312788595;16.326315389778202;24.11819794550137;30.44683536753417;23.824081984397658
jal90;jorgemz;46.13224281111693;13.782923124457199;24.959054304235334;20.065074443685113;17.488072814645104;23.704875312977254
jal90;juanky97;45.1650520920376;12.234528771291503;26.526258299056934;19.507828113625084;22.182107830164654;19.549276985861827
jal90;lobo_lopez;60.85323939798758;19.97692968255379;28.841969203265776;14.610790021385684;18.664181615662958;17.90612947713179
jal90;luisru;62.8924858284005;21.086390413681634;27.839319941456008;14.936826243048747;18.617080832047684;17.52038256976592
jal90;mabusecaligari;61.094251100498276;22.008529286364503;30.43134360862021;15.197539604363621;15.216398928923654;17.14618857172801
jal90;mann_ohne_namen;45.96393563169097;15.628449961641374;20.469747587742283;19.75102630716358;23.296509151680677;20.854266991772082
jal90;manuelsanbai;58.529419743073014;25.805254177932444;22.239327924805995;15.054302664203103;19.511674722172046;17.38944051088641
jal90;marcos_m_rom;31.658780350639358;4.654406545098247;11.842945865530183;26.828021794508775;28.769610178947428;27.905015615915364
jal90;marialebernedo;34.25924486835543;5.376389462175158;23.69363732036338;24.751937223101418;23.082151546901507;23.095884447458523
jal90;marioiglesias;36.338926668855734;2.0274791797872815;19.1976868369259;23.44502488961388;28.854749486013866;26.475059607659063
jal90;marioquema;24.799016092488152;3.7136764298503286;8.010778039817723;36.968065392516614;21.505306639522722;29.8021734982926
jal90;mat25;27.40928614586276;9.408032699463408;6.482679026784092;30.492657608158673;25.011709419351636;28.604921246242185
jal90;migblah;50.77915641091446;21.76377743676512;20.335899019452683;17.193856157929897;19.867758927624187;20.83870845822811
jal90;ninotchka;44.70404877492157;18.541043073940774;19.79678975146887;18.697270401575256;24.10456754894641;18.860329224068682
jal90;paloma55;39.76790862336525;9.263300458505118;17.047417730036262;21.38336797364959;26.8022994415307;25.50361439627833
jal90;pauixitador;26.277856556610402;7.009363290171771;4.6570959587893395;31.61738677814605;31.372334797052268;25.343819175840576
jal90;paula_arantzazu;46.00530003522838;22.8210433324462;17.71446567469071;17.928895260088993;21.724644267859045;19.810951464915064
jal90;pele_alvaro;25.983326669687187;0.0;3.1081646881036713;29.321676959116076;35.15755227340684;32.41260607937342
jal90;rachelmygod;48.55887136401762;15.17259671968332;20.978380694827262;18.5621422820206;24.07905847458037;21.207821828888463
jal90;simonsds;39.80408610288984;4.164696517703461;26.735918387697502;23.44659295640268;18.77184394459779;26.880948193598567
jal90;synthemesco;52.00747724994995;14.520667346524199;27.66197200117381;17.11847054217187;21.94175432083728;18.75713578929285
jal90;utges;42.3623423550146;10.869975127242995;20.67642331733879;20.33627089079988;27.075176161206823;21.042154503411524
jal90;vareludo;46.57419300804524;19.378459461367104;17.126064381920365;19.835594458611286;23.787212450624164;19.872669247477067
jal90;will_llermo;43.00560141589019;19.27329618994966;11.925041703260932;21.15087070980712;26.07939760216121;21.57139379482108
jal90;xzetaprobe;23.380403932554323;2.363402834574315;1.7135934560312125;37.84687987150793;33.73873054765784;24.337393290228704
jarsito;a_de_la_hoz;67.00594195277462;31.062301734523327;28.242429888718608;14.19794355310991;11.997883264156185;14.499441559491968
jarsito;aixa72;37.6188239586716;12.73024144949646;18.892092184998745;24.023475002490322;22.529291361131854;21.824900001882604
jarsito;albertomilano;48.46529745188697;28.123498473029283;23.09808663757001;15.873818194137367;15.075751621893989;17.82884507336934
jarsito;alonsodvt;24.039693248953654;0.0;1.125908471072506;36.80611157137327;22.208630315814325;39.85934964173989
jarsito;anaavellaneda;54.3890468427003;30.817574299243844;21.126221392405405;16.78590238970423;15.017469255972006;16.252832662674507
jarsito;batty;44.56679952847617;13.638637924094791;24.055510800481457;19.398118292525258;17.539796024516168;25.367936958382316
jarsito;bergmantonioni;65.62309138050047;26.10326128688648;27.00043803758988;14.282746589244134;18.833614735382575;13.779939350896937
jarsito;borinot;55.70124927610901;20.83263098336343;27.384451423641448;16.48584246094148;15.226449341502946;20.070625790550682
jarsito;bracero;46.96829507628888;21.960981118039868;21.899240938971204;18.5269793950282;13.91757472926894;23.695223818691783
jarsito;colmener;55.98231121926661;26.97935330753361;19.66325155743695;16.587078697059138;18.321192581577552;18.449123856392745
jarsito;danielquinn;50.47428927073687;24.814595928422975;21.1121048068686;18.349451936438136;16.09981317727389;19.62403415099639
jarsito;diogoserafim;37.626788213090244;10.279941734683387;20.916624950007947;24.628987719445597;16.24516559157948;27.929280004283594
jarsito;dr_akkar;31.834305035332754;4.6287435617110955;21.480919621705542;28.77941051674907;21.11789420465345;23.99303209518085
jarsito;eljpax;47.790121138002284;21.19791105116295;26.08771295984476;17.466636864777314;12.745015610557477;22.5027235136575
jarsito;explodingboy;41.30035544928382;16.947214040572966;21.566653344991625;20.948272840794942;13.845794171890095;26.69206560175037
jarsito;ezequiel2517;39.02217348622455;12.744441734512364;19.633220514903883;21.962038535218497;17.754639170080946;27.905660045284332
jarsito;fabiovg;51.26643331017294;25.149736745783812;21.934792518733765;18.317395103531126;16.23826354298226;18.359812088969033
jarsito;figmare;57.596356883145496;26.86289282348895;24.37637700713409;16.129802561965924;13.969245078734975;18.661682528676064
jarsito;filmandera;54.05356944599914;21.808415020000147;23.011533299657714;17.20056161544871;17.509642666035738;20.4698473988577
jarsito;fleming22;60.667601112888704;29.44987250560304;26.361860251740936;15.519085370781822;12.157967050945128;16.511214820929077
jarsito;genzai_2;38.726492977157314;7.13430376464565;19.64730069515244;23.694961796201174;21.339614844315694;28.183818899685058
jarsito;gorkalonso1;45.402266186405456;14.199041258784021;24.39101697679127;20.288243105490814;17.390870298364263;23.730828360569625
jarsito;guillehormigo;30.763467611784794;2.39493213725679;22.806554275282842;27.41265652655079;21.80410271735358;25.581754343556003
jarsito;heelena9;35.72142370562274;27.328488820437265;21.30621062854879;23.098280225615852;16.682172719529664;11.584847605868426
jarsito;hugoromero;64.44265678895768;27.226964538712284;24.546573476925424;14.105846353671373;17.276954472175213;16.84366115851572
jarsito;jal90;57.22887635993407;22.20763848906652;28.243472356688194;16.297100735032302;15.534115464422117;17.717672954790864
jarsito;jasikedevicius;32.3558063371981;21.632159509685337;9.538301750570504;28.255770574372516;19.370663962019616;21.203104203352034
jarsito;jjm_24;40.214044724360605;22.90133265067048;15.135586272659557;21.02020051343175;15.499063979543054;25.44381658369516
jarsito;jorgemz;52.76382349836754;21.691128605177028;24.770561239406668;17.147325552010656;16.352863190455988;20.03812141294966
jarsito;juanky97;44.298392863284974;19.126626124778337;21.36355087817712;19.867472622045334;18.99596294336999;20.646387431629226
jarsito;lobo_lopez;50.8842938002095;20.994848707735585;30.237620789016532;17.423933962249546;11.382399482151033;19.96119705884732
jarsito;luisru;58.88843094427426;26.273492724563628;26.646718102869002;15.561154635951976;13.949204953309176;17.56942958330623
jarsito;mabusecaligari;60.071144637328;28.51579924271984;26.927929865639488;15.88330822785498;11.001644696468734;17.67131796731696
jarsito;mann_ohne_namen;45.74671568418636;17.31318791855245;24.81635534178445;19.372518490305097;16.56970956239403;21.928228686963976
jarsito;manuelsanbai;37.36292397898352;11.831475065232764;20.132291681682133;23.519319208693588;17.784209516146273;26.73270452824525
jarsito;marcos_m_rom;36.93212365424281;23.4402416345852;9.994979399730887;23.58918526596966;14.672579189824498;28.303014509889735
jarsito;marialebernedo;40.80265626581828;22.119543033485694;15.637483186932636;20.47427624595374;18.76531317110972;23.0033843625182
jarsito;marioiglesias;42.94268842810309;16.72799478455287;18.323515994714473;19.443241080317087;22.030675053455035;23.47457308696054
jarsito;marioquema;47.12733387714856;18.36933752268971;18.318103564111023;19.206589740036843;23.797034477016208;20.30893469614621
jarsito;mat25;23.89798190656016;2.3122167028054714;0.7320205555703205;35.30941300848862;26.913624741036482;34.732724992099115
jarsito;migblah;34.95338059014712;6.8505063595334486;20.74839234066977;25.099265105626767;16.508525821907284;30.793310372262734
jarsito;ninotchka;38.5517163270204;13.377742155074442;23.764424469711237;21.78499959139404;14.469757444847062;26.603076338973214
jarsito;paloma55;41.503525760791845;18.639437657571175;16.249467186572918;20.48546604008256;17.440146890764833;27.18548222500851
jarsito;pauixitador;27.77222060819654;9.948306566343314;9.590085248582238;29.374618975723163;19.05918763872101;32.02780157063027
jarsito;paula_arantzazu;39.222211033785875;9.392180513925794;17.8340681951624;20.420071710420963;24.759112264974537;27.594567315516304
jarsito;pele_alvaro;37.235532378694025;24.06238681967467;13.524020321166509;19.645538297340572;17.043707367795424;25.72434719402284
jarsito;rachelmygod;42.09720594443789;13.563661073843466;23.989712592019448;21.225310680814005;15.38978188226635;25.831533771056737
jarsito;simonsds;47.12111347780359;18.76265099846431;22.969298617685126;19.77122184091203;19.990600692209977;18.506227850728564
jarsito;synthemesco;47.659769568024004;23.18824175128396;20.999550170030645;18.35487209604652;18.385479546077434;19.071856436561433
jarsito;utges;43.31653454425026;19.560170432356678;21.530445892629203;19.879015687254874;14.45480688753689;24.57556110022236
jarsito;vareludo;46.77945641368893;15.749737787752935;22.631723054207065;19.804608783659287;21.143588849940603;20.670341524440104
jarsito;will_llermo;36.81192096743889;8.506069909632934;12.964475224776082;24.693860177920936;23.98044267957798;29.85515200809208
jarsito;xzetaprobe;29.99045992375638;0.0;10.960432540676075;28.403001057536493;31.359804891355953;29.276761510431474
jasikedevicius;a_de_la_hoz;28.557273636081373;20.639622164444596;7.473251189472293;32.2586695204694;23.9250050780115;15.703452047602223
jasikedevicius;aixa72;30.619498061622696;9.023223178982928;16.453291296896627;29.883332792994338;18.52957601160785;26.110576719518264
jasikedevicius;albertomilano;39.522587958527595;20.03971718977524;13.2775903202347;19.994013477188698;27.020831934754437;19.66784707804693
jasikedevicius;alonsodvt;21.002783062941603;0.0;4.4534375343307335;41.686160570125246;36.4440073414871;17.416394554056918
jasikedevicius;anaavellaneda;27.927542409095214;0.0;0.0;30.728177218932874;32.16320068420115;37.10862209686597
jasikedevicius;batty;34.40156209896365;4.283318125204628;22.019641096291814;26.01411407938271;25.07016681804472;22.612759881076112
jasikedevicius;bergmantonioni;31.24520305289383;19.453560316943104;5.815517421000596;29.888370953579724;18.627610383421924;26.214940925054663
jasikedevicius;borinot;38.48523658514786;21.05848012167095;15.199332249690823;24.540574932734852;25.15774027844239;14.043872417460989
jasikedevicius;bracero;38.50793673069434;17.219508792943323;13.64744803287839;23.7609503035691;26.413554955950886;18.958537914658304
jasikedevicius;colmener;30.400376678231954;9.694145308360927;3.8729889141144542;29.946586495524482;25.685555539924277;30.800723742075867
jasikedevicius;danielquinn;36.48938575649017;19.18163184279596;13.19210079728449;25.549494376531033;19.434409420185993;22.64236356320253
jasikedevicius;diogoserafim;38.869267596499256;20.85042090371499;16.38548311930133;23.411921444734105;21.3808266886087;17.971347843640892
jasikedevicius;dr_akkar;20.410738675755596;9.024222298778996;6.274735005471137;45.05134948932858;34.956117782457646;4.693575423963629
jasikedevicius;eljpax;36.878579112640224;13.98467438463981;22.058089212379976;23.004106955056137;18.414276477897204;22.53885297002688
jasikedevicius;explodingboy;31.81415567103276;2.8947969733487704;16.61559025229311;27.338829464384542;30.567164583966253;22.58361872600733
jasikedevicius;ezequiel2517;35.56588269517044;6.214642656423635;22.904786631616044;24.65625265518105;26.956775172379626;19.267542884399653
jasikedevicius;fabiovg;22.66895247037388;7.312730440443681;3.8552115140265655;41.428916676049276;33.14146299456005;14.261678374920434
jasikedevicius;figmare;29.11612301374158;1.897825232487589;5.518154394405627;31.263673408809712;38.435068931685976;22.88527803261109
jasikedevicius;filmandera;49.60911389818356;23.01965057299888;21.247054612629103;18.547799458421675;23.775976492868452;13.409518863081898
jasikedevicius;fleming22;29.208654648634212;13.873295421431463;10.538482986795426;31.73012979303652;27.73270134601279;16.125390452723803
jasikedevicius;genzai_2;45.8133086815065;17.690068954423523;23.59797570168955;20.586795704684448;21.22989620282514;16.89526343637733
jasikedevicius;gorkalonso1;44.65088978671692;24.338309033382;18.07854760757623;20.179906209752303;19.910721367863864;17.49251578142561
jasikedevicius;guillehormigo;42.056835947849635;14.014638158377936;22.38831121843638;20.37644649184961;19.31048700036847;23.91011713096759
jasikedevicius;heelena9;31.180162039323978;18.312676915085195;14.419192677958383;27.97417241635323;31.63205507623207;7.661902914371127
jasikedevicius;hugoromero;48.197577927537495;26.802842771763217;23.38141250908311;19.39996591435672;14.314614541013642;16.10116426378331
jasikedevicius;jal90;26.529130994825746;2.777189243450593;11.001040573328321;33.50610983240008;28.853850360090824;23.86180999073018
jasikedevicius;jarsito;32.3558063371981;21.632159509685337;9.538301750570504;28.255770574372516;19.370663962019616;21.203104203352034
jasikedevicius;jjm_24;39.49815711088638;13.989845848393134;18.433573558516958;22.403772286881168;22.400153631592495;22.772654674616255
jasikedevicius;jorgemz;36.47033283874346;26.15155004353087;13.609155919931636;23.696493508195946;20.27839265998996;16.264407868351572
jasikedevicius;juanky97;48.31525900724983;22.11119368676185;21.88380598704807;18.8577814440185;19.922137033539258;17.225081848632332
jasikedevicius;lobo_lopez;24.950946396557253;23.62280486389493;7.263071620233414;36.355044547235686;13.71509384096902;19.043985127666947
jasikedevicius;luisru;27.194806761355174;6.773022684391595;14.554837780043469;32.03051326845121;27.1826747079295;19.458951559184232
jasikedevicius;mabusecaligari;38.20768887656287;26.032237540244555;16.288986002078794;23.882928199789156;22.569762276281462;11.226085981606024
jasikedevicius;mann_ohne_namen;50.43199466423593;25.565859733096595;21.73315247563341;17.60479740956987;18.8456440555559;16.25054632614421
jasikedevicius;manuelsanbai;31.74671108163841;17.40568110680635;9.797554948700112;27.89295152089279;19.75715791610839;25.14665450749236
jasikedevicius;marcos_m_rom;36.67632501891986;17.075035358389314;17.163279308086473;24.38821230835018;23.26609016306501;18.107382862109027
jasikedevicius;marialebernedo;51.6039664542784;24.628304463048327;22.974176811356237;16.923626028896116;20.14954032501576;15.324352371683553
jasikedevicius;marioiglesias;35.735891926997084;9.793038958991115;10.317431500578842;23.91994472542777;30.028716849582956;25.940867965419333
jasikedevicius;marioquema;36.56618355431588;10.074392522736465;21.76925656059002;24.762301191784083;18.4964847860438;24.89756493884564
jasikedevicius;mat25;27.858817646952904;0.0;8.902611112952371;31.87397039789984;24.57495450600988;34.64846398313791
jasikedevicius;migblah;36.375277589222776;11.646355084801213;20.80317799641128;24.533986088196542;23.95672044451888;19.05976038607208
jasikedevicius;ninotchka;31.58152900873524;12.247703092109719;14.236479485411031;28.311331078851136;24.77453116450363;20.42995517912448
jasikedevicius;paloma55;33.58616130354776;6.580962013286635;18.70974125741773;26.0876923382518;25.60712521557321;23.01447917547063
jasikedevicius;pauixitador;48.198682330883294;19.489626569497503;18.606175006012215;18.291887561156624;23.111737394119526;20.500573469214146
jasikedevicius;paula_arantzazu;41.36741399651386;21.37230543145792;16.922013064829834;19.799007440889795;23.469701437793486;18.436972625028965
jasikedevicius;pele_alvaro;35.388140483949414;10.35758146080208;11.94538468124667;21.46655850311399;33.035295063261366;23.195180291575902
jasikedevicius;rachelmygod;32.07459549778325;13.207942065600765;14.546098310936877;27.51311780059875;21.108931375631933;23.623910447231676
jasikedevicius;simonsds;29.184175764458917;15.778331772917165;13.32478754687656;31.41015048382866;26.518309975798257;12.968420220579361
jasikedevicius;synthemesco;30.54491068985139;9.648274042772165;13.447072238261347;29.23391359846586;23.875961530850756;23.79477858964988
jasikedevicius;utges;33.78057213165089;15.267205026857193;14.6779895584709;26.52234407617253;24.29389248437636;19.238568854123027
jasikedevicius;vareludo;60.48384945196615;33.49822295329265;23.418242769185635;15.472758379475652;11.730180598755371;15.880595299290679
jasikedevicius;will_llermo;33.01463640279426;5.579072289183689;15.816231197204715;27.28155683765507;25.920696552165406;25.40244312379112
jasikedevicius;xzetaprobe;38.88888409617598;11.840854229500527;17.975135631710994;22.607125119112577;25.76989874805251;21.8069862716234
jjm_24;a_de_la_hoz;35.450043635749715;18.185271009735725;8.663876487752965;24.331465465893395;28.849804904570146;19.969582132047755
jjm_24;aixa72;49.72752852536601;16.668025105904245;28.870514762492903;18.125208000123777;17.970342882048268;18.365909249430803
jjm_24;albertomilano;77.83730265839911;39.28156823150557;21.80179328212245;10.891752965198041;14.321987135149373;13.702898386024572
jjm_24;alonsodvt;38.64792320002906;19.063486763725095;15.48751403576636;23.2602337463269;24.911550921406057;17.277214532775574
jjm_24;anaavellaneda;26.053880564689912;2.827848122431841;6.41642518535741;31.24982521693639;20.85922697133225;38.646674503942116
jjm_24;batty;73.56655381120785;33.04928181164859;24.170339341201878;12.809860475954181;15.475413071117513;14.495105300077826
jjm_24;bergmantonioni;29.098929258110477;11.393679630797408;8.116966335109025;29.213690559436586;18.47495392634233;32.80070954831465
jjm_24;borinot;49.20247752819762;21.33813170331618;20.89753339395456;17.79620164817302;21.634827369980087;18.333305884576163
jjm_24;bracero;60.423064080350386;30.178729833841956;20.778068983269684;15.173146940655256;17.261637692711396;16.60841654952171
jjm_24;colmener;29.17407766193602;6.313517267852553;12.960671227746198;28.09270538885445;16.61329786853099;36.01980824701582
jjm_24;danielquinn;67.79476911748546;31.244254138409353;23.003028983908084;13.42386020984329;16.796465176571598;15.532391491267676
jjm_24;diogoserafim;48.77666783868612;18.1258180605327;24.274996796168615;17.67069210656741;20.352733926927215;19.575759109804043
jjm_24;dr_akkar;30.822509635537052;1.1951722638440836;19.68801381645612;29.22169427176586;37.00792473847784;12.887194909456097
jjm_24;eljpax;77.2082863641919;33.87606350403033;24.14462057223274;12.04317654357978;15.683661795584825;14.252477584572329
jjm_24;explodingboy;68.01381070268637;32.76851566455246;22.029531658715644;13.563148481128385;17.535221742891707;14.103582452711796
jjm_24;ezequiel2517;44.32251432772066;13.298237855760327;19.981571270327446;21.00874005348208;23.674976372895745;22.036474447534403
jjm_24;fabiovg;35.50744519675105;16.599654935165706;14.106144597725658;24.637809152515796;25.03274147765167;19.623649836941176
jjm_24;figmare;35.63156183095607;9.30478094502466;15.38582834609501;23.479043768321063;26.002378469329614;25.82796847122965
jjm_24;filmandera;45.85728565380296;20.484734462098505;19.030545968555877;18.926395454727988;19.349371568632545;22.208952545985092
jjm_24;fleming22;43.52629361521958;15.65736024909845;18.535840456921843;20.64686585145887;27.11745322816538;18.042480214355436
jjm_24;genzai_2;49.41007637036204;16.775114608253272;22.602382611347053;18.13140531675473;21.90571999789159;20.585377465753353
jjm_24;gorkalonso1;68.52609203739564;26.341385720924094;28.376681282488995;12.704462107429423;17.014890041330318;15.562580847827157
jjm_24;guillehormigo;37.28216614644198;4.446413819731729;27.0206791567028;22.39595305653086;19.062147615178937;27.074806351855667
jjm_24;heelena9;54.07781577174185;31.335540688288773;23.883143376464933;16.666864975416864;17.172317650454374;10.942133309375047
jjm_24;hugoromero;45.658992424011586;22.80335280584128;17.876835384982368;18.859177716858117;18.72780622450179;21.732827867816443
jjm_24;jal90;34.8545041592253;5.284569312788595;16.326315389778202;24.11819794550137;30.44683536753417;23.824081984397658
jjm_24;jarsito;40.214044724360605;22.90133265067048;15.135586272659557;21.02020051343175;15.499063979543054;25.44381658369516
jjm_24;jasikedevicius;39.49815711088638;13.989845848393134;18.433573558516958;22.403772286881168;22.400153631592495;22.772654674616255
jjm_24;jorgemz;29.32966277084709;14.452652960752147;6.284848942704116;28.801389324339354;21.934710433769016;28.526398338435367
jjm_24;juanky97;74.73672121542418;34.25699518718847;23.843061282907392;12.427683703297069;15.579167438059407;13.89309238854767
jjm_24;lobo_lopez;39.94869655838928;17.98168976577369;17.198500188213085;22.97597214945077;22.90860237018873;18.935235526373738
jjm_24;luisru;54.62354243704897;28.66207126879211;18.9832455387803;15.93765785616576;20.874161850210328;15.542863486051502
jjm_24;mabusecaligari;37.01501618536635;7.961786845420783;20.06756160338628;23.218909909398654;28.058927949816873;20.692813691977417
jjm_24;mann_ohne_namen;64.76319901330638;28.440695626301633;23.931161704822788;14.05909311701294;17.238610364244803;16.330439187617827
jjm_24;manuelsanbai;41.16668161493669;9.395976924054391;18.941106955789213;20.644912054402486;27.436936398805837;23.581067666948083
jjm_24;marcos_m_rom;66.05981524789722;25.65186702521305;26.521631184535416;14.124574487842441;17.576379198166496;16.125548104242615
jjm_24;marialebernedo;49.28181119873846;18.687527772621667;24.76337805030356;18.088276552581895;18.768819596261466;19.691998028231417
jjm_24;marioiglesias;45.53841523608979;16.987907395920722;17.40573856442208;19.758577656006967;22.318225066612527;23.529551317037697
jjm_24;marioquema;41.94973105369393;22.831932411057586;20.221413337264043;20.004293254989882;10.755949691622925;26.186411305065562
jjm_24;mat25;31.23065560412893;0.0;14.19386667332054;30.19368617789871;24.11462591806642;31.497821230714337
jjm_24;migblah;59.79108858467162;28.341306983389288;19.114771616632854;15.778909354683613;20.096277098117287;16.66873494717694
jjm_24;ninotchka;76.26146164125267;35.98733204178142;23.57120460516988;12.517900579296324;16.007946155773823;11.915616617978548
jjm_24;paloma55;78.99121681919115;33.11143842609191;25.912485125819938;11.901714166326954;15.57040138295224;13.503960898808963
jjm_24;pauixitador;64.4941458282778;33.700024716603515;19.841396124533794;14.416844865920948;15.190395103721647;16.85133918922009
jjm_24;paula_arantzazu;36.00497394866602;11.766135415520724;9.477159862643889;23.974018249613;27.287668156198094;27.49501831602429
jjm_24;pele_alvaro;57.7261119808279;32.453318727667394;18.40311563994066;14.664225040011129;16.70887051966569;17.770470072715128
jjm_24;rachelmygod;59.83775367519221;25.85666518121325;22.03999459405063;15.120462399603696;20.033812103138978;16.949065721993456
jjm_24;simonsds;22.67994846785006;0.0;12.04739014179872;38.75373984292566;24.25603634255457;24.942833672721054
jjm_24;synthemesco;50.27382418036892;18.318781800990187;22.688140020526834;18.072559707542673;22.694080894787877;18.226437576152414
jjm_24;utges;73.45798768519447;32.847383117132566;24.63908581606643;12.777201971890745;16.689155798355948;13.04717329655432
jjm_24;vareludo;53.70102712448754;18.521650068121218;27.997309640383076;16.78349600931807;17.460658772083985;19.236885510093643
jjm_24;will_llermo;65.19799724174939;20.340739997690896;31.08506797828819;13.798395218138111;17.89676462674998;16.879032179132825
jjm_24;xzetaprobe;40.47446006410399;18.203187175377288;16.61297281191537;22.33517495077868;20.25559315392281;22.593071908005847
jorgemz;a_de_la_hoz;55.40686467773011;23.33409211733705;27.152262108524695;16.237435290282406;13.69433126745529;19.58187921640056
jorgemz;aixa72;37.484918418752336;16.962479392947852;15.115358922406875;24.61866930028071;21.01944479782295;22.28404758654162
jorgemz;albertomilano;34.29007836841041;23.487660849429883;13.56535131359936;22.767533850135603;22.317985125344425;17.86146886149073
jorgemz;alonsodvt;24.00016940644988;0.0;0.0;34.57734805241148;21.92357217239631;43.49907977519222
jorgemz;anaavellaneda;34.0702730860567;3.73250401966772;17.20200011555136;27.420352650941066;26.00438486703164;25.64075834680822
jorgemz;batty;36.31631436925768;11.672204210286706;20.30299640882797;24.01729807079669;15.63793909583827;28.369562214250355
jorgemz;bergmantonioni;50.67460673596121;23.003660574061442;25.42476407794824;17.926599976454717;15.311334490934309;18.333640880601305
jorgemz;borinot;45.99454265993483;16.589024335140166;24.26918731167166;19.73832305821007;15.887513164597193;23.515952130380906
jorgemz;bracero;37.12595026308149;21.69355196326084;13.904044119001743;23.339046599275516;15.205902523178702;25.857454795283214
jorgemz;colmener;31.24586499474537;0.0;12.50020116459966;29.378929523132538;26.74114379955276;31.37972551271506
jorgemz;danielquinn;45.633427436837195;25.080449694209438;17.08378499832999;20.21328900543309;16.95952217384086;20.662954128186612
jorgemz;diogoserafim;33.448034836732475;12.673134297786298;16.648248264022197;26.097008982045562;18.50593237921567;26.075676076930275
jorgemz;dr_akkar;29.5434861292596;0.0;19.277206756355774;30.68405031745529;18.660177860954608;31.378565065234334
jorgemz;eljpax;35.429632017006895;11.964319507452666;21.313874369813977;24.437432239171077;15.24529564632645;27.039078237235834
jorgemz;explodingboy;35.20098513229584;12.042033366107061;15.682700721702862;25.49101359855455;16.71060874443602;30.073643569199497
jorgemz;ezequiel2517;39.37245903758771;19.379144867250574;15.557481591672332;22.007852050601873;16.53324736724695;26.52227412322826
jorgemz;fabiovg;47.173379689093295;22.46454675691547;26.382791248667626;18.73038370284523;12.806158004422608;19.616120287149062
jorgemz;figmare;45.37829751725735;16.814306159880303;21.07626000754969;20.245955577243716;18.031394633114562;23.83208362221173
jorgemz;filmandera;60.09235091567791;27.510599618630952;24.6419327375107;15.508658601898164;14.762074523671096;17.576734518289097
jorgemz;fleming22;56.60300292155926;26.585419949359146;25.137588149074745;16.269679796585045;13.048162671728411;18.95914943325266
jorgemz;genzai_2;40.80325137679078;20.77733627492529;15.392652766880662;21.63115504002403;18.208829597079358;23.990026321090657
jorgemz;gorkalonso1;41.198889954234204;12.346685203037998;18.922637574309135;22.958398762417467;21.10148556500423;24.67079289523118
jorgemz;guillehormigo;29.655457553293186;0.0;16.834234897347894;27.430639279894958;33.634864329776136;22.100261492981016
jorgemz;heelena9;20.03049377141683;24.33665184035581;6.469582223860009;39.632797904043876;21.456464502797445;8.104503528942857
jorgemz;hugoromero;62.99318648549479;28.528494423115955;23.42320724753321;14.306798252696689;16.375763570457597;17.365736506196544
jorgemz;jal90;46.13224281111693;13.782923124457199;24.959054304235334;20.065074443685113;17.488072814645104;23.704875312977254
jorgemz;jarsito;52.76382349836754;21.691128605177028;24.770561239406668;17.147325552010656;16.352863190455988;20.03812141294966
jorgemz;jasikedevicius;36.47033283874346;26.15155004353087;13.609155919931636;23.696493508195946;20.27839265998996;16.264407868351572
jorgemz;jjm_24;29.32966277084709;14.452652960752147;6.284848942704116;28.801389324339354;21.934710433769016;28.526398338435367
jorgemz;juanky97;44.908733485843754;19.82180189950775;20.755312330915324;19.99864605619897;20.139509565659775;19.28473014771817
jorgemz;lobo_lopez;43.310841393273535;9.787190085593172;30.58780170509021;20.63981526905312;13.970205763516093;25.014987176747404
jorgemz;luisru;52.913059350672874;27.237716078567402;23.075857219313935;17.076174368166228;12.54363775059668;20.06661458335576
jorgemz;mabusecaligari;49.69589302614626;23.883181339105644;25.68176587917106;18.245069934047816;10.769333854183776;21.420648993491707
jorgemz;mann_ohne_namen;48.3175962546443;17.984699451113766;23.241703147328835;18.892986821024657;20.12880631738643;19.751804263146315
jorgemz;manuelsanbai;35.04382849694184;7.257622052110033;19.068162759243492;26.350429795291788;18.44974585812101;28.874039535233667
jorgemz;marcos_m_rom;28.357148266227956;11.958647844368192;10.145817357353856;30.894789903384137;16.564479613354937;30.436265281538873
jorgemz;marialebernedo;31.73087249961149;6.679479700536682;23.546964109608755;26.218426434052873;18.664836939660177;24.89029281614151
jorgemz;marioiglesias;30.001693959943648;0.0;14.808731105843174;28.46342940196273;26.034057616354715;30.69378187583939
jorgemz;marioquema;37.7416729437599;16.28551509272441;13.572964267872425;24.286091087606636;24.149366530951323;21.706063020845203
jorgemz;mat25;28.190362028190012;7.518375199634879;4.961496473017031;30.149643231170064;29.127927161467916;28.242557934710103
jorgemz;migblah;30.28523608144209;2.799327278433821;16.103869463038684;28.649650263555937;17.32791313834131;35.119239856630266
jorgemz;ninotchka;29.25108854932954;0.0;20.43000975360002;28.599935074721415;21.764689743441654;29.2053654282369
jorgemz;paloma55;32.64403386171208;12.985265218099286;8.514269708646939;27.093029052037373;20.35887624109374;31.04855978012266
jorgemz;pauixitador;21.461334638550536;0.0;1.5749422512024318;38.1523465171458;30.539922195745127;29.732789035906634
jorgemz;paula_arantzazu;34.638750111136595;6.118746145904688;19.786043488653817;23.29089965005544;24.14121820119166;26.663092514194414
jorgemz;pele_alvaro;39.0208680709764;27.02186521231606;10.182231398882458;19.509325898907214;19.675134225317045;23.611443264577225
jorgemz;rachelmygod;37.82330417253442;11.207149844691678;19.62991512200902;24.436810680758125;16.640969237483198;28.08515511505797
jorgemz;simonsds;53.36406155610858;23.432994118333674;24.311631170733076;16.730312690665023;16.28738357922788;19.23767844104035
jorgemz;synthemesco;43.81038822357319;24.188979752915124;19.582087576308812;20.74602463825019;14.050104859258573;21.4328031732673
jorgemz;utges;29.76409648542832;0.0;20.01874255184938;27.718659464503446;21.88223764966219;30.38036033398499
jorgemz;vareludo;51.857189492939675;21.661650396281953;21.673947393641797;17.653370527845247;20.68814261030046;18.322889071930547
jorgemz;will_llermo;30.163814442427128;8.431787132731815;3.6666284446297155;30.684622581409485;25.9861572915769;31.23080454965208
jorgemz;xzetaprobe;31.042880993780305;17.068786140044285;7.054989782627896;27.475632192446493;27.302852150656946;21.097739734224387
juanky97;a_de_la_hoz;52.69602012002555;30.409546513249513;19.666630893955066;17.03038450310776;17.45402767273122;15.439410416956452
juanky97;aixa72;56.56736036719328;24.421023258378113;25.60510835321301;16.577505306865465;13.850248379758877;19.546114701784525
juanky97;albertomilano;55.31521330797963;28.303675836295376;20.427432982783962;14.694169125801213;20.46671745172656;16.108004603392878
juanky97;alonsodvt;32.72776050250155;4.502380615458875;19.26675237744517;27.25559546423471;26.20127934987435;22.77399219298689
juanky97;anaavellaneda;32.03276480610432;9.200132137564554;12.230375230826017;27.69576383548786;17.963400351805635;32.910328444315944
juanky97;batty;66.95818233809115;30.25920661622772;24.489541496100678;14.019574237053156;16.24097539402638;14.99070225659207
juanky97;bergmantonioni;49.24550443700161;24.68572305852549;19.146966974759486;18.096718866785327;15.36288652118505;22.707704578744654
juanky97;borinot;51.22859322805797;19.415556235764114;23.746463668676167;17.822385676325055;22.94856155509966;16.067032864135
juanky97;bracero;52.483963677892255;27.37388785910523;17.962534264781794;17.833693727300957;21.28667331078019;15.543210838031836
juanky97;colmener;36.180327578585555;15.27275086375865;15.049451429795404;24.781212821798743;16.057479922346676;28.83910496230052
juanky97;danielquinn;67.13806500026062;29.08074661923677;23.59899221110634;13.970613551391285;16.40817978643267;16.94146783183293
juanky97;diogoserafim;41.632564574674724;18.58166531153991;22.23784808202879;21.049092765569217;20.592258864092624;17.539134976769457
juanky97;dr_akkar;47.563299941873105;21.686254792612363;24.516111420622643;19.70451065037226;22.734701371305565;11.35842176508716
juanky97;eljpax;73.37295506801945;35.3957899773001;23.285308846283225;12.48696035061217;14.180598147925064;14.651342677879455
juanky97;explodingboy;61.29867870892802;32.151494984843914;20.993193370372058;15.318539353817494;17.50943894499708;14.027333345969465
juanky97;ezequiel2517;48.61483275566202;21.596062068193753;20.025601276933596;19.0467911825533;19.162789767742602;20.168755704576753
juanky97;fabiovg;36.4614557967024;17.680825867665163;17.411319857971318;24.419709897505648;22.87398691802991;17.61415745882795
juanky97;figmare;37.85040242746199;6.326177283818426;22.110797973562907;23.722515368858634;24.6713000342039;23.16920933955614
juanky97;filmandera;56.32690283746106;22.563253673014977;25.346363323511802;16.028914658202144;19.07101248044109;16.99045586482999
juanky97;fleming22;54.930136735658635;22.801674407895547;24.152736141704725;16.822560155135317;20.057533419206106;16.16549587605831
juanky97;genzai_2;61.39330568731287;26.401594784091255;24.04780583605038;15.205030243592466;19.250719782739807;15.094849353526088
juanky97;gorkalonso1;76.44699755053011;32.52683769696156;25.844259990631816;12.092379757113386;15.233187546271722;14.30333500902152
juanky97;guillehormigo;44.27977165246531;14.14301662233094;23.400181054580603;18.73961937008971;20.43006024381141;23.28712270918735
juanky97;heelena9;40.54468527277694;24.077447434144357;19.436198232099983;21.780842178920352;25.799445084008962;8.906067070826357
juanky97;hugoromero;66.55683423021955;32.73535515985213;22.690316949327393;13.69807000131009;15.553627434388968;15.322630455121432
juanky97;jal90;45.1650520920376;12.234528771291503;26.526258299056934;19.507828113625084;22.182107830164654;19.549276985861827
juanky97;jarsito;44.298392863284974;19.126626124778337;21.36355087817712;19.867472622045334;18.99596294336999;20.646387431629226
juanky97;jasikedevicius;48.31525900724983;22.11119368676185;21.88380598704807;18.8577814440185;19.922137033539258;17.225081848632332
juanky97;jjm_24;74.73672121542418;34.25699518718847;23.843061282907392;12.427683703297069;15.579167438059407;13.89309238854767
juanky97;jorgemz;44.908733485843754;19.82180189950775;20.755312330915324;19.99864605619897;20.139509565659775;19.28473014771817
juanky97;lobo_lopez;51.32964571385965;27.630641359127743;23.761916406582586;18.58034733981456;13.860685404101734;16.166409490373375
juanky97;luisru;61.23826880776946;30.67932317680319;21.530464474095933;14.296942912369914;18.617151729844856;14.876117706886104
juanky97;mabusecaligari;48.46133369697063;19.003918076631315;25.57953968569201;18.578158732178075;22.534237960082336;14.304145545416269
juanky97;mann_ohne_namen;76.83759578272976;35.23806680668483;21.86216105753172;12.254067362149359;15.943313364519398;14.702391409114698
juanky97;manuelsanbai;57.56404031802761;27.19794958162924;20.72587780894648;16.18060971868733;17.02702756129447;18.868535329442484
juanky97;marcos_m_rom;56.89123168659374;27.195838727814923;21.64205832472969;16.70144463023136;18.187605126396036;16.273053190827984
juanky97;marialebernedo;55.82460836963007;27.385515139553103;22.30783378376236;16.271989353167154;19.063710220193215;14.970951503324171
juanky97;marioiglesias;42.66145194689898;12.08901472224601;15.850975553263158;21.445785284257227;25.011322404378767;25.602902035854843
juanky97;marioquema;51.30373942742;26.926552306126005;20.176985761817157;17.685790971952766;15.215939660137602;19.99473129996648
juanky97;mat25;35.34131168526439;10.42355443581927;11.30562208771411;26.537191160381337;22.00404877378566;29.72958354229964
juanky97;migblah;60.01358476058739;29.15698031299815;19.810440604452477;15.584925779652075;18.603098865025;16.84455443787229
juanky97;ninotchka;58.14896740390819;33.57626358550273;21.289034273434275;16.092021989584975;17.77148565724283;11.27119449423518
juanky97;paloma55;64.9133877091802;30.644884446780488;22.897421611532998;14.407982093402667;17.100739665604582;14.948972182679254
juanky97;pauixitador;48.89253824048514;27.1242925401337;16.174336208037165;18.522163347495546;19.93858309035754;18.240624813976034
juanky97;paula_arantzazu;42.303479079641804;21.77020035935353;14.217724220191828;20.28131945093156;25.884561335845362;17.846194633677726
juanky97;pele_alvaro;52.06836897647675;29.331271157991505;15.171864075265017;15.84510763638218;19.87156951567228;19.78018761468903
juanky97;rachelmygod;68.00076424076619;35.21259778378306;19.65026588507262;13.885735423959881;15.843476624426248;15.407924282758188
juanky97;simonsds;29.0483116922161;0.0;24.714282526799636;31.109220819467613;21.246440529272384;22.93005612446038
juanky97;synthemesco;61.25369605543818;25.860365538761396;23.30759146353325;14.961002790151765;17.869870465987713;18.001169741565892
juanky97;utges;55.14171434719436;27.724666811051236;22.066440487773697;16.550831338645263;20.138986317678068;13.519075044851737
juanky97;vareludo;67.74933261694748;30.993336910406878;25.297564727197944;13.798406221730168;14.304702112548341;15.605990028116668
juanky97;will_llermo;70.49273230764136;33.18393500571827;22.723779534810955;13.22520287416283;17.14680431828141;13.72027826702654
juanky97;xzetaprobe;33.75758794938518;10.912571322837012;12.276402340305909;26.738299935987442;31.583219099526154;18.489507301343483
lobo_lopez;a_de_la_hoz;77.39826405025538;30.223239189878814;28.256574114316447;11.693365767122282;15.225979406648161;14.60084152203428
lobo_lopez;aixa72;52.32881431219351;20.76728029343807;24.269472999699907;17.83371519846558;21.37055872674772;15.758972781648719
lobo_lopez;albertomilano;34.54839181731896;16.527317294691212;21.09529657671743;23.578824566811143;23.3248330619411;15.473728499839114
lobo_lopez;alonsodvt;31.449810819295955;0.0;14.248251669068155;28.423953215380404;21.54041529540711;35.787379820144345
lobo_lopez;anaavellaneda;35.72799685191049;16.497183996584926;22.127455032908458;25.193266938967117;15.241056843415874;20.941037188123616
lobo_lopez;batty;66.10735883555074;33.15626961063362;24.646396503498362;14.109321029165375;12.992574586555895;15.095438270146746
lobo_lopez;bergmantonioni;49.14139815080164;22.114290499218704;31.599934837321875;18.238181938388845;9.685842046100126;18.361750678970452
lobo_lopez;borinot;55.52279489531106;21.563067607770712;29.39858822286381;16.538656400713002;13.016457494099264;19.4832302745532
lobo_lopez;bracero;55.259228353294084;32.33221257764538;25.155940530259493;17.006907956647403;8.559580648962578;16.945358286485146
lobo_lopez;colmener;37.00140847725255;21.405171259462254;18.485607842069026;24.466946690587967;11.778038718408913;23.86423548947185
lobo_lopez;danielquinn;51.48521738695549;15.02571845377275;28.027311257062657;18.131183145789972;21.15404687025422;17.661740273120394
lobo_lopez;diogoserafim;50.09029359815283;22.430800104243964;23.414575989294885;17.305446847922706;21.147270443485514;15.70190661505292
lobo_lopez;dr_akkar;53.123818949724594;15.255691432370963;29.12982941280156;17.50126290868112;18.22682123258111;19.886395013565252
lobo_lopez;eljpax;66.97924514687261;33.27466018062383;24.73313946540381;13.588171528082745;14.5926054149318;13.811423410957817
lobo_lopez;explodingboy;55.067819040085915;24.75154714027924;23.724032685872505;17.07501593084405;15.995784277743876;18.453619965260316
lobo_lopez;ezequiel2517;53.295541333247385;22.464201510100864;23.489977227347186;17.305022843941703;16.981274366375075;19.759524052235168
lobo_lopez;fabiovg;45.783772557579546;17.29917481790804;22.309814756802435;19.605715900260936;18.67098224116239;22.114312283866195
lobo_lopez;figmare;40.22663004481976;9.157667092027461;27.09606998081732;22.636313000561582;15.69001649778821;25.419933428805425
lobo_lopez;filmandera;41.0687051529024;14.351836409279134;28.798339493127276;22.212283168347664;10.62002262527403;24.0175183039719
lobo_lopez;fleming22;63.32683955024037;20.069187193979854;30.272800148600915;14.651977635510557;17.13056368054333;17.87547134136535
lobo_lopez;genzai_2;43.08156364852291;14.108829641457199;26.17122098673866;21.712733472674387;16.559407896604583;21.447808002525164
lobo_lopez;gorkalonso1;56.18692832206175;21.963827273929827;26.151068920725425;16.559712481928905;17.865958709181495;17.459432614234345
lobo_lopez;guillehormigo;40.78090369218471;30.26122221403692;24.17697049081468;20.67452074794679;10.737894364827136;14.149392182374475
lobo_lopez;heelena9;13.601950661859089;0.0;0.0;65.2069005671957;25.23625935107359;9.5568400817307
lobo_lopez;hugoromero;59.87347422332006;25.44039805492368;30.409621980444992;15.285270483535665;11.763113355898978;17.10159612519668
lobo_lopez;jal90;60.85323939798758;19.97692968255379;28.841969203265776;14.610790021385684;18.664181615662958;17.90612947713179
lobo_lopez;jarsito;50.8842938002095;20.994848707735585;30.237620789016532;17.423933962249546;11.382399482151033;19.96119705884732
lobo_lopez;jasikedevicius;24.950946396557253;23.62280486389493;7.263071620233414;36.355044547235686;13.71509384096902;19.043985127666947
lobo_lopez;jjm_24;39.94869655838928;17.98168976577369;17.198500188213085;22.97597214945077;22.90860237018873;18.935235526373738
lobo_lopez;jorgemz;43.310841393273535;9.787190085593172;30.58780170509021;20.63981526905312;13.970205763516093;25.014987176747404
lobo_lopez;juanky97;51.32964571385965;27.630641359127743;23.761916406582586;18.58034733981456;13.860685404101734;16.166409490373375
lobo_lopez;luisru;64.03284031801611;22.724421300109025;30.967847846136507;13.71311367998788;15.07043468815365;17.524182485612926
lobo_lopez;mabusecaligari;59.25279543790624;24.246790813870533;31.433861030265444;15.212865984320736;10.947616285107307;18.15886588643599
lobo_lopez;mann_ohne_namen;57.95550014371688;29.874572745885747;23.647680522541837;16.399278679903652;14.291307444862209;15.787160606806541
lobo_lopez;manuelsanbai;62.126956985923115;26.979246585660945;23.65073562716141;14.910692385900731;18.539598731667354;15.919726669609556
lobo_lopez;marcos_m_rom;42.87623872089919;23.627322900268368;16.13587390449516;21.69831884382198;19.06157863567274;19.476905715741765
lobo_lopez;marialebernedo;41.54676258588595;31.920068561855015;17.610582186894092;22.045948866370637;10.254884216198196;18.168516168682054
lobo_lopez;marioiglesias;42.81389616760429;19.789808311482417;20.186517742184844;21.705918901553495;16.783617314690083;21.534137730089167
lobo_lopez;marioquema;20.95701349386008;5.273395748290228;9.43811511979267;43.760757389204024;9.025926905947369;32.5018048367657
lobo_lopez;mat25;28.926192955517003;10.188194118765942;10.679958268602972;32.122570506923736;21.754318877611873;25.254958228095465
lobo_lopez;migblah;48.619496568437604;18.94209690479149;22.8157664795217;19.105969132793145;17.866112908917618;21.27005457397603
lobo_lopez;ninotchka;57.50093643369039;25.305835533778225;26.035539103064874;16.127600996343457;18.04202393213909;14.48900043467436
lobo_lopez;paloma55;48.82426937072086;20.37166445126384;21.150753321794532;18.9917394365947;19.17119549272092;20.314647297626017
lobo_lopez;pauixitador;26.490652108716905;13.210810380927585;11.323239589069422;34.02256943561075;20.14001275241103;21.303367841981213
lobo_lopez;paula_arantzazu;46.078898726982715;27.981078916088027;19.007436953114727;18.612280603569175;15.723870685432713;18.675332841795353
lobo_lopez;pele_alvaro;30.5320728102345;20.67516573781834;6.364506762652809;27.18506892064114;19.202298096004693;26.572960482883023
lobo_lopez;rachelmygod;75.65311976111228;35.30284188242111;23.776924435880726;12.462077468359233;14.740893375860244;13.71726283747868
lobo_lopez;simonsds;43.23996949187842;10.22337685748277;29.84368342776143;21.267398481883827;13.51181788115162;25.153723351720366
lobo_lopez;synthemesco;58.593936373997195;20.432861387877175;30.61735802054603;15.520000083745982;17.056936271180607;16.372844236650206
lobo_lopez;utges;57.11188457393904;23.54316662117959;27.19381024236043;16.017804343177225;17.917451104361653;15.3277676889211
lobo_lopez;vareludo;52.52131701569305;22.795349548113016;24.937465372769818;17.9064864371963;18.77163590214893;15.58906273977193
lobo_lopez;will_llermo;41.96771307074749;17.994387147219353;18.24208386145684;22.050589130115405;20.735063443999742;20.977876417208645
lobo_lopez;xzetaprobe;22.66309745628046;14.629239370555227;4.939734551455289;39.96965246631559;18.339817973326348;22.12155563834755
luisru;a_de_la_hoz;73.14649195317963;31.22458607866694;25.626473700774827;12.762910338645193;15.069615748101183;15.316414133811872
luisru;aixa72;48.47959823634837;21.27636941808531;24.08986560767711;18.21636818061102;18.531213047027606;17.886183746598938
luisru;albertomilano;53.39386426059551;30.357068207338653;20.381886407730594;15.085495546122353;21.401162761295296;12.774387077513122
luisru;alonsodvt;33.132287040504266;2.223704543753719;14.958404548468346;27.17600503610416;22.686644954881032;32.95524091679274
luisru;anaavellaneda;33.10148487068535;10.015982028037755;25.47000379698411;27.23131450256057;13.009651718362123;24.273047954055446
luisru;batty;61.13682310657603;27.114908881361746;24.081809012952494;14.094702118797168;17.90330988925881;16.805270097629784
luisru;bergmantonioni;48.33449768198796;17.148408148746476;30.239673839719764;18.443072250713566;14.376234324917935;19.79261143590227
luisru;borinot;60.469669653699526;21.017448989142054;26.501733090395962;14.70647656067327;19.850254643034276;17.924086716754438
luisru;bracero;58.56584286982621;31.76475303816959;19.054883298017128;14.87928430708122;17.88672500515482;16.41435435157725
luisru;colmener;31.494829444137828;7.017953601012621;21.774727069501775;28.183980788537422;14.34830878576854;28.675029755179636
luisru;danielquinn;65.26847512416043;30.195958421558256;22.22608316492987;13.841788563879678;18.9375476549343;14.79862219469789
luisru;diogoserafim;45.412550325040385;15.818205824566814;25.800995083506805;19.87174557704576;21.65492582469877;16.85412769018183
luisru;dr_akkar;50.311785656254116;10.616876701955894;27.309202776988027;17.757314362661667;24.092160258436984;20.224445899957427
luisru;eljpax;63.78755129661252;30.030731846915955;24.80790283889801;13.560312636132503;16.292490110135354;15.308562567918175
luisru;explodingboy;60.034377597538324;26.999216850025988;23.823748617674543;14.707252594943748;17.580586206077367;16.889195731278352
luisru;ezequiel2517;54.12675830425677;25.522179167408986;20.76357392466627;16.20751169253047;17.883691743843904;19.623043471550353
luisru;fabiovg;50.41212225680114;21.19149129436303;22.135552393588135;18.22804752236582;17.421164002134624;21.023744787548388
luisru;figmare;46.80059362138235;13.38123083609164;27.096008125713446;19.369762004598897;17.4575003583669;22.69549867522912
luisru;filmandera;48.7456579638545;15.870180305316925;25.792991762731628;18.89498335134749;17.931198569145625;21.510646011458334
luisru;fleming22;65.94727668003425;22.62333676470614;27.25955750302058;14.186843224559377;18.701223532661945;17.229038975051942
luisru;genzai_2;50.82487640160762;23.193812936718956;18.345364955576812;17.231759699259516;23.23273400866044;17.99632839978428
luisru;gorkalonso1;56.03857064507786;17.09168190863039;26.882507039612385;15.99442997977626;21.82026599094057;18.211115081040393
luisru;guillehormigo;32.20654914204856;12.010016620775911;23.96257232754074;26.680941045996825;17.586103948124386;19.76036605756214
luisru;heelena9;40.73169762714778;27.13233974852166;19.601919549983855;20.260338364794386;24.683332124480692;8.32207021221942
luisru;hugoromero;59.96046577356041;27.332867632519058;26.467840439265178;14.712187202240155;14.430814362457687;17.05629036351791
luisru;jal90;62.8924858284005;21.086390413681634;27.839319941456008;14.936826243048747;18.617080832047684;17.52038256976592
luisru;jarsito;58.88843094427426;26.273492724563628;26.646718102869002;15.561154635951976;13.949204953309176;17.56942958330623
luisru;jasikedevicius;27.194806761355174;6.773022684391595;14.554837780043469;32.03051326845121;27.1826747079295;19.458951559184232
luisru;jjm_24;54.62354243704897;28.66207126879211;18.9832455387803;15.93765785616576;20.874161850210328;15.542863486051502
luisru;jorgemz;52.913059350672874;27.237716078567402;23.075857219313935;17.076174368166228;12.54363775059668;20.06661458335576
luisru;juanky97;61.23826880776946;30.67932317680319;21.530464474095933;14.296942912369914;18.617151729844856;14.876117706886104
luisru;lobo_lopez;64.03284031801611;22.724421300109025;30.967847846136507;13.71311367998788;15.07043468815365;17.524182485612926
luisru;mabusecaligari;61.273180232910754;19.8400161341105;29.31781391847063;15.01663583311431;18.625381576862843;17.20015253744171
luisru;mann_ohne_namen;65.38553396327293;30.141899004674052;23.64912455486094;13.713420928991525;17.55990653859512;14.935648972878345
luisru;manuelsanbai;55.32870590425158;22.304515685836975;23.769959682058833;15.406874420902843;20.30667449067775;18.21197572052361
luisru;marcos_m_rom;50.91678802921833;26.76943640083689;18.159003120647572;16.942697541256706;19.664657539428408;18.464205397830423
luisru;marialebernedo;43.01234492863351;20.554959472914042;20.23455622017501;19.182661611618087;22.145137979038434;17.882684716254417
luisru;marioiglesias;39.26343929689284;6.567622830474582;21.37987092646297;21.436566075888592;25.502611968016364;25.1133281991575
luisru;marioquema;35.17842554698011;25.65595523730795;13.822680238603457;25.062344988148148;14.487014623303574;20.972004912636862
luisru;mat25;27.227540047883544;13.529760144939873;4.901957465940396;31.0675795079281;21.24674450431465;29.25395837687699
luisru;migblah;49.9518608942368;18.436854983470248;19.72089439567986;17.907393040009083;22.744171279842654;21.190686300998152
luisru;ninotchka;59.73988474545297;30.52385076374971;23.809870282807832;14.360716602700249;17.506504912852385;13.799057437889818
luisru;paloma55;58.69312039465854;27.30238338203746;21.961646508790984;14.752103288719466;18.474014160342463;17.509852660109626
luisru;pauixitador;39.419973677547965;28.035185096617;13.807447986036996;21.1434871638438;20.198900711304187;16.81497904219802
luisru;paula_arantzazu;40.902461254632115;14.860485739981463;18.611840168346788;20.106488307568924;24.725302680671646;21.695883103431164
luisru;pele_alvaro;47.572097470756766;32.959606671662826;14.027002059723726;15.928560745793167;18.87837313596367;18.206457386856606
luisru;rachelmygod;70.73281902252563;31.50887596756361;23.776969553569423;12.809562498783873;17.183241582249572;14.721350397833511
luisru;simonsds;37.53358240881791;5.8888397409898765;28.329681605541335;24.514619086938517;12.781225344742605;28.48563422178767
luisru;synthemesco;66.20931546713011;28.37589584314942;24.785489759297928;13.777494171057807;18.03092068479221;15.03019954170264
luisru;utges;58.646866475892864;26.38171235647083;23.55893007012049;15.057784398423781;20.12094472423536;14.88062845074955
luisru;vareludo;49.110740476282785;18.377570820544985;26.839524011789827;18.571091072526723;18.895403037784885;17.316411057353566
luisru;will_llermo;52.922055440202335;24.36294831940114;17.649171974114754;17.28054422869141;23.322853101216907;17.3844823765758
luisru;xzetaprobe;28.674236531343425;12.847145408106524;8.39621650346571;31.021334694986543;30.252691432651034;17.48261196079018
mabusecaligari;a_de_la_hoz;80.70934530173005;34.460504422332114;29.086749026174022;11.809237698039377;11.506403096061337;13.137105757393156
mabusecaligari;aixa72;36.870020658031294;16.485763537867804;21.371878715093498;24.55342874224557;20.210032211552296;17.378896793240827
mabusecaligari;albertomilano;45.660073928491094;23.39698467436691;22.28493135471189;16.410429357559487;24.667785537859437;13.23986907550229
mabusecaligari;alonsodvt;33.089354483834214;9.463006400136775;15.873161121126069;26.859006911973367;15.724387245715217;32.080438321048575
mabusecaligari;anaavellaneda;39.77329339573782;25.93372972798474;26.015102618709598;22.938644448313873;8.577169196598408;16.53535400839337
mabusecaligari;batty;48.625408104947304;12.879059958987133;28.58575844680191;17.999781255696767;19.907656277081628;20.62774406143256
mabusecaligari;bergmantonioni;50.84594528752784;22.82194902503184;33.85589434792652;18.170082856837524;10.340731161078422;14.811342609125681
mabusecaligari;borinot;71.0359567844868;29.04078126085472;25.35870395397314;12.811409290190216;17.11986246417602;15.669243030805895
mabusecaligari;bracero;59.21410183280623;24.88475378549204;22.307853159732897;14.777621906024892;20.641515283883912;17.388255864866256
mabusecaligari;colmener;37.85279607151678;22.870117729169436;19.57771986479843;24.48248824140992;10.570308307129489;22.499365857492716
mabusecaligari;danielquinn;38.43963197120089;0.0;26.779516790013144;24.01561390551822;28.375017003746642;20.829852300721985
mabusecaligari;diogoserafim;43.14733356356892;13.233546233972989;24.200944046115822;21.214489854795186;20.153344073109448;21.197675792006553
mabusecaligari;dr_akkar;43.880171212969955;6.296387570994547;24.949967165891415;21.226967318432088;25.476890763240263;22.049787181441673
mabusecaligari;eljpax;53.98955229523567;23.54007661310156;28.79507937774043;15.663117935089623;15.440028347096616;16.56169772697178
mabusecaligari;explodingboy;45.78563374868154;13.275571231382337;24.85456390094811;19.275771515056224;20.1982813500588;22.395812002554518
mabusecaligari;ezequiel2517;42.89776492593329;9.016814539444775;27.103922351412443;20.050253741564145;20.180063270298902;23.648946097279747
mabusecaligari;fabiovg;47.188388440808446;20.29722683327929;25.591480982885052;19.899900909362735;12.365866697601719;21.84552457687121
mabusecaligari;figmare;50.69886639509144;20.708331769086335;24.16400919884569;18.435748370499148;15.481411526357805;21.210499135211023
mabusecaligari;filmandera;50.9229323628108;19.170391081055367;24.39039736329268;18.19115744599608;18.176534972090252;20.071519137565616
mabusecaligari;fleming22;72.7380606101229;31.653140313908562;26.500951240556745;12.992198636513296;14.445135207058607;14.408574601962778
mabusecaligari;genzai_2;53.06138958761416;16.31502509191554;24.827252672682377;17.40761055715489;23.485689431380184;17.964422246867002
mabusecaligari;gorkalonso1;55.99750897398114;22.36705017735049;25.39216185755746;16.452711819354107;19.360984719663016;16.427091426074917
mabusecaligari;guillehormigo;28.81307626837852;8.310405795953942;30.919329117478657;28.38852363959755;15.672301035125091;16.709440411844753
mabusecaligari;heelena9;38.24901958967368;25.040992798115138;16.221017459202294;21.488584798014855;30.049528769402105;7.199876175265591
mabusecaligari;hugoromero;71.4452314396116;35.08337577147962;27.46595459354978;12.761839707983714;10.966320042790208;13.722509884196676
mabusecaligari;jal90;61.094251100498276;22.008529286364503;30.43134360862021;15.197539604363621;15.216398928923654;17.14618857172801
mabusecaligari;jarsito;60.071144637328;28.51579924271984;26.927929865639488;15.88330822785498;11.001644696468734;17.67131796731696
mabusecaligari;jasikedevicius;38.20768887656287;26.032237540244555;16.288986002078794;23.882928199789156;22.569762276281462;11.226085981606024
mabusecaligari;jjm_24;37.01501618536635;7.961786845420783;20.06756160338628;23.218909909398654;28.058927949816873;20.692813691977417
mabusecaligari;jorgemz;49.69589302614626;23.883181339105644;25.68176587917106;18.245069934047816;10.769333854183776;21.420648993491707
mabusecaligari;juanky97;48.46133369697063;19.003918076631315;25.57953968569201;18.578158732178075;22.534237960082336;14.304145545416269
mabusecaligari;lobo_lopez;59.25279543790624;24.246790813870533;31.433861030265444;15.212865984320736;10.947616285107307;18.15886588643599
mabusecaligari;luisru;61.273180232910754;19.8400161341105;29.31781391847063;15.01663583311431;18.625381576862843;17.20015253744171
mabusecaligari;mann_ohne_namen;53.66490536376622;22.30958523050596;25.39186569146719;16.713880256517417;20.31689048762188;15.267778333887566
mabusecaligari;manuelsanbai;56.94573583331555;28.14015924903624;23.018616333306348;15.74091048347015;17.72855698815915;15.371756946028118
mabusecaligari;marcos_m_rom;45.146205397914876;21.623357263029266;15.911738698309716;19.711026594640735;22.93847653907698;19.815400904943306
mabusecaligari;marialebernedo;49.502654940131514;25.301654922194423;20.90380742183349;17.02013382880955;21.029208501237406;15.745195325925135
mabusecaligari;marioiglesias;43.24929599963516;20.86822664488933;18.689543144954392;19.467071678477325;21.933603531402547;19.041555000276404
mabusecaligari;marioquema;25.724224556966146;3.580108754773434;18.120547629213714;35.24213414343711;16.86975929332052;26.187450179255237
mabusecaligari;mat25;22.187692407148003;11.622094609809512;6.147954382298292;38.41378614077794;17.590752406027963;26.225412461086304
mabusecaligari;migblah;49.7671339577094;14.80423150337124;24.90763645246715;17.744369264850544;22.714779358119525;19.828983421191534
mabusecaligari;ninotchka;47.63501212624506;18.560234738681782;26.31378769518569;17.883673331129057;17.290158907919686;19.952145327083795
mabusecaligari;paloma55;38.127074669117526;9.178857410711458;18.226513177665097;22.448291771458763;23.71319240625325;26.43314523391143
mabusecaligari;pauixitador;28.312901039195804;5.85499658101382;15.95625829121289;28.901080405856142;27.46950386956527;21.818160852351888
mabusecaligari;paula_arantzazu;47.48752863282734;22.108729930838408;20.576163186718272;16.787187014333604;19.88819791574002;20.639721952369687
mabusecaligari;pele_alvaro;28.124249371612276;2.8961606363698946;12.525518033957425;25.7360761906836;32.421646304242906;26.42059883474617
mabusecaligari;rachelmygod;55.233504180657334;24.01034534993375;23.19586984200294;16.432523278174703;18.819842955771698;17.541418574116896
mabusecaligari;simonsds;54.49627858989427;26.363087045477503;31.43596230999497;17.16873952222217;6.353960781865696;18.678250340439646
mabusecaligari;synthemesco;54.50341587183864;28.049354947971896;22.60810339980348;16.340746043220904;18.584402554897135;14.417393054106585
mabusecaligari;utges;47.86355562608172;15.777834864130638;25.11765110987852;18.177652039074786;20.536001771166276;20.390860215749772
mabusecaligari;vareludo;50.664007639928116;25.812336348313742;27.10264516398891;18.474751096713725;13.505519278663341;15.104748112320282
mabusecaligari;will_llermo;45.66839702609474;18.95617010685036;15.137817330929687;20.031090075165526;25.784082716714636;20.090839770339795
mabusecaligari;xzetaprobe;38.158243000772345;21.238938847098805;14.289067597289332;22.677616024602028;24.473894384939076;17.320483146070767
mann_ohne_namen;a_de_la_hoz;57.33969739723264;27.946817783178396;22.79288052178441;15.657477067036893;18.002006074023452;15.600818553976852
mann_ohne_namen;aixa72;54.93697707512145;24.475220264398764;23.69884807760066;16.78051695124722;15.236192309772129;19.80922239698123
mann_ohne_namen;albertomilano;63.36981098661511;31.972660837560337;21.67840104635016;12.981970681601293;18.891227552266788;14.475739882221422
mann_ohne_namen;alonsodvt;33.303729208325244;8.295964782508225;17.53245390161873;26.38991479560167;22.547207709817567;25.234458810453805
mann_ohne_namen;anaavellaneda;33.743715787065355;9.279498891966862;13.832344123159782;26.88171992691815;18.90096629951691;31.1054707584383
mann_ohne_namen;batty;59.17831684595364;24.89980153667026;24.40028215793644;15.482768429490713;17.114984966184824;18.102162909717748
mann_ohne_namen;bergmantonioni;50.32713821779616;22.691225998788685;24.500058978857396;17.619668365354446;13.080029181456787;22.109017475542693
mann_ohne_namen;borinot;63.46004260648339;30.47596366207938;21.799562890849675;14.469033515364849;18.592445579545206;14.662994352160881
mann_ohne_namen;bracero;59.77071072091794;28.04280678485178;23.63960255115556;15.443206976577356;17.642946586665712;15.231437100749588
mann_ohne_namen;colmener;35.79928500159602;17.493353470213595;12.155090740883434;25.222271505522222;14.86339873619646;30.265885547184293
mann_ohne_namen;danielquinn;60.4629192389271;23.15223851448219;23.727653093141647;15.31710238428741;18.91531658868882;18.88768941939993
mann_ohne_namen;diogoserafim;42.51424946082065;15.596835497316494;22.116652702101497;20.167564621426607;22.440954810869727;19.67799236828567
mann_ohne_namen;dr_akkar;39.06613036114858;9.429705035515022;23.116576546554047;23.419120939499876;27.96986813394729;16.064729344483773
mann_ohne_namen;eljpax;69.70794781180331;32.23636323067337;24.892224381804063;12.844807994628681;13.95041542993339;16.076188962960497
mann_ohne_namen;explodingboy;58.48443766893487;28.65956413273823;21.196692247869102;16.01065499858418;18.00378942523735;16.129299195571143
mann_ohne_namen;ezequiel2517;48.010106529649775;16.88062468900445;21.200143957029063;19.03037882989944;20.951227049192447;21.9376254748746
mann_ohne_namen;fabiovg;38.67701568458346;18.09669002021129;19.35893851131903;22.933609254020716;20.726304074218007;18.88445814023095
mann_ohne_namen;figmare;38.240694703609016;7.706598199427427;19.935386232505227;23.879471025515883;23.337443480283458;25.141101062267992
mann_ohne_namen;filmandera;55.618851024112516;18.214161536139706;28.1237717425395;16.43432751997685;18.801516409795788;18.426222791548163
mann_ohne_namen;fleming22;53.31430058159121;21.419852735845534;21.556605459983;17.394640630706192;21.662745837382815;17.96615533608246
mann_ohne_namen;genzai_2;55.92642110887868;22.72482615797374;21.44852468366492;16.443739993068508;21.196302493041678;18.186606672251152
mann_ohne_namen;gorkalonso1;76.41232490370604;34.95208565115759;22.073338084438365;12.275663087554616;15.881894466183837;14.817018710665593
mann_ohne_namen;guillehormigo;51.56753728340813;21.07386180325216;25.554536715093434;16.191604439750826;17.506769605407545;19.673227436496017
mann_ohne_namen;heelena9;43.82396681690046;26.058445871492587;23.231045398437487;20.112682879961397;22.609607269051047;7.988218581057484
mann_ohne_namen;hugoromero;67.80080676323927;30.144096674415675;26.626566628278027;13.245466140386165;14.047534384034806;15.93633617288532
mann_ohne_namen;jal90;45.96393563169097;15.628449961641374;20.469747587742283;19.75102630716358;23.296509151680677;20.854266991772082
mann_ohne_namen;jarsito;45.74671568418636;17.31318791855245;24.81635534178445;19.372518490305097;16.56970956239403;21.928228686963976
mann_ohne_namen;jasikedevicius;50.43199466423593;25.565859733096595;21.73315247563341;17.60479740956987;18.8456440555559;16.25054632614421
mann_ohne_namen;jjm_24;64.76319901330638;28.440695626301633;23.931161704822788;14.05909311701294;17.238610364244803;16.330439187617827
mann_ohne_namen;jorgemz;48.3175962546443;17.984699451113766;23.241703147328835;18.892986821024657;20.12880631738643;19.751804263146315
mann_ohne_namen;juanky97;76.83759578272976;35.23806680668483;21.86216105753172;12.254067362149359;15.943313364519398;14.702391409114698
mann_ohne_namen;lobo_lopez;57.95550014371688;29.874572745885747;23.647680522541837;16.399278679903652;14.291307444862209;15.787160606806541
mann_ohne_namen;luisru;65.38553396327293;30.141899004674052;23.64912455486094;13.713420928991525;17.55990653859512;14.935648972878345
mann_ohne_namen;mabusecaligari;53.66490536376622;22.30958523050596;25.39186569146719;16.713880256517417;20.31689048762188;15.267778333887566
mann_ohne_namen;manuelsanbai;55.4053552752416;27.260299042461302;17.320707634658184;16.595958225822493;18.725684266534085;20.097350830523933
mann_ohne_namen;marcos_m_rom;52.798413425824776;23.02457224622976;22.215018462239975;17.381722290631608;18.68965069914217;18.689036301756477
mann_ohne_namen;marialebernedo;52.05462776401654;22.645876580556887;22.918398121843953;17.363906964798932;19.774621117121875;17.297197215678345
mann_ohne_namen;marioiglesias;45.39630821604582;12.98368438002279;20.444070226132038;20.267375019951192;21.991618965337313;24.31325140855667
mann_ohne_namen;marioquema;50.455001465174526;25.554202045481432;22.88316887932865;18.1229689312508;12.931962751284045;20.507697392655068
mann_ohne_namen;mat25;32.656285007465435;9.024470140443581;7.704244050936535;27.743351852272816;24.261667679569737;31.26626627677733
mann_ohne_namen;migblah;61.301859077046146;30.647498588586586;19.08137933681718;15.064305835273569;17.789745713167132;17.41707052615553
mann_ohne_namen;ninotchka;58.93657590334785;32.18998923456238;21.937642182351077;15.505516412408186;17.387385860074534;12.979466310603806
mann_ohne_namen;paloma55;55.86586623796453;21.430649173150645;24.42287710921809;16.418142147205977;18.9225509831734;18.805780587251885
mann_ohne_namen;pauixitador;51.44151748138145;28.64472933310646;18.701152686897895;17.325287706988842;17.77757185541261;17.55125841759419
mann_ohne_namen;paula_arantzazu;46.554863751959935;23.342934908682786;17.016381805469248;18.506413600919732;22.735981636520275;18.398288048407966
mann_ohne_namen;pele_alvaro;55.30382067866512;29.82452107103634;16.84177627315365;15.048889926733166;19.170305799538273;19.114506929538564
mann_ohne_namen;rachelmygod;71.75645608956549;35.42310383195505;20.668674684854516;13.129028914272794;15.46034188292514;15.31885068599249
mann_ohne_namen;simonsds;34.00127904008187;0.0;31.96339205685208;26.81710460693111;19.097508100087108;22.121995236129706
mann_ohne_namen;synthemesco;52.68618712716733;18.87841362096913;23.03706691823797;17.1748221480922;19.943246712158547;20.96645060054216
mann_ohne_namen;utges;57.95361505788448;26.697295076933486;23.62467961895413;15.617897239696667;19.352579095704286;14.707548968711427
mann_ohne_namen;vareludo;72.65283435964237;29.915616199228648;28.973039257597247;12.860657476153795;13.40789710187863;14.842789965141675
mann_ohne_namen;will_llermo;55.87130734770992;23.736253422732023;20.158732698978636;16.46405638007949;21.20330059544717;18.437656902762686
mann_ohne_namen;xzetaprobe;38.3321247293129;13.93489217567976;18.141090109175956;23.626946563864763;25.900499133970474;18.39657201730905
manuelsanbai;a_de_la_hoz;64.95210804247303;32.32809456898919;20.121546649044447;13.687607911514172;18.83185700797103;15.030893862481156
manuelsanbai;aixa72;59.40952257218266;26.043043185467475;20.491686564966518;15.72525998679554;19.2922840811477;18.447726181622766
manuelsanbai;albertomilano;35.635098261556415;15.506429229438556;14.10389609508785;20.082864191683676;29.103190041993205;21.203620441796726
manuelsanbai;alonsodvt;28.681006481793535;0.0;15.761252715724101;28.52365457188593;23.949235313654967;31.76585739873501
manuelsanbai;anaavellaneda;47.5473117720901;24.792625110778783;21.88627212908225;19.258253873813345;12.175907195499521;21.886941690826113
manuelsanbai;batty;52.09411393152882;23.689432367358883;19.77248798473871;16.827487554234416;19.16712202286905;20.543470070798943
manuelsanbai;bergmantonioni;41.578620889226336;18.60577297762493;19.56935047721766;21.605035757827345;13.130135545170598;27.089705242159475
manuelsanbai;borinot;55.15274857379826;26.38325882312405;22.24349223065653;16.494948386682342;17.821754629715254;17.056545929821834
manuelsanbai;bracero;41.69682944577654;19.878242660949493;16.720267942327407;21.138143957034487;20.757617720344797;21.505727719343817
manuelsanbai;colmener;53.7832381989999;31.849638625706337;20.563839455139288;17.2691182189235;9.897041599592542;20.420362100638336
manuelsanbai;danielquinn;50.958179625919136;13.012390944888192;23.017261166744834;18.106226501989966;23.864479101037485;21.99964228533953
manuelsanbai;diogoserafim;44.56151930531418;18.187005340939773;19.79536816210461;18.97382154787319;24.118175700610355;18.925629248472067
manuelsanbai;dr_akkar;49.28658201872438;14.948575092695924;28.417018120692774;18.836051450816043;23.005242392429082;14.793112943366182
manuelsanbai;eljpax;53.854091955725124;25.65139942064191;17.86752698936218;15.929664466388182;20.405529037265865;20.145880086341847
manuelsanbai;explodingboy;44.87256956967863;16.829508181067975;19.702692999977494;20.14436248710904;22.30765803236968;21.015778299475805
manuelsanbai;ezequiel2517;46.751410953522225;18.51704333361109;18.038761258930297;18.2491620783088;22.360123456171912;22.834909872977896
manuelsanbai;fabiovg;31.124998140582765;7.1013418446625804;16.204454100276866;28.01781375661081;25.197308103965884;23.479082194483862
manuelsanbai;figmare;46.617586124685005;20.150642662154787;22.55602873150367;19.62215701371636;16.596659169930874;21.07451242269431
manuelsanbai;filmandera;32.903292427117144;1.679385521983545;18.962455148461814;27.57949095814687;21.479102982227197;30.299565389180582
manuelsanbai;fleming22;56.6789083301736;23.07306976233987;22.14149621607465;16.053468573996156;20.82140123642059;17.910564211168726
manuelsanbai;genzai_2;48.080859242673895;18.38812826494516;20.07564411728076;18.837582337235524;21.366360215201837;21.332285065336716
manuelsanbai;gorkalonso1;57.22435200445024;24.462521260051144;19.819247392102866;16.28415435350463;19.900760089986104;19.53331690435526
manuelsanbai;guillehormigo;31.614359224712913;13.982839262355636;14.694042756209212;24.276579958113096;16.442579424158094;30.60395859916396
manuelsanbai;heelena9;16.19315386129251;0.0;0.0;48.51629512881818;42.43595278658571;9.04775208459612
manuelsanbai;hugoromero;51.586895811895694;24.66810625018085;18.778005418433047;17.823600400455092;17.13631431778199;21.593973613149018
manuelsanbai;jal90;58.529419743073014;25.805254177932444;22.239327924805995;15.054302664203103;19.511674722172046;17.38944051088641
manuelsanbai;jarsito;37.36292397898352;11.831475065232764;20.132291681682133;23.519319208693588;17.784209516146273;26.73270452824525
manuelsanbai;jasikedevicius;31.74671108163841;17.40568110680635;9.797554948700112;27.89295152089279;19.75715791610839;25.14665450749236
manuelsanbai;jjm_24;41.16668161493669;9.395976924054391;18.941106955789213;20.644912054402486;27.436936398805837;23.581067666948083
manuelsanbai;jorgemz;35.04382849694184;7.257622052110033;19.068162759243492;26.350429795291788;18.44974585812101;28.874039535233667
manuelsanbai;juanky97;57.56404031802761;27.19794958162924;20.72587780894648;16.18060971868733;17.02702756129447;18.868535329442484
manuelsanbai;lobo_lopez;62.126956985923115;26.979246585660945;23.65073562716141;14.910692385900731;18.539598731667354;15.919726669609556
manuelsanbai;luisru;55.32870590425158;22.304515685836975;23.769959682058833;15.406874420902843;20.30667449067775;18.21197572052361
manuelsanbai;mabusecaligari;56.94573583331555;28.14015924903624;23.018616333306348;15.74091048347015;17.72855698815915;15.371756946028118
manuelsanbai;mann_ohne_namen;55.4053552752416;27.260299042461302;17.320707634658184;16.595958225822493;18.725684266534085;20.097350830523933
manuelsanbai;marcos_m_rom;45.805586576103735;19.7036252259923;17.776367397977822;19.637781148285416;23.66058673147783;19.221639496266636
manuelsanbai;marialebernedo;33.22432269008998;13.305267575955318;14.039096884050506;25.17866283813483;22.12907975711173;25.34789294474762
manuelsanbai;marioiglesias;41.969785020263814;15.360303859355186;17.69054214078777;20.427844605356846;20.83475705432788;25.686552340172312
manuelsanbai;marioquema;27.07951823271775;12.243344756612895;6.239457758977085;34.270034178354486;11.754064515806892;35.493098790248645
manuelsanbai;mat25;41.912031839782536;24.61035163506062;15.491247305552626;20.681810725824604;16.019944525757943;23.196645807804202
manuelsanbai;migblah;45.62026058990515;18.168675128058787;15.301559086270839;19.036576477339988;24.2564559694847;23.23673333884569
manuelsanbai;ninotchka;44.43793573313582;20.72452737211189;18.059074093601904;19.32703751455472;25.095023548393748;16.79433747133775
manuelsanbai;paloma55;42.6308782363109;10.369443973711219;19.293849868344488;20.732358537197843;25.625976503935348;23.978371116811115
manuelsanbai;pauixitador;27.704149042739935;9.307900413450968;7.964359280203233;29.444349896408028;24.34522396247599;28.93816644746178
manuelsanbai;paula_arantzazu;40.66132179484198;25.367346554084477;13.145004035640564;18.95763186920074;21.81842182047365;20.71159572060058
manuelsanbai;pele_alvaro;28.9290876022473;10.55844878484693;4.781654339305974;25.044550815924488;26.086749857951762;33.528596201970856
manuelsanbai;rachelmygod;65.51385622722451;29.801711717392248;20.270739118705944;14.25968137394438;18.624963681251337;17.042904108706093
manuelsanbai;simonsds;31.57251348936083;1.7501714884471176;23.746979082381515;28.188545414722437;19.46760623660044;26.84669777784849
manuelsanbai;synthemesco;53.9081347188733;18.108816665241445;23.87483986925395;16.56337957405202;20.569843661546443;20.883120229906122
manuelsanbai;utges;39.49965666175778;9.326209828584762;20.256990635406268;20.944469112432945;28.415599361430186;21.05673106214583
manuelsanbai;vareludo;49.67357867648242;22.24817071770692;17.43940232982067;18.45294769712727;20.096917077077038;21.76256217826811
manuelsanbai;will_llermo;53.286931658630444;25.578761554800412;17.523353365333556;17.08489484666251;21.04255497384784;18.770435259355665
manuelsanbai;xzetaprobe;28.403321648271366;15.5636199489518;7.731340321854579;29.420727653340904;23.126865169482887;24.157446906369824
marcos_m_rom;a_de_la_hoz;37.21449727171153;21.28260606381916;7.908482800911906;23.575735814092063;25.54186376628699;21.691311554889875
marcos_m_rom;aixa72;46.874000464289054;20.040412818752582;25.25034348660295;19.644004493309918;18.685317359625827;16.379921841708736
marcos_m_rom;albertomilano;61.14644935920055;29.520474879920062;23.01462210417157;13.471510198054174;16.598954367927405;17.394438449926792
marcos_m_rom;alonsodvt;33.06062455356805;7.2427051591847045;17.946236167470023;27.170835068259564;23.618228421157383;24.021995183928336
marcos_m_rom;anaavellaneda;22.7272897804;2.431319944507647;3.0300773452595577;37.45162210472343;21.226715769016096;35.86026483649328
marcos_m_rom;batty;58.54267362635071;26.428665896785134;20.554345790690114;16.15495234633445;19.109333384048412;17.752702582141872
marcos_m_rom;bergmantonioni;24.869531179721065;4.443776002721665;6.543481649578564;35.00733199689563;19.694842046298508;34.31056830450562
marcos_m_rom;borinot;42.89266647728371;12.023848434127771;20.69036474375581;20.753166641693642;23.433381495512727;23.09923868491003
marcos_m_rom;bracero;49.514840911618464;22.691486879026144;17.64726747166425;18.569945803981128;20.387910161023633;20.70338968430485
marcos_m_rom;colmener;28.600178083269146;9.66030924122399;14.580768513753226;29.863522359396097;14.002446405354437;31.89295348027226
marcos_m_rom;danielquinn;58.5505049784583;26.73971585489496;23.840426882923815;15.72382474762753;17.447535228259895;16.248497286293805
marcos_m_rom;diogoserafim;49.74431835619381;22.95708344006479;20.850788069811404;17.911453267055474;20.173239008063334;18.107436215005
marcos_m_rom;dr_akkar;42.69047106171629;12.943711220194213;24.8274757150633;21.80648694378948;26.73282637240571;13.68949974854729
marcos_m_rom;eljpax;69.1983903674068;32.4737427242894;22.453991682857914;13.450667125512654;16.40612264353434;15.215475823805706
marcos_m_rom;explodingboy;50.12784367940358;19.841899425390928;19.937606426925683;18.539786757537115;22.602251783376346;19.07845560676992
marcos_m_rom;ezequiel2517;45.39288875425371;17.853910862418825;17.937984521427886;20.43037417073408;21.950231673173366;21.827498772245868
marcos_m_rom;fabiovg;38.516161559054495;22.476224719498827;11.06987858523068;22.572138048530963;20.391641396379367;23.490117250360154
marcos_m_rom;figmare;31.836109042677865;0.0;14.862947754559606;26.78298977300711;27.217315326907382;31.13674714552591
marcos_m_rom;filmandera;42.89469448392494;15.029099952318335;19.257497483703556;20.292573735115447;20.27250274948039;25.148326079382272
marcos_m_rom;fleming22;39.27193063687122;15.00846350909965;14.127713366460888;23.014875901795875;25.75596427672461;22.092982945918965
marcos_m_rom;genzai_2;47.994371554027616;21.10769876145323;18.74499839432984;18.928641552509408;21.328275401366675;19.890385890340855
marcos_m_rom;gorkalonso1;51.72763270734017;20.29648160328737;23.61185578886421;17.39212217187211;19.163355866877904;19.53618456909841
marcos_m_rom;guillehormigo;36.48963825179905;20.69582799005182;18.186875132390114;22.751454606444607;17.079653020855975;21.286189250257483
marcos_m_rom;heelena9;48.05159155462335;24.915757030420043;20.942217705202108;18.40086991829103;19.59992662398089;16.141228722105936
marcos_m_rom;hugoromero;39.92738494855118;14.970010230801122;19.29893557866765;22.121161026513718;20.364258297007325;23.245634867010196
marcos_m_rom;jal90;31.658780350639358;4.654406545098247;11.842945865530183;26.828021794508775;28.769610178947428;27.905015615915364
marcos_m_rom;jarsito;36.93212365424281;23.4402416345852;9.994979399730887;23.58918526596966;14.672579189824498;28.303014509889735
marcos_m_rom;jasikedevicius;36.67632501891986;17.075035358389314;17.163279308086473;24.38821230835018;23.26609016306501;18.107382862109027
marcos_m_rom;jjm_24;66.05981524789722;25.65186702521305;26.521631184535416;14.124574487842441;17.576379198166496;16.125548104242615
marcos_m_rom;jorgemz;28.357148266227956;11.958647844368192;10.145817357353856;30.894789903384137;16.564479613354937;30.436265281538873
marcos_m_rom;juanky97;56.89123168659374;27.195838727814923;21.64205832472969;16.70144463023136;18.187605126396036;16.273053190827984
marcos_m_rom;lobo_lopez;42.87623872089919;23.627322900268368;16.13587390449516;21.69831884382198;19.06157863567274;19.476905715741765
marcos_m_rom;luisru;50.91678802921833;26.76943640083689;18.159003120647572;16.942697541256706;19.664657539428408;18.464205397830423
marcos_m_rom;mabusecaligari;45.146205397914876;21.623357263029266;15.911738698309716;19.711026594640735;22.93847653907698;19.815400904943306
marcos_m_rom;mann_ohne_namen;52.798413425824776;23.02457224622976;22.215018462239975;17.381722290631608;18.68965069914217;18.689036301756477
marcos_m_rom;manuelsanbai;45.805586576103735;19.7036252259923;17.776367397977822;19.637781148285416;23.66058673147783;19.221639496266636
marcos_m_rom;marialebernedo;59.20113530281609;33.290648076370736;18.636615270056385;15.125360056473705;16.484455590196628;16.462921006902537
marcos_m_rom;marioiglesias;39.510985171119835;11.654419795822827;15.502936817274584;22.7726876732171;25.048195348281116;25.02176036540436
marcos_m_rom;marioquema;28.457325551453856;7.767042314328559;15.173264442900702;30.365163548746928;13.887471963144733;32.80705773087908
marcos_m_rom;mat25;29.29218191241604;10.060898496017145;9.974379631818342;32.1654219703585;20.5363583561532;27.262941545652804
marcos_m_rom;migblah;50.001125989125036;14.366577828991758;23.39395371527504;18.846262081334324;23.87948353868327;19.513722835715587
marcos_m_rom;ninotchka;55.07976328553797;21.736509176580523;24.445094984136226;16.97836072766573;19.362459714646217;17.477575396971293
marcos_m_rom;paloma55;67.39813291354143;30.881549635996816;23.259019218259397;13.885319646386328;16.065609131489335;15.908502367868131
marcos_m_rom;pauixitador;46.83588070509886;22.809607374780573;17.336634200136707;19.12458972239646;20.09838632420472;20.630782378481545
marcos_m_rom;paula_arantzazu;41.074533098907175;17.488818834050228;14.639360416482385;21.03263827448429;22.777190386538766;24.06199208844434
marcos_m_rom;pele_alvaro;44.79252054858931;21.8212352312233;16.882237535561067;18.482538051252465;21.838048955139108;20.97594022682405
marcos_m_rom;rachelmygod;55.720647987532715;27.10604789978098;19.658232432461322;16.73255361549223;19.22004196016456;17.283124092100895
marcos_m_rom;simonsds;23.19183791953133;0.0;9.194276408540299;37.41271619857374;23.684955908374686;29.708051484511273
marcos_m_rom;synthemesco;49.78949092547171;27.745469927782672;14.888172496851498;18.083031105735724;22.514310908502296;16.7690155611278
marcos_m_rom;utges;55.11341714215395;22.725847134411964;23.551645481884954;16.46529904414402;19.052958077577365;18.204250261981688
marcos_m_rom;vareludo;42.55290302018878;15.582667880912876;25.684897893738178;21.463020694762278;16.95269880673957;20.31671472384711
marcos_m_rom;will_llermo;57.46205244530157;25.322959736155116;22.11357685912536;16.10078410852057;18.5204677214352;17.94221157476376
marcos_m_rom;xzetaprobe;37.15861646075947;14.870659403060555;17.236583417564503;23.812762406435645;23.403200808788267;20.67679396415101
marialebernedo;a_de_la_hoz;34.821244290900594;20.629506000958834;14.18412644640726;24.183353850378055;21.48702817286749;19.515985529388363
marialebernedo;aixa72;34.042840903933985;18.936981571022997;19.073630055925975;25.231964548561837;14.907178164076303;21.8502456604129
marialebernedo;albertomilano;49.761742782873185;20.728169546182222;21.028765580381375;17.98102036257533;22.004447641083473;18.257596869777597
marialebernedo;alonsodvt;29.800543715173426;7.416953657735607;12.867143800347145;30.053843418343053;25.633133838018523;24.028925285555662
marialebernedo;anaavellaneda;26.172533229135848;6.333813289366007;8.38657376942091;32.189204293959435;22.32159658899202;30.768812058261616
marialebernedo;batty;48.23631933494848;16.801459994874737;22.160679139773375;18.936701314988923;22.332058439925024;19.769101110437948
marialebernedo;bergmantonioni;34.4467688027789;14.971938982469874;14.459819889145336;24.279295683664643;23.3185555283325;22.970389916387646
marialebernedo;borinot;50.02270467954292;20.251818519160715;22.37218665450319;17.570732102358704;22.72004274889499;17.0852199750824
marialebernedo;bracero;55.36064111152461;26.616894514823215;20.19933291905004;16.967443855472723;19.389550061522417;16.82677864913159
marialebernedo;colmener;29.307924550463955;11.31243111381968;11.449223423649624;28.558117752857154;17.598722341678027;31.081505367995522
marialebernedo;danielquinn;40.44924434139371;20.035988380054256;16.410177202099753;21.679969481987005;20.174277061400513;21.699587874458473
marialebernedo;diogoserafim;44.37433759277956;20.339145553783986;20.820794863144013;18.92670081393648;19.485649415547638;20.427709353587893
marialebernedo;dr_akkar;30.93749576074901;14.288761664490597;14.395344892326682;27.55151757459799;29.84633373062613;13.918042137958608
marialebernedo;eljpax;55.227136033148064;29.01584601347479;22.069731816553393;15.923114945309049;15.014825057767325;17.976482166895448
marialebernedo;explodingboy;51.63758338097363;24.25557144661355;21.5264586618791;17.552812664767533;19.460820404816765;17.20433682192305
marialebernedo;ezequiel2517;48.174135783057665;21.411278574086264;19.737125223922583;19.231277479777305;20.086621429010897;19.533697293202966
marialebernedo;fabiovg;35.848142664678214;19.524748333486357;14.093031668889358;23.621537233856845;24.55636311112397;18.204319652643473
marialebernedo;figmare;30.23554258324981;0.0;17.43157176400318;28.121630150248542;26.145607370662464;28.301190715085813
marialebernedo;filmandera;52.02894760849358;20.178938723233838;23.131406042932575;16.49143507617614;22.555770497147535;17.64244966050991
marialebernedo;fleming22;42.68089995886328;22.009243494774967;20.47797900255492;20.177304089178577;20.26245804370615;17.07301536978539
marialebernedo;genzai_2;56.32958017434564;24.851098182674782;22.322650249331595;16.17094375142294;19.86873069986251;16.786577116708173
marialebernedo;gorkalonso1;53.62713220825686;25.41649465031794;24.08628843425887;16.44058397632885;16.74692175170924;17.309711187385087
marialebernedo;guillehormigo;43.75655190695302;22.731033167638486;18.84621529843247;20.05979063155557;19.961637743377963;18.401323158995524
marialebernedo;heelena9;51.143329431009214;27.011006881274596;23.105472613910518;18.42542986757445;22.30017294416002;9.157917693080401
marialebernedo;hugoromero;41.17095835135203;15.922791596801346;22.26729688844676;20.647183146858175;19.51781825938958;21.644910108504142
marialebernedo;jal90;34.25924486835543;5.376389462175158;23.69363732036338;24.751937223101418;23.082151546901507;23.095884447458523
marialebernedo;jarsito;40.80265626581828;22.119543033485694;15.637483186932636;20.47427624595374;18.76531317110972;23.0033843625182
marialebernedo;jasikedevicius;51.6039664542784;24.628304463048327;22.974176811356237;16.923626028896116;20.14954032501576;15.324352371683553
marialebernedo;jjm_24;49.28181119873846;18.687527772621667;24.76337805030356;18.088276552581895;18.768819596261466;19.691998028231417
marialebernedo;jorgemz;31.73087249961149;6.679479700536682;23.546964109608755;26.218426434052873;18.664836939660177;24.89029281614151
marialebernedo;juanky97;55.82460836963007;27.385515139553103;22.30783378376236;16.271989353167154;19.063710220193215;14.970951503324171
marialebernedo;lobo_lopez;41.54676258588595;31.920068561855015;17.610582186894092;22.045948866370637;10.254884216198196;18.168516168682054
marialebernedo;luisru;43.01234492863351;20.554959472914042;20.23455622017501;19.182661611618087;22.145137979038434;17.882684716254417
marialebernedo;mabusecaligari;49.502654940131514;25.301654922194423;20.90380742183349;17.02013382880955;21.029208501237406;15.745195325925135
marialebernedo;mann_ohne_namen;52.05462776401654;22.645876580556887;22.918398121843953;17.363906964798932;19.774621117121875;17.297197215678345
marialebernedo;manuelsanbai;33.22432269008998;13.305267575955318;14.039096884050506;25.17866283813483;22.12907975711173;25.34789294474762
marialebernedo;marcos_m_rom;59.20113530281609;33.290648076370736;18.636615270056385;15.125360056473705;16.484455590196628;16.462921006902537
marialebernedo;marioiglesias;41.62381474575209;10.177812910709601;19.60105325078718;22.81656283391852;24.860278007491843;22.544292997092843
marialebernedo;marioquema;40.2672611427599;19.66911736283598;16.609772900042266;21.480663183302497;19.671858692274796;22.568587861544465
marialebernedo;mat25;26.780540360381977;2.7511176490641556;7.010767612503156;34.10388900969271;27.85549102175374;28.278734706986235
marialebernedo;migblah;43.769902401258896;15.991033229505806;19.544384870824125;20.557217258604183;23.97374891016954;19.933615730896353
marialebernedo;ninotchka;53.868895449802366;29.74744630500732;19.759150526248032;16.701712630535972;14.694617989540848;19.097072548667814
marialebernedo;paloma55;58.07568611786834;31.398532647774864;20.0439372674085;15.499467134428917;16.036307866161817;17.0217550842259
marialebernedo;pauixitador;44.97153347188531;19.249908457647685;17.978892289713436;20.612308170062523;21.19144711062245;20.967443971953895
marialebernedo;paula_arantzazu;46.925147948218374;21.9811739848988;14.680908245941781;19.88650865212649;24.32582023324023;19.125588883792712
marialebernedo;pele_alvaro;43.194612946650395;18.857060730724896;14.619535422149925;21.064446598148685;25.644218371979388;19.814738876997097
marialebernedo;rachelmygod;50.34866839521965;26.705663872164795;20.488106126244386;17.40047008381419;16.729670943587518;18.67608897418911
marialebernedo;simonsds;25.28782201082093;0.0;17.367546769831748;33.8695493530394;27.000810967638472;21.762092909490384
marialebernedo;synthemesco;42.67046460307615;21.151307339813393;18.01856782419515;19.823176783921316;22.999123951156086;18.007824100914043
marialebernedo;utges;53.82360198609076;27.034780035814745;19.870377398339024;16.78369625600245;16.912152317318906;19.398993992524883
marialebernedo;vareludo;39.35670228996696;15.444140561531666;24.74615350299629;22.72020193470165;15.01481843939766;22.07468556137274
marialebernedo;will_llermo;39.35869129624668;11.23153460805457;16.97448454935316;22.529116398595296;24.839759485300476;24.42510495869651
marialebernedo;xzetaprobe;41.74868003689888;11.912132692810353;18.65810541298739;22.311924890104628;27.31538006474823;19.802456939349398
marioiglesias;a_de_la_hoz;47.936528606683325;25.35980221646092;19.427954133052772;17.59471019294316;19.176786947161247;18.44074651038191
marioiglesias;aixa72;32.83247502143824;0.0;15.038454517148315;26.79368937616042;26.690175968971523;31.477680137719737
marioiglesias;albertomilano;45.3363955554891;20.720092725964808;16.09777797364032;19.790418150436828;23.20697875615712;20.184732393800935
marioiglesias;alonsodvt;28.84019038687481;1.2773219637005584;5.627609893459914;30.939466795447817;33.07067929282634;29.08492205456537
marioiglesias;anaavellaneda;48.04118519003376;28.75517782768741;14.639360105165679;18.006461905769903;16.598910989208353;22.000089172168654
marioiglesias;batty;47.398810798950684;17.486930155929553;16.333669287945312;19.4520582325304;24.1181588227145;22.60918350088023
marioiglesias;bergmantonioni;43.59844762840457;14.786504701214671;21.44185876991785;19.179525493333518;19.990354490270693;24.601756545263267
marioiglesias;borinot;45.00484340820552;13.50588950374577;21.656254519273194;19.470063732660183;24.52858149953651;20.839210744784328
marioiglesias;bracero;52.445824501948294;19.31613711154529;24.436685352031954;17.872014827056663;19.827271930115348;18.547890779250725
marioiglesias;colmener;42.87332616183476;19.33275927290217;16.398151002780633;19.686745572998213;19.62473077707184;24.957613374247153
marioiglesias;danielquinn;41.938520689223296;9.662245786060762;19.47410309598081;21.10224603891058;23.39725056381956;26.364154515228297
marioiglesias;diogoserafim;38.28331547174003;12.02815383298441;16.484936196958362;21.921529721689392;27.451111934544656;22.114268313823185
marioiglesias;dr_akkar;32.05186589672884;2.298662345409385;20.99922158348317;26.88667655664522;30.320340334996793;19.49509917946543
marioiglesias;eljpax;45.576139624214754;19.80282048005601;16.23744084877373;19.853745068927996;19.886161306424235;24.219832295818037
marioiglesias;explodingboy;46.58183343968399;16.60738369152794;18.56674178624078;19.912410885843336;23.68304360623448;21.230420030153468
marioiglesias;ezequiel2517;34.09817907016711;0.0;14.42555671289858;27.34928858300955;27.633408932200663;30.59174577189121
marioiglesias;fabiovg;38.37327204450146;13.439951642913197;16.60576400216119;21.940295249929616;27.38805544591551;20.625933659080477
marioiglesias;figmare;48.2037554046435;21.78023137020978;16.360021646862595;17.627430076369464;24.29968388108615;19.932633025472015
marioiglesias;filmandera;43.767446027465546;15.150250136052863;16.53211969775863;19.723011840759387;25.675045724933668;22.91957260049544
marioiglesias;fleming22;42.52933738444491;16.45748574504607;17.099750926369644;20.44721146606729;23.911889237204566;22.083662625312424
marioiglesias;genzai_2;45.68819078655989;16.93221744327091;18.2637179333791;19.68648862121978;23.289242791172306;21.828333210957904
marioiglesias;gorkalonso1;45.242929787189425;15.06327867463826;17.641504939791428;19.7490351015303;23.28040716176176;24.265774122278245
marioiglesias;guillehormigo;43.20858483457922;18.75647149076624;19.536565982604;20.26336184976487;18.06593869808855;23.37766197877634
marioiglesias;heelena9;39.12189814166761;18.83252621591261;21.746886372817688;23.694023229760237;25.53844527094993;10.188118910559544
marioiglesias;hugoromero;45.6977657926956;20.674374682914657;16.91291092058586;18.53827250648559;20.97818026013053;22.896261629883366
marioiglesias;jal90;36.338926668855734;2.0274791797872815;19.1976868369259;23.44502488961388;28.854749486013866;26.475059607659063
marioiglesias;jarsito;42.94268842810309;16.72799478455287;18.323515994714473;19.443241080317087;22.030675053455035;23.47457308696054
marioiglesias;jasikedevicius;35.735891926997084;9.793038958991115;10.317431500578842;23.91994472542777;30.028716849582956;25.940867965419333
marioiglesias;jjm_24;45.53841523608979;16.987907395920722;17.40573856442208;19.758577656006967;22.318225066612527;23.529551317037697
marioiglesias;jorgemz;30.001693959943648;0.0;14.808731105843174;28.46342940196273;26.034057616354715;30.69378187583939
marioiglesias;juanky97;42.66145194689898;12.08901472224601;15.850975553263158;21.445785284257227;25.011322404378767;25.602902035854843
marioiglesias;lobo_lopez;42.81389616760429;19.789808311482417;20.186517742184844;21.705918901553495;16.783617314690083;21.534137730089167
marioiglesias;luisru;39.26343929689284;6.567622830474582;21.37987092646297;21.436566075888592;25.502611968016364;25.1133281991575
marioiglesias;mabusecaligari;43.24929599963516;20.86822664488933;18.689543144954392;19.467071678477325;21.933603531402547;19.041555000276404
marioiglesias;mann_ohne_namen;45.39630821604582;12.98368438002279;20.444070226132038;20.267375019951192;21.991618965337313;24.31325140855667
marioiglesias;manuelsanbai;41.969785020263814;15.360303859355186;17.69054214078777;20.427844605356846;20.83475705432788;25.686552340172312
marioiglesias;marcos_m_rom;39.510985171119835;11.654419795822827;15.502936817274584;22.7726876732171;25.048195348281116;25.02176036540436
marioiglesias;marialebernedo;41.62381474575209;10.177812910709601;19.60105325078718;22.81656283391852;24.860278007491843;22.544292997092843
marioiglesias;marioquema;34.663863128558326;5.3136328864787155;16.333700396753645;25.15662924617181;24.021326299646674;29.174711170949156
marioiglesias;mat25;26.523217527469882;0.0;0.0;34.722318334052346;25.433228686916515;39.844452979031146
marioiglesias;migblah;39.122684952440274;9.886877420710173;13.389574819018351;23.36463618258937;26.767526536328333;26.591385041353774
marioiglesias;ninotchka;34.477200049052534;6.410881724626577;15.847492382138643;26.127886841690433;27.236120506905035;24.37761854463932
marioiglesias;paloma55;45.245924901024004;16.690636302173523;17.20005295498962;20.378381843062563;22.191889972724788;23.539038927049504
marioiglesias;pauixitador;47.87814831266499;19.235397523047194;16.943192941573194;19.096122715228258;24.056221560838424;20.669065259312916
marioiglesias;paula_arantzazu;40.09482997814609;11.025324303968299;13.67485666286895;23.158577003494024;29.160840494371076;22.98040153529767
marioiglesias;pele_alvaro;35.0767224775342;6.9663587306096675;5.034291563312641;26.174572855126343;32.733015189177856;29.091761661773504
marioiglesias;rachelmygod;49.34053125643018;19.785205054150918;20.878873238542152;18.38943980717796;19.083272186976505;21.863209713152457
marioiglesias;simonsds;37.038450017087136;18.897280081317028;15.646839108523068;23.347030855354394;21.121695443645216;20.987154511160295
marioiglesias;synthemesco;42.24142685049546;13.953395560748229;14.770486922190026;20.468701167222633;25.71230140314295;25.095114946696164
marioiglesias;utges;40.126433020179405;16.983988063399504;13.576282820836813;22.23684950269818;25.063582822102077;22.139296790963428
marioiglesias;vareludo;38.75664827216443;6.653502607304415;18.400117824262498;22.99253181153288;24.90852666876588;27.04532108813432
marioiglesias;will_llermo;43.071195052174694;16.250442155201295;14.33704995733176;20.94747324441599;24.22832840347143;24.236706239579537
marioiglesias;xzetaprobe;53.374957260795284;28.642377176928314;18.3822590825946;17.47143628035576;21.444355666617547;14.059571793503771
marioquema;a_de_la_hoz;32.05184972446939;23.561300928661154;14.919989343718997;28.571942459179375;13.564965206399448;19.38180206204102
marioquema;aixa72;37.51582012526725;22.093604541970965;15.493455008143641;24.481822501900172;13.109756630774205;24.82136131721101
marioquema;albertomilano;37.58874135026025;20.09067740900081;19.421538617805478;20.4990223326332;14.60153851359781;25.38722312696271
marioquema;alonsodvt;22.666165862438056;6.501003979593829;4.42579814510158;37.364631353511314;25.507723118635006;26.200843403158277
marioquema;anaavellaneda;40.198419795463;18.78639211493786;12.902712190863886;23.05356469735994;19.46750877462693;25.789822222211388
marioquema;batty;39.51922269642501;22.837901395108595;12.973393489577404;21.926713386376843;16.79183685831024;25.470154870626914
marioquema;bergmantonioni;47.427455455524694;20.583278588594354;15.207344091820499;19.59512722733532;24.80481263265887;19.809437459590963
marioquema;borinot;36.781406555092346;17.02625334830029;17.408821675698185;25.364138932103533;17.993389881088344;22.207396162809662
marioquema;bracero;42.757624339947625;23.69286770830252;20.84201608473431;21.25351238400747;12.826362391255795;21.3852414316999
marioquema;colmener;40.67274578206131;14.491555132610051;12.950071784326711;23.3923298600417;23.01664641533273;26.149396807688817
marioquema;danielquinn;38.91763645487826;19.40465417405345;18.33084194791388;23.644184976864544;11.904033466061227;26.716285435106904
marioquema;diogoserafim;25.74893204130407;0.0;14.946513994992202;33.859458126109104;14.884574236149403;36.30945364274929
marioquema;dr_akkar;16.4856519011378;2.23456183834128;3.4940337694710344;54.291902322684685;22.28535117481822;17.694150894684768
marioquema;eljpax;42.34910405900381;26.531030297538894;18.215184207426827;19.84245813639143;10.5958765349052;24.815450823737653
marioquema;explodingboy;37.993243440732925;22.30077565097337;17.880031897526884;23.451300722620324;12.103148692830914;24.26474303604851
marioquema;ezequiel2517;26.263042236450236;0.0;13.22427796939116;32.663795883880894;19.2825722130958;34.829353933632156
marioquema;fabiovg;30.950337803997165;17.85354113988216;12.038473693271849;29.551090706043748;23.838318643629666;16.71857581717257
marioquema;figmare;35.55103965744592;16.579299609088256;14.559343785272123;26.46667070410272;19.039151017698345;23.35553488383855
marioquema;filmandera;54.18089600446925;28.89623431394422;18.37588866637503;17.378985574480552;18.14638745907957;17.202503986120643
marioquema;fleming22;23.58016297263923;3.1245083981145827;10.578540243272478;39.040505400980074;17.827284727679093;29.429161229953767
marioquema;genzai_2;44.889016793322575;27.902128014841814;14.75775675244636;20.626503574083856;14.365885440728057;22.347726217899897
marioquema;gorkalonso1;43.679609071500174;21.50601481421386;21.490005893433292;21.278250829226977;11.96925108594493;23.756477377180943
marioquema;guillehormigo;43.532084095684475;17.77085561277709;17.08198197326255;19.274415720242178;21.70221922665739;24.170527467060786
marioquema;heelena9;38.21749160816386;29.399244052507253;25.19950205007957;21.64517286759645;13.654794617269014;10.101286412547706
marioquema;hugoromero;55.39962639461707;27.14682460659814;18.85638861114335;16.93095952903147;19.142419135190853;17.923408118036193
marioquema;jal90;24.799016092488152;3.7136764298503286;8.010778039817723;36.968065392516614;21.505306639522722;29.8021734982926
marioquema;jarsito;47.12733387714856;18.36933752268971;18.318103564111023;19.206589740036843;23.797034477016208;20.30893469614621
marioquema;jasikedevicius;36.56618355431588;10.074392522736465;21.76925656059002;24.762301191784083;18.4964847860438;24.89756493884564
marioquema;jjm_24;41.94973105369393;22.831932411057586;20.221413337264043;20.004293254989882;10.755949691622925;26.186411305065562
marioquema;jorgemz;37.7416729437599;16.28551509272441;13.572964267872425;24.286091087606636;24.149366530951323;21.706063020845203
marioquema;juanky97;51.30373942742;26.926552306126005;20.176985761817157;17.685790971952766;15.215939660137602;19.99473129996648
marioquema;lobo_lopez;20.95701349386008;5.273395748290228;9.43811511979267;43.760757389204024;9.025926905947369;32.5018048367657
marioquema;luisru;35.17842554698011;25.65595523730795;13.822680238603457;25.062344988148148;14.487014623303574;20.972004912636862
marioquema;mabusecaligari;25.724224556966146;3.580108754773434;18.120547629213714;35.24213414343711;16.86975929332052;26.187450179255237
marioquema;mann_ohne_namen;50.455001465174526;25.554202045481432;22.88316887932865;18.1229689312508;12.931962751284045;20.507697392655068
marioquema;manuelsanbai;27.07951823271775;12.243344756612895;6.239457758977085;34.270034178354486;11.754064515806892;35.493098790248645
marioquema;marcos_m_rom;28.457325551453856;7.767042314328559;15.173264442900702;30.365163548746928;13.887471963144733;32.80705773087908
marioquema;marialebernedo;40.2672611427599;19.66911736283598;16.609772900042266;21.480663183302497;19.671858692274796;22.568587861544465
marioquema;marioiglesias;34.663863128558326;5.3136328864787155;16.333700396753645;25.15662924617181;24.021326299646674;29.174711170949156
marioquema;mat25;28.669828091230972;1.927368129025946;6.030673332589356;29.47235419674804;27.148315495905926;35.421288845730736
marioquema;migblah;32.803941621997375;19.652170408411212;12.25240852001612;26.02977294390116;12.808876394285786;29.256771733385715
marioquema;ninotchka;33.62094077702409;25.748770930450362;13.611498880836347;25.392349991517158;11.326135982485717;23.921244214710423
marioquema;paloma55;45.17148986821136;30.17420330521908;15.972895702255336;19.31946635761254;12.706688848039157;21.82674578687389
marioquema;pauixitador;36.80107633075428;18.018162000826063;15.327529518889797;22.874506698198353;15.856933648556549;27.92286813352924
marioquema;paula_arantzazu;34.348647970939474;11.26103102576529;11.570339291636024;23.575507991368664;27.472941205592566;26.120180485637473
marioquema;pele_alvaro;44.3023141945537;26.65908110798306;17.738259824124505;17.014256459367214;14.693394238353928;23.8950083701713
marioquema;rachelmygod;33.044598620991856;17.279442251219123;14.487217237502799;27.429666759422727;10.6062295188571;30.19744423299826
marioquema;simonsds;34.72386424946461;15.913353574564598;17.26388704603142;26.36331689338722;26.827957565925185;13.631484920091582
marioquema;synthemesco;31.187723613737653;14.174118922447153;8.346435573778422;28.737466990296873;19.932320628774697;28.80965788470286
marioquema;utges;34.10524194012415;22.682799973852422;14.893257979115258;25.02945401034051;12.045912686647572;25.348575350044236
marioquema;vareludo;51.77404741951599;19.211007875028955;26.80201925359017;18.054605456091178;15.326475118078395;20.605892297211287
marioquema;will_llermo;42.41004899008603;23.01842491663751;15.825703227048576;21.62797290185327;14.822069473679052;24.705829480781592
marioquema;xzetaprobe;38.56307476547135;14.806709191596925;12.177271611205933;22.721332171551786;26.32787680770648;23.96681021793887
mat25;a_de_la_hoz;28.71522349519443;16.677450277207015;3.78152870596021;29.907532098726577;25.523928734329406;24.10956018377679
mat25;aixa72;35.379045662397196;14.05679003031438;14.204843214429381;25.877311682669355;17.681739586242305;28.17931548634458
mat25;albertomilano;25.172526807976986;2.926858229169679;1.1144277670206522;34.32663289245122;29.83762223475783;31.7944588766006
mat25;alonsodvt;33.49126225088459;13.749186408123474;11.771594847829371;27.024527948087012;28.478040229608816;18.976650566351328
mat25;anaavellaneda;29.629786250261905;3.72984890683799;1.297282385372226;28.19760132803128;30.16855574323411;36.606711636524416
mat25;batty;33.179986197862874;11.10253886146392;8.744710428964535;28.613691132599353;24.321135804445856;27.217923772526337
mat25;bergmantonioni;26.421278595628227;0.0;0.0;32.529659641631035;29.61357484398035;37.85676551438863
mat25;borinot;25.50484647248435;7.221805600399015;6.854763628132719;34.42697589371291;22.147656301687547;29.34879857606782
mat25;bracero;26.77598652157573;11.006342145796095;9.301273936200712;34.83891647332487;15.494881710753035;29.35858573392528
mat25;colmener;29.070896054366596;7.603111073611564;5.2217470874110115;28.51277828851681;24.560498874411273;34.10186467604934
mat25;danielquinn;32.17874218180713;5.1515978420311415;16.14157934800433;28.5529544124308;18.105371843383967;32.048496554149764
mat25;diogoserafim;22.937204366180087;0.0;0.0;38.03626803147334;32.61951131565489;29.344220652871776
mat25;dr_akkar;20.03691619544984;0.0;11.749863957963731;45.316873963161115;21.787075272341124;21.146186806534025
mat25;eljpax;34.21922166935125;10.76535549943714;8.876953874937978;27.41417823875737;24.87930214469428;28.064210242173235
mat25;explodingboy;29.27431626268584;0.0;10.993724983452001;31.659134560267173;26.969621447446258;30.37751900883457
mat25;ezequiel2517;33.22856923803199;11.086305990056738;5.861850195750901;28.498444568375206;28.690289660430626;25.86310958538653
mat25;fabiovg;23.681854027538847;0.0;0.0;36.2757208418382;39.79750106335754;23.926778094804266
mat25;figmare;25.961177554529787;10.642297101436736;7.06479771305235;32.13407934126172;20.516365370104637;29.642460474144553
mat25;filmandera;25.395268371809607;0.0;0.5794363000890782;33.963287086721465;32.738112884014;32.71916372917546
mat25;fleming22;35.53460365863397;25.398794927405913;9.18181021581719;25.10043347368912;19.252636168279164;21.066325214808625
mat25;genzai_2;25.620322859523753;1.4378510692642248;6.737449165011505;35.15493769882069;23.746984601057182;32.922777465846394
mat25;gorkalonso1;32.62862179817523;7.903106111078452;14.17787820478865;27.16503375851094;20.735881858760596;30.018100066861365
mat25;guillehormigo;34.51485016798436;8.538517986123354;3.6795654149912784;24.979944010503928;33.044521946302666;29.75745064207877
mat25;heelena9;14.820872583859247;0.0;0.33244017162385986;61.35767265413154;20.255946032334027;18.053941141910574
mat25;hugoromero;31.21714809712926;9.882299872748865;5.511028613500307;27.796168151853795;26.78880698726754;30.0216963746295
mat25;jal90;27.40928614586276;9.408032699463408;6.482679026784092;30.492657608158673;25.011709419351636;28.604921246242185
mat25;jarsito;23.89798190656016;2.3122167028054714;0.7320205555703205;35.30941300848862;26.913624741036482;34.732724992099115
mat25;jasikedevicius;27.858817646952904;0.0;8.902611112952371;31.87397039789984;24.57495450600988;34.64846398313791
mat25;jjm_24;31.23065560412893;0.0;14.19386667332054;30.19368617789871;24.11462591806642;31.497821230714337
mat25;jorgemz;28.190362028190012;7.518375199634879;4.961496473017031;30.149643231170064;29.127927161467916;28.242557934710103
mat25;juanky97;35.34131168526439;10.42355443581927;11.30562208771411;26.537191160381337;22.00404877378566;29.72958354229964
mat25;lobo_lopez;28.926192955517003;10.188194118765942;10.679958268602972;32.122570506923736;21.754318877611873;25.254958228095465
mat25;luisru;27.227540047883544;13.529760144939873;4.901957465940396;31.0675795079281;21.24674450431465;29.25395837687699
mat25;mabusecaligari;22.187692407148003;11.622094609809512;6.147954382298292;38.41378614077794;17.590752406027963;26.225412461086304
mat25;mann_ohne_namen;32.656285007465435;9.024470140443581;7.704244050936535;27.743351852272816;24.261667679569737;31.26626627677733
mat25;manuelsanbai;41.912031839782536;24.61035163506062;15.491247305552626;20.681810725824604;16.019944525757943;23.196645807804202
mat25;marcos_m_rom;29.29218191241604;10.060898496017145;9.974379631818342;32.1654219703585;20.5363583561532;27.262941545652804
mat25;marialebernedo;26.780540360381977;2.7511176490641556;7.010767612503156;34.10388900969271;27.85549102175374;28.278734706986235
mat25;marioiglesias;26.523217527469882;0.0;0.0;34.722318334052346;25.433228686916515;39.844452979031146
mat25;marioquema;28.669828091230972;1.927368129025946;6.030673332589356;29.47235419674804;27.148315495905926;35.421288845730736
mat25;migblah;28.517227078243465;0.0;9.693383857473787;33.25926691854546;24.27429214620247;32.77305707777829
mat25;ninotchka;31.32727220889217;11.75914978259884;9.770596038464639;30.216447987942253;28.831115241346584;19.42269094964768
mat25;paloma55;30.905451594046873;0.0;9.17508579877823;30.688829720668252;31.144819726762307;28.991264753791196
mat25;pauixitador;26.126753878162052;2.819960626586066;1.1313138964280116;35.49309926834608;25.225619643910363;35.33000656472948
mat25;paula_arantzazu;25.860509010566616;0.0;0.0;34.25414282136941;36.76607866591305;28.979778512717527
mat25;pele_alvaro;30.602743499842965;6.654006687172687;7.568947333049223;28.564396640422082;22.619501565758124;34.59314777359789
mat25;rachelmygod;33.5491019495471;12.62744379117484;10.402139454150266;27.298767154113197;21.27762857090979;28.39402102965191
mat25;simonsds;26.5199446739103;1.3890756210627193;5.211738205723191;32.762904481236745;37.55981442283657;23.076467269140785
mat25;synthemesco;31.727532602327095;13.932961915516477;6.233792173126341;28.191112639412758;20.89398885018623;30.748144421758184
mat25;utges;29.941237657368355;12.303502293398097;7.955342892814452;30.733087310748097;27.13707649505545;21.870991007983903
mat25;vareludo;34.331476160392086;10.73015574581113;7.897574251655448;26.1658334791015;25.421743009316682;29.78469351411523
mat25;will_llermo;33.6727163077129;18.05112592194941;10.53158308262433;27.068678138084874;17.420235435149237;26.928377422192153
mat25;xzetaprobe;23.092555891777142;0.0;3.3173677052719577;38.83953463160726;29.220741175514963;28.62235648760581
migblah;a_de_la_hoz;45.70304874418136;16.92671281773449;19.86228911366021;19.469858505672963;21.846381509649333;21.894758053283002
migblah;aixa72;44.853380867621816;21.353873566560576;18.34237785515137;20.480951905894564;18.37072458205332;21.452072090340156
migblah;albertomilano;53.12339326886826;29.124735201771482;17.953346341553512;16.368688282022134;21.011851644203823;15.54137853044905
migblah;alonsodvt;35.20414888165131;6.278500084004805;13.276993878547524;26.13509576365284;26.546493001868164;27.76291727192667
migblah;anaavellaneda;27.054369369485325;6.808180984623281;11.009332178224208;31.683660214111004;15.524050209785754;34.97477641325575
migblah;batty;58.9214666903083;22.194905853734767;22.894685728965133;15.991546374665194;20.42539866066093;18.49346338197398
migblah;bergmantonioni;34.38686293871587;13.391090910253215;16.82727266558642;25.373332359556837;15.219466829503652;29.188837235099868
migblah;borinot;58.32036263180457;26.84523544836099;20.18018532027887;15.251153554918893;19.443829765289966;18.279595911151286
migblah;bracero;45.934456736896706;16.03946633328559;17.921211101541495;20.189785302868188;24.06006903738394;21.789468224920782
migblah;colmener;28.168792488136024;13.077666937259103;6.890096685202754;30.159384247846138;13.148946449795853;36.72390567989615
migblah;danielquinn;46.708306891538456;13.407669602926342;20.398065140809347;19.839368330401328;23.497789826815296;22.857107099047674
migblah;diogoserafim;44.38732873734765;9.959114819396222;24.865006534873014;20.26537232870467;24.641320578338075;20.269185738688012
migblah;dr_akkar;41.36175049888617;4.453173303128566;25.954833268473376;22.132103464788877;27.926864112059974;19.5330258515492
migblah;eljpax;62.93110427225962;26.634499926911687;23.78330074246241;14.772685472086641;17.917235182943372;16.89227867559588
migblah;explodingboy;58.573984227762104;26.728997300179124;18.999424365963453;15.801644267458247;20.329247024133064;18.140687042266105
migblah;ezequiel2517;50.46745460671681;13.138918146350195;26.729224705145043;18.72381912005808;20.051076460754132;21.356961567692544
migblah;fabiovg;37.15930469101284;12.88766611813959;14.84261658370169;23.74904970352187;24.595363096661043;23.925304497975795
migblah;figmare;35.92365117302917;9.229125290445566;14.954462182185019;23.803046890064316;23.2500386591548;28.763326978150307
migblah;filmandera;46.34106465567948;19.87341512984967;18.823019179551466;18.925970209786946;19.477051325483323;22.900544155328593
migblah;fleming22;51.52089593212172;17.51786522387683;22.20705569307173;17.819802569688235;21.937204348796946;20.518072164566238
migblah;genzai_2;47.42861774493862;15.534169187290773;19.612986657665484;19.082171906262094;24.102322643074608;21.668349605707046
migblah;gorkalonso1;59.573591050680506;25.97131941667102;21.851790702977922;15.074692271665503;18.58383414463835;18.518363464047205
migblah;guillehormigo;38.3469828308164;13.929492897115914;23.577840458671567;22.730228502724753;17.96572630150238;21.796711839985388
migblah;heelena9;38.295617283405754;25.972466387934098;15.552426106329953;23.780376902387843;27.01083887778889;7.683891725559208
migblah;hugoromero;47.62570315916954;19.837454767077155;22.04298490926666;18.206363347881588;16.862256155451252;23.050940820323344
migblah;jal90;50.77915641091446;21.76377743676512;20.335899019452683;17.193856157929897;19.867758927624187;20.83870845822811
migblah;jarsito;34.95338059014712;6.8505063595334486;20.74839234066977;25.099265105626767;16.508525821907284;30.793310372262734
migblah;jasikedevicius;36.375277589222776;11.646355084801213;20.80317799641128;24.533986088196542;23.95672044451888;19.05976038607208
migblah;jjm_24;59.79108858467162;28.341306983389288;19.114771616632854;15.778909354683613;20.096277098117287;16.66873494717694
migblah;jorgemz;30.28523608144209;2.799327278433821;16.103869463038684;28.649650263555937;17.32791313834131;35.119239856630266
migblah;juanky97;60.01358476058739;29.15698031299815;19.810440604452477;15.584925779652075;18.603098865025;16.84455443787229
migblah;lobo_lopez;48.619496568437604;18.94209690479149;22.8157664795217;19.105969132793145;17.866112908917618;21.27005457397603
migblah;luisru;49.9518608942368;18.436854983470248;19.72089439567986;17.907393040009083;22.744171279842654;21.190686300998152
migblah;mabusecaligari;49.7671339577094;14.80423150337124;24.90763645246715;17.744369264850544;22.714779358119525;19.828983421191534
migblah;mann_ohne_namen;61.301859077046146;30.647498588586586;19.08137933681718;15.064305835273569;17.789745713167132;17.41707052615553
migblah;manuelsanbai;45.62026058990515;18.168675128058787;15.301559086270839;19.036576477339988;24.2564559694847;23.23673333884569
migblah;marcos_m_rom;50.001125989125036;14.366577828991758;23.39395371527504;18.846262081334324;23.87948353868327;19.513722835715587
migblah;marialebernedo;43.769902401258896;15.991033229505806;19.544384870824125;20.557217258604183;23.97374891016954;19.933615730896353
migblah;marioiglesias;39.122684952440274;9.886877420710173;13.389574819018351;23.36463618258937;26.767526536328333;26.591385041353774
migblah;marioquema;32.803941621997375;19.652170408411212;12.25240852001612;26.02977294390116;12.808876394285786;29.256771733385715
migblah;mat25;28.517227078243465;0.0;9.693383857473787;33.25926691854546;24.27429214620247;32.77305707777829
migblah;ninotchka;60.34435695488296;29.607625437638877;21.425748203080484;15.588807405750694;18.56483600346876;14.812982950061185
migblah;paloma55;53.316277095631804;22.109996046354286;18.36865328176044;17.627004481674877;21.360891806418522;20.53345438379188
migblah;pauixitador;48.25293091618871;25.193513872156508;17.799651396800257;18.913438855332707;20.80248366568933;17.290912210021204
migblah;paula_arantzazu;46.940526361595644;22.36636499426009;15.236194362487657;18.940475440727873;22.860370166684568;20.59659503583982
migblah;pele_alvaro;43.97908425270415;20.835787854443378;12.855695234874508;19.73264980795048;23.304171062714065;23.271696040017556
migblah;rachelmygod;60.88834228337253;28.13308158048201;18.90111419323952;15.311725648880996;19.468491900616886;18.185586676780595
migblah;simonsds;28.01131311376384;0.0;19.11732367109094;31.880522172637022;16.54082601631734;32.461328139954695
migblah;synthemesco;46.23533108329717;12.748072179552386;20.402821032075174;19.555878434345804;25.002844991630536;22.29038336239609
migblah;utges;58.3201180188532;24.950382301332287;22.400815896982774;15.867524888852495;20.318423125254874;16.462853787577565
migblah;vareludo;47.44040013955521;18.248115529953612;24.413036761816386;19.15173345222799;16.64775700027254;21.53935725572947
migblah;will_llermo;51.91553871260223;22.351758264618304;17.86420002587442;17.82248537578483;21.576730021829423;20.38482631189302
migblah;xzetaprobe;34.467012450841246;16.031941557598696;9.816850597919698;26.372044322155283;27.21154028995565;20.56762323237067
ninotchka;a_de_la_hoz;50.57752527939921;27.6773511509012;19.596303683754517;17.087655055217404;20.82518084961009;14.813509260516792
ninotchka;aixa72;42.687088407324175;18.554122917435045;25.869483144983032;21.22466111284974;21.619209662863582;12.73252316186861
ninotchka;albertomilano;58.552732258457624;33.344730151280174;20.529005422231656;14.409779819038654;17.660154850484847;14.05632975696467
ninotchka;alonsodvt;40.10007663506848;17.45447945450196;13.61018085103484;22.498041211642764;26.564525749006155;19.872772733814287
ninotchka;anaavellaneda;27.02141089251291;8.861430551220483;12.763552799953224;30.177918746209166;23.586657134740708;24.61044076787641
ninotchka;batty;61.24429521356613;25.864335038391296;24.579562287013594;15.395502571140268;18.146411969245833;16.01418813420902
ninotchka;bergmantonioni;32.869879994714545;18.49201890309133;20.668630174073275;26.145839092116997;15.749828525659705;18.94368330505869
ninotchka;borinot;56.316816397184525;29.10853965820881;21.60136418356979;15.702259193712953;16.03146066700023;17.556376297508223
ninotchka;bracero;57.180259901666496;28.0247427636534;23.02948705231202;16.306444094883215;14.087145042400703;18.55218104675067
ninotchka;colmener;28.195660495529054;14.371725566326953;8.57692697583096;29.398182149962334;17.563401795219313;30.089763512660447
ninotchka;danielquinn;49.5446981948992;17.8448358564042;26.996093198324644;18.42180416143897;21.59838850163996;15.138878282192211
ninotchka;diogoserafim;45.54833862565363;8.896489027479976;26.42822981646907;18.900956085822838;23.08505702284848;22.689268047379628
ninotchka;dr_akkar;34.91994792061888;5.274665458007364;23.219139720220298;25.73438733482436;29.535754184476254;16.236053302471735
ninotchka;eljpax;75.61090768588295;33.860927971124575;25.427836623088464;12.269570984805165;16.33109060033053;12.110573820651268
ninotchka;explodingboy;66.21979446645638;30.04031168360919;23.094131994460767;13.88213402278437;18.014377349769187;14.96904494937648
ninotchka;ezequiel2517;48.057972931793074;14.180932275457485;24.120413615250953;19.44074311493518;22.81093893190968;19.446972062446694
ninotchka;fabiovg;41.59670204829058;16.38367528873682;18.627423412568074;21.011530333227327;24.180181124633787;19.797189840833987
ninotchka;figmare;36.16169178462307;9.67772702559763;18.054776636477197;23.27625412636619;23.704017721261256;25.28722449029774
ninotchka;filmandera;45.36968208469228;22.73478221406631;20.13320654444194;19.209695791088095;17.168854599210796;20.753460851192877
ninotchka;fleming22;53.542147276295395;24.424803122050765;22.58170863399257;16.759715633527602;21.604075831061643;14.629696779367425
ninotchka;genzai_2;45.059628644993616;15.942099161969008;22.192157771922357;20.04976591093383;20.232258085761227;21.58371906941359
ninotchka;gorkalonso1;60.29390841675212;25.966534719610138;26.915645395856323;14.44004267968244;18.312558043522994;14.365219161328106
ninotchka;guillehormigo;37.5227853923286;16.689846981398926;23.938471933048366;22.623986875735625;20.46176537077357;16.2859288390435
ninotchka;heelena9;42.176640604329144;30.13322491138495;21.17731819898619;21.44993357176862;16.4200006525892;10.819522665271048
ninotchka;hugoromero;53.842108240335186;30.080738866626767;22.818596137039535;16.341862796452236;14.501515706619214;16.257286493262235
ninotchka;jal90;44.70404877492157;18.541043073940774;19.79678975146887;18.697270401575256;24.10456754894641;18.860329224068682
ninotchka;jarsito;38.5517163270204;13.377742155074442;23.764424469711237;21.78499959139404;14.469757444847062;26.603076338973214
ninotchka;jasikedevicius;31.58152900873524;12.247703092109719;14.236479485411031;28.311331078851136;24.77453116450363;20.42995517912448
ninotchka;jjm_24;76.26146164125267;35.98733204178142;23.57120460516988;12.517900579296324;16.007946155773823;11.915616617978548
ninotchka;jorgemz;29.25108854932954;0.0;20.43000975360002;28.599935074721415;21.764689743441654;29.2053654282369
ninotchka;juanky97;58.14896740390819;33.57626358550273;21.289034273434275;16.092021989584975;17.77148565724283;11.27119449423518
ninotchka;lobo_lopez;57.50093643369039;25.305835533778225;26.035539103064874;16.127600996343457;18.04202393213909;14.48900043467436
ninotchka;luisru;59.73988474545297;30.52385076374971;23.809870282807832;14.360716602700249;17.506504912852385;13.799057437889818
ninotchka;mabusecaligari;47.63501212624506;18.560234738681782;26.31378769518569;17.883673331129057;17.290158907919686;19.952145327083795
ninotchka;mann_ohne_namen;58.93657590334785;32.18998923456238;21.937642182351077;15.505516412408186;17.387385860074534;12.979466310603806
ninotchka;manuelsanbai;44.43793573313582;20.72452737211189;18.059074093601904;19.32703751455472;25.095023548393748;16.79433747133775
ninotchka;marcos_m_rom;55.07976328553797;21.736509176580523;24.445094984136226;16.97836072766573;19.362459714646217;17.477575396971293
ninotchka;marialebernedo;53.868895449802366;29.74744630500732;19.759150526248032;16.701712630535972;14.694617989540848;19.097072548667814
ninotchka;marioiglesias;34.477200049052534;6.410881724626577;15.847492382138643;26.127886841690433;27.236120506905035;24.37761854463932
ninotchka;marioquema;33.62094077702409;25.748770930450362;13.611498880836347;25.392349991517158;11.326135982485717;23.921244214710423
ninotchka;mat25;31.32727220889217;11.75914978259884;9.770596038464639;30.216447987942253;28.831115241346584;19.42269094964768
ninotchka;migblah;60.34435695488296;29.607625437638877;21.425748203080484;15.588807405750694;18.56483600346876;14.812982950061185
ninotchka;paloma55;72.13412779257607;31.15211612716534;24.309406526575728;13.028610799283756;17.294867167330985;14.214999379644174
ninotchka;pauixitador;58.34181365571545;33.780988927048625;18.925148612930794;16.06928237139176;16.063214309647783;15.161365778981034
ninotchka;paula_arantzazu;48.286979885415526;25.938650460224206;14.545839769276377;17.81182037645134;19.592741042778577;22.110948351269485
ninotchka;pele_alvaro;41.685684760837326;24.913046083243618;15.465820827329267;20.212793458821192;21.51772119463075;17.89061843597516
ninotchka;rachelmygod;64.40612947899388;30.600257724390204;22.981995443410618;14.008910295362384;18.42872522532174;13.980111311515055
ninotchka;simonsds;28.31303165146274;0.0;22.34751930940007;30.93323456470905;22.928277006009314;23.79096911988157
ninotchka;synthemesco;49.52837580358392;21.197726123499585;25.870473407512137;18.272147370541763;22.03899386004802;12.620659238398497
ninotchka;utges;100.0;40.70622052339929;26.088018156004225;9.475423023412473;12.35060751218033;11.379730785003686
ninotchka;vareludo;51.507309680840635;22.52891053079323;25.881062386960192;17.638010985159205;19.023933796112317;14.928082300975056
ninotchka;will_llermo;59.92773027209706;22.744290709733185;28.37032192741833;15.058140905626122;17.01305944558161;16.814187011640744
ninotchka;xzetaprobe;34.5956092042692;15.97234857216286;12.164278900547314;25.871458483742998;19.44626976271144;26.54564428083539
paloma55;a_de_la_hoz;37.22268893389687;11.876049691266928;11.772543848639241;23.144118093625604;27.89825328121349;25.309035085254745
paloma55;aixa72;58.01138343061266;27.940743408593477;25.167856176924946;16.006112802669914;15.573024425800675;15.312263186011005
paloma55;albertomilano;64.62018368047907;31.354003635050155;23.809896806866472;13.471768113380259;16.753806138854465;14.610525305848645
paloma55;alonsodvt;43.19924903472967;17.05502268747549;15.886660471769128;20.755599393661267;24.74669915721907;21.55601828987506
paloma55;anaavellaneda;27.965060994989503;4.610529195259547;6.2822177799937675;30.758509101660266;24.966984498642468;33.38175942444396
paloma55;batty;63.49365966976215;26.10842399780907;22.85361221012849;14.91617793157343;18.254902226950737;17.866883633538276
paloma55;bergmantonioni;32.0449452062222;8.621845438038381;12.478593805507758;27.23555641122146;22.04976870278764;29.61423564244477
paloma55;borinot;50.79642503137381;21.031166056972282;20.68927682887764;17.463525634247286;19.395113725841348;21.420917754061435
paloma55;bracero;53.187356907823954;23.548812459290026;21.28523710935376;17.503935426878662;16.946685577271566;20.71532942720599
paloma55;colmener;30.548071537542345;2.41181893090621;15.108444935693976;27.70523490515576;20.32423771774185;34.4502635105022
paloma55;danielquinn;70.23816623231988;32.25525311326905;24.66062704244184;13.147357024632775;15.225409333054426;14.711353486601892
paloma55;diogoserafim;59.11527965593432;26.795829772156097;24.062560291457036;14.872992082894328;16.976658391650894;17.29195946184165
paloma55;dr_akkar;44.461961504299765;15.742129678265986;24.646595027895756;20.32935103371482;23.202287287369288;16.079636972754155
paloma55;eljpax;77.58543712617829;36.32283407424908;21.20955060510379;12.226077919918819;15.932546665488953;14.308990735239348
paloma55;explodingboy;75.24885045093436;35.737279879127435;21.672540460433424;12.520683930621002;15.667855724246342;14.401640005571792
paloma55;ezequiel2517;47.18660709909405;11.710380619578865;21.1223737228293;19.94283960907236;24.000421794974198;23.223984253545268
paloma55;fabiovg;40.94013287121434;19.34584550051112;11.917706310577499;21.137881948245674;25.3321984536471;22.266367787018602
paloma55;figmare;36.01169650459411;6.13770727748325;16.76018285291186;23.485208712552314;24.459599625544342;29.157301531508253
paloma55;filmandera;52.26295277728999;25.72749037551691;18.967152836046605;16.906167160378246;17.57895581324252;20.820233814815726
paloma55;fleming22;46.701450502295;16.170445854595826;18.9187020695323;19.223063349397936;24.451484473636064;21.23630425283787
paloma55;genzai_2;55.610350663397774;24.841289556937284;21.364593764506104;16.068479317735466;18.04681090687343;19.67882645394771
paloma55;gorkalonso1;65.1430416011611;24.599128863434697;27.777798477117354;13.829679126885845;16.94302538512354;16.850368147438566
paloma55;guillehormigo;48.1815770093854;25.61310910346606;21.017179733124266;18.01175330211905;17.251010333817632;18.106947527473004
paloma55;heelena9;41.01171025087974;25.599735763363213;22.48889810235877;21.82707353935628;19.347039277164512;10.73725331775723
paloma55;hugoromero;47.52561915395998;22.719120435645777;17.26423073420593;18.46051681400937;18.89151058413886;22.664621432000047
paloma55;jal90;39.76790862336525;9.263300458505118;17.047417730036262;21.38336797364959;26.8022994415307;25.50361439627833
paloma55;jarsito;41.503525760791845;18.639437657571175;16.249467186572918;20.48546604008256;17.440146890764833;27.18548222500851
paloma55;jasikedevicius;33.58616130354776;6.580962013286635;18.70974125741773;26.0876923382518;25.60712521557321;23.01447917547063
paloma55;jjm_24;78.99121681919115;33.11143842609191;25.912485125819938;11.901714166326954;15.57040138295224;13.503960898808963
paloma55;jorgemz;32.64403386171208;12.985265218099286;8.514269708646939;27.093029052037373;20.35887624109374;31.04855978012266
paloma55;juanky97;64.9133877091802;30.644884446780488;22.897421611532998;14.407982093402667;17.100739665604582;14.948972182679254
paloma55;lobo_lopez;48.82426937072086;20.37166445126384;21.150753321794532;18.9917394365947;19.17119549272092;20.314647297626017
paloma55;luisru;58.69312039465854;27.30238338203746;21.961646508790984;14.752103288719466;18.474014160342463;17.509852660109626
paloma55;mabusecaligari;38.127074669117526;9.178857410711458;18.226513177665097;22.448291771458763;23.71319240625325;26.43314523391143
paloma55;mann_ohne_namen;55.86586623796453;21.430649173150645;24.42287710921809;16.418142147205977;18.9225509831734;18.805780587251885
paloma55;manuelsanbai;42.6308782363109;10.369443973711219;19.293849868344488;20.732358537197843;25.625976503935348;23.978371116811115
paloma55;marcos_m_rom;67.39813291354143;30.881549635996816;23.259019218259397;13.885319646386328;16.065609131489335;15.908502367868131
paloma55;marialebernedo;58.07568611786834;31.398532647774864;20.0439372674085;15.499467134428917;16.036307866161817;17.0217550842259
paloma55;marioiglesias;45.245924901024004;16.690636302173523;17.20005295498962;20.378381843062563;22.191889972724788;23.539038927049504
paloma55;marioquema;45.17148986821136;30.17420330521908;15.972895702255336;19.31946635761254;12.706688848039157;21.82674578687389
paloma55;mat25;30.905451594046873;0.0;9.17508579877823;30.688829720668252;31.144819726762307;28.991264753791196
paloma55;migblah;53.316277095631804;22.109996046354286;18.36865328176044;17.627004481674877;21.360891806418522;20.53345438379188
paloma55;ninotchka;72.13412779257607;31.15211612716534;24.309406526575728;13.028610799283756;17.294867167330985;14.214999379644174
paloma55;pauixitador;51.67963134288676;24.948655169220697;20.62831151012574;17.733369763448742;18.113255036293342;18.576408520911492
paloma55;paula_arantzazu;42.87701251573533;18.471937264898;11.332922409852813;20.63533864592791;24.42379408723308;25.13600759208819
paloma55;pele_alvaro;54.7401209089596;31.61962890026935;17.490060467060825;15.91395325197826;16.798359375270845;18.177998005420726
paloma55;rachelmygod;67.68405623864409;31.023227742864016;21.874055106635286;13.730229338960259;17.213827199667193;16.158660611873252
paloma55;simonsds;31.820999999891413;11.576697344076745;11.22076889084035;27.327942638784023;23.493194728304246;26.38139639799464
paloma55;synthemesco;56.57607343286119;26.045079754201605;20.98455706826911;16.15425118435562;19.94096643008584;16.875145563087827
paloma55;utges;68.94061517987403;27.518868796003723;26.132965206082496;13.174389437502587;17.678143283025804;15.495633277385396
paloma55;vareludo;47.23943567430566;10.917465742271125;27.71568716014811;19.116925179691744;21.068867473128407;21.18105444476061
paloma55;will_llermo;67.33376322434226;27.354930761647438;26.117191206739026;13.776535379981139;16.09678427285781;16.654558378774592
paloma55;xzetaprobe;32.61796719918465;11.293839494504654;9.800898729897403;27.61110474417379;24.481867570042628;26.812289461381532
pauixitador;a_de_la_hoz;27.32506210783193;21.570356750495247;5.318823867757517;30.49921690782297;24.373324471053397;18.23827800287088
pauixitador;aixa72;28.196125585725557;8.492243208805181;13.376773928570328;30.864692736296973;20.40373927824611;26.8625508480814
pauixitador;albertomilano;52.870194202237926;31.35451671483687;13.848400230063122;16.971885358561284;18.070572385237433;19.754625311301286
pauixitador;alonsodvt;28.96577478749266;6.994811942300311;10.064938353660944;30.409059957669168;36.24757532574771;16.283614420621863
pauixitador;anaavellaneda;23.754912415649077;0.0;0.0;33.3865992864894;27.1837846527341;39.4296160607765
pauixitador;batty;52.250664441721135;25.733540978671087;18.284131985187557;17.769204451882356;20.253568942978774;17.95955364128022
pauixitador;bergmantonioni;23.58279672800476;7.8103986230596725;2.416469403649582;35.42617496997379;20.837982467180417;33.50897453613653
pauixitador;borinot;39.75826913926398;24.090420554402293;11.556465147050076;22.089308094619142;23.50632840637291;18.757477797555573
pauixitador;bracero;59.879012181399084;31.990956069162205;20.63653128335939;15.574547146892654;15.872656422303915;15.925309078281838
pauixitador;colmener;26.0409457368662;7.073131865235794;4.437476568896841;31.139833752423346;20.94627260858952;36.4032852048545
pauixitador;danielquinn;46.517614906091154;28.509103765140356;16.69632472234193;19.10935307504945;16.28780571385625;19.39741272361201
pauixitador;diogoserafim;37.343082776880486;8.385080983479398;19.380248195848736;22.245202584954626;25.975726521925342;24.0137417137919
pauixitador;dr_akkar;21.508409096685597;3.4254703314284263;10.987878778068342;39.25452026100397;38.178816117560984;8.15331451193828
pauixitador;eljpax;46.09835177189674;20.777172876360616;19.93982602216177;19.441315255736615;18.610243878207903;21.23144196753308
pauixitador;explodingboy;42.51788458546734;17.76154397240569;14.40517580562207;20.793478868323234;26.95990258418865;20.079898769460343
pauixitador;ezequiel2517;34.06247005034631;2.7037241107303647;21.246791895724844;27.41913628900524;24.536230943299685;24.09411676123986
pauixitador;fabiovg;31.11770802371053;14.206011030269282;9.584697744327862;27.458709435695383;30.78204681286824;17.968534976839237
pauixitador;figmare;31.877950100613905;10.40041397014933;4.504916675819317;26.02031413409194;34.46045960161207;24.613895618327334
pauixitador;filmandera;42.626200823518;20.3090560690129;15.767095695801379;20.272953680662102;23.585455571427982;20.065438983095635
pauixitador;fleming22;26.997919482605386;8.186899433238672;6.014254148042831;32.12204333975189;32.46462410169287;21.212178977273727
pauixitador;genzai_2;46.273179210263216;22.290879056093228;19.545846297996142;19.431411077626002;19.116127407769994;19.61573616051464
pauixitador;gorkalonso1;48.43643291228635;26.238889218750064;18.58590312517953;17.572919488150013;18.906400668505892;18.6958874994145
pauixitador;guillehormigo;37.92894564283839;11.169290153792883;18.206324901734863;22.821663674461874;21.978145544619004;25.82457572539138
pauixitador;heelena9;52.004509944558;33.64736849250901;18.442501532985702;17.80355845251316;18.316007414438648;11.790564107553484
pauixitador;hugoromero;37.35018113402581;22.197650720749383;15.027092752804789;22.97340165234741;17.747157226308214;22.054697647790206
pauixitador;jal90;26.277856556610402;7.009363290171771;4.6570959587893395;31.61738677814605;31.372334797052268;25.343819175840576
pauixitador;jarsito;27.77222060819654;9.948306566343314;9.590085248582238;29.374618975723163;19.05918763872101;32.02780157063027
pauixitador;jasikedevicius;48.198682330883294;19.489626569497503;18.606175006012215;18.291887561156624;23.111737394119526;20.500573469214146
pauixitador;jjm_24;64.4941458282778;33.700024716603515;19.841396124533794;14.416844865920948;15.190395103721647;16.85133918922009
pauixitador;jorgemz;21.461334638550536;0.0;1.5749422512024318;38.1523465171458;30.539922195745127;29.732789035906634
pauixitador;juanky97;48.89253824048514;27.1242925401337;16.174336208037165;18.522163347495546;19.93858309035754;18.240624813976034
pauixitador;lobo_lopez;26.490652108716905;13.210810380927585;11.323239589069422;34.02256943561075;20.14001275241103;21.303367841981213
pauixitador;luisru;39.419973677547965;28.035185096617;13.807447986036996;21.1434871638438;20.198900711304187;16.81497904219802
pauixitador;mabusecaligari;28.312901039195804;5.85499658101382;15.95625829121289;28.901080405856142;27.46950386956527;21.818160852351888
pauixitador;mann_ohne_namen;51.44151748138145;28.64472933310646;18.701152686897895;17.325287706988842;17.77757185541261;17.55125841759419
pauixitador;manuelsanbai;27.704149042739935;9.307900413450968;7.964359280203233;29.444349896408028;24.34522396247599;28.93816644746178
pauixitador;marcos_m_rom;46.83588070509886;22.809607374780573;17.336634200136707;19.12458972239646;20.09838632420472;20.630782378481545
pauixitador;marialebernedo;44.97153347188531;19.249908457647685;17.978892289713436;20.612308170062523;21.19144711062245;20.967443971953895
pauixitador;marioiglesias;47.87814831266499;19.235397523047194;16.943192941573194;19.096122715228258;24.056221560838424;20.669065259312916
pauixitador;marioquema;36.80107633075428;18.018162000826063;15.327529518889797;22.874506698198353;15.856933648556549;27.92286813352924
pauixitador;mat25;26.126753878162052;2.819960626586066;1.1313138964280116;35.49309926834608;25.225619643910363;35.33000656472948
pauixitador;migblah;48.25293091618871;25.193513872156508;17.799651396800257;18.913438855332707;20.80248366568933;17.290912210021204
pauixitador;ninotchka;58.34181365571545;33.780988927048625;18.925148612930794;16.06928237139176;16.063214309647783;15.161365778981034
pauixitador;paloma55;51.67963134288676;24.948655169220697;20.62831151012574;17.733369763448742;18.113255036293342;18.576408520911492
pauixitador;paula_arantzazu;41.13259635389991;16.568534929765278;13.732667061872897;21.684022185390415;24.76532486413071;23.249450958840704
pauixitador;pele_alvaro;55.92548211329583;30.221217113416788;16.214708427639383;15.958834608599048;21.456465787077317;16.148774063267478
pauixitador;rachelmygod;38.1003865308683;19.337446137778784;14.362100367349058;22.56114650045688;21.41736437717633;22.32194261723895
pauixitador;simonsds;19.54493801360781;0.0;7.690267427274229;43.894812568831696;28.73981259258597;19.675107411308115
pauixitador;synthemesco;39.980767889255965;17.045867186174483;20.220250022537424;22.131723394584142;22.29224791138392;18.30991148532001
pauixitador;utges;64.27672991030619;36.679609477200096;19.771748892853115;14.57855001087098;15.029816232175294;13.940275386900526
pauixitador;vareludo;42.147455668075246;17.917648045608242;21.511985013687383;21.105699089581574;17.460008750932403;22.004659100190402
pauixitador;will_llermo;56.13015436003432;28.549040941958125;22.641825180710583;15.813229148397143;14.812438656533608;18.183466072400538
pauixitador;xzetaprobe;49.705860546291426;24.086531586853404;17.76578565957751;18.373248416598173;20.501454629182206;19.272979707788704
paula_arantzazu;a_de_la_hoz;48.64876187272706;27.260210932686828;20.394116955804346;16.450824569338913;19.273520314560237;16.621327227609676
paula_arantzazu;aixa72;34.083602394617536;21.07597253785087;12.211465790873852;24.008033615342757;23.635038408574104;19.06948964735842
paula_arantzazu;albertomilano;39.5604624285331;13.502218937219068;13.551576336313023;23.680009408212058;26.94517167215897;22.321023646096872
paula_arantzazu;alonsodvt;28.40613609731534;3.2420995671726076;2.2850818875939107;31.323725164261628;35.12884573898111;28.02024764199075
paula_arantzazu;anaavellaneda;29.777509915457728;8.041248469056724;10.87955020286294;27.355749600584204;26.042573819982515;27.680877907513622
paula_arantzazu;batty;42.970862601164555;12.00196806485508;15.661107967348947;20.483364529979628;27.327154750387603;24.526404687428755
paula_arantzazu;bergmantonioni;42.70084917624962;21.13625673876027;19.91671562391225;18.62757994283073;23.162829750023047;17.156617944473705
paula_arantzazu;borinot;48.186841190536256;21.023389622116063;17.245123370439355;17.266047781277774;22.993692914633883;21.471746311532932
paula_arantzazu;bracero;53.155923787013954;24.255759467416464;19.112976237429955;17.085579084988524;18.42551709252287;21.120168117642187
paula_arantzazu;colmener;37.512904621315826;22.095321657507426;10.707674242624147;20.774546845529915;20.78466963923781;25.637787615100713
paula_arantzazu;danielquinn;33.63507495126808;8.214239600736803;13.620812878785632;24.883305934296303;28.235041389873906;25.046600196307363
paula_arantzazu;diogoserafim;42.017178177221915;12.274382598544882;17.036821379891986;20.187209149105097;24.93712116703504;25.564465705422993
paula_arantzazu;dr_akkar;28.487567662676362;6.465664084534202;13.083445217121271;28.152907843959575;31.92835939107452;20.369623463310422
paula_arantzazu;eljpax;44.95230932408209;21.30687919000569;16.93048504176162;19.302994066092648;20.788105966293852;21.671535735846184
paula_arantzazu;explodingboy;44.19329067188295;19.58889888877664;12.63241492478514;19.940939301100556;23.98571161927559;23.852035266062074
paula_arantzazu;ezequiel2517;35.11437646870944;0.0;17.939616866461378;26.049204875867193;28.520911161645692;27.49026709602573
paula_arantzazu;fabiovg;36.594066305229646;11.073388002938605;13.011168205559795;21.92091543514474;30.44951586947265;23.545012486884218
paula_arantzazu;figmare;32.9834205261351;3.35061143121327;14.910161489847248;23.813657987550958;27.77885611275162;30.146712978636916
paula_arantzazu;filmandera;50.40207159603531;21.561160480754516;19.742267726449537;16.078983737751745;22.708123353482403;19.909464701561802
paula_arantzazu;fleming22;40.118046336341;16.52841590473056;17.507769870140745;20.452509082022505;24.681162203374562;20.830142939731626
paula_arantzazu;genzai_2;44.82006229469242;13.561570669137245;19.96989451595598;18.97327261979089;24.377627385926488;23.117634809189404
paula_arantzazu;gorkalonso1;46.77159782290807;24.810004906720742;15.304996895825898;18.0626599877439;21.673978751403702;20.14835945830576
paula_arantzazu;guillehormigo;38.05716345476057;13.551585926037774;16.92443918728398;23.7689441054269;26.283765562676173;19.471265218575184
paula_arantzazu;heelena9;34.4174329990601;17.660539710245217;14.478591685505576;27.340501335272528;27.223533706984817;13.296833561991866
paula_arantzazu;hugoromero;51.45992736711638;24.72897052353849;21.3432893387474;15.186124912779205;20.084166915673876;18.657448309261024
paula_arantzazu;jal90;46.00530003522838;22.8210433324462;17.71446567469071;17.928895260088993;21.724644267859045;19.810951464915064
paula_arantzazu;jarsito;39.222211033785875;9.392180513925794;17.8340681951624;20.420071710420963;24.759112264974537;27.594567315516304
paula_arantzazu;jasikedevicius;41.36741399651386;21.37230543145792;16.922013064829834;19.799007440889795;23.469701437793486;18.436972625028965
paula_arantzazu;jjm_24;36.00497394866602;11.766135415520724;9.477159862643889;23.974018249613;27.287668156198094;27.49501831602429
paula_arantzazu;jorgemz;34.638750111136595;6.118746145904688;19.786043488653817;23.29089965005544;24.14121820119166;26.663092514194414
paula_arantzazu;juanky97;42.303479079641804;21.77020035935353;14.217724220191828;20.28131945093156;25.884561335845362;17.846194633677726
paula_arantzazu;lobo_lopez;46.078898726982715;27.981078916088027;19.007436953114727;18.612280603569175;15.723870685432713;18.675332841795353
paula_arantzazu;luisru;40.902461254632115;14.860485739981463;18.611840168346788;20.106488307568924;24.725302680671646;21.695883103431164
paula_arantzazu;mabusecaligari;47.48752863282734;22.108729930838408;20.576163186718272;16.787187014333604;19.88819791574002;20.639721952369687
paula_arantzazu;mann_ohne_namen;46.554863751959935;23.342934908682786;17.016381805469248;18.506413600919732;22.735981636520275;18.398288048407966
paula_arantzazu;manuelsanbai;40.66132179484198;25.367346554084477;13.145004035640564;18.95763186920074;21.81842182047365;20.71159572060058
paula_arantzazu;marcos_m_rom;41.074533098907175;17.488818834050228;14.639360416482385;21.03263827448429;22.777190386538766;24.06199208844434
paula_arantzazu;marialebernedo;46.925147948218374;21.9811739848988;14.680908245941781;19.88650865212649;24.32582023324023;19.125588883792712
paula_arantzazu;marioiglesias;40.09482997814609;11.025324303968299;13.67485666286895;23.158577003494024;29.160840494371076;22.98040153529767
paula_arantzazu;marioquema;34.348647970939474;11.26103102576529;11.570339291636024;23.575507991368664;27.472941205592566;26.120180485637473
paula_arantzazu;mat25;25.860509010566616;0.0;0.0;34.25414282136941;36.76607866591305;28.979778512717527
paula_arantzazu;migblah;46.940526361595644;22.36636499426009;15.236194362487657;18.940475440727873;22.860370166684568;20.59659503583982
paula_arantzazu;ninotchka;48.286979885415526;25.938650460224206;14.545839769276377;17.81182037645134;19.592741042778577;22.110948351269485
paula_arantzazu;paloma55;42.87701251573533;18.471937264898;11.332922409852813;20.63533864592791;24.42379408723308;25.13600759208819
paula_arantzazu;pauixitador;41.13259635389991;16.568534929765278;13.732667061872897;21.684022185390415;24.76532486413071;23.249450958840704
paula_arantzazu;pele_alvaro;29.741220329193784;0.0;3.6636681253315895;31.46526845209375;36.35462293668044;28.516440485894222
paula_arantzazu;rachelmygod;45.46489596909865;24.307682553699614;14.695217807464008;18.714708902803583;21.473471145056802;20.80891959097599
paula_arantzazu;simonsds;29.171452873627157;0.0;17.412704969520156;27.420467086395263;29.585705209838242;25.581122734246346
paula_arantzazu;synthemesco;33.3340860675372;7.735849118729959;14.19623412940563;24.303772773267937;32.288275055169805;21.475868923426685
paula_arantzazu;utges;46.95418098181127;20.398469402565144;16.59256334071168;18.30941750785395;21.86705049444474;22.832499254424487
paula_arantzazu;vareludo;48.78665832319588;26.805615528981253;18.137072301182148;17.187972242378336;19.541503957074003;18.327835970384257
paula_arantzazu;will_llermo;35.98986614201734;10.235717041318233;7.374218584221128;24.100860845898037;28.07692722408262;30.21227630447997
paula_arantzazu;xzetaprobe;42.18591819812404;13.098520854323512;13.454195459454573;21.932007271890022;27.829527830985306;23.685748583346598
pele_alvaro;a_de_la_hoz;30.349316240962448;19.457752820636564;4.534630256715229;24.057392736680157;26.586570545069392;25.363653640898658
pele_alvaro;aixa72;35.05367140003718;20.912819295066775;11.70165837164117;22.57513141580237;18.112025755437514;26.698365162052188
pele_alvaro;albertomilano;58.299502401197486;32.134132091397525;17.496468814622848;16.146734132375347;18.974893942158797;15.247771019445478
pele_alvaro;alonsodvt;30.036566299322804;12.202977669157802;6.562295082588956;27.515497231794036;29.036557014115935;24.682673002343268
pele_alvaro;anaavellaneda;26.788732935370124;3.040544849733067;3.2608243316838834;28.08487196993754;27.56835445493509;38.04540439371042
pele_alvaro;batty;50.71729155770728;25.29461605557477;17.515452224633446;17.176472567915575;20.72305936812365;19.290399783752584
pele_alvaro;bergmantonioni;27.798361149690443;10.255396075911277;7.282866324704417;26.457658469586914;21.46359371223548;34.54048541756192
pele_alvaro;borinot;39.77526785528037;19.454231468956905;11.23753720698495;19.58480153036728;27.016244963263357;22.707184830427504
pele_alvaro;bracero;46.09054105106174;27.833789495107194;12.087965755366968;19.057966140954754;21.80067649281692;19.219602115754164
pele_alvaro;colmener;24.94299333795093;4.898310089766809;3.4576595180853475;28.825807365931333;22.574670875968334;40.24355215024819
pele_alvaro;danielquinn;51.47486391649408;32.83420311436414;14.86977992683697;15.56480856247784;16.62859824777027;20.102610148550788
pele_alvaro;diogoserafim;37.98729658476101;16.617546454305195;14.808569340831287;20.389455809954395;27.075871183316664;21.108557211592434
pele_alvaro;dr_akkar;21.90763199572863;0.0;0.0;33.75270898761746;42.52344272867743;23.72384828370511
pele_alvaro;eljpax;51.306157440710834;28.973233455310577;18.57364028677377;16.49780694805304;16.06561208833437;19.889707221528244
pele_alvaro;explodingboy;52.63419899649798;28.242194344470587;15.458956189527711;15.932983916722247;21.494630827036932;18.871234722242516
pele_alvaro;ezequiel2517;38.91521475004941;14.651503566529227;13.033615769506545;23.134357234924824;24.90316710595881;24.2773563230806
pele_alvaro;fabiovg;28.316148050508634;8.62960002316252;8.035911356937202;26.062439249747914;33.05576900935055;24.216280360801818
pele_alvaro;figmare;33.232584642577436;11.029402369721504;8.528751244209294;21.79976294254075;32.23979689266493;26.402286550863533
pele_alvaro;filmandera;38.37589770309871;13.796165494809836;11.546021774313312;19.78789840977446;29.69488061021616;25.175033710886225
pele_alvaro;fleming22;28.15064033164331;3.6168068913318834;6.026841948080881;27.394454383091897;33.69393890603399;29.267957871461345
pele_alvaro;genzai_2;46.83132012910389;26.0890608249888;14.658795425562019;17.279400902611545;21.83189371841483;20.1408491284228
pele_alvaro;gorkalonso1;46.051540724344235;22.55119740020587;15.819930903627098;17.36057996863702;21.724264979901218;22.54402674762879
pele_alvaro;guillehormigo;37.83485170563542;12.917033943925635;15.733341800489354;22.593895344655984;23.70687373603148;25.04885517489756
pele_alvaro;heelena9;41.27047607787554;24.67028239625141;18.449017437589642;22.266546928237197;25.589456291897235;9.024696946024525
pele_alvaro;hugoromero;35.941264604339494;19.57162762458341;12.237750513681844;20.05152872626266;20.116054868056903;28.023038267415185
pele_alvaro;jal90;25.983326669687187;0.0;3.1081646881036713;29.321676959116076;35.15755227340684;32.41260607937342
pele_alvaro;jarsito;37.235532378694025;24.06238681967467;13.524020321166509;19.645538297340572;17.043707367795424;25.72434719402284
pele_alvaro;jasikedevicius;35.388140483949414;10.35758146080208;11.94538468124667;21.46655850311399;33.035295063261366;23.195180291575902
pele_alvaro;jjm_24;57.7261119808279;32.453318727667394;18.40311563994066;14.664225040011129;16.70887051966569;17.770470072715128
pele_alvaro;jorgemz;39.0208680709764;27.02186521231606;10.182231398882458;19.509325898907214;19.675134225317045;23.611443264577225
pele_alvaro;juanky97;52.06836897647675;29.331271157991505;15.171864075265017;15.84510763638218;19.87156951567228;19.78018761468903
pele_alvaro;lobo_lopez;30.5320728102345;20.67516573781834;6.364506762652809;27.18506892064114;19.202298096004693;26.572960482883023
pele_alvaro;luisru;47.572097470756766;32.959606671662826;14.027002059723726;15.928560745793167;18.87837313596367;18.206457386856606
pele_alvaro;mabusecaligari;28.124249371612276;2.8961606363698946;12.525518033957425;25.7360761906836;32.421646304242906;26.42059883474617
pele_alvaro;mann_ohne_namen;55.30382067866512;29.82452107103634;16.84177627315365;15.048889926733166;19.170305799538273;19.114506929538564
pele_alvaro;manuelsanbai;28.9290876022473;10.55844878484693;4.781654339305974;25.044550815924488;26.086749857951762;33.528596201970856
pele_alvaro;marcos_m_rom;44.79252054858931;21.8212352312233;16.882237535561067;18.482538051252465;21.838048955139108;20.97594022682405
pele_alvaro;marialebernedo;43.194612946650395;18.857060730724896;14.619535422149925;21.064446598148685;25.644218371979388;19.814738876997097
pele_alvaro;marioiglesias;35.0767224775342;6.9663587306096675;5.034291563312641;26.174572855126343;32.733015189177856;29.091761661773504
pele_alvaro;marioquema;44.3023141945537;26.65908110798306;17.738259824124505;17.014256459367214;14.693394238353928;23.8950083701713
pele_alvaro;mat25;30.602743499842965;6.654006687172687;7.568947333049223;28.564396640422082;22.619501565758124;34.59314777359789
pele_alvaro;migblah;43.97908425270415;20.835787854443378;12.855695234874508;19.73264980795048;23.304171062714065;23.271696040017556
pele_alvaro;ninotchka;41.685684760837326;24.913046083243618;15.465820827329267;20.212793458821192;21.51772119463075;17.89061843597516
pele_alvaro;paloma55;54.7401209089596;31.61962890026935;17.490060467060825;15.91395325197826;16.798359375270845;18.177998005420726
pele_alvaro;pauixitador;55.92548211329583;30.221217113416788;16.214708427639383;15.958834608599048;21.456465787077317;16.148774063267478
pele_alvaro;paula_arantzazu;29.741220329193784;0.0;3.6636681253315895;31.46526845209375;36.35462293668044;28.516440485894222
pele_alvaro;rachelmygod;45.36205588822449;24.689571658205043;16.060387431730458;17.898674675097777;18.98887100061941;22.362495234347303
pele_alvaro;simonsds;22.012848524386364;0.0;3.56726608931788;34.38909604216052;31.597483614887054;30.44615425363456
pele_alvaro;synthemesco;40.201397989799176;20.767599320211886;12.529950681314547;19.468696371317588;23.65208041383857;23.581673213317423
pele_alvaro;utges;44.91877935960972;26.29321197552279;15.628430297021573;18.490999504403845;21.6843176594912;17.903040563560577
pele_alvaro;vareludo;38.52758982169694;9.51358622496542;24.389378469287216;20.43674876361035;19.129554085331385;26.53073245680562
pele_alvaro;will_llermo;45.69220432060662;22.728546387724787;17.2370132109861;18.271911605372406;20.402050112324343;21.360478683592373
pele_alvaro;xzetaprobe;36.40170120997056;16.78197884647301;8.608608872077921;24.422805220359447;30.29029212423439;19.896314936855223
rachelmygod;a_de_la_hoz;59.04721722328782;28.074471004485325;20.106239034519724;15.346000741418704;19.645191338246082;16.82809788133016
rachelmygod;aixa72;61.04152985726406;30.778203690744018;21.051810545153288;15.383044050460017;16.161887907486893;16.625053806155783
rachelmygod;albertomilano;49.802485102794165;26.998544586651253;18.66971871055131;16.239947179035983;22.0315537258883;16.06023579787316
rachelmygod;alonsodvt;35.13261171391359;2.6213684964866877;19.568444598853173;25.331579348079053;24.877933993868606;27.60067356271248
rachelmygod;anaavellaneda;30.07105877871304;7.350231773921757;13.740542969804878;30.618550455071315;15.32128636751323;32.96938843368883
rachelmygod;batty;65.2620183146551;28.505547074300694;23.158229299481953;14.078724132038085;17.12153284231442;17.13596665186485
rachelmygod;bergmantonioni;38.888670329766434;15.156376726108403;20.601081239983905;22.95568036031955;14.116571021640379;27.170290651947763
rachelmygod;borinot;62.38573503946656;29.22929938166529;22.314425331200315;14.51437810014314;17.215569454036377;16.72632773295488
rachelmygod;bracero;57.24873339964485;28.95643780026449;21.27112284129682;15.94573030620135;16.3205194922233;17.50618956001405
rachelmygod;colmener;36.69561453066542;19.575774305665;15.069782722639872;24.617876010411536;10.942859254755147;29.79370770652844
rachelmygod;danielquinn;72.20936241906718;29.079025501793055;25.77447921127408;12.923110459408798;16.97037396811381;15.25301085941027
rachelmygod;diogoserafim;59.15625537109323;24.90908755963072;25.56266353945446;15.023280336254006;18.441092947052503;16.0638756176083
rachelmygod;dr_akkar;46.998511673677754;16.06823811617423;22.43664661097132;19.956985210605076;25.167534779995687;16.370595282253678
rachelmygod;eljpax;74.67305119818072;34.286204432549134;23.025863192456626;12.305234102944407;15.51831516394291;14.86438310810693
rachelmygod;explodingboy;77.5229688560227;36.5896985819722;23.18087968264301;12.1656786774896;14.505513442329185;13.558229615566008
rachelmygod;ezequiel2517;53.31653973572356;19.691618226354645;22.908189650700262;17.14153839222847;19.394067763593217;20.8645859671234
rachelmygod;fabiovg;38.0925048004201;13.539013077784391;17.335492917174122;23.24053334942278;24.22633436999367;21.65862628562504
rachelmygod;figmare;37.77868406084213;7.3132924427304165;21.338907268051766;23.80279143249798;20.49650046519176;27.048508391528085
rachelmygod;filmandera;41.73191224990433;11.916918960509943;22.95270038049096;21.729314362607383;18.07473487433781;25.32633142205391
rachelmygod;fleming22;56.41742828051538;21.874091505596834;21.1904476045386;16.477431646058076;22.08445416184792;18.37357508195857
rachelmygod;genzai_2;56.08476242430939;24.631161183157925;20.719596065916992;16.135548342632447;19.225582960695935;19.2881114475967
rachelmygod;gorkalonso1;71.71996097810374;32.61611154510302;21.760457002132917;13.048340516121053;16.74172894933437;15.833361987308649
rachelmygod;guillehormigo;43.56597863543646;23.253253312291296;22.413999270486812;19.247796109714972;14.082166518788707;21.002784788718206
rachelmygod;heelena9;30.926329241273994;20.84530128983743;17.506276707801955;27.55484957999871;26.855557393931917;7.238015028429985
rachelmygod;hugoromero;57.375341014458286;28.564387508562678;21.616050638529714;15.6630008572336;14.362057759535839;19.79450323613817
rachelmygod;jal90;48.55887136401762;15.17259671968332;20.978380694827262;18.5621422820206;24.07905847458037;21.207821828888463
rachelmygod;jarsito;42.09720594443789;13.563661073843466;23.989712592019448;21.225310680814005;15.38978188226635;25.831533771056737
rachelmygod;jasikedevicius;32.07459549778325;13.207942065600765;14.546098310936877;27.51311780059875;21.108931375631933;23.623910447231676
rachelmygod;jjm_24;59.83775367519221;25.85666518121325;22.03999459405063;15.120462399603696;20.033812103138978;16.949065721993456
rachelmygod;jorgemz;37.82330417253442;11.207149844691678;19.62991512200902;24.436810680758125;16.640969237483198;28.08515511505797
rachelmygod;juanky97;68.00076424076619;35.21259778378306;19.65026588507262;13.885735423959881;15.843476624426248;15.407924282758188
rachelmygod;lobo_lopez;75.65311976111228;35.30284188242111;23.776924435880726;12.462077468359233;14.740893375860244;13.71726283747868
rachelmygod;luisru;70.73281902252563;31.50887596756361;23.776969553569423;12.809562498783873;17.183241582249572;14.721350397833511
rachelmygod;mabusecaligari;55.233504180657334;24.01034534993375;23.19586984200294;16.432523278174703;18.819842955771698;17.541418574116896
rachelmygod;mann_ohne_namen;71.75645608956549;35.42310383195505;20.668674684854516;13.129028914272794;15.46034188292514;15.31885068599249
rachelmygod;manuelsanbai;65.51385622722451;29.801711717392248;20.270739118705944;14.25968137394438;18.624963681251337;17.042904108706093
rachelmygod;marcos_m_rom;55.720647987532715;27.10604789978098;19.658232432461322;16.73255361549223;19.22004196016456;17.283124092100895
rachelmygod;marialebernedo;50.34866839521965;26.705663872164795;20.488106126244386;17.40047008381419;16.729670943587518;18.67608897418911
rachelmygod;marioiglesias;49.34053125643018;19.785205054150918;20.878873238542152;18.38943980717796;19.083272186976505;21.863209713152457
rachelmygod;marioquema;33.044598620991856;17.279442251219123;14.487217237502799;27.429666759422727;10.6062295188571;30.19744423299826
rachelmygod;mat25;33.5491019495471;12.62744379117484;10.402139454150266;27.298767154113197;21.27762857090979;28.39402102965191
rachelmygod;migblah;60.88834228337253;28.13308158048201;18.90111419323952;15.311725648880996;19.468491900616886;18.185586676780595
rachelmygod;ninotchka;64.40612947899388;30.600257724390204;22.981995443410618;14.008910295362384;18.42872522532174;13.980111311515055
rachelmygod;paloma55;67.68405623864409;31.023227742864016;21.874055106635286;13.730229338960259;17.213827199667193;16.158660611873252
rachelmygod;pauixitador;38.1003865308683;19.337446137778784;14.362100367349058;22.56114650045688;21.41736437717633;22.32194261723895
rachelmygod;paula_arantzazu;45.46489596909865;24.307682553699614;14.695217807464008;18.714708902803583;21.473471145056802;20.80891959097599
rachelmygod;pele_alvaro;45.36205588822449;24.689571658205043;16.060387431730458;17.898674675097777;18.98887100061941;22.362495234347303
rachelmygod;simonsds;29.10022177480137;0.0;21.746158933751698;31.09926074113172;17.22680496335307;29.927775361763505
rachelmygod;synthemesco;58.98994166745311;22.16914221288167;24.165610287352308;15.54072217969601;19.97781938204511;18.14670593802489
rachelmygod;utges;60.45223535766622;23.4610188261779;25.44248207294621;14.53572479621378;20.57183359951233;15.98894070514978
rachelmygod;vareludo;59.25716891933152;24.866667976399484;25.412378441464522;15.578529296694375;16.300002372472814;17.8424219129688
rachelmygod;will_llermo;63.3985341498033;31.377117658532807;18.828194095926275;14.807666720101363;18.218177804041865;16.768843721397687
rachelmygod;xzetaprobe;36.31439740813144;21.81012330716967;12.094142357142024;24.58151567214594;20.342895090653002;21.171323572889378
simonsds;a_de_la_hoz;63.285125733083596;25.321306647342716;29.308379593071095;15.002370666604854;12.707835617425635;17.660107475555687
simonsds;aixa72;36.77184051284128;14.526170502157717;19.087568878982026;24.883737892693606;23.032205812958264;18.47031691320839
simonsds;albertomilano;25.773815694459795;10.719660911436014;17.52707852857744;29.9285582511976;27.45168017218286;14.373022136606085
simonsds;alonsodvt;30.150413317815758;0.0;14.850267071035361;29.369160541014605;19.598892448531238;36.1816799394188
simonsds;anaavellaneda;45.7437433963619;20.938238827130153;18.635268461644902;19.899749621516598;26.540484817985707;13.98625827172262
simonsds;batty;33.892572653518435;8.695287665543837;21.766783950855693;25.92019172009444;18.997795441995898;24.619941221510143
simonsds;bergmantonioni;44.177933386907284;8.338599340044818;30.26029012139999;20.87879898199083;22.834809014682495;17.68750254188187
simonsds;borinot;42.42311614308298;17.36704512427351;25.03143515451146;21.550072537093158;12.729110705572161;23.322336478549726
simonsds;bracero;30.182020976828095;9.154011417942247;22.5103765243724;29.70118636385816;11.89727999979841;26.737145694028776
simonsds;colmener;37.165375491049645;8.920772982530265;16.962416399029717;25.01822750936709;29.668802162185905;19.42978094688701
simonsds;danielquinn;28.966552766506375;0.0;22.79635692955574;32.24971051128543;19.46427496448717;25.489657594671648
simonsds;diogoserafim;25.65890824056013;0.0;15.01208043048484;34.43201099933362;27.895287805511455;22.660620764670092
simonsds;dr_akkar;31.155469135551478;0.0;22.169428618077642;29.35622026668666;13.232009510780326;35.242341604455376
simonsds;eljpax;36.4946221067847;17.160050176198684;22.69682017497669;23.13255057486889;16.875279479316784;20.135299594638944
simonsds;explodingboy;28.655845188672096;0.0;16.181666332779656;30.875307323885043;21.187936667021315;31.755089676313997
simonsds;ezequiel2517;33.565620478544;0.0;18.443309696510862;26.090968058006585;28.43820927847739;27.027512967005162
simonsds;fabiovg;41.87029121548772;11.877534211304127;20.972578525302072;22.563880214893025;20.098471325718634;24.48753572278214
simonsds;figmare;41.60498764449979;18.593981750405575;16.14055194075743;22.710483519737977;19.006788682781497;23.54819410631753
simonsds;filmandera;48.921834862476885;23.71954311900819;19.62919129091334;19.17952247694957;19.31409730177308;18.157645811355813
simonsds;fleming22;47.30584952908832;19.857466447001073;24.769021626119482;20.13438672595291;12.405190745486568;22.83393445543998
simonsds;genzai_2;29.75469550037453;7.428382243333098;17.87918875449002;31.36625402376133;18.940652918014074;24.38552206040148
simonsds;gorkalonso1;33.763590413186854;2.727657823682846;28.11392568050596;27.21232726230971;18.0187996494216;23.92728958407988
simonsds;guillehormigo;32.102535402626714;13.770205308623705;20.745997090075598;25.900939421612;27.91269517768244;11.670163002006259
simonsds;heelena9;15.584923643462712;17.727809962954073;4.0191088220287225;53.96594774438437;17.093953483120682;7.193179987512133
simonsds;hugoromero;55.08153041082732;25.203320852762815;25.43138745820117;16.610354234353025;16.662873788242884;16.092063666440122
simonsds;jal90;39.80408610288984;4.164696517703461;26.735918387697502;23.44659295640268;18.77184394459779;26.880948193598567
simonsds;jarsito;47.12111347780359;18.76265099846431;22.969298617685126;19.77122184091203;19.990600692209977;18.506227850728564
simonsds;jasikedevicius;29.184175764458917;15.778331772917165;13.32478754687656;31.41015048382866;26.518309975798257;12.968420220579361
simonsds;jjm_24;22.67994846785006;0.0;12.04739014179872;38.75373984292566;24.25603634255457;24.942833672721054
simonsds;jorgemz;53.36406155610858;23.432994118333674;24.311631170733076;16.730312690665023;16.28738357922788;19.23767844104035
simonsds;juanky97;29.0483116922161;0.0;24.714282526799636;31.109220819467613;21.246440529272384;22.93005612446038
simonsds;lobo_lopez;43.23996949187842;10.22337685748277;29.84368342776143;21.267398481883827;13.51181788115162;25.153723351720366
simonsds;luisru;37.53358240881791;5.8888397409898765;28.329681605541335;24.514619086938517;12.781225344742605;28.48563422178767
simonsds;mabusecaligari;54.49627858989427;26.363087045477503;31.43596230999497;17.16873952222217;6.353960781865696;18.678250340439646
simonsds;mann_ohne_namen;34.00127904008187;0.0;31.96339205685208;26.81710460693111;19.097508100087108;22.121995236129706
simonsds;manuelsanbai;31.57251348936083;1.7501714884471176;23.746979082381515;28.188545414722437;19.46760623660044;26.84669777784849
simonsds;marcos_m_rom;23.19183791953133;0.0;9.194276408540299;37.41271619857374;23.684955908374686;29.708051484511273
simonsds;marialebernedo;25.28782201082093;0.0;17.367546769831748;33.8695493530394;27.000810967638472;21.762092909490384
simonsds;marioiglesias;37.038450017087136;18.897280081317028;15.646839108523068;23.347030855354394;21.121695443645216;20.987154511160295
simonsds;marioquema;34.72386424946461;15.913353574564598;17.26388704603142;26.36331689338722;26.827957565925185;13.631484920091582
simonsds;mat25;26.5199446739103;1.3890756210627193;5.211738205723191;32.762904481236745;37.55981442283657;23.076467269140785
simonsds;migblah;28.01131311376384;0.0;19.11732367109094;31.880522172637022;16.54082601631734;32.461328139954695
simonsds;ninotchka;28.31303165146274;0.0;22.34751930940007;30.93323456470905;22.928277006009314;23.79096911988157
simonsds;paloma55;31.820999999891413;11.576697344076745;11.22076889084035;27.327942638784023;23.493194728304246;26.38139639799464
simonsds;pauixitador;19.54493801360781;0.0;7.690267427274229;43.894812568831696;28.73981259258597;19.675107411308115
simonsds;paula_arantzazu;29.171452873627157;0.0;17.412704969520156;27.420467086395263;29.585705209838242;25.581122734246346
simonsds;pele_alvaro;22.012848524386364;0.0;3.56726608931788;34.38909604216052;31.597483614887054;30.44615425363456
simonsds;rachelmygod;29.10022177480137;0.0;21.746158933751698;31.09926074113172;17.22680496335307;29.927775361763505
simonsds;synthemesco;42.28535990338062;23.9574817223368;20.231040441275717;21.392471024073984;14.888397624330707;19.53060918798278
simonsds;utges;33.83460462378154;17.964756761997904;18.645476277424326;26.482565677822087;16.275794299116725;20.631406983638954
simonsds;vareludo;42.55060336875166;13.852008931281729;26.73262368827666;22.036910833072447;21.50986428479603;15.86859226257313
simonsds;will_llermo;28.507240173214395;12.922404411870898;10.543202516997551;31.86359202345693;20.224499079735804;24.446301967938815
simonsds;xzetaprobe;25.34769700297018;18.166447534732786;6.403582825622762;34.93647330313467;28.271897891764368;12.221598444745412
synthemesco;a_de_la_hoz;56.20528975722693;24.578341810161344;23.26945583293297;16.01766681586943;19.220181166318596;16.91435437471766
synthemesco;aixa72;59.74517296994786;23.43037701482004;26.27944750580375;15.49529282812949;15.99656282384689;18.798319827399837
synthemesco;albertomilano;43.106555031798905;24.355668061427135;15.83980142644698;18.814766965357308;24.28703486078416;16.702728685984415
synthemesco;alonsodvt;32.481082207963176;2.268287022125729;16.81194605687303;26.44352696450495;27.1024179785442;27.373821977952105
synthemesco;anaavellaneda;32.89880208973043;13.99678950239049;14.072354629060284;26.28077914993734;15.393212976155752;30.25686374245613
synthemesco;batty;64.40295722805173;28.02778474772205;23.363012306242375;14.291397811761183;18.83904055151027;15.478764582764127
synthemesco;bergmantonioni;42.46544234120251;10.843584391065633;22.170527324174863;21.167096123667566;19.13348151499011;26.685310646101815
synthemesco;borinot;52.079537701012875;21.92769977583879;22.602958159596945;17.414390798591523;21.37947709717627;16.675474168796477
synthemesco;bracero;47.83679879791967;26.182753121058326;18.615866231420494;18.916056005732457;19.759665695155878;16.525658946632845
synthemesco;colmener;32.82667549002627;8.977627632052707;17.63735742431874;26.79765093204173;15.501670333219536;31.085693678367285
synthemesco;danielquinn;57.715167728989144;15.637762942841913;28.9335407902416;15.940604885617734;20.170390773868448;19.317700607430297
synthemesco;diogoserafim;47.539452611549734;22.472030939536314;22.275469221799643;18.45165595986748;22.19293178405513;14.60791209474143
synthemesco;dr_akkar;43.25114341048878;6.3879597821558365;27.527491960544385;20.97238287729539;28.01278595409745;17.099379425906942
synthemesco;eljpax;62.71402266188488;29.957393255899934;20.608613830823376;14.53664497682086;18.341908309877905;16.555439626577932
synthemesco;explodingboy;48.34639017638164;16.382225899542558;23.71911601169845;18.586760583305274;23.5089558337978;17.802941671655923
synthemesco;ezequiel2517;50.341508393341414;21.95298261464098;20.226534250126306;17.857190186109737;19.722336047658217;20.240956901464756
synthemesco;fabiovg;39.006619309335065;15.110546577265577;16.802753533717063;23.364434933678204;26.604297725248365;18.117967230090787
synthemesco;figmare;44.056979200672224;21.739879616289475;17.883632693205836;20.226071637008808;19.66701123774718;20.483404815748695
synthemesco;filmandera;53.21048949827178;29.76937415028416;18.458035073827602;17.428005604732547;16.855539667244095;17.489045503911598
synthemesco;fleming22;68.47696459175548;32.00891607660895;22.857827627361353;13.538528149284724;16.901291405431778;14.693436741313207
synthemesco;genzai_2;48.6807612590222;16.648067298987392;23.94221592365076;18.363692598540155;22.02007283043635;19.02595134838535
synthemesco;gorkalonso1;55.10546647999264;16.04408896827071;27.642964045311004;16.28257937297145;20.380115871461864;19.650251741984963
synthemesco;guillehormigo;41.58529135308247;21.260329748237467;19.924099348652323;20.154119017256114;16.056382019627307;22.605069866226806
synthemesco;heelena9;22.43686557945564;9.85116441189322;4.848979367261653;37.04574993505409;41.68356822719355;6.570538058597483
synthemesco;hugoromero;56.95045691102486;27.761818454640444;21.224100225766705;16.107381615375555;16.531271508792724;18.375428195424565
synthemesco;jal90;52.00747724994995;14.520667346524199;27.66197200117381;17.11847054217187;21.94175432083728;18.75713578929285
synthemesco;jarsito;47.659769568024004;23.18824175128396;20.999550170030645;18.35487209604652;18.385479546077434;19.071856436561433
synthemesco;jasikedevicius;30.54491068985139;9.648274042772165;13.447072238261347;29.23391359846586;23.875961530850756;23.79477858964988
synthemesco;jjm_24;50.27382418036892;18.318781800990187;22.688140020526834;18.072559707542673;22.694080894787877;18.226437576152414
synthemesco;jorgemz;43.81038822357319;24.188979752915124;19.582087576308812;20.74602463825019;14.050104859258573;21.4328031732673
synthemesco;juanky97;61.25369605543818;25.860365538761396;23.30759146353325;14.961002790151765;17.869870465987713;18.001169741565892
synthemesco;lobo_lopez;58.593936373997195;20.432861387877175;30.61735802054603;15.520000083745982;17.056936271180607;16.372844236650206
synthemesco;luisru;66.20931546713011;28.37589584314942;24.785489759297928;13.777494171057807;18.03092068479221;15.03019954170264
synthemesco;mabusecaligari;54.50341587183864;28.049354947971896;22.60810339980348;16.340746043220904;18.584402554897135;14.417393054106585
synthemesco;mann_ohne_namen;52.68618712716733;18.87841362096913;23.03706691823797;17.1748221480922;19.943246712158547;20.96645060054216
synthemesco;manuelsanbai;53.9081347188733;18.108816665241445;23.87483986925395;16.56337957405202;20.569843661546443;20.883120229906122
synthemesco;marcos_m_rom;49.78949092547171;27.745469927782672;14.888172496851498;18.083031105735724;22.514310908502296;16.7690155611278
synthemesco;marialebernedo;42.67046460307615;21.151307339813393;18.01856782419515;19.823176783921316;22.999123951156086;18.007824100914043
synthemesco;marioiglesias;42.24142685049546;13.953395560748229;14.770486922190026;20.468701167222633;25.71230140314295;25.095114946696164
synthemesco;marioquema;31.187723613737653;14.174118922447153;8.346435573778422;28.737466990296873;19.932320628774697;28.80965788470286
synthemesco;mat25;31.727532602327095;13.932961915516477;6.233792173126341;28.191112639412758;20.89398885018623;30.748144421758184
synthemesco;migblah;46.23533108329717;12.748072179552386;20.402821032075174;19.555878434345804;25.002844991630536;22.29038336239609
synthemesco;ninotchka;49.52837580358392;21.197726123499585;25.870473407512137;18.272147370541763;22.03899386004802;12.620659238398497
synthemesco;paloma55;56.57607343286119;26.045079754201605;20.98455706826911;16.15425118435562;19.94096643008584;16.875145563087827
synthemesco;pauixitador;39.980767889255965;17.045867186174483;20.220250022537424;22.131723394584142;22.29224791138392;18.30991148532001
synthemesco;paula_arantzazu;33.3340860675372;7.735849118729959;14.19623412940563;24.303772773267937;32.288275055169805;21.475868923426685
synthemesco;pele_alvaro;40.201397989799176;20.767599320211886;12.529950681314547;19.468696371317588;23.65208041383857;23.581673213317423
synthemesco;rachelmygod;58.98994166745311;22.16914221288167;24.165610287352308;15.54072217969601;19.97781938204511;18.14670593802489
synthemesco;simonsds;42.28535990338062;23.9574817223368;20.231040441275717;21.392471024073984;14.888397624330707;19.53060918798278
synthemesco;utges;57.43436742258418;25.33516613359671;26.406171483111557;15.609785630640035;20.091723550826575;12.557153201825104
synthemesco;vareludo;54.22060584585476;23.779470581933804;23.213260020641457;17.161768635277454;17.059865945202922;18.785634816944352
synthemesco;will_llermo;58.025102733795066;28.569003926385967;19.517932904401327;16.161407961099123;19.983325608799078;15.768329599314509
synthemesco;xzetaprobe;24.192877536475944;0.0;2.8603762817941347;36.85710564723845;38.974278175678215;21.30823989528921
utges;a_de_la_hoz;51.11029104189024;26.668087602277996;19.155888333882892;17.353359892779338;21.186883657718266;15.635780513341524
utges;aixa72;40.03012598784699;13.343800744715375;26.730492594603863;21.898659965537913;21.861466000598547;16.165580694544296
utges;albertomilano;63.7259781774459;34.39528863244939;20.856381429198994;13.29762490152824;17.809431712274947;13.641273324548425
utges;alonsodvt;35.896279972305706;8.209922286517019;14.196785111144907;25.688240563787197;28.642321862243076;23.262730176307812
utges;anaavellaneda;29.43932105405507;17.518573873068767;11.680749290099262;27.79579156790589;18.40020862132379;24.604676647602286
utges;batty;63.4988711540174;26.68642080800189;24.193182400132088;14.538432046849925;18.271532905348803;16.310431839667288
utges;bergmantonioni;30.06083891817593;6.127275542564303;22.915368574320887;28.601276457678225;18.547828869683986;23.808250555752597
utges;borinot;55.85971423234332;24.73039545899468;21.999691451742265;15.832352470869191;19.194351290531877;18.243209327861983
utges;bracero;61.378952116510874;29.408651664143047;22.641056855054103;15.083963492199294;15.433927852751909;17.43240013585165
utges;colmener;24.82010361274945;2.96841698916503;9.04471845847516;33.57352154402652;17.583962392769603;36.82938061556369
utges;danielquinn;56.46896942606965;22.83266924738477;25.977647592843333;15.940062090823526;20.419262057744376;14.830359011203996
utges;diogoserafim;46.035549786129344;6.401697607975193;28.195854461552354;18.730952377177456;23.669706772271425;23.001788781023567
utges;dr_akkar;33.89804719319476;0.0;23.117102913110834;26.038540881105188;33.20893579928727;17.63542040649671
utges;eljpax;70.66008138690239;29.71660731261891;26.92455268944642;12.777303001680044;16.658051641988802;13.923485354265845
utges;explodingboy;59.285507053834905;22.05861889260453;25.42200690808624;15.17074096698815;20.415505168719644;16.933128063601433
utges;ezequiel2517;47.979756174339265;13.820156832871351;23.717978529788223;19.30243495397804;22.47814781583448;20.6812818675279
utges;fabiovg;43.65881262996406;19.828709265897036;17.367638346081716;20.501862297905966;23.41388003778779;18.887910052327484
utges;figmare;41.25224332180049;20.09247563701207;15.00091973868879;20.877788845067194;20.885347962274743;23.143467816957212
utges;filmandera;50.90649433026747;27.136671683379408;19.31549193436825;17.37054658250405;16.67482435072057;19.502465449027714
utges;fleming22;56.82449210837536;26.579499390444774;20.894833155535498;15.913809427583798;21.74716651692482;14.864691509511097
utges;genzai_2;49.33968603769448;17.1723589318606;22.12357878282314;18.383597794558362;21.46977628151767;20.850688209240225
utges;gorkalonso1;62.252420956729246;23.374339793799034;28.41990156948213;13.825185258471523;19.22184610059209;15.15872727765523
utges;guillehormigo;40.731401042225684;19.444985073698582;24.549443542641818;21.207598414764252;18.035175865575155;16.762797103320207
utges;heelena9;43.90527428618214;28.94682285897674;20.283604977050555;20.659086665310642;20.04329839247163;10.067187106190445
utges;hugoromero;50.77935469790579;24.680698647984173;24.123631885056646;17.352564227916158;15.262128669448472;18.580976569594544
utges;jal90;42.3623423550146;10.869975127242995;20.67642331733879;20.33627089079988;27.075176161206823;21.042154503411524
utges;jarsito;43.31653454425026;19.560170432356678;21.530445892629203;19.879015687254874;14.45480688753689;24.57556110022236
utges;jasikedevicius;33.78057213165089;15.267205026857193;14.6779895584709;26.52234407617253;24.29389248437636;19.238568854123027
utges;jjm_24;73.45798768519447;32.847383117132566;24.63908581606643;12.777201971890745;16.689155798355948;13.04717329655432
utges;jorgemz;29.76409648542832;0.0;20.01874255184938;27.718659464503446;21.88223764966219;30.38036033398499
utges;juanky97;55.14171434719436;27.724666811051236;22.066440487773697;16.550831338645263;20.138986317678068;13.519075044851737
utges;lobo_lopez;57.11188457393904;23.54316662117959;27.19381024236043;16.017804343177225;17.917451104361653;15.3277676889211
utges;luisru;58.646866475892864;26.38171235647083;23.55893007012049;15.057784398423781;20.12094472423536;14.88062845074955
utges;mabusecaligari;47.86355562608172;15.777834864130638;25.11765110987852;18.177652039074786;20.536001771166276;20.390860215749772
utges;mann_ohne_namen;57.95361505788448;26.697295076933486;23.62467961895413;15.617897239696667;19.352579095704286;14.707548968711427
utges;manuelsanbai;39.49965666175778;9.326209828584762;20.256990635406268;20.944469112432945;28.415599361430186;21.05673106214583
utges;marcos_m_rom;55.11341714215395;22.725847134411964;23.551645481884954;16.46529904414402;19.052958077577365;18.204250261981688
utges;marialebernedo;53.82360198609076;27.034780035814745;19.870377398339024;16.78369625600245;16.912152317318906;19.398993992524883
utges;marioiglesias;40.126433020179405;16.983988063399504;13.576282820836813;22.23684950269818;25.063582822102077;22.139296790963428
utges;marioquema;34.10524194012415;22.682799973852422;14.893257979115258;25.02945401034051;12.045912686647572;25.348575350044236
utges;mat25;29.941237657368355;12.303502293398097;7.955342892814452;30.733087310748097;27.13707649505545;21.870991007983903
utges;migblah;58.3201180188532;24.950382301332287;22.400815896982774;15.867524888852495;20.318423125254874;16.462853787577565
utges;ninotchka;100.0;40.70622052339929;26.088018156004225;9.475423023412473;12.35060751218033;11.379730785003686
utges;paloma55;68.94061517987403;27.518868796003723;26.132965206082496;13.174389437502587;17.678143283025804;15.495633277385396
utges;pauixitador;64.27672991030619;36.679609477200096;19.771748892853115;14.57855001087098;15.029816232175294;13.940275386900526
utges;paula_arantzazu;46.95418098181127;20.398469402565144;16.59256334071168;18.30941750785395;21.86705049444474;22.832499254424487
utges;pele_alvaro;44.91877935960972;26.29321197552279;15.628430297021573;18.490999504403845;21.6843176594912;17.903040563560577
utges;rachelmygod;60.45223535766622;23.4610188261779;25.44248207294621;14.53572479621378;20.57183359951233;15.98894070514978
utges;simonsds;33.83460462378154;17.964756761997904;18.645476277424326;26.482565677822087;16.275794299116725;20.631406983638954
utges;synthemesco;57.43436742258418;25.33516613359671;26.406171483111557;15.609785630640035;20.091723550826575;12.557153201825104
utges;vareludo;52.04289300163058;20.173531582751195;27.67942896377151;17.58459468911016;18.373129268098666;16.189315496268485
utges;will_llermo;66.14885984198645;26.452684347950594;27.228114022620943;13.497037182369958;16.884671093824554;15.937493353233958
utges;xzetaprobe;35.61895514012788;15.5134570091415;11.073194320658803;25.398059978508112;22.111647193775465;25.90364149791612
vareludo;a_de_la_hoz;60.45500040013222;32.295509781754255;21.225742714202482;15.542769819336497;17.62677504388002;13.309202640826744
vareludo;aixa72;58.124862298425654;23.44975394324454;23.32392598064161;16.046203310691265;19.32924852422649;17.850868241196082
vareludo;albertomilano;44.25876901383717;19.143749749562744;23.552870062828013;18.19591369527902;20.016037768894446;19.09142872343578
vareludo;alonsodvt;28.47955669041124;0.0;14.914046953086533;31.30623272392517;28.447603867720773;25.332116455267524
vareludo;anaavellaneda;35.916738969497324;5.641106437129601;12.099347688401627;25.218041676175726;25.858969688089463;31.182534510203574
vareludo;batty;52.298484121064746;17.60959673954643;28.594409314767617;17.588442186000023;16.3594832864912;19.848068473194715
vareludo;bergmantonioni;49.99456038122509;23.947440900982297;18.507371384078915;18.74236895683384;17.539153063021427;21.26366569508352
vareludo;borinot;41.92809487512725;12.73976379223841;24.43746158248766;22.49127270421947;19.87556456293211;20.455937358122345
vareludo;bracero;51.44849653375162;23.986706548535384;27.464695650195967;18.08114316638514;13.090142406725931;17.37731222815758
vareludo;colmener;45.20000972784954;21.597617661301744;11.22325119815121;20.527981071347934;21.59779281039998;25.053357258799124
vareludo;danielquinn;56.1084830114791;18.3834918706656;26.83846579205787;16.766197740175013;18.65614752034838;19.355697076753135
vareludo;diogoserafim;47.742324107787304;19.67592356103021;23.910509180883093;18.92847821815905;18.715131471192212;18.76995756873545
vareludo;dr_akkar;30.4032810084847;4.846609628504291;22.579881789214358;30.69564322922707;26.24308748277519;15.634777870279093
vareludo;eljpax;59.582276745685064;23.80357229154482;28.413873383345013;14.924358094610044;15.06450654966952;17.793689680830603
vareludo;explodingboy;46.141374738651436;12.774030709614722;29.049304046695344;19.822953268398845;18.144826564789334;20.20888541050174
vareludo;ezequiel2517;46.76757496949479;20.08601729688745;20.600386994837834;19.307899119377396;19.08365137928561;20.92204520961173
vareludo;fabiovg;34.91690337386446;15.825376132595945;15.297923451589844;27.016524538381628;25.499604268400535;16.360571609032064
vareludo;figmare;36.131147852047775;3.5684925010569697;17.824738875771192;26.013586733515034;26.629328984689703;25.9638529049671
vareludo;filmandera;58.130685026671884;24.397975546993887;28.28194288135659;16.322138703316753;14.399814680191204;16.598128188141565
vareludo;fleming22;49.45289226588686;23.46482719842814;19.409908182278645;19.22201771780223;20.7876393213519;17.115607580139095
vareludo;genzai_2;50.866463000565325;19.553780114166575;24.927518461853467;18.560485729728583;16.839082658996478;20.119133035254897
vareludo;gorkalonso1;63.91418427354253;26.801197891021566;25.080789806652074;14.666759989632416;16.64036593653373;16.810886376160223
vareludo;guillehormigo;50.41610341395955;18.632426073425034;27.641657552980455;17.076763415058394;15.909503682008935;20.739649276527174
vareludo;heelena9;26.123778437031557;16.21662043005898;25.39938501912664;33.42833170776863;17.528286086067652;7.427376756978102
vareludo;hugoromero;80.59398567096703;33.73243942307868;27.378262268242036;11.724983455231511;13.712448301125903;13.45186655232186
vareludo;jal90;46.57419300804524;19.378459461367104;17.126064381920365;19.835594458611286;23.787212450624164;19.872669247477067
vareludo;jarsito;46.77945641368893;15.749737787752935;22.631723054207065;19.804608783659287;21.143588849940603;20.670341524440104
vareludo;jasikedevicius;60.48384945196615;33.49822295329265;23.418242769185635;15.472758379475652;11.730180598755371;15.880595299290679
vareludo;jjm_24;53.70102712448754;18.521650068121218;27.997309640383076;16.78349600931807;17.460658772083985;19.236885510093643
vareludo;jorgemz;51.857189492939675;21.661650396281953;21.673947393641797;17.653370527845247;20.68814261030046;18.322889071930547
vareludo;juanky97;67.74933261694748;30.993336910406878;25.297564727197944;13.798406221730168;14.304702112548341;15.605990028116668
vareludo;lobo_lopez;52.52131701569305;22.795349548113016;24.937465372769818;17.9064864371963;18.77163590214893;15.58906273977193
vareludo;luisru;49.110740476282785;18.377570820544985;26.839524011789827;18.571091072526723;18.895403037784885;17.316411057353566
vareludo;mabusecaligari;50.664007639928116;25.812336348313742;27.10264516398891;18.474751096713725;13.505519278663341;15.104748112320282
vareludo;mann_ohne_namen;72.65283435964237;29.915616199228648;28.973039257597247;12.860657476153795;13.40789710187863;14.842789965141675
vareludo;manuelsanbai;49.67357867648242;22.24817071770692;17.43940232982067;18.45294769712727;20.096917077077038;21.76256217826811
vareludo;marcos_m_rom;42.55290302018878;15.582667880912876;25.684897893738178;21.463020694762278;16.95269880673957;20.31671472384711
vareludo;marialebernedo;39.35670228996696;15.444140561531666;24.74615350299629;22.72020193470165;15.01481843939766;22.07468556137274
vareludo;marioiglesias;38.75664827216443;6.653502607304415;18.400117824262498;22.99253181153288;24.90852666876588;27.04532108813432
vareludo;marioquema;51.77404741951599;19.211007875028955;26.80201925359017;18.054605456091178;15.326475118078395;20.605892297211287
vareludo;mat25;34.331476160392086;10.73015574581113;7.897574251655448;26.1658334791015;25.421743009316682;29.78469351411523
vareludo;migblah;47.44040013955521;18.248115529953612;24.413036761816386;19.15173345222799;16.64775700027254;21.53935725572947
vareludo;ninotchka;51.507309680840635;22.52891053079323;25.881062386960192;17.638010985159205;19.023933796112317;14.928082300975056
vareludo;paloma55;47.23943567430566;10.917465742271125;27.71568716014811;19.116925179691744;21.068867473128407;21.18105444476061
vareludo;pauixitador;42.147455668075246;17.917648045608242;21.511985013687383;21.105699089581574;17.460008750932403;22.004659100190402
vareludo;paula_arantzazu;48.78665832319588;26.805615528981253;18.137072301182148;17.187972242378336;19.541503957074003;18.327835970384257
vareludo;pele_alvaro;38.52758982169694;9.51358622496542;24.389378469287216;20.43674876361035;19.129554085331385;26.53073245680562
vareludo;rachelmygod;59.25716891933152;24.866667976399484;25.412378441464522;15.578529296694375;16.300002372472814;17.8424219129688
vareludo;simonsds;42.55060336875166;13.852008931281729;26.73262368827666;22.036910833072447;21.50986428479603;15.86859226257313
vareludo;synthemesco;54.22060584585476;23.779470581933804;23.213260020641457;17.161768635277454;17.059865945202922;18.785634816944352
vareludo;utges;52.04289300163058;20.173531582751195;27.67942896377151;17.58459468911016;18.373129268098666;16.189315496268485
vareludo;will_llermo;54.615195658389716;21.584151838695536;24.290012410836475;17.1171479490368;18.008730624971978;18.99995717645921
vareludo;xzetaprobe;41.26159158426256;16.963135373035716;21.66923875961152;21.902051156071007;18.692985589827707;20.772589121454057
will_llermo;a_de_la_hoz;38.20367161972116;18.32090828121995;8.039405285512983;24.037249174392073;28.12202245342968;21.480414805445317
will_llermo;aixa72;57.06570862024248;28.403768539856816;22.951161874188145;16.470733515471657;16.687294595993297;15.48704147449008
will_llermo;albertomilano;56.80758275471663;25.938937608044796;21.672311452068286;15.049555520355712;20.285546804520735;17.053648615010474
will_llermo;alonsodvt;31.367290138769217;2.348829526266903;21.765756161061436;28.52864852999534;21.970105816451976;25.386659966224336
will_llermo;anaavellaneda;25.46380743518703;0.0;5.073041930680832;35.623046862410575;21.414413893462942;37.88949731344566
will_llermo;batty;62.71246313567356;28.783309282549627;21.646351251564248;14.863439179482876;16.806203498240876;17.90069678816237
will_llermo;bergmantonioni;28.893398029212005;2.549939510833338;8.17470582508164;31.736172424822826;25.50040697504898;32.03877526421322
will_llermo;borinot;47.55291700495775;19.366955246205105;14.717799909610298;19.279243225896604;25.37402843162793;21.261973186660068
will_llermo;bracero;53.88182880660185;21.536083633065928;20.216627065704184;17.25119216648473;20.885699442965393;20.110397691779763
will_llermo;colmener;31.47730192966275;7.021861409998347;10.868295428644673;28.885661017224095;18.929227743104843;34.29495440102804
will_llermo;danielquinn;64.70586084520893;25.619308145770294;24.993775262222528;14.499714239165918;18.98269082349418;15.90451152934708
will_llermo;diogoserafim;45.72661395812184;11.278659756674351;25.26262066980026;20.09014323299055;19.980340645809267;23.38823569472556
will_llermo;dr_akkar;43.61641214714487;17.7364974078529;21.423517041396885;20.984037051446528;27.380782258131983;12.47516624117169
will_llermo;eljpax;59.74352002861188;27.438963802876525;21.501085298820183;15.370369095764493;17.270739117716285;18.418842684822526
will_llermo;explodingboy;53.574566576818185;23.722416783616683;20.6634123887821;17.068292832586756;19.155417773241055;19.390460221773406
will_llermo;ezequiel2517;44.56190702349101;17.36017223364949;16.84988854974622;20.75103523416038;21.672641121971868;23.366262860472055
will_llermo;fabiovg;33.738335945866346;15.832257578581851;11.325674709519813;27.004256208530663;22.95598844635841;22.88182305700926
will_llermo;figmare;37.67379532313053;13.200576477196227;12.010999867425497;23.94905837047123;24.73652477960797;26.10284050529907
will_llermo;filmandera;41.89929487978883;16.265353901463108;13.538365510340796;22.157386184196316;23.266775094123457;24.77211930987632
will_llermo;fleming22;50.68761529235066;26.163699014357213;14.49355830346087;18.430731069557265;23.44525804839533;17.46675356422932
will_llermo;genzai_2;60.51683651577872;29.218877183460947;17.223852858013224;15.192409005168948;20.10135595154279;18.2635050018141
will_llermo;gorkalonso1;65.7194314445154;27.46633959894408;23.436479948120034;14.0852454936188;18.560483063240074;16.451451896077007
will_llermo;guillehormigo;49.49846093020521;29.76917498134274;20.73234479951361;17.76054411104631;12.66322613688287;19.074709971214478
will_llermo;heelena9;40.46873408362321;22.757203463752827;20.073057794979167;21.489102971587982;25.497169381341205;10.183466388338823
will_llermo;hugoromero;48.927244325740794;23.644588734701756;15.640026507534419;18.74141946052871;20.37343084687459;21.600534450360527
will_llermo;jal90;43.00560141589019;19.27329618994966;11.925041703260932;21.15087070980712;26.07939760216121;21.57139379482108
will_llermo;jarsito;36.81192096743889;8.506069909632934;12.964475224776082;24.693860177920936;23.98044267957798;29.85515200809208
will_llermo;jasikedevicius;33.01463640279426;5.579072289183689;15.816231197204715;27.28155683765507;25.920696552165406;25.40244312379112
will_llermo;jjm_24;65.19799724174939;20.340739997690896;31.08506797828819;13.798395218138111;17.89676462674998;16.879032179132825
will_llermo;jorgemz;30.163814442427128;8.431787132731815;3.6666284446297155;30.684622581409485;25.9861572915769;31.23080454965208
will_llermo;juanky97;70.49273230764136;33.18393500571827;22.723779534810955;13.22520287416283;17.14680431828141;13.72027826702654
will_llermo;lobo_lopez;41.96771307074749;17.994387147219353;18.24208386145684;22.050589130115405;20.735063443999742;20.977876417208645
will_llermo;luisru;52.922055440202335;24.36294831940114;17.649171974114754;17.28054422869141;23.322853101216907;17.3844823765758
will_llermo;mabusecaligari;45.66839702609474;18.95617010685036;15.137817330929687;20.031090075165526;25.784082716714636;20.090839770339795
will_llermo;mann_ohne_namen;55.87130734770992;23.736253422732023;20.158732698978636;16.46405638007949;21.20330059544717;18.437656902762686
will_llermo;manuelsanbai;53.286931658630444;25.578761554800412;17.523353365333556;17.08489484666251;21.04255497384784;18.770435259355665
will_llermo;marcos_m_rom;57.46205244530157;25.322959736155116;22.11357685912536;16.10078410852057;18.5204677214352;17.94221157476376
will_llermo;marialebernedo;39.35869129624668;11.23153460805457;16.97448454935316;22.529116398595296;24.839759485300476;24.42510495869651
will_llermo;marioiglesias;43.071195052174694;16.250442155201295;14.33704995733176;20.94747324441599;24.22832840347143;24.236706239579537
will_llermo;marioquema;42.41004899008603;23.01842491663751;15.825703227048576;21.62797290185327;14.822069473679052;24.705829480781592
will_llermo;mat25;33.6727163077129;18.05112592194941;10.53158308262433;27.068678138084874;17.420235435149237;26.928377422192153
will_llermo;migblah;51.91553871260223;22.351758264618304;17.86420002587442;17.82248537578483;21.576730021829423;20.38482631189302
will_llermo;ninotchka;59.92773027209706;22.744290709733185;28.37032192741833;15.058140905626122;17.01305944558161;16.814187011640744
will_llermo;paloma55;67.33376322434226;27.354930761647438;26.117191206739026;13.776535379981139;16.09678427285781;16.654558378774592
will_llermo;pauixitador;56.13015436003432;28.549040941958125;22.641825180710583;15.813229148397143;14.812438656533608;18.183466072400538
will_llermo;paula_arantzazu;35.98986614201734;10.235717041318233;7.374218584221128;24.100860845898037;28.07692722408262;30.21227630447997
will_llermo;pele_alvaro;45.69220432060662;22.728546387724787;17.2370132109861;18.271911605372406;20.402050112324343;21.360478683592373
will_llermo;rachelmygod;63.3985341498033;31.377117658532807;18.828194095926275;14.807666720101363;18.218177804041865;16.768843721397687
will_llermo;simonsds;28.507240173214395;12.922404411870898;10.543202516997551;31.86359202345693;20.224499079735804;24.446301967938815
will_llermo;synthemesco;58.025102733795066;28.569003926385967;19.517932904401327;16.161407961099123;19.983325608799078;15.768329599314509
will_llermo;utges;66.14885984198645;26.452684347950594;27.228114022620943;13.497037182369958;16.884671093824554;15.937493353233958
will_llermo;vareludo;54.615195658389716;21.584151838695536;24.290012410836475;17.1171479490368;18.008730624971978;18.99995717645921
will_llermo;xzetaprobe;42.70155517070268;19.410527101458975;14.256988821403345;21.19106196940665;22.148598756242272;22.992823351488756
xzetaprobe;a_de_la_hoz;32.58596311755238;30.523315487418795;8.66970875847028;26.737647032856326;21.092084482168918;12.977244239085673
xzetaprobe;aixa72;23.37091811619394;3.9406034922666713;9.560575435249392;37.06779061681031;26.321223256261963;23.10980719941167
xzetaprobe;albertomilano;33.809572306413884;13.619740692295176;8.185112969936595;26.475223876010837;27.913379235547204;23.806543226210188
xzetaprobe;alonsodvt;23.404557051354658;3.934939736055451;7.5963322660728005;38.61510333638216;32.5626706794272;17.2909539820624
xzetaprobe;anaavellaneda;27.989236860953078;13.161562353939255;5.160933854615816;30.558348045712055;22.832763436901967;28.28639230883091
xzetaprobe;batty;41.45030791880188;19.107734660220654;12.933645377615937;21.832012171833732;24.75852218421955;21.368085606110114
xzetaprobe;bergmantonioni;25.426816253493616;3.6219839962660854;3.949940706160345;33.394247017478385;36.383820322591255;22.650007957503927
xzetaprobe;borinot;35.346604810187685;14.590790923992962;9.061465131366404;25.061371104142523;30.712436066761914;20.5739367737362
xzetaprobe;bracero;53.54525829202104;25.799349321621175;20.155779402179743;17.418469472458224;19.133518655514454;17.492883148226397
xzetaprobe;colmener;32.714676340753954;16.89067999699424;7.846942094983409;26.00035631987893;21.328547696156036;27.933473891987394
xzetaprobe;danielquinn;28.232790798498648;9.786016784892162;5.8335291975163965;31.25053420377748;28.291124689267633;24.838795124546333
xzetaprobe;diogoserafim;42.83803695411482;18.05877290353685;17.30087779980949;20.198272986794894;19.3839417435555;25.058134566303274
xzetaprobe;dr_akkar;17.97734416095815;0.0;0.0;47.87801105970704;46.4235946950367;5.69839424525625
xzetaprobe;eljpax;32.340560509433004;11.390714334625104;13.351629579537988;27.279739653046637;21.798721179824042;26.179195252966235
xzetaprobe;explodingboy;40.10353272100653;22.964441109676084;11.309322168191795;22.68787775664654;22.53920464581393;20.499154319671653
xzetaprobe;ezequiel2517;31.176153552804863;9.452919470919563;13.500441793128571;29.476946992742306;23.846297214410818;23.723394528798735
xzetaprobe;fabiovg;24.275027016274972;4.552605679132269;6.874192669794983;36.395133060951345;35.81798445699137;16.360084133130044
xzetaprobe;figmare;29.142376315319538;9.480577755535284;4.257238415575301;29.786356454891955;31.99116484956629;24.48466252443118
xzetaprobe;filmandera;37.40650170379905;12.310095484924604;12.861362368152118;23.55524284391979;31.205660516862423;20.06763878614107
xzetaprobe;fleming22;22.145121417366717;0.0;3.9414435532372947;40.15084782616806;35.448472170212966;20.4592364503817
xzetaprobe;genzai_2;53.33894309172369;29.35236012442693;15.754846768164514;16.966338384534172;19.734920132032038;18.191534590842327
xzetaprobe;gorkalonso1;32.24531176483788;14.280451406051906;7.093917104891132;27.304613068739656;27.193055594733526;24.127962825583776
xzetaprobe;guillehormigo;35.14534929930282;10.48167377843977;14.004091147923459;25.223949267402812;26.68205850246525;23.60822730376871
xzetaprobe;heelena9;40.827227165348475;27.068854176112257;18.095333537560986;22.75182066598515;25.41512462759103;6.668866992750572
xzetaprobe;hugoromero;48.19058276748105;28.007034863719742;16.674055227154494;17.741094612903254;20.913196660899736;16.66461863532277
xzetaprobe;jal90;23.380403932554323;2.363402834574315;1.7135934560312125;37.84687987150793;33.73873054765784;24.337393290228704
xzetaprobe;jarsito;29.99045992375638;0.0;10.960432540676075;28.403001057536493;31.359804891355953;29.276761510431474
xzetaprobe;jasikedevicius;38.88888409617598;11.840854229500527;17.975135631710994;22.607125119112577;25.76989874805251;21.8069862716234
xzetaprobe;jjm_24;40.47446006410399;18.203187175377288;16.61297281191537;22.33517495077868;20.25559315392281;22.593071908005847
xzetaprobe;jorgemz;31.042880993780305;17.068786140044285;7.054989782627896;27.475632192446493;27.302852150656946;21.097739734224387
xzetaprobe;juanky97;33.75758794938518;10.912571322837012;12.276402340305909;26.738299935987442;31.583219099526154;18.489507301343483
xzetaprobe;lobo_lopez;22.66309745628046;14.629239370555227;4.939734551455289;39.96965246631559;18.339817973326348;22.12155563834755
xzetaprobe;luisru;28.674236531343425;12.847145408106524;8.39621650346571;31.021334694986543;30.252691432651034;17.48261196079018
xzetaprobe;mabusecaligari;38.158243000772345;21.238938847098805;14.289067597289332;22.677616024602028;24.473894384939076;17.320483146070767
xzetaprobe;mann_ohne_namen;38.3321247293129;13.93489217567976;18.141090109175956;23.626946563864763;25.900499133970474;18.39657201730905
xzetaprobe;manuelsanbai;28.403321648271366;15.5636199489518;7.731340321854579;29.420727653340904;23.126865169482887;24.157446906369824
xzetaprobe;marcos_m_rom;37.15861646075947;14.870659403060555;17.236583417564503;23.812762406435645;23.403200808788267;20.67679396415101
xzetaprobe;marialebernedo;41.74868003689888;11.912132692810353;18.65810541298739;22.311924890104628;27.31538006474823;19.802456939349398
xzetaprobe;marioiglesias;53.374957260795284;28.642377176928314;18.3822590825946;17.47143628035576;21.444355666617547;14.059571793503771
xzetaprobe;marioquema;38.56307476547135;14.806709191596925;12.177271611205933;22.721332171551786;26.32787680770648;23.96681021793887
xzetaprobe;mat25;23.092555891777142;0.0;3.3173677052719577;38.83953463160726;29.220741175514963;28.62235648760581
xzetaprobe;migblah;34.467012450841246;16.031941557598696;9.816850597919698;26.372044322155283;27.21154028995565;20.56762323237067
xzetaprobe;ninotchka;34.5956092042692;15.97234857216286;12.164278900547314;25.871458483742998;19.44626976271144;26.54564428083539
xzetaprobe;paloma55;32.61796719918465;11.293839494504654;9.800898729897403;27.61110474417379;24.481867570042628;26.812289461381532
xzetaprobe;pauixitador;49.705860546291426;24.086531586853404;17.76578565957751;18.373248416598173;20.501454629182206;19.272979707788704
xzetaprobe;paula_arantzazu;42.18591819812404;13.098520854323512;13.454195459454573;21.932007271890022;27.829527830985306;23.685748583346598
xzetaprobe;pele_alvaro;36.40170120997056;16.78197884647301;8.608608872077921;24.422805220359447;30.29029212423439;19.896314936855223
xzetaprobe;rachelmygod;36.31439740813144;21.81012330716967;12.094142357142024;24.58151567214594;20.342895090653002;21.171323572889378
xzetaprobe;simonsds;25.34769700297018;18.166447534732786;6.403582825622762;34.93647330313467;28.271897891764368;12.221598444745412
xzetaprobe;synthemesco;24.192877536475944;0.0;2.8603762817941347;36.85710564723845;38.974278175678215;21.30823989528921
xzetaprobe;utges;35.61895514012788;15.5134570091415;11.073194320658803;25.398059978508112;22.111647193775465;25.90364149791612
xzetaprobe;vareludo;41.26159158426256;16.963135373035716;21.66923875961152;21.902051156071007;18.692985589827707;20.772589121454057
xzetaprobe;will_llermo;42.70155517070268;19.410527101458975;14.256988821403345;21.19106196940665;22.148598756242272;22.992823351488756
